timestamp,wind_available_mw,solar_available_mw,export_limit_mw,wind_availability_pct,solar_availability_pct,wind_export_mw_310,wind_curtailment_mw_310,solar_export_mw_310,solar_curtailment_mw_310,curtailment_cause_310
2024-01-01T00:00:00Z,42.67,0.00,400.00,98.50,99.00,42.67,0.00,0.00,0.00,none
2024-01-01T01:00:00Z,39.98,0.00,400.00,98.50,99.00,39.98,0.00,0.00,0.00,none
2024-01-01T02:00:00Z,30.33,0.00,400.00,98.50,99.00,30.33,0.00,0.00,0.00,none
2024-01-01T03:00:00Z,20.62,0.22,400.00,98.50,99.00,20.62,0.00,0.22,0.00,none
2024-01-01T04:00:00Z,31.21,7.35,400.00,98.50,99.00,31.21,0.00,7.35,0.00,none
2024-01-01T05:00:00Z,194.73,20.22,400.00,98.50,99.00,194.73,0.00,20.22,0.00,none
2024-01-01T06:00:00Z,224.98,35.43,400.00,98.50,99.00,224.98,0.00,35.43,0.00,none
2024-01-01T07:00:00Z,161.90,45.43,400.00,98.50,99.00,161.90,0.00,45.43,0.00,none
2024-01-01T08:00:00Z,110.82,50.05,400.00,98.50,99.00,110.82,0.00,50.05,0.00,none
2024-01-01T09:00:00Z,75.78,48.03,400.00,98.50,99.00,75.78,0.00,48.03,0.00,none
2024-01-01T10:00:00Z,50.25,44.96,400.00,98.50,99.00,50.25,0.00,44.96,0.00,none
2024-01-01T11:00:00Z,36.89,36.17,400.00,98.50,99.00,36.89,0.00,36.17,0.00,none
2024-01-01T12:00:00Z,32.57,32.05,400.00,98.50,99.00,32.57,0.00,32.05,0.00,none
2024-01-01T13:00:00Z,33.97,21.56,400.00,98.50,99.00,33.97,0.00,21.56,0.00,none
2024-01-01T14:00:00Z,41.58,9.76,400.00,98.50,99.00,41.58,0.00,9.76,0.00,none
2024-01-01T15:00:00Z,37.90,0.80,400.00,98.50,99.00,37.90,0.00,0.80,0.00,none
2024-01-01T16:00:00Z,59.35,0.00,400.00,98.50,99.00,59.35,0.00,0.00,0.00,none
2024-01-01T17:00:00Z,68.73,0.00,400.00,98.50,99.00,68.73,0.00,0.00,0.00,none
2024-01-01T18:00:00Z,63.57,0.00,400.00,98.50,99.00,63.57,0.00,0.00,0.00,none
2024-01-01T19:00:00Z,57.99,0.00,400.00,98.50,99.00,57.99,0.00,0.00,0.00,none
2024-01-01T20:00:00Z,59.35,0.00,400.00,98.50,99.00,59.35,0.00,0.00,0.00,none
2024-01-01T21:00:00Z,69.49,0.00,400.00,98.50,99.00,69.49,0.00,0.00,0.00,none
2024-01-01T22:00:00Z,87.66,0.00,400.00,98.50,99.00,87.66,0.00,0.00,0.00,none
2024-01-01T23:00:00Z,115.04,0.00,400.00,98.50,99.00,115.04,0.00,0.00,0.00,none
2024-01-02T00:00:00Z,120.46,0.00,400.00,98.50,99.00,120.46,0.00,0.00,0.00,none
2024-01-02T01:00:00Z,104.69,0.00,400.00,98.50,99.00,104.69,0.00,0.00,0.00,none
2024-01-02T02:00:00Z,84.15,0.00,400.00,98.50,99.00,84.15,0.00,0.00,0.00,none
2024-01-02T03:00:00Z,49.03,0.23,400.00,98.50,99.00,49.03,0.00,0.23,0.00,none
2024-01-02T04:00:00Z,70.26,7.63,400.00,98.50,99.00,70.26,0.00,7.63,0.00,none
2024-01-02T05:00:00Z,203.97,21.62,400.00,98.50,99.00,203.97,0.00,21.62,0.00,none
2024-01-02T06:00:00Z,142.61,36.02,400.00,98.50,99.00,142.61,0.00,36.02,0.00,none
2024-01-02T07:00:00Z,86.78,46.66,400.00,98.50,99.00,86.78,0.00,46.66,0.00,none
2024-01-02T08:00:00Z,75.78,53.06,400.00,98.50,99.00,75.78,0.00,53.06,0.00,none
2024-01-02T09:00:00Z,73.38,55.17,400.00,98.50,99.00,73.38,0.00,55.17,0.00,none
2024-01-02T10:00:00Z,63.57,51.45,400.00,98.50,99.00,63.57,0.00,51.45,0.00,none
2024-01-02T11:00:00Z,58.67,47.94,400.00,98.50,99.00,58.67,0.00,47.94,0.00,none
2024-01-02T12:00:00Z,62.85,37.96,400.00,98.50,99.00,62.85,0.00,37.96,0.00,none
2024-01-02T13:00:00Z,68.73,25.33,400.00,98.50,99.00,68.73,0.00,25.33,0.00,none
2024-01-02T14:00:00Z,67.23,11.42,400.00,98.50,99.00,67.23,0.00,11.42,0.00,none
2024-01-02T15:00:00Z,46.65,0.94,400.00,98.50,99.00,46.65,0.00,0.94,0.00,none
2024-01-02T16:00:00Z,67.23,0.00,400.00,98.50,99.00,67.23,0.00,0.00,0.00,none
2024-01-02T17:00:00Z,102.70,0.00,400.00,98.50,99.00,102.70,0.00,0.00,0.00,none
2024-01-02T18:00:00Z,136.54,0.00,400.00,98.50,99.00,136.54,0.00,0.00,0.00,none
2024-01-02T19:00:00Z,122.68,0.00,400.00,98.50,99.00,122.68,0.00,0.00,0.00,none
2024-01-02T20:00:00Z,91.27,0.00,400.00,98.50,99.00,91.27,0.00,0.00,0.00,none
2024-01-02T21:00:00Z,84.15,0.00,400.00,98.50,99.00,84.15,0.00,0.00,0.00,none
2024-01-02T22:00:00Z,96.87,0.00,400.00,98.50,99.00,96.87,0.00,0.00,0.00,none
2024-01-02T23:00:00Z,117.19,0.00,400.00,98.50,99.00,117.19,0.00,0.00,0.00,none
2024-01-03T00:00:00Z,122.68,0.00,400.00,98.50,99.00,122.68,0.00,0.00,0.00,none
2024-01-03T01:00:00Z,99.76,0.00,400.00,98.50,99.00,99.76,0.00,0.00,0.00,none
2024-01-03T02:00:00Z,75.78,0.00,400.00,98.50,99.00,75.78,0.00,0.00,0.00,none
2024-01-03T03:00:00Z,70.26,0.24,400.00,98.50,99.00,70.26,0.00,0.24,0.00,none
2024-01-03T04:00:00Z,79.06,8.46,400.00,98.50,99.00,79.06,0.00,8.46,0.00,none
2024-01-03T05:00:00Z,276.96,23.19,400.00,98.50,99.00,276.96,0.00,23.19,0.00,none
2024-01-03T06:00:00Z,256.39,37.37,400.00,98.50,99.00,256.39,0.00,37.37,0.00,none
2024-01-03T07:00:00Z,145.09,49.30,400.00,98.50,99.00,145.09,0.00,49.30,0.00,none
2024-01-03T08:00:00Z,77.40,56.08,400.00,98.50,99.00,77.40,0.00,56.08,0.00,none
2024-01-03T09:00:00Z,42.67,57.75,400.00,98.50,99.00,42.67,0.00,57.75,0.00,none
2024-01-03T10:00:00Z,25.36,56.13,400.00,98.50,99.00,25.36,0.00,56.13,0.00,none
2024-01-03T11:00:00Z,17.11,49.34,400.00,98.50,99.00,17.11,0.00,49.34,0.00,none
2024-01-03T12:00:00Z,12.02,39.48,400.00,98.50,99.00,12.02,0.00,39.48,0.00,none
2024-01-03T13:00:00Z,10.02,26.38,400.00,98.50,99.00,10.02,0.00,26.38,0.00,none
2024-01-03T14:00:00Z,9.60,11.78,400.00,98.50,99.00,9.60,0.00,11.78,0.00,none
2024-01-03T15:00:00Z,10.23,0.97,400.00,98.50,99.00,10.23,0.00,0.97,0.00,none
2024-01-03T16:00:00Z,28.60,0.00,400.00,98.50,99.00,28.60,0.00,0.00,0.00,none
2024-01-03T17:00:00Z,69.49,0.00,400.00,98.50,99.00,69.49,0.00,0.00,0.00,none
2024-01-03T18:00:00Z,85.02,0.00,400.00,98.50,99.00,85.02,0.00,0.00,0.00,none
2024-01-03T19:00:00Z,79.89,0.00,400.00,98.50,99.00,79.89,0.00,0.00,0.00,none
2024-01-03T20:00:00Z,66.49,0.00,400.00,98.50,99.00,66.49,0.00,0.00,0.00,none
2024-01-03T21:00:00Z,62.85,0.00,400.00,98.50,99.00,62.85,0.00,0.00,0.00,none
2024-01-03T22:00:00Z,73.38,0.00,400.00,98.50,99.00,73.38,0.00,0.00,0.00,none
2024-01-03T23:00:00Z,86.78,0.00,400.00,98.50,99.00,86.78,0.00,0.00,0.00,none
2024-01-04T00:00:00Z,109.78,0.00,400.00,98.50,99.00,109.78,0.00,0.00,0.00,none
2024-01-04T01:00:00Z,116.11,0.00,400.00,98.50,99.00,116.11,0.00,0.00,0.00,none
2024-01-04T02:00:00Z,97.83,0.00,400.00,98.50,99.00,97.83,0.00,0.00,0.00,none
2024-01-04T03:00:00Z,86.78,0.00,400.00,98.50,99.00,86.78,0.00,0.00,0.00,none
2024-01-04T04:00:00Z,86.78,8.86,400.00,98.50,99.00,86.78,0.00,8.86,0.00,none
2024-01-04T05:00:00Z,252.77,23.15,400.00,98.50,99.00,252.77,0.00,23.15,0.00,none
2024-01-04T06:00:00Z,224.98,37.63,400.00,98.50,99.00,224.98,0.00,37.63,0.00,none
2024-01-04T07:00:00Z,119.36,49.46,400.00,98.50,99.00,119.36,0.00,49.46,0.00,none
2024-01-04T08:00:00Z,56.65,57.18,400.00,98.50,99.00,56.65,0.00,57.18,0.00,none
2024-01-04T09:00:00Z,25.75,59.53,400.00,98.50,99.00,25.75,0.00,59.53,0.00,none
2024-01-04T10:00:00Z,14.02,55.57,400.00,98.50,99.00,14.02,0.00,55.57,0.00,none
2024-01-04T11:00:00Z,10.02,48.30,400.00,98.50,99.00,10.02,0.00,48.30,0.00,none
2024-01-04T12:00:00Z,9.81,37.94,400.00,98.50,99.00,9.81,0.00,37.94,0.00,none
2024-01-04T13:00:00Z,14.55,25.51,400.00,98.50,99.00,14.55,0.00,25.51,0.00,none
2024-01-04T14:00:00Z,24.59,11.38,400.00,98.50,99.00,24.59,0.00,11.38,0.00,none
2024-01-04T15:00:00Z,34.45,0.96,400.00,98.50,99.00,34.45,0.00,0.96,0.00,none
2024-01-04T16:00:00Z,89.46,0.00,400.00,98.50,99.00,89.46,0.00,0.00,0.00,none
2024-01-04T17:00:00Z,164.59,0.00,400.00,98.50,99.00,164.59,0.00,0.00,0.00,none
2024-01-04T18:00:00Z,190.22,0.00,400.00,98.50,99.00,190.22,0.00,0.00,0.00,none
2024-01-04T19:00:00Z,172.86,0.00,400.00,98.50,99.00,172.86,0.00,0.00,0.00,none
2024-01-04T20:00:00Z,126.05,0.00,400.00,98.50,99.00,126.05,0.00,0.00,0.00,none
2024-01-04T21:00:00Z,95.93,0.00,400.00,98.50,99.00,95.93,0.00,0.00,0.00,none
2024-01-04T22:00:00Z,84.15,0.00,400.00,98.50,99.00,84.15,0.00,0.00,0.00,none
2024-01-04T23:00:00Z,85.89,0.00,400.00,98.50,99.00,85.89,0.00,0.00,0.00,none
2024-01-05T00:00:00Z,99.76,0.00,400.00,98.50,99.00,99.76,0.00,0.00,0.00,none
2024-01-05T01:00:00Z,115.04,0.00,400.00,98.50,99.00,115.04,0.00,0.00,0.00,none
2024-01-05T02:00:00Z,116.11,0.00,400.00,98.50,99.00,116.11,0.00,0.00,0.00,none
2024-01-05T03:00:00Z,65.02,0.00,400.00,98.50,99.00,65.02,0.00,0.00,0.00,none
2024-01-05T04:00:00Z,35.41,8.12,400.00,98.50,99.00,35.41,0.00,8.12,0.00,none
2024-01-05T05:00:00Z,104.69,22.06,400.00,98.50,99.00,104.69,0.00,22.06,0.00,none
2024-01-05T06:00:00Z,71.03,36.44,400.00,98.50,99.00,71.03,0.00,36.44,0.00,none
2024-01-05T07:00:00Z,34.93,48.43,400.00,98.50,99.00,34.93,0.00,48.43,0.00,none
2024-01-05T08:00:00Z,19.95,54.24,400.00,98.50,99.00,19.95,0.00,54.24,0.00,none
2024-01-05T09:00:00Z,14.02,55.34,400.00,98.50,99.00,14.02,0.00,55.34,0.00,none
2024-01-05T10:00:00Z,11.56,54.11,400.00,98.50,99.00,11.56,0.00,54.11,0.00,none
2024-01-05T11:00:00Z,12.02,44.04,400.00,98.50,99.00,12.02,0.00,44.04,0.00,none
2024-01-05T12:00:00Z,14.82,34.29,400.00,98.50,99.00,14.82,0.00,34.29,0.00,none
2024-01-05T13:00:00Z,20.96,22.98,400.00,98.50,99.00,20.96,0.00,22.98,0.00,none
2024-01-05T14:00:00Z,29.46,10.47,400.00,98.50,99.00,29.46,0.00,10.47,0.00,none
2024-01-05T15:00:00Z,30.77,0.91,400.00,98.50,99.00,30.77,0.00,0.91,0.00,none
2024-01-05T16:00:00Z,58.67,0.00,400.00,98.50,99.00,58.67,0.00,0.00,0.00,none
2024-01-05T17:00:00Z,93.12,0.00,400.00,98.50,99.00,93.12,0.00,0.00,0.00,none
2024-01-05T18:00:00Z,87.66,0.00,400.00,98.50,99.00,87.66,0.00,0.00,0.00,none
2024-01-05T19:00:00Z,81.58,0.00,400.00,98.50,99.00,81.58,0.00,0.00,0.00,none
2024-01-05T20:00:00Z,89.46,0.00,400.00,98.50,99.00,89.46,0.00,0.00,0.00,none
2024-01-05T21:00:00Z,118.27,0.00,400.00,98.50,99.00,118.27,0.00,0.00,0.00,none
2024-01-05T22:00:00Z,145.09,0.00,400.00,98.50,99.00,145.09,0.00,0.00,0.00,none
2024-01-05T23:00:00Z,127.19,0.00,400.00,98.50,99.00,127.19,0.00,0.00,0.00,none
2024-01-06T00:00:00Z,107.73,0.00,400.00,98.50,99.00,107.73,0.00,0.00,0.00,none
2024-01-06T01:00:00Z,117.19,0.00,400.00,98.50,99.00,117.19,0.00,0.00,0.00,none
2024-01-06T02:00:00Z,124.92,0.00,400.00,98.50,99.00,124.92,0.00,0.00,0.00,none
2024-01-06T03:00:00Z,117.19,0.00,400.00,98.50,99.00,117.19,0.00,0.00,0.00,none
2024-01-06T04:00:00Z,127.19,8.48,400.00,98.50,99.00,127.19,0.00,8.48,0.00,none
2024-01-06T05:00:00Z,305.60,22.30,400.00,98.50,99.00,305.60,0.00,4.40,17.89,wind_priority_shared_poi_headroom
2024-01-06T06:00:00Z,305.60,36.28,400.00,98.50,99.00,305.60,0.00,4.40,31.87,wind_priority_shared_poi_headroom
2024-01-06T07:00:00Z,305.60,47.74,400.00,98.50,99.00,305.60,0.00,4.40,43.34,wind_priority_shared_poi_headroom
2024-01-06T08:00:00Z,236.87,57.28,400.00,98.50,99.00,236.87,0.00,57.28,0.00,none
2024-01-06T09:00:00Z,118.27,57.99,400.00,98.50,99.00,118.27,0.00,57.99,0.00,none
2024-01-06T10:00:00Z,49.64,54.21,400.00,98.50,99.00,49.64,0.00,54.21,0.00,none
2024-01-06T11:00:00Z,26.95,43.88,400.00,98.50,99.00,26.95,0.00,43.88,0.00,none
2024-01-06T12:00:00Z,23.46,36.19,400.00,98.50,99.00,23.46,0.00,36.19,0.00,none
2024-01-06T13:00:00Z,30.77,24.58,400.00,98.50,99.00,30.77,0.00,24.58,0.00,none
2024-01-06T14:00:00Z,32.57,11.00,400.00,98.50,99.00,32.57,0.00,11.00,0.00,none
2024-01-06T15:00:00Z,23.09,0.99,400.00,98.50,99.00,23.09,0.00,0.99,0.00,none
2024-01-06T16:00:00Z,30.77,0.00,400.00,98.50,99.00,30.77,0.00,0.00,0.00,none
2024-01-06T17:00:00Z,49.64,0.00,400.00,98.50,99.00,49.64,0.00,0.00,0.00,none
2024-01-06T18:00:00Z,69.49,0.00,400.00,98.50,99.00,69.49,0.00,0.00,0.00,none
2024-01-06T19:00:00Z,94.05,0.00,400.00,98.50,99.00,94.05,0.00,0.00,0.00,none
2024-01-06T20:00:00Z,87.66,0.00,400.00,98.50,99.00,87.66,0.00,0.00,0.00,none
2024-01-06T21:00:00Z,86.78,0.00,400.00,98.50,99.00,86.78,0.00,0.00,0.00,none
2024-01-06T22:00:00Z,81.58,0.00,400.00,98.50,99.00,81.58,0.00,0.00,0.00,none
2024-01-06T23:00:00Z,87.66,0.00,400.00,98.50,99.00,87.66,0.00,0.00,0.00,none
2024-01-07T00:00:00Z,102.70,0.00,400.00,98.50,99.00,102.70,0.00,0.00,0.00,none
2024-01-07T01:00:00Z,121.57,0.00,400.00,98.50,99.00,121.57,0.00,0.00,0.00,none
2024-01-07T02:00:00Z,223.32,0.00,400.00,98.50,99.00,223.32,0.00,0.00,0.00,none
2024-01-07T03:00:00Z,216.74,0.00,400.00,98.50,99.00,216.74,0.00,0.00,0.00,none
2024-01-07T04:00:00Z,284.70,8.19,400.00,98.50,99.00,284.70,0.00,8.19,0.00,none
2024-01-07T05:00:00Z,305.60,22.63,400.00,98.50,99.00,305.60,0.00,4.40,18.23,wind_priority_shared_poi_headroom
2024-01-07T06:00:00Z,305.60,37.39,400.00,98.50,99.00,305.60,0.00,4.40,32.99,wind_priority_shared_poi_headroom
2024-01-07T07:00:00Z,261.90,49.22,400.00,98.50,99.00,261.90,0.00,48.10,1.12,wind_priority_shared_poi_headroom
2024-01-07T08:00:00Z,185.78,57.03,400.00,98.50,99.00,185.78,0.00,57.03,0.00,none
2024-01-07T09:00:00Z,140.16,58.14,400.00,98.50,99.00,140.16,0.00,58.14,0.00,none
2024-01-07T10:00:00Z,107.73,45.03,400.00,98.50,99.00,107.73,0.00,45.03,0.00,none
2024-01-07T11:00:00Z,85.02,43.94,400.00,98.50,99.00,85.02,0.00,43.94,0.00,none
2024-01-07T12:00:00Z,67.23,35.72,400.00,98.50,99.00,67.23,0.00,35.72,0.00,none
2024-01-07T13:00:00Z,57.99,24.89,400.00,98.50,99.00,57.99,0.00,24.89,0.00,none
2024-01-07T14:00:00Z,56.65,11.31,400.00,98.50,99.00,56.65,0.00,11.31,0.00,none
2024-01-07T15:00:00Z,50.25,1.04,400.00,98.50,99.00,50.25,0.00,1.04,0.00,none
2024-01-07T16:00:00Z,74.97,0.00,400.00,98.50,99.00,74.97,0.00,0.00,0.00,none
2024-01-07T17:00:00Z,91.27,0.00,400.00,98.50,99.00,91.27,0.00,0.00,0.00,none
2024-01-07T18:00:00Z,98.79,0.00,400.00,98.50,99.00,98.79,0.00,0.00,0.00,none
2024-01-07T19:00:00Z,105.70,0.00,400.00,98.50,99.00,105.70,0.00,0.00,0.00,none
2024-01-07T20:00:00Z,102.70,0.00,400.00,98.50,99.00,102.70,0.00,0.00,0.00,none
2024-01-07T21:00:00Z,103.69,0.00,400.00,98.50,99.00,103.69,0.00,0.00,0.00,none
2024-01-07T22:00:00Z,112.92,0.00,400.00,98.50,99.00,112.92,0.00,0.00,0.00,none
2024-01-07T23:00:00Z,128.33,0.00,400.00,98.50,99.00,128.33,0.00,0.00,0.00,none
2024-01-08T00:00:00Z,130.64,0.00,400.00,98.50,99.00,130.64,0.00,0.00,0.00,none
2024-01-08T01:00:00Z,120.46,0.00,400.00,98.50,99.00,120.46,0.00,0.00,0.00,none
2024-01-08T02:00:00Z,111.87,0.00,400.00,98.50,99.00,111.87,0.00,0.00,0.00,none
2024-01-08T03:00:00Z,91.27,0.00,400.00,98.50,99.00,91.27,0.00,0.00,0.00,none
2024-01-08T04:00:00Z,123.79,8.07,400.00,98.50,99.00,123.79,0.00,8.07,0.00,none
2024-01-08T05:00:00Z,305.60,22.55,400.00,98.50,99.00,305.60,0.00,4.40,18.14,wind_priority_shared_poi_headroom
2024-01-08T06:00:00Z,305.60,37.34,400.00,98.50,99.00,305.60,0.00,4.40,32.93,wind_priority_shared_poi_headroom
2024-01-08T07:00:00Z,305.60,49.21,400.00,98.50,99.00,305.60,0.00,4.40,44.81,wind_priority_shared_poi_headroom
2024-01-08T08:00:00Z,305.60,57.25,400.00,98.50,99.00,305.60,0.00,4.40,52.84,wind_priority_shared_poi_headroom
2024-01-08T09:00:00Z,305.60,59.54,400.00,98.50,99.00,305.60,0.00,4.40,55.14,wind_priority_shared_poi_headroom
2024-01-08T10:00:00Z,305.60,55.79,400.00,98.50,99.00,305.60,0.00,4.40,51.39,wind_priority_shared_poi_headroom
2024-01-08T11:00:00Z,273.14,48.82,400.00,98.50,99.00,273.14,0.00,36.86,11.96,wind_priority_shared_poi_headroom
2024-01-08T12:00:00Z,236.87,36.97,400.00,98.50,99.00,236.87,0.00,36.97,0.00,none
2024-01-08T13:00:00Z,215.12,25.22,400.00,98.50,99.00,215.12,0.00,25.22,0.00,none
2024-01-08T14:00:00Z,191.72,11.84,400.00,98.50,99.00,191.72,0.00,11.84,0.00,none
2024-01-08T15:00:00Z,134.16,1.07,400.00,98.50,99.00,134.16,0.00,1.07,0.00,none
2024-01-08T16:00:00Z,123.79,0.00,400.00,98.50,99.00,123.79,0.00,0.00,0.00,none
2024-01-08T17:00:00Z,136.54,0.00,400.00,98.50,99.00,136.54,0.00,0.00,0.00,none
2024-01-08T18:00:00Z,153.99,0.00,400.00,98.50,99.00,153.99,0.00,0.00,0.00,none
2024-01-08T19:00:00Z,174.27,0.00,400.00,98.50,99.00,174.27,0.00,0.00,0.00,none
2024-01-08T20:00:00Z,193.22,0.00,400.00,98.50,99.00,193.22,0.00,0.00,0.00,none
2024-01-08T21:00:00Z,174.27,0.00,400.00,98.50,99.00,174.27,0.00,0.00,0.00,none
2024-01-08T22:00:00Z,163.24,0.00,400.00,98.50,99.00,163.24,0.00,0.00,0.00,none
2024-01-08T23:00:00Z,170.08,0.00,400.00,98.50,99.00,170.08,0.00,0.00,0.00,none
2024-01-09T00:00:00Z,171.47,0.00,400.00,98.50,99.00,171.47,0.00,0.00,0.00,none
2024-01-09T01:00:00Z,163.24,0.00,400.00,98.50,99.00,163.24,0.00,0.00,0.00,none
2024-01-09T02:00:00Z,150.13,0.00,400.00,98.50,99.00,150.13,0.00,0.00,0.00,none
2024-01-09T03:00:00Z,115.04,0.00,400.00,98.50,99.00,115.04,0.00,0.00,0.00,none
2024-01-09T04:00:00Z,86.78,8.13,400.00,98.50,99.00,86.78,0.00,8.13,0.00,none
2024-01-09T05:00:00Z,305.60,22.11,400.00,98.50,99.00,305.60,0.00,4.40,17.71,wind_priority_shared_poi_headroom
2024-01-09T06:00:00Z,305.60,36.75,400.00,98.50,99.00,305.60,0.00,4.40,32.35,wind_priority_shared_poi_headroom
2024-01-09T07:00:00Z,305.60,48.54,400.00,98.50,99.00,305.60,0.00,4.40,44.13,wind_priority_shared_poi_headroom
2024-01-09T08:00:00Z,305.60,57.20,400.00,98.50,99.00,305.60,0.00,4.40,52.79,wind_priority_shared_poi_headroom
2024-01-09T09:00:00Z,265.61,59.14,400.00,98.50,99.00,265.61,0.00,44.39,14.75,wind_priority_shared_poi_headroom
2024-01-09T10:00:00Z,159.23,55.33,400.00,98.50,99.00,159.23,0.00,55.33,0.00,none
2024-01-09T11:00:00Z,100.73,46.01,400.00,98.50,99.00,100.73,0.00,46.01,0.00,none
2024-01-09T12:00:00Z,67.23,36.47,400.00,98.50,99.00,67.23,0.00,36.47,0.00,none
2024-01-09T13:00:00Z,47.83,24.79,400.00,98.50,99.00,47.83,0.00,24.79,0.00,none
2024-01-09T14:00:00Z,38.42,11.59,400.00,98.50,99.00,38.42,0.00,11.59,0.00,none
2024-01-09T15:00:00Z,34.45,1.06,400.00,98.50,99.00,34.45,0.00,1.06,0.00,none
2024-01-09T16:00:00Z,55.98,0.00,400.00,98.50,99.00,55.98,0.00,0.00,0.00,none
2024-01-09T17:00:00Z,64.29,0.00,400.00,98.50,99.00,64.29,0.00,0.00,0.00,none
2024-01-09T18:00:00Z,80.73,0.00,400.00,98.50,99.00,80.73,0.00,0.00,0.00,none
2024-01-09T19:00:00Z,107.73,0.00,400.00,98.50,99.00,107.73,0.00,0.00,0.00,none
2024-01-09T20:00:00Z,120.46,0.00,400.00,98.50,99.00,120.46,0.00,0.00,0.00,none
2024-01-09T21:00:00Z,105.70,0.00,400.00,98.50,99.00,105.70,0.00,0.00,0.00,none
2024-01-09T22:00:00Z,92.19,0.00,400.00,98.50,99.00,92.19,0.00,0.00,0.00,none
2024-01-09T23:00:00Z,90.36,0.00,400.00,98.50,99.00,90.36,0.00,0.00,0.00,none
2024-01-10T00:00:00Z,96.87,0.00,400.00,98.50,99.00,96.87,0.00,0.00,0.00,none
2024-01-10T01:00:00Z,97.83,0.00,400.00,98.50,99.00,97.83,0.00,0.00,0.00,none
2024-01-10T02:00:00Z,108.75,0.00,400.00,98.50,99.00,108.75,0.00,0.00,0.00,none
2024-01-10T03:00:00Z,115.04,0.00,400.00,98.50,99.00,115.04,0.00,0.00,0.00,none
2024-01-10T04:00:00Z,165.95,7.53,400.00,98.50,99.00,165.95,0.00,7.53,0.00,none
2024-01-10T05:00:00Z,305.60,21.38,400.00,98.50,99.00,305.60,0.00,4.40,16.98,wind_priority_shared_poi_headroom
2024-01-10T06:00:00Z,305.60,36.32,400.00,98.50,99.00,305.60,0.00,4.40,31.92,wind_priority_shared_poi_headroom
2024-01-10T07:00:00Z,305.60,48.26,400.00,98.50,99.00,305.60,0.00,4.40,43.86,wind_priority_shared_poi_headroom
2024-01-10T08:00:00Z,305.60,56.15,400.00,98.50,99.00,305.60,0.00,4.40,51.75,wind_priority_shared_poi_headroom
2024-01-10T09:00:00Z,305.60,54.40,400.00,98.50,99.00,305.60,0.00,4.40,49.99,wind_priority_shared_poi_headroom
2024-01-10T10:00:00Z,187.25,52.54,400.00,98.50,99.00,187.25,0.00,52.54,0.00,none
2024-01-10T11:00:00Z,103.69,44.86,400.00,98.50,99.00,103.69,0.00,44.86,0.00,none
2024-01-10T12:00:00Z,58.67,37.99,400.00,98.50,99.00,58.67,0.00,37.99,0.00,none
2024-01-10T13:00:00Z,35.90,24.76,400.00,98.50,99.00,35.90,0.00,24.76,0.00,none
2024-01-10T14:00:00Z,25.75,11.58,400.00,98.50,99.00,25.75,0.00,11.58,0.00,none
2024-01-10T15:00:00Z,23.09,1.10,400.00,98.50,99.00,23.09,0.00,1.10,0.00,none
2024-01-10T16:00:00Z,52.75,0.00,400.00,98.50,99.00,52.75,0.00,0.00,0.00,none
2024-01-10T17:00:00Z,101.71,0.00,400.00,98.50,99.00,101.71,0.00,0.00,0.00,none
2024-01-10T18:00:00Z,131.81,0.00,400.00,98.50,99.00,131.81,0.00,0.00,0.00,none
2024-01-10T19:00:00Z,132.98,0.00,400.00,98.50,99.00,132.98,0.00,0.00,0.00,none
2024-01-10T20:00:00Z,140.16,0.00,400.00,98.50,99.00,140.16,0.00,0.00,0.00,none
2024-01-10T21:00:00Z,146.34,0.00,400.00,98.50,99.00,146.34,0.00,0.00,0.00,none
2024-01-10T22:00:00Z,130.64,0.00,400.00,98.50,99.00,130.64,0.00,0.00,0.00,none
2024-01-10T23:00:00Z,105.70,0.00,400.00,98.50,99.00,105.70,0.00,0.00,0.00,none
2024-01-11T00:00:00Z,102.70,0.00,400.00,98.50,99.00,102.70,0.00,0.00,0.00,none
2024-01-11T01:00:00Z,109.78,0.00,400.00,98.50,99.00,109.78,0.00,0.00,0.00,none
2024-01-11T02:00:00Z,113.98,0.00,400.00,98.50,99.00,113.98,0.00,0.00,0.00,none
2024-01-11T03:00:00Z,117.19,0.00,400.00,98.50,99.00,117.19,0.00,0.00,0.00,none
2024-01-11T04:00:00Z,141.38,7.45,400.00,98.50,99.00,141.38,0.00,7.45,0.00,none
2024-01-11T05:00:00Z,305.60,20.81,400.00,98.50,99.00,305.60,0.00,4.40,16.41,wind_priority_shared_poi_headroom
2024-01-11T06:00:00Z,305.60,35.56,400.00,98.50,99.00,305.60,0.00,4.40,31.16,wind_priority_shared_poi_headroom
2024-01-11T07:00:00Z,305.60,47.61,400.00,98.50,99.00,305.60,0.00,4.40,43.20,wind_priority_shared_poi_headroom
2024-01-11T08:00:00Z,265.61,56.95,400.00,98.50,99.00,265.61,0.00,44.39,12.55,wind_priority_shared_poi_headroom
2024-01-11T09:00:00Z,156.59,58.91,400.00,98.50,99.00,156.59,0.00,58.91,0.00,none
2024-01-11T10:00:00Z,81.58,57.39,400.00,98.50,99.00,81.58,0.00,57.39,0.00,none
2024-01-11T11:00:00Z,39.45,44.49,400.00,98.50,99.00,39.45,0.00,44.49,0.00,none
2024-01-11T12:00:00Z,24.59,40.41,400.00,98.50,99.00,24.59,0.00,40.41,0.00,none
2024-01-11T13:00:00Z,23.09,26.28,400.00,98.50,99.00,23.09,0.00,26.28,0.00,none
2024-01-11T14:00:00Z,32.11,12.00,400.00,98.50,99.00,32.11,0.00,12.00,0.00,none
2024-01-11T15:00:00Z,43.79,1.08,400.00,98.50,99.00,43.79,0.00,1.08,0.00,none
2024-01-11T16:00:00Z,78.23,0.00,400.00,98.50,99.00,78.23,0.00,0.00,0.00,none
2024-01-11T17:00:00Z,103.69,0.00,400.00,98.50,99.00,103.69,0.00,0.00,0.00,none
2024-01-11T18:00:00Z,116.11,0.00,400.00,98.50,99.00,116.11,0.00,0.00,0.00,none
2024-01-11T19:00:00Z,115.04,0.00,400.00,98.50,99.00,115.04,0.00,0.00,0.00,none
2024-01-11T20:00:00Z,112.92,0.00,400.00,98.50,99.00,112.92,0.00,0.00,0.00,none
2024-01-11T21:00:00Z,126.05,0.00,400.00,98.50,99.00,126.05,0.00,0.00,0.00,none
2024-01-11T22:00:00Z,145.09,0.00,400.00,98.50,99.00,145.09,0.00,0.00,0.00,none
2024-01-11T23:00:00Z,151.41,0.00,400.00,98.50,99.00,151.41,0.00,0.00,0.00,none
2024-01-12T00:00:00Z,138.95,0.00,400.00,98.50,99.00,138.95,0.00,0.00,0.00,none
2024-01-12T01:00:00Z,110.82,0.00,400.00,98.50,99.00,110.82,0.00,0.00,0.00,none
2024-01-12T02:00:00Z,85.02,0.00,400.00,98.50,99.00,85.02,0.00,0.00,0.00,none
2024-01-12T03:00:00Z,65.02,0.00,400.00,98.50,99.00,65.02,0.00,0.00,0.00,none
2024-01-12T04:00:00Z,87.66,6.59,400.00,98.50,99.00,87.66,0.00,6.59,0.00,none
2024-01-12T05:00:00Z,305.60,19.07,400.00,98.50,99.00,305.60,0.00,4.40,14.67,wind_priority_shared_poi_headroom
2024-01-12T06:00:00Z,305.60,32.56,400.00,98.50,99.00,305.60,0.00,4.40,28.15,wind_priority_shared_poi_headroom
2024-01-12T07:00:00Z,179.96,44.79,400.00,98.50,99.00,179.96,0.00,44.79,0.00,none
2024-01-12T08:00:00Z,96.87,53.86,400.00,98.50,99.00,96.87,0.00,53.86,0.00,none
2024-01-12T09:00:00Z,44.35,56.77,400.00,98.50,99.00,44.35,0.00,56.77,0.00,none
2024-01-12T10:00:00Z,17.41,54.56,400.00,98.50,99.00,17.41,0.00,54.56,0.00,none
2024-01-12T11:00:00Z,7.70,42.50,400.00,98.50,99.00,7.70,0.00,42.50,0.00,none
2024-01-12T12:00:00Z,3.64,34.14,400.00,98.50,99.00,3.64,0.00,34.14,0.00,none
2024-01-12T13:00:00Z,2.11,22.96,400.00,98.50,99.00,2.11,0.00,22.96,0.00,none
2024-01-12T14:00:00Z,1.23,10.82,400.00,98.50,99.00,1.23,0.00,10.82,0.00,none
2024-01-12T15:00:00Z,1.76,1.07,400.00,98.50,99.00,1.76,0.00,1.07,0.00,none
2024-01-12T16:00:00Z,9.81,0.00,400.00,98.50,99.00,9.81,0.00,0.00,0.00,none
2024-01-12T17:00:00Z,24.97,0.00,400.00,98.50,99.00,24.97,0.00,0.00,0.00,none
2024-01-12T18:00:00Z,36.89,0.00,400.00,98.50,99.00,36.89,0.00,0.00,0.00,none
2024-01-12T19:00:00Z,43.23,0.00,400.00,98.50,99.00,43.23,0.00,0.00,0.00,none
2024-01-12T20:00:00Z,38.42,0.00,400.00,98.50,99.00,38.42,0.00,0.00,0.00,none
2024-01-12T21:00:00Z,30.33,0.00,400.00,98.50,99.00,30.33,0.00,0.00,0.00,none
2024-01-12T22:00:00Z,18.34,0.00,400.00,98.50,99.00,18.34,0.00,0.00,0.00,none
2024-01-12T23:00:00Z,16.81,0.00,400.00,98.50,99.00,16.81,0.00,0.00,0.00,none
2024-01-13T00:00:00Z,35.41,0.00,400.00,98.50,99.00,35.41,0.00,0.00,0.00,none
2024-01-13T01:00:00Z,28.18,0.00,400.00,98.50,99.00,28.18,0.00,0.00,0.00,none
2024-01-13T02:00:00Z,29.46,0.00,400.00,98.50,99.00,29.46,0.00,0.00,0.00,none
2024-01-13T03:00:00Z,35.41,0.00,400.00,98.50,99.00,35.41,0.00,0.00,0.00,none
2024-01-13T04:00:00Z,82.43,6.47,400.00,98.50,99.00,82.43,0.00,6.47,0.00,none
2024-01-13T05:00:00Z,243.85,19.03,400.00,98.50,99.00,243.85,0.00,19.03,0.00,none
2024-01-13T06:00:00Z,250.97,32.43,400.00,98.50,99.00,250.97,0.00,32.43,0.00,none
2024-01-13T07:00:00Z,193.22,43.35,400.00,98.50,99.00,193.22,0.00,43.35,0.00,none
2024-01-13T08:00:00Z,113.98,51.39,400.00,98.50,99.00,113.98,0.00,51.39,0.00,none
2024-01-13T09:00:00Z,60.74,49.40,400.00,98.50,99.00,60.74,0.00,49.40,0.00,none
2024-01-13T10:00:00Z,33.50,46.40,400.00,98.50,99.00,33.50,0.00,46.40,0.00,none
2024-01-13T11:00:00Z,26.95,42.50,400.00,98.50,99.00,26.95,0.00,42.50,0.00,none
2024-01-13T12:00:00Z,20.96,29.78,400.00,98.50,99.00,20.96,0.00,29.78,0.00,none
2024-01-13T13:00:00Z,17.72,19.05,400.00,98.50,99.00,17.72,0.00,19.05,0.00,none
2024-01-13T14:00:00Z,22.37,8.74,400.00,98.50,99.00,22.37,0.00,8.74,0.00,none
2024-01-13T15:00:00Z,26.54,0.89,400.00,98.50,99.00,26.54,0.00,0.89,0.00,none
2024-01-13T16:00:00Z,54.03,0.00,400.00,98.50,99.00,54.03,0.00,0.00,0.00,none
2024-01-13T17:00:00Z,64.29,0.00,400.00,98.50,99.00,64.29,0.00,0.00,0.00,none
2024-01-13T18:00:00Z,64.29,0.00,400.00,98.50,99.00,64.29,0.00,0.00,0.00,none
2024-01-13T19:00:00Z,52.11,0.00,400.00,98.50,99.00,52.11,0.00,0.00,0.00,none
2024-01-13T20:00:00Z,24.21,0.00,400.00,98.50,99.00,24.21,0.00,0.00,0.00,none
2024-01-13T21:00:00Z,9.20,0.00,400.00,98.50,99.00,9.20,0.00,0.00,0.00,none
2024-01-13T22:00:00Z,4.95,0.00,400.00,98.50,99.00,4.95,0.00,0.00,0.00,none
2024-01-13T23:00:00Z,3.04,0.00,400.00,98.50,99.00,3.04,0.00,0.00,0.00,none
2024-01-14T00:00:00Z,1.51,0.00,400.00,98.50,99.00,1.51,0.00,0.00,0.00,none
2024-01-14T01:00:00Z,0.90,0.00,400.00,98.50,99.00,0.90,0.00,0.00,0.00,none
2024-01-14T02:00:00Z,0.75,0.00,400.00,98.50,99.00,0.75,0.00,0.00,0.00,none
2024-01-14T03:00:00Z,0.32,0.00,400.00,98.50,99.00,0.32,0.00,0.00,0.00,none
2024-01-14T04:00:00Z,0.78,6.32,400.00,98.50,99.00,0.78,0.00,6.32,0.00,none
2024-01-14T05:00:00Z,89.46,18.23,400.00,98.50,99.00,89.46,0.00,18.23,0.00,none
2024-01-14T06:00:00Z,132.98,31.41,400.00,98.50,99.00,132.98,0.00,31.41,0.00,none
2024-01-14T07:00:00Z,109.78,45.42,400.00,98.50,99.00,109.78,0.00,45.42,0.00,none
2024-01-14T08:00:00Z,76.59,54.68,400.00,98.50,99.00,76.59,0.00,54.68,0.00,none
2024-01-14T09:00:00Z,44.35,57.48,400.00,98.50,99.00,44.35,0.00,57.48,0.00,none
2024-01-14T10:00:00Z,18.34,52.34,400.00,98.50,99.00,18.34,0.00,52.34,0.00,none
2024-01-14T11:00:00Z,5.08,47.72,400.00,98.50,99.00,5.08,0.00,47.72,0.00,none
2024-01-14T12:00:00Z,1.57,37.93,400.00,98.50,99.00,1.57,0.00,37.93,0.00,none
2024-01-14T13:00:00Z,0.71,25.06,400.00,98.50,99.00,0.71,0.00,25.06,0.00,none
2024-01-14T14:00:00Z,0.71,11.60,400.00,98.50,99.00,0.71,0.00,11.60,0.00,none
2024-01-14T15:00:00Z,1.08,1.19,400.00,98.50,99.00,1.08,0.00,1.19,0.00,none
2024-01-14T16:00:00Z,4.69,0.00,400.00,98.50,99.00,4.69,0.00,0.00,0.00,none
2024-01-14T17:00:00Z,14.55,0.00,400.00,98.50,99.00,14.55,0.00,0.00,0.00,none
2024-01-14T18:00:00Z,31.66,0.00,400.00,98.50,99.00,31.66,0.00,0.00,0.00,none
2024-01-14T19:00:00Z,30.77,0.00,400.00,98.50,99.00,30.77,0.00,0.00,0.00,none
2024-01-14T20:00:00Z,20.29,0.00,400.00,98.50,99.00,20.29,0.00,0.00,0.00,none
2024-01-14T21:00:00Z,14.82,0.00,400.00,98.50,99.00,14.82,0.00,0.00,0.00,none
2024-01-14T22:00:00Z,9.00,0.00,400.00,98.50,99.00,9.00,0.00,0.00,0.00,none
2024-01-14T23:00:00Z,6.07,0.00,400.00,98.50,99.00,6.07,0.00,0.00,0.00,none
2024-01-15T00:00:00Z,6.38,0.00,400.00,98.50,99.00,6.38,0.00,0.00,0.00,none
2024-01-15T01:00:00Z,9.00,0.00,400.00,98.50,99.00,9.00,0.00,0.00,0.00,none
2024-01-15T02:00:00Z,12.75,0.00,400.00,98.50,99.00,12.75,0.00,0.00,0.00,none
2024-01-15T03:00:00Z,19.30,0.00,400.00,98.50,99.00,19.30,0.00,0.00,0.00,none
2024-01-15T04:00:00Z,30.77,6.85,400.00,98.50,99.00,30.77,0.00,6.85,0.00,none
2024-01-15T05:00:00Z,118.27,20.65,400.00,98.50,99.00,118.27,0.00,20.65,0.00,none
2024-01-15T06:00:00Z,141.38,34.91,400.00,98.50,99.00,141.38,0.00,34.91,0.00,none
2024-01-15T07:00:00Z,79.89,47.15,400.00,98.50,99.00,79.89,0.00,47.15,0.00,none
2024-01-15T08:00:00Z,47.24,54.97,400.00,98.50,99.00,47.24,0.00,54.97,0.00,none
2024-01-15T09:00:00Z,33.04,55.53,400.00,98.50,99.00,33.04,0.00,55.53,0.00,none
2024-01-15T10:00:00Z,22.37,39.97,400.00,98.50,99.00,22.37,0.00,39.97,0.00,none
2024-01-15T11:00:00Z,19.30,47.30,400.00,98.50,99.00,19.30,0.00,47.30,0.00,none
2024-01-15T12:00:00Z,21.66,37.54,400.00,98.50,99.00,21.66,0.00,37.54,0.00,none
2024-01-15T13:00:00Z,22.01,24.95,400.00,98.50,99.00,22.01,0.00,24.95,0.00,none
2024-01-15T14:00:00Z,18.03,12.02,400.00,98.50,99.00,18.03,0.00,12.02,0.00,none
2024-01-15T15:00:00Z,8.81,1.25,400.00,98.50,99.00,8.81,0.00,1.25,0.00,none
2024-01-15T16:00:00Z,12.50,0.00,400.00,98.50,99.00,12.50,0.00,0.00,0.00,none
2024-01-15T17:00:00Z,20.62,0.00,400.00,98.50,99.00,20.62,0.00,0.00,0.00,none
2024-01-15T18:00:00Z,22.73,0.00,400.00,98.50,99.00,22.73,0.00,0.00,0.00,none
2024-01-15T19:00:00Z,23.46,0.00,400.00,98.50,99.00,23.46,0.00,0.00,0.00,none
2024-01-15T20:00:00Z,27.36,0.00,400.00,98.50,99.00,27.36,0.00,0.00,0.00,none
2024-01-15T21:00:00Z,32.57,0.00,400.00,98.50,99.00,32.57,0.00,0.00,0.00,none
2024-01-15T22:00:00Z,45.49,0.00,400.00,98.50,99.00,45.49,0.00,0.00,0.00,none
2024-01-15T23:00:00Z,65.75,0.00,400.00,98.50,99.00,65.75,0.00,0.00,0.00,none
2024-01-16T00:00:00Z,85.02,0.00,400.00,98.50,99.00,85.02,0.00,0.00,0.00,none
2024-01-16T01:00:00Z,94.98,0.00,400.00,98.50,99.00,94.98,0.00,0.00,0.00,none
2024-01-16T02:00:00Z,71.81,0.00,400.00,98.50,99.00,71.81,0.00,0.00,0.00,none
2024-01-16T03:00:00Z,57.99,0.00,400.00,98.50,99.00,57.99,0.00,0.00,0.00,none
2024-01-16T04:00:00Z,74.17,5.62,400.00,98.50,99.00,74.17,0.00,5.62,0.00,none
2024-01-16T05:00:00Z,298.59,17.08,400.00,98.50,99.00,298.59,0.00,11.41,5.67,wind_priority_shared_poi_headroom
2024-01-16T06:00:00Z,305.60,29.07,400.00,98.50,99.00,305.60,0.00,4.40,24.66,wind_priority_shared_poi_headroom
2024-01-16T07:00:00Z,305.60,38.43,400.00,98.50,99.00,305.60,0.00,4.40,34.02,wind_priority_shared_poi_headroom
2024-01-16T08:00:00Z,305.60,40.11,400.00,98.50,99.00,305.60,0.00,4.40,35.71,wind_priority_shared_poi_headroom
2024-01-16T09:00:00Z,235.15,40.15,400.00,98.50,99.00,235.15,0.00,40.15,0.00,none
2024-01-16T10:00:00Z,137.74,44.32,400.00,98.50,99.00,137.74,0.00,44.32,0.00,none
2024-01-16T11:00:00Z,62.85,38.57,400.00,98.50,99.00,62.85,0.00,38.57,0.00,none
2024-01-16T12:00:00Z,27.77,34.46,400.00,98.50,99.00,27.77,0.00,34.46,0.00,none
2024-01-16T13:00:00Z,13.50,23.93,400.00,98.50,99.00,13.50,0.00,23.93,0.00,none
2024-01-16T14:00:00Z,7.36,11.31,400.00,98.50,99.00,7.36,0.00,11.31,0.00,none
2024-01-16T15:00:00Z,7.53,1.16,400.00,98.50,99.00,7.53,0.00,1.16,0.00,none
2024-01-16T16:00:00Z,30.77,0.00,400.00,98.50,99.00,30.77,0.00,0.00,0.00,none
2024-01-16T17:00:00Z,62.14,0.00,400.00,98.50,99.00,62.14,0.00,0.00,0.00,none
2024-01-16T18:00:00Z,73.38,0.00,400.00,98.50,99.00,73.38,0.00,0.00,0.00,none
2024-01-16T19:00:00Z,45.49,0.00,400.00,98.50,99.00,45.49,0.00,0.00,0.00,none
2024-01-16T20:00:00Z,26.95,0.00,400.00,98.50,99.00,26.95,0.00,0.00,0.00,none
2024-01-16T21:00:00Z,19.95,0.00,400.00,98.50,99.00,19.95,0.00,0.00,0.00,none
2024-01-16T22:00:00Z,20.62,0.00,400.00,98.50,99.00,20.62,0.00,0.00,0.00,none
2024-01-16T23:00:00Z,17.41,0.00,400.00,98.50,99.00,17.41,0.00,0.00,0.00,none
2024-01-17T00:00:00Z,8.06,0.00,400.00,98.50,99.00,8.06,0.00,0.00,0.00,none
2024-01-17T01:00:00Z,1.90,0.00,400.00,98.50,99.00,1.90,0.00,0.00,0.00,none
2024-01-17T02:00:00Z,1.04,0.00,400.00,98.50,99.00,1.04,0.00,0.00,0.00,none
2024-01-17T03:00:00Z,1.04,0.00,400.00,98.50,99.00,1.04,0.00,0.00,0.00,none
2024-01-17T04:00:00Z,0.19,5.75,400.00,98.50,99.00,0.19,0.00,5.75,0.00,none
2024-01-17T05:00:00Z,16.23,16.04,400.00,98.50,99.00,16.23,0.00,16.04,0.00,none
2024-01-17T06:00:00Z,38.42,27.54,400.00,98.50,99.00,38.42,0.00,27.54,0.00,none
2024-01-17T07:00:00Z,35.90,33.93,400.00,98.50,99.00,35.90,0.00,33.93,0.00,none
2024-01-17T08:00:00Z,29.03,40.38,400.00,98.50,99.00,29.03,0.00,40.38,0.00,none
2024-01-17T09:00:00Z,20.62,46.65,400.00,98.50,99.00,20.62,0.00,46.65,0.00,none
2024-01-17T10:00:00Z,13.25,49.70,400.00,98.50,99.00,13.25,0.00,49.70,0.00,none
2024-01-17T11:00:00Z,7.70,46.09,400.00,98.50,99.00,7.70,0.00,46.09,0.00,none
2024-01-17T12:00:00Z,5.64,36.29,400.00,98.50,99.00,5.64,0.00,36.29,0.00,none
2024-01-17T13:00:00Z,4.44,23.94,400.00,98.50,99.00,4.44,0.00,23.94,0.00,none
2024-01-17T14:00:00Z,2.68,11.44,400.00,98.50,99.00,2.68,0.00,11.44,0.00,none
2024-01-17T15:00:00Z,1.51,1.26,400.00,98.50,99.00,1.51,0.00,1.26,0.00,none
2024-01-17T16:00:00Z,3.54,0.00,400.00,98.50,99.00,3.54,0.00,0.00,0.00,none
2024-01-17T17:00:00Z,2.59,0.00,400.00,98.50,99.00,2.59,0.00,0.00,0.00,none
2024-01-17T18:00:00Z,0.05,0.00,400.00,98.50,99.00,0.05,0.00,0.00,0.00,none
2024-01-17T19:00:00Z,0.00,0.00,400.00,98.50,99.00,0.00,0.00,0.00,0.00,none
2024-01-17T20:00:00Z,0.00,0.00,400.00,98.50,99.00,0.00,0.00,0.00,0.00,none
2024-01-17T21:00:00Z,0.00,0.00,400.00,98.50,99.00,0.00,0.00,0.00,0.00,none
2024-01-17T22:00:00Z,0.00,0.00,400.00,98.50,99.00,0.00,0.00,0.00,0.00,none
2024-01-17T23:00:00Z,0.00,0.00,400.00,98.50,99.00,0.00,0.00,0.00,0.00,none
2024-01-18T00:00:00Z,0.00,0.00,400.00,98.50,99.00,0.00,0.00,0.00,0.00,none
2024-01-18T01:00:00Z,0.00,0.00,400.00,98.50,99.00,0.00,0.00,0.00,0.00,none
2024-01-18T02:00:00Z,0.00,0.00,400.00,98.50,99.00,0.00,0.00,0.00,0.00,none
2024-01-18T03:00:00Z,0.00,0.00,400.00,98.50,99.00,0.00,0.00,0.00,0.00,none
2024-01-18T04:00:00Z,0.00,3.24,400.00,98.50,99.00,0.00,0.00,3.24,0.00,none
2024-01-18T05:00:00Z,0.01,10.15,400.00,98.50,99.00,0.01,0.00,10.15,0.00,none
2024-01-18T06:00:00Z,1.90,17.69,400.00,98.50,99.00,1.90,0.00,17.69,0.00,none
2024-01-18T07:00:00Z,2.04,25.23,400.00,98.50,99.00,2.04,0.00,25.23,0.00,none
2024-01-18T08:00:00Z,0.41,27.50,400.00,98.50,99.00,0.41,0.00,27.50,0.00,none
2024-01-18T09:00:00Z,0.00,22.89,400.00,98.50,99.00,0.00,0.00,22.89,0.00,none
2024-01-18T10:00:00Z,0.00,32.89,400.00,98.50,99.00,0.00,0.00,32.89,0.00,none
2024-01-18T11:00:00Z,0.00,27.81,400.00,98.50,99.00,0.00,0.00,27.81,0.00,none
2024-01-18T12:00:00Z,0.00,24.03,400.00,98.50,99.00,0.00,0.00,24.03,0.00,none
2024-01-18T13:00:00Z,0.00,15.90,400.00,98.50,99.00,0.00,0.00,15.90,0.00,none
2024-01-18T14:00:00Z,0.00,7.52,400.00,98.50,99.00,0.00,0.00,7.52,0.00,none
2024-01-18T15:00:00Z,0.00,0.90,400.00,98.50,99.00,0.00,0.00,0.90,0.00,none
2024-01-18T16:00:00Z,0.00,0.00,400.00,98.50,99.00,0.00,0.00,0.00,0.00,none
2024-01-18T17:00:00Z,0.00,0.00,400.00,98.50,99.00,0.00,0.00,0.00,0.00,none
2024-01-18T18:00:00Z,0.00,0.00,400.00,98.50,99.00,0.00,0.00,0.00,0.00,none
2024-01-18T19:00:00Z,0.00,0.00,400.00,98.50,99.00,0.00,0.00,0.00,0.00,none
2024-01-18T20:00:00Z,0.00,0.00,400.00,98.50,99.00,0.00,0.00,0.00,0.00,none
2024-01-18T21:00:00Z,0.00,0.00,400.00,98.50,99.00,0.00,0.00,0.00,0.00,none
2024-01-18T22:00:00Z,0.00,0.00,400.00,98.50,99.00,0.00,0.00,0.00,0.00,none
2024-01-18T23:00:00Z,0.00,0.00,400.00,98.50,99.00,0.00,0.00,0.00,0.00,none
2024-01-19T00:00:00Z,0.00,0.00,400.00,98.50,99.00,0.00,0.00,0.00,0.00,none
2024-01-19T01:00:00Z,0.00,0.00,400.00,98.50,99.00,0.00,0.00,0.00,0.00,none
2024-01-19T02:00:00Z,0.00,0.00,400.00,98.50,99.00,0.00,0.00,0.00,0.00,none
2024-01-19T03:00:00Z,0.00,0.00,400.00,98.50,99.00,0.00,0.00,0.00,0.00,none
2024-01-19T04:00:00Z,0.00,5.73,400.00,98.50,99.00,0.00,0.00,5.73,0.00,none
2024-01-19T05:00:00Z,0.00,17.77,400.00,98.50,99.00,0.00,0.00,17.77,0.00,none
2024-01-19T06:00:00Z,0.00,31.34,400.00,98.50,99.00,0.00,0.00,31.34,0.00,none
2024-01-19T07:00:00Z,0.00,42.69,400.00,98.50,99.00,0.00,0.00,42.69,0.00,none
2024-01-19T08:00:00Z,0.00,53.44,400.00,98.50,99.00,0.00,0.00,53.44,0.00,none
2024-01-19T09:00:00Z,0.00,57.61,400.00,98.50,99.00,0.00,0.00,57.61,0.00,none
2024-01-19T10:00:00Z,0.00,56.48,400.00,98.50,99.00,0.00,0.00,56.48,0.00,none
2024-01-19T11:00:00Z,0.00,48.46,400.00,98.50,99.00,0.00,0.00,48.46,0.00,none
2024-01-19T12:00:00Z,0.00,37.60,400.00,98.50,99.00,0.00,0.00,37.60,0.00,none
2024-01-19T13:00:00Z,0.00,24.47,400.00,98.50,99.00,0.00,0.00,24.47,0.00,none
2024-01-19T14:00:00Z,0.00,11.62,400.00,98.50,99.00,0.00,0.00,11.62,0.00,none
2024-01-19T15:00:00Z,0.00,1.26,400.00,98.50,99.00,0.00,0.00,1.26,0.00,none
2024-01-19T16:00:00Z,0.00,0.00,400.00,98.50,99.00,0.00,0.00,0.00,0.00,none
2024-01-19T17:00:00Z,0.00,0.00,400.00,98.50,99.00,0.00,0.00,0.00,0.00,none
2024-01-19T18:00:00Z,0.00,0.00,400.00,98.50,99.00,0.00,0.00,0.00,0.00,none
2024-01-19T19:00:00Z,0.00,0.00,400.00,98.50,99.00,0.00,0.00,0.00,0.00,none
2024-01-19T20:00:00Z,0.00,0.00,400.00,98.50,99.00,0.00,0.00,0.00,0.00,none
2024-01-19T21:00:00Z,0.00,0.00,400.00,98.50,99.00,0.00,0.00,0.00,0.00,none
2024-01-19T22:00:00Z,0.00,0.00,400.00,98.50,99.00,0.00,0.00,0.00,0.00,none
2024-01-19T23:00:00Z,0.00,0.00,400.00,98.50,99.00,0.00,0.00,0.00,0.00,none
2024-01-20T00:00:00Z,0.00,0.00,400.00,98.50,99.00,0.00,0.00,0.00,0.00,none
2024-01-20T01:00:00Z,0.00,0.00,400.00,98.50,99.00,0.00,0.00,0.00,0.00,none
2024-01-20T02:00:00Z,0.00,0.00,400.00,98.50,99.00,0.00,0.00,0.00,0.00,none
2024-01-20T03:00:00Z,0.00,0.00,400.00,98.50,99.00,0.00,0.00,0.00,0.00,none
2024-01-20T04:00:00Z,0.14,3.71,400.00,98.50,99.00,0.14,0.00,3.71,0.00,none
2024-01-20T05:00:00Z,0.32,11.53,400.00,98.50,99.00,0.32,0.00,11.53,0.00,none
2024-01-20T06:00:00Z,0.07,22.00,400.00,98.50,99.00,0.07,0.00,22.00,0.00,none
2024-01-20T07:00:00Z,0.00,28.05,400.00,98.50,99.00,0.00,0.00,28.05,0.00,none
2024-01-20T08:00:00Z,0.00,45.02,400.00,98.50,99.00,0.00,0.00,45.02,0.00,none
2024-01-20T09:00:00Z,0.00,52.73,400.00,98.50,99.00,0.00,0.00,52.73,0.00,none
2024-01-20T10:00:00Z,0.00,44.83,400.00,98.50,99.00,0.00,0.00,44.83,0.00,none
2024-01-20T11:00:00Z,0.00,44.05,400.00,98.50,99.00,0.00,0.00,44.05,0.00,none
2024-01-20T12:00:00Z,0.02,29.96,400.00,98.50,99.00,0.02,0.00,29.96,0.00,none
2024-01-20T13:00:00Z,0.28,20.36,400.00,98.50,99.00,0.28,0.00,20.36,0.00,none
2024-01-20T14:00:00Z,0.28,9.90,400.00,98.50,99.00,0.28,0.00,9.90,0.00,none
2024-01-20T15:00:00Z,0.07,1.19,400.00,98.50,99.00,0.07,0.00,1.19,0.00,none
2024-01-20T16:00:00Z,0.01,0.00,400.00,98.50,99.00,0.01,0.00,0.00,0.00,none
2024-01-20T17:00:00Z,0.00,0.00,400.00,98.50,99.00,0.00,0.00,0.00,0.00,none
2024-01-20T18:00:00Z,0.01,0.00,400.00,98.50,99.00,0.01,0.00,0.00,0.00,none
2024-01-20T19:00:00Z,0.24,0.00,400.00,98.50,99.00,0.24,0.00,0.00,0.00,none
2024-01-20T20:00:00Z,0.67,0.00,400.00,98.50,99.00,0.67,0.00,0.00,0.00,none
2024-01-20T21:00:00Z,0.15,0.00,400.00,98.50,99.00,0.15,0.00,0.00,0.00,none
2024-01-20T22:00:00Z,0.00,0.00,400.00,98.50,99.00,0.00,0.00,0.00,0.00,none
2024-01-20T23:00:00Z,0.00,0.00,400.00,98.50,99.00,0.00,0.00,0.00,0.00,none
2024-01-21T00:00:00Z,0.00,0.00,400.00,98.50,99.00,0.00,0.00,0.00,0.00,none
2024-01-21T01:00:00Z,0.00,0.00,400.00,98.50,99.00,0.00,0.00,0.00,0.00,none
2024-01-21T02:00:00Z,0.00,0.00,400.00,98.50,99.00,0.00,0.00,0.00,0.00,none
2024-01-21T03:00:00Z,0.00,0.00,400.00,98.50,99.00,0.00,0.00,0.00,0.00,none
2024-01-21T04:00:00Z,0.00,3.36,400.00,98.50,99.00,0.00,0.00,3.36,0.00,none
2024-01-21T05:00:00Z,0.82,10.95,400.00,98.50,99.00,0.82,0.00,10.95,0.00,none
2024-01-21T06:00:00Z,31.66,18.77,400.00,98.50,99.00,31.66,0.00,18.77,0.00,none
2024-01-21T07:00:00Z,74.17,32.32,400.00,98.50,99.00,74.17,0.00,32.32,0.00,none
2024-01-21T08:00:00Z,89.46,41.39,400.00,98.50,99.00,89.46,0.00,41.39,0.00,none
2024-01-21T09:00:00Z,62.14,48.18,400.00,98.50,99.00,62.14,0.00,48.18,0.00,none
2024-01-21T10:00:00Z,31.21,44.63,400.00,98.50,99.00,31.21,0.00,44.63,0.00,none
2024-01-21T11:00:00Z,14.82,38.96,400.00,98.50,99.00,14.82,0.00,38.96,0.00,none
2024-01-21T12:00:00Z,11.33,39.12,400.00,98.50,99.00,11.33,0.00,39.12,0.00,none
2024-01-21T13:00:00Z,13.50,28.55,400.00,98.50,99.00,13.50,0.00,28.55,0.00,none
2024-01-21T14:00:00Z,14.55,13.72,400.00,98.50,99.00,14.55,0.00,13.72,0.00,none
2024-01-21T15:00:00Z,16.52,1.53,400.00,98.50,99.00,16.52,0.00,1.53,0.00,none
2024-01-21T16:00:00Z,65.75,0.00,400.00,98.50,99.00,65.75,0.00,0.00,0.00,none
2024-01-21T17:00:00Z,182.85,0.00,400.00,98.50,99.00,182.85,0.00,0.00,0.00,none
2024-01-21T18:00:00Z,271.24,0.00,400.00,98.50,99.00,271.24,0.00,0.00,0.00,none
2024-01-21T19:00:00Z,245.62,0.00,400.00,98.50,99.00,245.62,0.00,0.00,0.00,none
2024-01-21T20:00:00Z,168.69,0.00,400.00,98.50,99.00,168.69,0.00,0.00,0.00,none
2024-01-21T21:00:00Z,108.75,0.00,400.00,98.50,99.00,108.75,0.00,0.00,0.00,none
2024-01-21T22:00:00Z,60.04,0.00,400.00,98.50,99.00,60.04,0.00,0.00,0.00,none
2024-01-21T23:00:00Z,33.04,0.00,400.00,98.50,99.00,33.04,0.00,0.00,0.00,none
2024-01-22T00:00:00Z,27.36,0.00,400.00,98.50,99.00,27.36,0.00,0.00,0.00,none
2024-01-22T01:00:00Z,26.14,0.00,400.00,98.50,99.00,26.14,0.00,0.00,0.00,none
2024-01-22T02:00:00Z,23.83,0.00,400.00,98.50,99.00,23.83,0.00,0.00,0.00,none
2024-01-22T03:00:00Z,22.37,0.00,400.00,98.50,99.00,22.37,0.00,0.00,0.00,none
2024-01-22T04:00:00Z,29.89,4.96,400.00,98.50,99.00,29.89,0.00,4.96,0.00,none
2024-01-22T05:00:00Z,296.58,15.28,400.00,98.50,99.00,296.58,0.00,13.42,1.86,wind_priority_shared_poi_headroom
2024-01-22T06:00:00Z,305.60,27.08,400.00,98.50,99.00,305.60,0.00,4.40,22.67,wind_priority_shared_poi_headroom
2024-01-22T07:00:00Z,305.60,31.01,400.00,98.50,99.00,305.60,0.00,4.40,26.60,wind_priority_shared_poi_headroom
2024-01-22T08:00:00Z,305.60,39.71,400.00,98.50,99.00,305.60,0.00,4.40,35.31,wind_priority_shared_poi_headroom
2024-01-22T09:00:00Z,305.60,45.19,400.00,98.50,99.00,305.60,0.00,4.40,40.79,wind_priority_shared_poi_headroom
2024-01-22T10:00:00Z,298.59,52.17,400.00,98.50,99.00,298.59,0.00,11.41,40.76,wind_priority_shared_poi_headroom
2024-01-22T11:00:00Z,175.68,46.65,400.00,98.50,99.00,175.68,0.00,46.65,0.00,none
2024-01-22T12:00:00Z,112.92,39.46,400.00,98.50,99.00,112.92,0.00,39.46,0.00,none
2024-01-22T13:00:00Z,88.56,27.94,400.00,98.50,99.00,88.56,0.00,27.94,0.00,none
2024-01-22T14:00:00Z,75.78,13.42,400.00,98.50,99.00,75.78,0.00,13.42,0.00,none
2024-01-22T15:00:00Z,55.98,1.57,400.00,98.50,99.00,55.98,0.00,1.57,0.00,none
2024-01-22T16:00:00Z,83.29,0.00,400.00,98.50,99.00,83.29,0.00,0.00,0.00,none
2024-01-22T17:00:00Z,137.74,0.00,400.00,98.50,99.00,137.74,0.00,0.00,0.00,none
2024-01-22T18:00:00Z,163.24,0.00,400.00,98.50,99.00,163.24,0.00,0.00,0.00,none
2024-01-22T19:00:00Z,159.23,0.00,400.00,98.50,99.00,159.23,0.00,0.00,0.00,none
2024-01-22T20:00:00Z,159.23,0.00,400.00,98.50,99.00,159.23,0.00,0.00,0.00,none
2024-01-22T21:00:00Z,150.13,0.00,400.00,98.50,99.00,150.13,0.00,0.00,0.00,none
2024-01-22T22:00:00Z,134.16,0.00,400.00,98.50,99.00,134.16,0.00,0.00,0.00,none
2024-01-22T23:00:00Z,101.71,0.00,400.00,98.50,99.00,101.71,0.00,0.00,0.00,none
2024-01-23T00:00:00Z,79.89,0.00,400.00,98.50,99.00,79.89,0.00,0.00,0.00,none
2024-01-23T01:00:00Z,71.81,0.00,400.00,98.50,99.00,71.81,0.00,0.00,0.00,none
2024-01-23T02:00:00Z,59.35,0.00,400.00,98.50,99.00,59.35,0.00,0.00,0.00,none
2024-01-23T03:00:00Z,55.33,0.00,400.00,98.50,99.00,55.33,0.00,0.00,0.00,none
2024-01-23T04:00:00Z,36.89,6.67,400.00,98.50,99.00,36.89,0.00,6.67,0.00,none
2024-01-23T05:00:00Z,171.47,21.30,400.00,98.50,99.00,171.47,0.00,21.30,0.00,none
2024-01-23T06:00:00Z,305.60,36.42,400.00,98.50,99.00,305.60,0.00,4.40,32.02,wind_priority_shared_poi_headroom
2024-01-23T07:00:00Z,305.60,48.73,400.00,98.50,99.00,305.60,0.00,4.40,44.33,wind_priority_shared_poi_headroom
2024-01-23T08:00:00Z,305.60,57.22,400.00,98.50,99.00,305.60,0.00,4.40,52.81,wind_priority_shared_poi_headroom
2024-01-23T09:00:00Z,228.34,60.11,400.00,98.50,99.00,228.34,0.00,60.11,0.00,none
2024-01-23T10:00:00Z,123.79,58.48,400.00,98.50,99.00,123.79,0.00,58.48,0.00,none
2024-01-23T11:00:00Z,60.74,52.76,400.00,98.50,99.00,60.74,0.00,52.76,0.00,none
2024-01-23T12:00:00Z,35.90,43.22,400.00,98.50,99.00,35.90,0.00,43.22,0.00,none
2024-01-23T13:00:00Z,38.42,29.79,400.00,98.50,99.00,38.42,0.00,29.79,0.00,none
2024-01-23T14:00:00Z,56.65,14.62,400.00,98.50,99.00,56.65,0.00,14.62,0.00,none
2024-01-23T15:00:00Z,121.57,1.74,400.00,98.50,99.00,121.57,0.00,1.74,0.00,none
2024-01-23T16:00:00Z,160.56,0.00,400.00,98.50,99.00,160.56,0.00,0.00,0.00,none
2024-01-23T17:00:00Z,115.04,0.00,400.00,98.50,99.00,115.04,0.00,0.00,0.00,none
2024-01-23T18:00:00Z,95.93,0.00,400.00,98.50,99.00,95.93,0.00,0.00,0.00,none
2024-01-23T19:00:00Z,96.87,0.00,400.00,98.50,99.00,96.87,0.00,0.00,0.00,none
2024-01-23T20:00:00Z,73.38,0.00,400.00,98.50,99.00,73.38,0.00,0.00,0.00,none
2024-01-23T21:00:00Z,35.90,0.00,400.00,98.50,99.00,35.90,0.00,0.00,0.00,none
2024-01-23T22:00:00Z,15.10,0.00,400.00,98.50,99.00,15.10,0.00,0.00,0.00,none
2024-01-23T23:00:00Z,6.86,0.00,400.00,98.50,99.00,6.86,0.00,0.00,0.00,none
2024-01-24T00:00:00Z,2.59,0.00,400.00,98.50,99.00,2.59,0.00,0.00,0.00,none
2024-01-24T01:00:00Z,0.64,0.00,400.00,98.50,99.00,0.64,0.00,0.00,0.00,none
2024-01-24T02:00:00Z,0.21,0.00,400.00,98.50,99.00,0.21,0.00,0.00,0.00,none
2024-01-24T03:00:00Z,0.21,0.00,400.00,98.50,99.00,0.21,0.00,0.00,0.00,none
2024-01-24T04:00:00Z,0.02,6.75,400.00,98.50,99.00,0.02,0.00,6.75,0.00,none
2024-01-24T05:00:00Z,54.67,21.51,400.00,98.50,99.00,54.67,0.00,21.51,0.00,none
2024-01-24T06:00:00Z,113.98,36.56,400.00,98.50,99.00,113.98,0.00,36.56,0.00,none
2024-01-24T07:00:00Z,109.78,49.23,400.00,98.50,99.00,109.78,0.00,49.23,0.00,none
2024-01-24T08:00:00Z,94.05,57.92,400.00,98.50,99.00,94.05,0.00,57.92,0.00,none
2024-01-24T09:00:00Z,65.02,62.13,400.00,98.50,99.00,65.02,0.00,62.13,0.00,none
2024-01-24T10:00:00Z,38.93,60.23,400.00,98.50,99.00,38.93,0.00,60.23,0.00,none
2024-01-24T11:00:00Z,22.37,53.71,400.00,98.50,99.00,22.37,0.00,53.71,0.00,none
2024-01-24T12:00:00Z,16.23,43.43,400.00,98.50,99.00,16.23,0.00,43.43,0.00,none
2024-01-24T13:00:00Z,16.23,30.18,400.00,98.50,99.00,16.23,0.00,30.18,0.00,none
2024-01-24T14:00:00Z,16.23,14.75,400.00,98.50,99.00,16.23,0.00,14.75,0.00,none
2024-01-24T15:00:00Z,37.40,1.77,400.00,98.50,99.00,37.40,0.00,1.77,0.00,none
2024-01-24T16:00:00Z,146.34,0.00,400.00,98.50,99.00,146.34,0.00,0.00,0.00,none
2024-01-24T17:00:00Z,245.62,0.00,400.00,98.50,99.00,245.62,0.00,0.00,0.00,none
2024-01-24T18:00:00Z,252.77,0.00,400.00,98.50,99.00,252.77,0.00,0.00,0.00,none
2024-01-24T19:00:00Z,193.22,0.00,400.00,98.50,99.00,193.22,0.00,0.00,0.00,none
2024-01-24T20:00:00Z,106.71,0.00,400.00,98.50,99.00,106.71,0.00,0.00,0.00,none
2024-01-24T21:00:00Z,60.74,0.00,400.00,98.50,99.00,60.74,0.00,0.00,0.00,none
2024-01-24T22:00:00Z,35.41,0.00,400.00,98.50,99.00,35.41,0.00,0.00,0.00,none
2024-01-24T23:00:00Z,19.30,0.00,400.00,98.50,99.00,19.30,0.00,0.00,0.00,none
2024-01-25T00:00:00Z,14.02,0.00,400.00,98.50,99.00,14.02,0.00,0.00,0.00,none
2024-01-25T01:00:00Z,11.33,0.00,400.00,98.50,99.00,11.33,0.00,0.00,0.00,none
2024-01-25T02:00:00Z,7.88,0.00,400.00,98.50,99.00,7.88,0.00,0.00,0.00,none
2024-01-25T03:00:00Z,5.93,0.00,400.00,98.50,99.00,5.93,0.00,0.00,0.00,none
2024-01-25T04:00:00Z,3.75,6.81,400.00,98.50,99.00,3.75,0.00,6.81,0.00,none
2024-01-25T05:00:00Z,108.75,21.47,400.00,98.50,99.00,108.75,0.00,21.47,0.00,none
2024-01-25T06:00:00Z,271.24,36.33,400.00,98.50,99.00,271.24,0.00,36.33,0.00,none
2024-01-25T07:00:00Z,242.10,49.00,400.00,98.50,99.00,242.10,0.00,49.00,0.00,none
2024-01-25T08:00:00Z,156.59,57.75,400.00,98.50,99.00,156.59,0.00,57.75,0.00,none
2024-01-25T09:00:00Z,90.36,61.30,400.00,98.50,99.00,90.36,0.00,61.30,0.00,none
2024-01-25T10:00:00Z,54.03,58.39,400.00,98.50,99.00,54.03,0.00,58.39,0.00,none
2024-01-25T11:00:00Z,33.97,50.80,400.00,98.50,99.00,33.97,0.00,50.80,0.00,none
2024-01-25T12:00:00Z,25.36,40.38,400.00,98.50,99.00,25.36,0.00,40.38,0.00,none
2024-01-25T13:00:00Z,23.83,28.01,400.00,98.50,99.00,23.83,0.00,28.01,0.00,none
2024-01-25T14:00:00Z,26.95,13.81,400.00,98.50,99.00,26.95,0.00,13.81,0.00,none
2024-01-25T15:00:00Z,31.66,1.72,400.00,98.50,99.00,31.66,0.00,1.72,0.00,none
2024-01-25T16:00:00Z,82.43,0.00,400.00,98.50,99.00,82.43,0.00,0.00,0.00,none
2024-01-25T17:00:00Z,152.69,0.00,400.00,98.50,99.00,152.69,0.00,0.00,0.00,none
2024-01-25T18:00:00Z,178.52,0.00,400.00,98.50,99.00,178.52,0.00,0.00,0.00,none
2024-01-25T19:00:00Z,165.95,0.00,400.00,98.50,99.00,165.95,0.00,0.00,0.00,none
2024-01-25T20:00:00Z,138.95,0.00,400.00,98.50,99.00,138.95,0.00,0.00,0.00,none
2024-01-25T21:00:00Z,111.87,0.00,400.00,98.50,99.00,111.87,0.00,0.00,0.00,none
2024-01-25T22:00:00Z,77.40,0.00,400.00,98.50,99.00,77.40,0.00,0.00,0.00,none
2024-01-25T23:00:00Z,45.49,0.00,400.00,98.50,99.00,45.49,0.00,0.00,0.00,none
2024-01-26T00:00:00Z,29.89,0.00,400.00,98.50,99.00,29.89,0.00,0.00,0.00,none
2024-01-26T01:00:00Z,24.97,0.00,400.00,98.50,99.00,24.97,0.00,0.00,0.00,none
2024-01-26T02:00:00Z,24.97,0.00,400.00,98.50,99.00,24.97,0.00,0.00,0.00,none
2024-01-26T03:00:00Z,30.77,0.00,400.00,98.50,99.00,30.77,0.00,0.00,0.00,none
2024-01-26T04:00:00Z,77.40,7.18,400.00,98.50,99.00,77.40,0.00,7.18,0.00,none
2024-01-26T05:00:00Z,305.60,22.03,400.00,98.50,99.00,305.60,0.00,4.40,17.63,wind_priority_shared_poi_headroom
2024-01-26T06:00:00Z,305.60,37.06,400.00,98.50,99.00,305.60,0.00,4.40,32.66,wind_priority_shared_poi_headroom
2024-01-26T07:00:00Z,305.60,49.40,400.00,98.50,99.00,305.60,0.00,4.40,45.00,wind_priority_shared_poi_headroom
2024-01-26T08:00:00Z,294.58,57.62,400.00,98.50,99.00,294.58,0.00,15.42,42.20,wind_priority_shared_poi_headroom
2024-01-26T09:00:00Z,197.78,57.16,400.00,98.50,99.00,197.78,0.00,57.16,0.00,none
2024-01-26T10:00:00Z,136.54,55.63,400.00,98.50,99.00,136.54,0.00,55.63,0.00,none
2024-01-26T11:00:00Z,102.70,45.96,400.00,98.50,99.00,102.70,0.00,45.96,0.00,none
2024-01-26T12:00:00Z,100.73,38.07,400.00,98.50,99.00,100.73,0.00,38.07,0.00,none
2024-01-26T13:00:00Z,107.73,27.45,400.00,98.50,99.00,107.73,0.00,27.45,0.00,none
2024-01-26T14:00:00Z,111.87,13.62,400.00,98.50,99.00,111.87,0.00,13.62,0.00,none
2024-01-26T15:00:00Z,96.87,1.65,400.00,98.50,99.00,96.87,0.00,1.65,0.00,none
2024-01-26T16:00:00Z,110.82,0.00,400.00,98.50,99.00,110.82,0.00,0.00,0.00,none
2024-01-26T17:00:00Z,126.05,0.00,400.00,98.50,99.00,126.05,0.00,0.00,0.00,none
2024-01-26T18:00:00Z,102.70,0.00,400.00,98.50,99.00,102.70,0.00,0.00,0.00,none
2024-01-26T19:00:00Z,106.71,0.00,400.00,98.50,99.00,106.71,0.00,0.00,0.00,none
2024-01-26T20:00:00Z,119.36,0.00,400.00,98.50,99.00,119.36,0.00,0.00,0.00,none
2024-01-26T21:00:00Z,109.78,0.00,400.00,98.50,99.00,109.78,0.00,0.00,0.00,none
2024-01-26T22:00:00Z,91.27,0.00,400.00,98.50,99.00,91.27,0.00,0.00,0.00,none
2024-01-26T23:00:00Z,73.38,0.00,400.00,98.50,99.00,73.38,0.00,0.00,0.00,none
2024-01-27T00:00:00Z,64.29,0.00,400.00,98.50,99.00,64.29,0.00,0.00,0.00,none
2024-01-27T01:00:00Z,63.57,0.00,400.00,98.50,99.00,63.57,0.00,0.00,0.00,none
2024-01-27T02:00:00Z,69.49,0.00,400.00,98.50,99.00,69.49,0.00,0.00,0.00,none
2024-01-27T03:00:00Z,63.57,0.00,400.00,98.50,99.00,63.57,0.00,0.00,0.00,none
2024-01-27T04:00:00Z,121.57,6.12,400.00,98.50,99.00,121.57,0.00,6.12,0.00,none
2024-01-27T05:00:00Z,305.60,19.77,400.00,98.50,99.00,305.60,0.00,4.40,15.37,wind_priority_shared_poi_headroom
2024-01-27T06:00:00Z,305.60,34.73,400.00,98.50,99.00,305.60,0.00,4.40,30.33,wind_priority_shared_poi_headroom
2024-01-27T07:00:00Z,305.60,47.86,400.00,98.50,99.00,305.60,0.00,4.40,43.45,wind_priority_shared_poi_headroom
2024-01-27T08:00:00Z,252.77,55.53,400.00,98.50,99.00,252.77,0.00,55.53,0.00,none
2024-01-27T09:00:00Z,185.78,52.82,400.00,98.50,99.00,185.78,0.00,52.82,0.00,none
2024-01-27T10:00:00Z,148.86,56.63,400.00,98.50,99.00,148.86,0.00,56.63,0.00,none
2024-01-27T11:00:00Z,142.61,48.01,400.00,98.50,99.00,142.61,0.00,48.01,0.00,none
2024-01-27T12:00:00Z,165.95,40.74,400.00,98.50,99.00,165.95,0.00,40.74,0.00,none
2024-01-27T13:00:00Z,191.72,27.91,400.00,98.50,99.00,191.72,0.00,27.91,0.00,none
2024-01-27T14:00:00Z,191.72,14.11,400.00,98.50,99.00,191.72,0.00,14.11,0.00,none
2024-01-27T15:00:00Z,134.16,1.79,400.00,98.50,99.00,134.16,0.00,1.79,0.00,none
2024-01-27T16:00:00Z,79.89,0.00,400.00,98.50,99.00,79.89,0.00,0.00,0.00,none
2024-01-27T17:00:00Z,53.38,0.00,400.00,98.50,99.00,53.38,0.00,0.00,0.00,none
2024-01-27T18:00:00Z,56.65,0.00,400.00,98.50,99.00,56.65,0.00,0.00,0.00,none
2024-01-27T19:00:00Z,72.59,0.00,400.00,98.50,99.00,72.59,0.00,0.00,0.00,none
2024-01-27T20:00:00Z,83.29,0.00,400.00,98.50,99.00,83.29,0.00,0.00,0.00,none
2024-01-27T21:00:00Z,85.02,0.00,400.00,98.50,99.00,85.02,0.00,0.00,0.00,none
2024-01-27T22:00:00Z,69.49,0.00,400.00,98.50,99.00,69.49,0.00,0.00,0.00,none
2024-01-27T23:00:00Z,52.11,0.00,400.00,98.50,99.00,52.11,0.00,0.00,0.00,none
2024-01-28T00:00:00Z,39.98,0.00,400.00,98.50,99.00,39.98,0.00,0.00,0.00,none
2024-01-28T01:00:00Z,32.57,0.00,400.00,98.50,99.00,32.57,0.00,0.00,0.00,none
2024-01-28T02:00:00Z,31.21,0.00,400.00,98.50,99.00,31.21,0.00,0.00,0.00,none
2024-01-28T03:00:00Z,26.14,0.00,400.00,98.50,99.00,26.14,0.00,0.00,0.00,none
2024-01-28T04:00:00Z,97.83,7.37,400.00,98.50,99.00,97.83,0.00,7.37,0.00,none
2024-01-28T05:00:00Z,305.60,22.73,400.00,98.50,99.00,305.60,0.00,4.40,18.33,wind_priority_shared_poi_headroom
2024-01-28T06:00:00Z,305.60,37.77,400.00,98.50,99.00,305.60,0.00,4.40,33.36,wind_priority_shared_poi_headroom
2024-01-28T07:00:00Z,305.60,49.99,400.00,98.50,99.00,305.60,0.00,4.40,45.58,wind_priority_shared_poi_headroom
2024-01-28T08:00:00Z,305.60,57.65,400.00,98.50,99.00,305.60,0.00,4.40,53.25,wind_priority_shared_poi_headroom
2024-01-28T09:00:00Z,305.60,58.10,400.00,98.50,99.00,305.60,0.00,4.40,53.70,wind_priority_shared_poi_headroom
2024-01-28T10:00:00Z,305.60,55.06,400.00,98.50,99.00,305.60,0.00,4.40,50.66,wind_priority_shared_poi_headroom
2024-01-28T11:00:00Z,250.97,43.32,400.00,98.50,99.00,250.97,0.00,43.32,0.00,none
2024-01-28T12:00:00Z,197.78,40.97,400.00,98.50,99.00,197.78,0.00,40.97,0.00,none
2024-01-28T13:00:00Z,191.72,28.71,400.00,98.50,99.00,191.72,0.00,28.71,0.00,none
2024-01-28T14:00:00Z,207.12,14.33,400.00,98.50,99.00,207.12,0.00,14.33,0.00,none
2024-01-28T15:00:00Z,194.73,1.81,400.00,98.50,99.00,194.73,0.00,1.81,0.00,none
2024-01-28T16:00:00Z,213.50,0.00,400.00,98.50,99.00,213.50,0.00,0.00,0.00,none
2024-01-28T17:00:00Z,233.44,0.00,400.00,98.50,99.00,233.44,0.00,0.00,0.00,none
2024-01-28T18:00:00Z,194.73,0.00,400.00,98.50,99.00,194.73,0.00,0.00,0.00,none
2024-01-28T19:00:00Z,171.47,0.00,400.00,98.50,99.00,171.47,0.00,0.00,0.00,none
2024-01-28T20:00:00Z,148.86,0.00,400.00,98.50,99.00,148.86,0.00,0.00,0.00,none
2024-01-28T21:00:00Z,148.86,0.00,400.00,98.50,99.00,148.86,0.00,0.00,0.00,none
2024-01-28T22:00:00Z,150.13,0.00,400.00,98.50,99.00,150.13,0.00,0.00,0.00,none
2024-01-28T23:00:00Z,132.98,0.00,400.00,98.50,99.00,132.98,0.00,0.00,0.00,none
2024-01-29T00:00:00Z,121.57,0.00,400.00,98.50,99.00,121.57,0.00,0.00,0.00,none
2024-01-29T01:00:00Z,107.73,0.00,400.00,98.50,99.00,107.73,0.00,0.00,0.00,none
2024-01-29T02:00:00Z,95.93,0.00,400.00,98.50,99.00,95.93,0.00,0.00,0.00,none
2024-01-29T03:00:00Z,83.29,0.00,400.00,98.50,99.00,83.29,0.00,0.00,0.00,none
2024-01-29T04:00:00Z,167.32,7.30,400.00,98.50,99.00,167.32,0.00,7.30,0.00,none
2024-01-29T05:00:00Z,305.60,22.69,400.00,98.50,99.00,305.60,0.00,4.40,18.29,wind_priority_shared_poi_headroom
2024-01-29T06:00:00Z,305.60,38.04,400.00,98.50,99.00,305.60,0.00,4.40,33.63,wind_priority_shared_poi_headroom
2024-01-29T07:00:00Z,305.60,50.48,400.00,98.50,99.00,305.60,0.00,4.40,46.08,wind_priority_shared_poi_headroom
2024-01-29T08:00:00Z,305.60,59.17,400.00,98.50,99.00,305.60,0.00,4.40,54.77,wind_priority_shared_poi_headroom
2024-01-29T09:00:00Z,305.60,61.73,400.00,98.50,99.00,305.60,0.00,4.40,57.33,wind_priority_shared_poi_headroom
2024-01-29T10:00:00Z,305.60,55.58,400.00,98.50,99.00,305.60,0.00,4.40,51.18,wind_priority_shared_poi_headroom
2024-01-29T11:00:00Z,261.90,54.14,400.00,98.50,99.00,261.90,0.00,48.10,6.04,wind_priority_shared_poi_headroom
2024-01-29T12:00:00Z,193.22,44.01,400.00,98.50,99.00,193.22,0.00,44.01,0.00,none
2024-01-29T13:00:00Z,168.69,30.85,400.00,98.50,99.00,168.69,0.00,30.85,0.00,none
2024-01-29T14:00:00Z,171.47,15.19,400.00,98.50,99.00,171.47,0.00,15.19,0.00,none
2024-01-29T15:00:00Z,157.91,1.95,400.00,98.50,99.00,157.91,0.00,1.95,0.00,none
2024-01-29T16:00:00Z,228.34,0.00,400.00,98.50,99.00,228.34,0.00,0.00,0.00,none
2024-01-29T17:00:00Z,298.59,0.00,400.00,98.50,99.00,298.59,0.00,0.00,0.00,none
2024-01-29T18:00:00Z,273.14,0.00,400.00,98.50,99.00,273.14,0.00,0.00,0.00,none
2024-01-29T19:00:00Z,175.68,0.00,400.00,98.50,99.00,175.68,0.00,0.00,0.00,none
2024-01-29T20:00:00Z,126.05,0.00,400.00,98.50,99.00,126.05,0.00,0.00,0.00,none
2024-01-29T21:00:00Z,95.93,0.00,400.00,98.50,99.00,95.93,0.00,0.00,0.00,none
2024-01-29T22:00:00Z,73.38,0.00,400.00,98.50,99.00,73.38,0.00,0.00,0.00,none
2024-01-29T23:00:00Z,60.04,0.00,400.00,98.50,99.00,60.04,0.00,0.00,0.00,none
2024-01-30T00:00:00Z,126.05,0.00,400.00,98.50,99.00,126.05,0.00,0.00,0.00,none
2024-01-30T01:00:00Z,131.81,0.00,400.00,98.50,99.00,131.81,0.00,0.00,0.00,none
2024-01-30T02:00:00Z,94.98,0.00,400.00,98.50,99.00,94.98,0.00,0.00,0.00,none
2024-01-30T03:00:00Z,73.38,0.00,400.00,98.50,99.00,73.38,0.00,0.00,0.00,none
2024-01-30T04:00:00Z,120.46,6.93,400.00,98.50,99.00,120.46,0.00,6.93,0.00,none
2024-01-30T05:00:00Z,305.60,21.59,400.00,98.50,99.00,305.60,0.00,4.40,17.18,wind_priority_shared_poi_headroom
2024-01-30T06:00:00Z,292.58,36.92,400.00,98.50,99.00,292.58,0.00,17.42,19.50,wind_priority_shared_poi_headroom
2024-01-30T07:00:00Z,197.78,49.10,400.00,98.50,99.00,197.78,0.00,49.10,0.00,none
2024-01-30T08:00:00Z,129.48,57.57,400.00,98.50,99.00,129.48,0.00,57.57,0.00,none
2024-01-30T09:00:00Z,94.98,59.38,400.00,98.50,99.00,94.98,0.00,59.38,0.00,none
2024-01-30T10:00:00Z,69.49,51.32,400.00,98.50,99.00,69.49,0.00,51.32,0.00,none
2024-01-30T11:00:00Z,55.33,51.61,400.00,98.50,99.00,55.33,0.00,51.61,0.00,none
2024-01-30T12:00:00Z,53.38,42.28,400.00,98.50,99.00,53.38,0.00,42.28,0.00,none
2024-01-30T13:00:00Z,62.14,29.09,400.00,98.50,99.00,62.14,0.00,29.09,0.00,none
2024-01-30T14:00:00Z,79.89,14.24,400.00,98.50,99.00,79.89,0.00,14.24,0.00,none
2024-01-30T15:00:00Z,86.78,1.87,400.00,98.50,99.00,86.78,0.00,1.87,0.00,none
2024-01-30T16:00:00Z,119.36,0.00,400.00,98.50,99.00,119.36,0.00,0.00,0.00,none
2024-01-30T17:00:00Z,145.09,0.00,400.00,98.50,99.00,145.09,0.00,0.00,0.00,none
2024-01-30T18:00:00Z,160.56,0.00,400.00,98.50,99.00,160.56,0.00,0.00,0.00,none
2024-01-30T19:00:00Z,160.56,0.00,400.00,98.50,99.00,160.56,0.00,0.00,0.00,none
2024-01-30T20:00:00Z,157.91,0.00,400.00,98.50,99.00,157.91,0.00,0.00,0.00,none
2024-01-30T21:00:00Z,167.32,0.00,400.00,98.50,99.00,167.32,0.00,0.00,0.00,none
2024-01-30T22:00:00Z,175.68,0.00,400.00,98.50,99.00,175.68,0.00,0.00,0.00,none
2024-01-30T23:00:00Z,181.40,0.00,400.00,98.50,99.00,181.40,0.00,0.00,0.00,none
2024-01-31T00:00:00Z,163.24,0.00,400.00,98.50,99.00,163.24,0.00,0.00,0.00,none
2024-01-31T01:00:00Z,128.33,0.00,400.00,98.50,99.00,128.33,0.00,0.00,0.00,none
2024-01-31T02:00:00Z,140.16,0.00,400.00,98.50,99.00,140.16,0.00,0.00,0.00,none
2024-01-31T03:00:00Z,172.86,0.00,400.00,98.50,99.00,172.86,0.00,0.00,0.00,none
2024-01-31T04:00:00Z,305.60,6.20,400.00,98.50,99.00,305.60,0.00,4.40,1.80,wind_priority_shared_poi_headroom
2024-01-31T05:00:00Z,305.60,19.47,400.00,98.50,99.00,305.60,0.00,4.40,15.07,wind_priority_shared_poi_headroom
2024-01-31T06:00:00Z,305.60,33.78,400.00,98.50,99.00,305.60,0.00,4.40,29.38,wind_priority_shared_poi_headroom
2024-01-31T07:00:00Z,305.60,44.19,400.00,98.50,99.00,305.60,0.00,4.40,39.78,wind_priority_shared_poi_headroom
2024-01-31T08:00:00Z,305.60,49.89,400.00,98.50,99.00,305.60,0.00,4.40,45.49,wind_priority_shared_poi_headroom
2024-01-31T09:00:00Z,292.58,52.48,400.00,98.50,99.00,292.58,0.00,17.42,35.06,wind_priority_shared_poi_headroom
2024-01-31T10:00:00Z,278.88,50.87,400.00,98.50,99.00,278.88,0.00,31.12,19.75,wind_priority_shared_poi_headroom
2024-01-31T11:00:00Z,269.36,47.66,400.00,98.50,99.00,269.36,0.00,40.64,7.02,wind_priority_shared_poi_headroom
2024-01-31T12:00:00Z,263.75,38.96,400.00,98.50,99.00,263.75,0.00,38.96,0.00,none
2024-01-31T13:00:00Z,276.96,27.43,400.00,98.50,99.00,276.96,0.00,27.43,0.00,none
2024-01-31T14:00:00Z,305.60,12.96,400.00,98.50,99.00,305.60,0.00,4.40,8.56,wind_priority_shared_poi_headroom
2024-01-31T15:00:00Z,290.60,1.67,400.00,98.50,99.00,290.60,0.00,1.67,0.00,none
2024-01-31T16:00:00Z,278.88,0.00,400.00,98.50,99.00,278.88,0.00,0.00,0.00,none
2024-01-31T17:00:00Z,292.58,0.00,400.00,98.50,99.00,292.58,0.00,0.00,0.00,none
2024-01-31T18:00:00Z,276.96,0.00,400.00,98.50,99.00,276.96,0.00,0.00,0.00,none
2024-01-31T19:00:00Z,220.01,0.00,400.00,98.50,99.00,220.01,0.00,0.00,0.00,none
2024-01-31T20:00:00Z,199.32,0.00,400.00,98.50,99.00,199.32,0.00,0.00,0.00,none
2024-01-31T21:00:00Z,208.70,0.00,400.00,98.50,99.00,208.70,0.00,0.00,0.00,none
2024-01-31T22:00:00Z,200.86,0.00,400.00,98.50,99.00,200.86,0.00,0.00,0.00,none
2024-01-31T23:00:00Z,196.25,0.00,400.00,98.50,99.00,196.25,0.00,0.00,0.00,none
2024-02-01T00:00:00Z,305.60,0.00,400.00,98.50,99.00,305.60,0.00,0.00,0.00,none
2024-02-01T01:00:00Z,305.60,0.00,400.00,98.50,99.00,305.60,0.00,0.00,0.00,none
2024-02-01T02:00:00Z,208.70,0.00,400.00,98.50,99.00,208.70,0.00,0.00,0.00,none
2024-02-01T03:00:00Z,165.95,0.00,400.00,98.50,99.00,165.95,0.00,0.00,0.00,none
2024-02-01T04:00:00Z,305.60,5.63,400.00,98.50,99.00,305.60,0.00,4.40,1.23,wind_priority_shared_poi_headroom
2024-02-01T05:00:00Z,305.60,18.11,400.00,98.50,99.00,305.60,0.00,4.40,13.71,wind_priority_shared_poi_headroom
2024-02-01T06:00:00Z,305.60,31.18,400.00,98.50,99.00,305.60,0.00,4.40,26.78,wind_priority_shared_poi_headroom
2024-02-01T07:00:00Z,305.60,42.59,400.00,98.50,99.00,305.60,0.00,4.40,38.19,wind_priority_shared_poi_headroom
2024-02-01T08:00:00Z,305.60,48.29,400.00,98.50,99.00,305.60,0.00,4.40,43.89,wind_priority_shared_poi_headroom
2024-02-01T09:00:00Z,305.60,50.19,400.00,98.50,99.00,305.60,0.00,4.40,45.79,wind_priority_shared_poi_headroom
2024-02-01T10:00:00Z,305.60,53.17,400.00,98.50,99.00,305.60,0.00,4.40,48.77,wind_priority_shared_poi_headroom
2024-02-01T11:00:00Z,305.60,45.81,400.00,98.50,99.00,305.60,0.00,4.40,41.41,wind_priority_shared_poi_headroom
2024-02-01T12:00:00Z,305.60,36.70,400.00,98.50,99.00,305.60,0.00,4.40,32.30,wind_priority_shared_poi_headroom
2024-02-01T13:00:00Z,305.60,24.65,400.00,98.50,99.00,305.60,0.00,4.40,20.25,wind_priority_shared_poi_headroom
2024-02-01T14:00:00Z,305.60,11.84,400.00,98.50,99.00,305.60,0.00,4.40,7.43,wind_priority_shared_poi_headroom
2024-02-01T15:00:00Z,220.01,1.70,400.00,98.50,99.00,220.01,0.00,1.70,0.00,none
2024-02-01T16:00:00Z,197.78,0.00,400.00,98.50,99.00,197.78,0.00,0.00,0.00,none
2024-02-01T17:00:00Z,200.86,0.00,400.00,98.50,99.00,200.86,0.00,0.00,0.00,none
2024-02-01T18:00:00Z,178.52,0.00,400.00,98.50,99.00,178.52,0.00,0.00,0.00,none
2024-02-01T19:00:00Z,150.13,0.00,400.00,98.50,99.00,150.13,0.00,0.00,0.00,none
2024-02-01T20:00:00Z,137.74,0.00,400.00,98.50,99.00,137.74,0.00,0.00,0.00,none
2024-02-01T21:00:00Z,119.36,0.00,400.00,98.50,99.00,119.36,0.00,0.00,0.00,none
2024-02-01T22:00:00Z,102.70,0.00,400.00,98.50,99.00,102.70,0.00,0.00,0.00,none
2024-02-01T23:00:00Z,92.19,0.00,400.00,98.50,99.00,92.19,0.00,0.00,0.00,none
2024-02-02T00:00:00Z,75.78,0.00,400.00,98.50,99.00,75.78,0.00,0.00,0.00,none
2024-02-02T01:00:00Z,51.49,0.00,400.00,98.50,99.00,51.49,0.00,0.00,0.00,none
2024-02-02T02:00:00Z,28.18,0.00,400.00,98.50,99.00,28.18,0.00,0.00,0.00,none
2024-02-02T03:00:00Z,13.00,0.00,400.00,98.50,99.00,13.00,0.00,0.00,0.00,none
2024-02-02T04:00:00Z,27.77,6.08,400.00,98.50,99.00,27.77,0.00,6.08,0.00,none
2024-02-02T05:00:00Z,305.60,19.97,400.00,98.50,99.00,305.60,0.00,4.40,15.57,wind_priority_shared_poi_headroom
2024-02-02T06:00:00Z,305.60,35.01,400.00,98.50,99.00,305.60,0.00,4.40,30.61,wind_priority_shared_poi_headroom
2024-02-02T07:00:00Z,305.60,48.04,400.00,98.50,99.00,305.60,0.00,4.40,43.63,wind_priority_shared_poi_headroom
2024-02-02T08:00:00Z,276.96,56.39,400.00,98.50,99.00,276.96,0.00,33.04,23.34,wind_priority_shared_poi_headroom
2024-02-02T09:00:00Z,243.85,58.52,400.00,98.50,99.00,243.85,0.00,58.52,0.00,none
2024-02-02T10:00:00Z,235.15,58.06,400.00,98.50,99.00,235.15,0.00,58.06,0.00,none
2024-02-02T11:00:00Z,260.05,46.59,400.00,98.50,99.00,260.05,0.00,46.59,0.00,none
2024-02-02T12:00:00Z,305.60,41.28,400.00,98.50,99.00,305.60,0.00,4.40,36.87,wind_priority_shared_poi_headroom
2024-02-02T13:00:00Z,305.60,27.60,400.00,98.50,99.00,305.60,0.00,4.40,23.19,wind_priority_shared_poi_headroom
2024-02-02T14:00:00Z,305.60,13.32,400.00,98.50,99.00,305.60,0.00,4.40,8.92,wind_priority_shared_poi_headroom
2024-02-02T15:00:00Z,305.60,1.81,400.00,98.50,99.00,305.60,0.00,1.81,0.00,none
2024-02-02T16:00:00Z,305.60,0.00,400.00,98.50,99.00,305.60,0.00,0.00,0.00,none
2024-02-02T17:00:00Z,245.62,0.00,400.00,98.50,99.00,245.62,0.00,0.00,0.00,none
2024-02-02T18:00:00Z,238.61,0.00,400.00,98.50,99.00,238.61,0.00,0.00,0.00,none
2024-02-02T19:00:00Z,224.98,0.00,400.00,98.50,99.00,224.98,0.00,0.00,0.00,none
2024-02-02T20:00:00Z,200.86,0.00,400.00,98.50,99.00,200.86,0.00,0.00,0.00,none
2024-02-02T21:00:00Z,163.24,0.00,400.00,98.50,99.00,163.24,0.00,0.00,0.00,none
2024-02-02T22:00:00Z,129.48,0.00,400.00,98.50,99.00,129.48,0.00,0.00,0.00,none
2024-02-02T23:00:00Z,84.15,0.00,400.00,98.50,99.00,84.15,0.00,0.00,0.00,none
2024-02-03T00:00:00Z,42.67,0.00,400.00,98.50,99.00,42.67,0.00,0.00,0.00,none
2024-02-03T01:00:00Z,22.37,0.00,400.00,98.50,99.00,22.37,0.00,0.00,0.00,none
2024-02-03T02:00:00Z,11.33,0.00,400.00,98.50,99.00,11.33,0.00,0.00,0.00,none
2024-02-03T03:00:00Z,4.69,0.00,400.00,98.50,99.00,4.69,0.00,0.00,0.00,none
2024-02-03T04:00:00Z,5.08,5.96,400.00,98.50,99.00,5.08,0.00,5.96,0.00,none
2024-02-03T05:00:00Z,85.02,20.45,400.00,98.50,99.00,85.02,0.00,20.45,0.00,none
2024-02-03T06:00:00Z,107.73,35.63,400.00,98.50,99.00,107.73,0.00,35.63,0.00,none
2024-02-03T07:00:00Z,107.73,48.24,400.00,98.50,99.00,107.73,0.00,48.24,0.00,none
2024-02-03T08:00:00Z,109.78,56.81,400.00,98.50,99.00,109.78,0.00,56.81,0.00,none
2024-02-03T09:00:00Z,102.70,57.79,400.00,98.50,99.00,102.70,0.00,57.79,0.00,none
2024-02-03T10:00:00Z,105.70,46.26,400.00,98.50,99.00,105.70,0.00,46.26,0.00,none
2024-02-03T11:00:00Z,146.34,41.39,400.00,98.50,99.00,146.34,0.00,41.39,0.00,none
2024-02-03T12:00:00Z,230.03,33.33,400.00,98.50,99.00,230.03,0.00,33.33,0.00,none
2024-02-03T13:00:00Z,305.60,20.09,400.00,98.50,99.00,305.60,0.00,4.40,15.69,wind_priority_shared_poi_headroom
2024-02-03T14:00:00Z,305.60,10.17,400.00,98.50,99.00,305.60,0.00,4.40,5.77,wind_priority_shared_poi_headroom
2024-02-03T15:00:00Z,305.60,1.57,400.00,98.50,99.00,305.60,0.00,1.57,0.00,none
2024-02-03T16:00:00Z,288.62,0.00,400.00,98.50,99.00,288.62,0.00,0.00,0.00,none
2024-02-03T17:00:00Z,245.62,0.00,400.00,98.50,99.00,245.62,0.00,0.00,0.00,none
2024-02-03T18:00:00Z,119.36,0.00,400.00,98.50,99.00,119.36,0.00,0.00,0.00,none
2024-02-03T19:00:00Z,74.17,0.00,400.00,98.50,99.00,74.17,0.00,0.00,0.00,none
2024-02-03T20:00:00Z,55.98,0.00,400.00,98.50,99.00,55.98,0.00,0.00,0.00,none
2024-02-03T21:00:00Z,46.07,0.00,400.00,98.50,99.00,46.07,0.00,0.00,0.00,none
2024-02-03T22:00:00Z,35.41,0.00,400.00,98.50,99.00,35.41,0.00,0.00,0.00,none
2024-02-03T23:00:00Z,26.95,0.00,400.00,98.50,99.00,26.95,0.00,0.00,0.00,none
2024-02-04T00:00:00Z,22.01,0.00,400.00,98.50,99.00,22.01,0.00,0.00,0.00,none
2024-02-04T01:00:00Z,20.29,0.00,400.00,98.50,99.00,20.29,0.00,0.00,0.00,none
2024-02-04T02:00:00Z,26.14,0.00,400.00,98.50,99.00,26.14,0.00,0.00,0.00,none
2024-02-04T03:00:00Z,38.42,0.00,400.00,98.50,99.00,38.42,0.00,0.00,0.00,none
2024-02-04T04:00:00Z,155.29,6.31,400.00,98.50,99.00,155.29,0.00,6.31,0.00,none
2024-02-04T05:00:00Z,305.60,21.24,400.00,98.50,99.00,305.60,0.00,4.40,16.84,wind_priority_shared_poi_headroom
2024-02-04T06:00:00Z,305.60,36.14,400.00,98.50,99.00,305.60,0.00,4.40,31.73,wind_priority_shared_poi_headroom
2024-02-04T07:00:00Z,305.60,48.99,400.00,98.50,99.00,305.60,0.00,4.40,44.58,wind_priority_shared_poi_headroom
2024-02-04T08:00:00Z,305.60,55.07,400.00,98.50,99.00,305.60,0.00,4.40,50.67,wind_priority_shared_poi_headroom
2024-02-04T09:00:00Z,305.60,55.69,400.00,98.50,99.00,305.60,0.00,4.40,51.29,wind_priority_shared_poi_headroom
2024-02-04T10:00:00Z,305.60,52.37,400.00,98.50,99.00,305.60,0.00,4.40,47.96,wind_priority_shared_poi_headroom
2024-02-04T11:00:00Z,305.60,47.95,400.00,98.50,99.00,305.60,0.00,4.40,43.55,wind_priority_shared_poi_headroom
2024-02-04T12:00:00Z,305.60,39.04,400.00,98.50,99.00,305.60,0.00,4.40,34.64,wind_priority_shared_poi_headroom
2024-02-04T13:00:00Z,305.60,28.72,400.00,98.50,99.00,305.60,0.00,4.40,24.32,wind_priority_shared_poi_headroom
2024-02-04T14:00:00Z,305.60,14.17,400.00,98.50,99.00,305.60,0.00,4.40,9.77,wind_priority_shared_poi_headroom
2024-02-04T15:00:00Z,305.60,1.92,400.00,98.50,99.00,305.60,0.00,1.92,0.00,none
2024-02-04T16:00:00Z,305.60,0.00,400.00,98.50,99.00,305.60,0.00,0.00,0.00,none
2024-02-04T17:00:00Z,305.60,0.00,400.00,98.50,99.00,305.60,0.00,0.00,0.00,none
2024-02-04T18:00:00Z,305.60,0.00,400.00,98.50,99.00,305.60,0.00,0.00,0.00,none
2024-02-04T19:00:00Z,230.03,0.00,400.00,98.50,99.00,230.03,0.00,0.00,0.00,none
2024-02-04T20:00:00Z,168.69,0.00,400.00,98.50,99.00,168.69,0.00,0.00,0.00,none
2024-02-04T21:00:00Z,305.60,0.00,400.00,98.50,99.00,305.60,0.00,0.00,0.00,none
2024-02-04T22:00:00Z,305.60,0.00,400.00,98.50,99.00,305.60,0.00,0.00,0.00,none
2024-02-04T23:00:00Z,260.05,0.00,400.00,98.50,99.00,260.05,0.00,0.00,0.00,none
2024-02-05T00:00:00Z,213.50,0.00,400.00,98.50,99.00,213.50,0.00,0.00,0.00,none
2024-02-05T01:00:00Z,164.59,0.00,400.00,98.50,99.00,164.59,0.00,0.00,0.00,none
2024-02-05T02:00:00Z,112.92,0.00,400.00,98.50,99.00,112.92,0.00,0.00,0.00,none
2024-02-05T03:00:00Z,85.89,0.00,400.00,98.50,99.00,85.89,0.00,0.00,0.00,none
2024-02-05T04:00:00Z,172.86,6.32,400.00,98.50,99.00,172.86,0.00,6.32,0.00,none
2024-02-05T05:00:00Z,305.60,21.26,400.00,98.50,99.00,305.60,0.00,4.40,16.86,wind_priority_shared_poi_headroom
2024-02-05T06:00:00Z,305.60,36.05,400.00,98.50,99.00,305.60,0.00,4.40,31.64,wind_priority_shared_poi_headroom
2024-02-05T07:00:00Z,305.60,49.56,400.00,98.50,99.00,305.60,0.00,4.40,45.16,wind_priority_shared_poi_headroom
2024-02-05T08:00:00Z,305.60,57.40,400.00,98.50,99.00,305.60,0.00,4.40,53.00,wind_priority_shared_poi_headroom
2024-02-05T09:00:00Z,305.60,57.68,400.00,98.50,99.00,305.60,0.00,4.40,53.28,wind_priority_shared_poi_headroom
2024-02-05T10:00:00Z,305.60,53.89,400.00,98.50,99.00,305.60,0.00,4.40,49.49,wind_priority_shared_poi_headroom
2024-02-05T11:00:00Z,305.60,47.89,400.00,98.50,99.00,305.60,0.00,4.40,43.49,wind_priority_shared_poi_headroom
2024-02-05T12:00:00Z,305.60,40.53,400.00,98.50,99.00,305.60,0.00,4.40,36.13,wind_priority_shared_poi_headroom
2024-02-05T13:00:00Z,305.60,28.70,400.00,98.50,99.00,305.60,0.00,4.40,24.30,wind_priority_shared_poi_headroom
2024-02-05T14:00:00Z,305.60,14.00,400.00,98.50,99.00,305.60,0.00,4.40,9.60,wind_priority_shared_poi_headroom
2024-02-05T15:00:00Z,305.60,1.86,400.00,98.50,99.00,305.60,0.00,1.86,0.00,none
2024-02-05T16:00:00Z,305.60,0.00,400.00,98.50,99.00,305.60,0.00,0.00,0.00,none
2024-02-05T17:00:00Z,228.34,0.00,400.00,98.50,99.00,228.34,0.00,0.00,0.00,none
2024-02-05T18:00:00Z,172.86,0.00,400.00,98.50,99.00,172.86,0.00,0.00,0.00,none
2024-02-05T19:00:00Z,177.10,0.00,400.00,98.50,99.00,177.10,0.00,0.00,0.00,none
2024-02-05T20:00:00Z,172.86,0.00,400.00,98.50,99.00,172.86,0.00,0.00,0.00,none
2024-02-05T21:00:00Z,118.27,0.00,400.00,98.50,99.00,118.27,0.00,0.00,0.00,none
2024-02-05T22:00:00Z,87.66,0.00,400.00,98.50,99.00,87.66,0.00,0.00,0.00,none
2024-02-05T23:00:00Z,111.87,0.00,400.00,98.50,99.00,111.87,0.00,0.00,0.00,none
2024-02-06T00:00:00Z,61.44,0.00,400.00,98.50,99.00,61.44,0.00,0.00,0.00,none
2024-02-06T01:00:00Z,35.41,0.00,400.00,98.50,99.00,35.41,0.00,0.00,0.00,none
2024-02-06T02:00:00Z,23.46,0.00,400.00,98.50,99.00,23.46,0.00,0.00,0.00,none
2024-02-06T03:00:00Z,7.53,0.00,400.00,98.50,99.00,7.53,0.00,0.00,0.00,none
2024-02-06T04:00:00Z,79.89,4.95,400.00,98.50,99.00,79.89,0.00,4.95,0.00,none
2024-02-06T05:00:00Z,305.60,16.57,400.00,98.50,99.00,305.60,0.00,4.40,12.16,wind_priority_shared_poi_headroom
2024-02-06T06:00:00Z,305.60,29.86,400.00,98.50,99.00,305.60,0.00,4.40,25.45,wind_priority_shared_poi_headroom
2024-02-06T07:00:00Z,305.60,44.52,400.00,98.50,99.00,305.60,0.00,4.40,40.12,wind_priority_shared_poi_headroom
2024-02-06T08:00:00Z,305.60,54.99,400.00,98.50,99.00,305.60,0.00,4.40,50.58,wind_priority_shared_poi_headroom
2024-02-06T09:00:00Z,305.60,60.39,400.00,98.50,99.00,305.60,0.00,4.40,55.98,wind_priority_shared_poi_headroom
2024-02-06T10:00:00Z,305.60,61.15,400.00,98.50,99.00,305.60,0.00,4.40,56.75,wind_priority_shared_poi_headroom
2024-02-06T11:00:00Z,305.60,53.25,400.00,98.50,99.00,305.60,0.00,4.40,48.85,wind_priority_shared_poi_headroom
2024-02-06T12:00:00Z,305.60,45.23,400.00,98.50,99.00,305.60,0.00,4.40,40.83,wind_priority_shared_poi_headroom
2024-02-06T13:00:00Z,294.58,31.55,400.00,98.50,99.00,294.58,0.00,15.42,16.12,wind_priority_shared_poi_headroom
2024-02-06T14:00:00Z,286.65,15.89,400.00,98.50,99.00,286.65,0.00,15.89,0.00,none
2024-02-06T15:00:00Z,240.35,2.13,400.00,98.50,99.00,240.35,0.00,2.13,0.00,none
2024-02-06T16:00:00Z,305.60,0.00,400.00,98.50,99.00,305.60,0.00,0.00,0.00,none
2024-02-06T17:00:00Z,305.60,0.00,400.00,98.50,99.00,305.60,0.00,0.00,0.00,none
2024-02-06T18:00:00Z,282.75,0.00,400.00,98.50,99.00,282.75,0.00,0.00,0.00,none
2024-02-06T19:00:00Z,191.72,0.00,400.00,98.50,99.00,191.72,0.00,0.00,0.00,none
2024-02-06T20:00:00Z,119.36,0.00,400.00,98.50,99.00,119.36,0.00,0.00,0.00,none
2024-02-06T21:00:00Z,86.78,0.00,400.00,98.50,99.00,86.78,0.00,0.00,0.00,none
2024-02-06T22:00:00Z,57.31,0.00,400.00,98.50,99.00,57.31,0.00,0.00,0.00,none
2024-02-06T23:00:00Z,35.41,0.00,400.00,98.50,99.00,35.41,0.00,0.00,0.00,none
2024-02-07T00:00:00Z,32.57,0.00,400.00,98.50,99.00,32.57,0.00,0.00,0.00,none
2024-02-07T01:00:00Z,46.65,0.00,400.00,98.50,99.00,46.65,0.00,0.00,0.00,none
2024-02-07T02:00:00Z,75.78,0.00,400.00,98.50,99.00,75.78,0.00,0.00,0.00,none
2024-02-07T03:00:00Z,88.56,0.00,400.00,98.50,99.00,88.56,0.00,0.00,0.00,none
2024-02-07T04:00:00Z,191.72,6.16,400.00,98.50,99.00,191.72,0.00,6.16,0.00,none
2024-02-07T05:00:00Z,305.60,21.25,400.00,98.50,99.00,305.60,0.00,4.40,16.85,wind_priority_shared_poi_headroom
2024-02-07T06:00:00Z,305.60,36.55,400.00,98.50,99.00,305.60,0.00,4.40,32.15,wind_priority_shared_poi_headroom
2024-02-07T07:00:00Z,305.60,49.25,400.00,98.50,99.00,305.60,0.00,4.40,44.85,wind_priority_shared_poi_headroom
2024-02-07T08:00:00Z,305.60,57.91,400.00,98.50,99.00,305.60,0.00,4.40,53.51,wind_priority_shared_poi_headroom
2024-02-07T09:00:00Z,305.60,62.04,400.00,98.50,99.00,305.60,0.00,4.40,57.64,wind_priority_shared_poi_headroom
2024-02-07T10:00:00Z,305.60,61.76,400.00,98.50,99.00,305.60,0.00,4.40,57.36,wind_priority_shared_poi_headroom
2024-02-07T11:00:00Z,305.60,54.65,400.00,98.50,99.00,305.60,0.00,4.40,50.25,wind_priority_shared_poi_headroom
2024-02-07T12:00:00Z,305.60,44.93,400.00,98.50,99.00,305.60,0.00,4.40,40.52,wind_priority_shared_poi_headroom
2024-02-07T13:00:00Z,305.60,31.36,400.00,98.50,99.00,305.60,0.00,4.40,26.95,wind_priority_shared_poi_headroom
2024-02-07T14:00:00Z,305.60,15.64,400.00,98.50,99.00,305.60,0.00,4.40,11.24,wind_priority_shared_poi_headroom
2024-02-07T15:00:00Z,305.60,2.12,400.00,98.50,99.00,305.60,0.00,2.12,0.00,none
2024-02-07T16:00:00Z,305.60,0.00,400.00,98.50,99.00,305.60,0.00,0.00,0.00,none
2024-02-07T17:00:00Z,305.60,0.00,400.00,98.50,99.00,305.60,0.00,0.00,0.00,none
2024-02-07T18:00:00Z,179.96,0.00,400.00,98.50,99.00,179.96,0.00,0.00,0.00,none
2024-02-07T19:00:00Z,122.68,0.00,400.00,98.50,99.00,122.68,0.00,0.00,0.00,none
2024-02-07T20:00:00Z,103.69,0.00,400.00,98.50,99.00,103.69,0.00,0.00,0.00,none
2024-02-07T21:00:00Z,98.79,0.00,400.00,98.50,99.00,98.79,0.00,0.00,0.00,none
2024-02-07T22:00:00Z,98.79,0.00,400.00,98.50,99.00,98.79,0.00,0.00,0.00,none
2024-02-07T23:00:00Z,94.05,0.00,400.00,98.50,99.00,94.05,0.00,0.00,0.00,none
2024-02-08T00:00:00Z,93.12,0.00,400.00,98.50,99.00,93.12,0.00,0.00,0.00,none
2024-02-08T01:00:00Z,110.82,0.00,400.00,98.50,99.00,110.82,0.00,0.00,0.00,none
2024-02-08T02:00:00Z,131.81,0.00,400.00,98.50,99.00,131.81,0.00,0.00,0.00,none
2024-02-08T03:00:00Z,120.46,0.00,400.00,98.50,99.00,120.46,0.00,0.00,0.00,none
2024-02-08T04:00:00Z,305.60,6.68,400.00,98.50,99.00,305.60,0.00,4.40,2.27,wind_priority_shared_poi_headroom
2024-02-08T05:00:00Z,305.60,21.51,400.00,98.50,99.00,305.60,0.00,4.40,17.11,wind_priority_shared_poi_headroom
2024-02-08T06:00:00Z,305.60,36.45,400.00,98.50,99.00,305.60,0.00,4.40,32.05,wind_priority_shared_poi_headroom
2024-02-08T07:00:00Z,305.60,49.79,400.00,98.50,99.00,305.60,0.00,4.40,45.39,wind_priority_shared_poi_headroom
2024-02-08T08:00:00Z,305.60,57.03,400.00,98.50,99.00,305.60,0.00,4.40,52.63,wind_priority_shared_poi_headroom
2024-02-08T09:00:00Z,305.60,56.39,400.00,98.50,99.00,305.60,0.00,4.40,51.99,wind_priority_shared_poi_headroom
2024-02-08T10:00:00Z,305.60,55.96,400.00,98.50,99.00,305.60,0.00,4.40,51.56,wind_priority_shared_poi_headroom
2024-02-08T11:00:00Z,305.60,50.54,400.00,98.50,99.00,305.60,0.00,4.40,46.14,wind_priority_shared_poi_headroom
2024-02-08T12:00:00Z,305.60,42.75,400.00,98.50,99.00,305.60,0.00,4.40,38.34,wind_priority_shared_poi_headroom
2024-02-08T13:00:00Z,305.60,29.28,400.00,98.50,99.00,305.60,0.00,4.40,24.87,wind_priority_shared_poi_headroom
2024-02-08T14:00:00Z,305.60,14.36,400.00,98.50,99.00,305.60,0.00,4.40,9.95,wind_priority_shared_poi_headroom
2024-02-08T15:00:00Z,273.14,1.96,400.00,98.50,99.00,273.14,0.00,1.96,0.00,none
2024-02-08T16:00:00Z,258.22,0.00,400.00,98.50,99.00,258.22,0.00,0.00,0.00,none
2024-02-08T17:00:00Z,296.58,0.00,400.00,98.50,99.00,296.58,0.00,0.00,0.00,none
2024-02-08T18:00:00Z,215.12,0.00,400.00,98.50,99.00,215.12,0.00,0.00,0.00,none
2024-02-08T19:00:00Z,184.31,0.00,400.00,98.50,99.00,184.31,0.00,0.00,0.00,none
2024-02-08T20:00:00Z,163.24,0.00,400.00,98.50,99.00,163.24,0.00,0.00,0.00,none
2024-02-08T21:00:00Z,136.54,0.00,400.00,98.50,99.00,136.54,0.00,0.00,0.00,none
2024-02-08T22:00:00Z,115.04,0.00,400.00,98.50,99.00,115.04,0.00,0.00,0.00,none
2024-02-08T23:00:00Z,102.70,0.00,400.00,98.50,99.00,102.70,0.00,0.00,0.00,none
2024-02-09T00:00:00Z,85.02,0.00,400.00,98.50,99.00,85.02,0.00,0.00,0.00,none
2024-02-09T01:00:00Z,68.73,0.00,400.00,98.50,99.00,68.73,0.00,0.00,0.00,none
2024-02-09T02:00:00Z,59.35,0.00,400.00,98.50,99.00,59.35,0.00,0.00,0.00,none
2024-02-09T03:00:00Z,52.11,0.00,400.00,98.50,99.00,52.11,0.00,0.00,0.00,none
2024-02-09T04:00:00Z,141.38,6.95,400.00,98.50,99.00,141.38,0.00,6.95,0.00,none
2024-02-09T05:00:00Z,305.60,22.54,400.00,98.50,99.00,305.60,0.00,4.40,18.14,wind_priority_shared_poi_headroom
2024-02-09T06:00:00Z,305.60,38.01,400.00,98.50,99.00,305.60,0.00,4.40,33.61,wind_priority_shared_poi_headroom
2024-02-09T07:00:00Z,305.60,50.37,400.00,98.50,99.00,305.60,0.00,4.40,45.97,wind_priority_shared_poi_headroom
2024-02-09T08:00:00Z,305.60,59.48,400.00,98.50,99.00,305.60,0.00,4.40,55.08,wind_priority_shared_poi_headroom
2024-02-09T09:00:00Z,305.60,60.23,400.00,98.50,99.00,305.60,0.00,4.40,55.83,wind_priority_shared_poi_headroom
2024-02-09T10:00:00Z,305.60,54.29,400.00,98.50,99.00,305.60,0.00,4.40,49.88,wind_priority_shared_poi_headroom
2024-02-09T11:00:00Z,305.60,50.83,400.00,98.50,99.00,305.60,0.00,4.40,46.42,wind_priority_shared_poi_headroom
2024-02-09T12:00:00Z,305.60,40.37,400.00,98.50,99.00,305.60,0.00,4.40,35.96,wind_priority_shared_poi_headroom
2024-02-09T13:00:00Z,305.60,27.03,400.00,98.50,99.00,305.60,0.00,4.40,22.62,wind_priority_shared_poi_headroom
2024-02-09T14:00:00Z,305.60,13.22,400.00,98.50,99.00,305.60,0.00,4.40,8.82,wind_priority_shared_poi_headroom
2024-02-09T15:00:00Z,304.68,1.89,400.00,98.50,99.00,304.68,0.00,1.89,0.00,none
2024-02-09T16:00:00Z,305.60,0.00,400.00,98.50,99.00,305.60,0.00,0.00,0.00,none
2024-02-09T17:00:00Z,305.60,0.00,400.00,98.50,99.00,305.60,0.00,0.00,0.00,none
2024-02-09T18:00:00Z,228.34,0.00,400.00,98.50,99.00,228.34,0.00,0.00,0.00,none
2024-02-09T19:00:00Z,160.56,0.00,400.00,98.50,99.00,160.56,0.00,0.00,0.00,none
2024-02-09T20:00:00Z,135.35,0.00,400.00,98.50,99.00,135.35,0.00,0.00,0.00,none
2024-02-09T21:00:00Z,131.81,0.00,400.00,98.50,99.00,131.81,0.00,0.00,0.00,none
2024-02-09T22:00:00Z,116.11,0.00,400.00,98.50,99.00,116.11,0.00,0.00,0.00,none
2024-02-09T23:00:00Z,86.78,0.00,400.00,98.50,99.00,86.78,0.00,0.00,0.00,none
2024-02-10T00:00:00Z,65.02,0.00,400.00,98.50,99.00,65.02,0.00,0.00,0.00,none
2024-02-10T01:00:00Z,61.44,0.00,400.00,98.50,99.00,61.44,0.00,0.00,0.00,none
2024-02-10T02:00:00Z,92.19,0.00,400.00,98.50,99.00,92.19,0.00,0.00,0.00,none
2024-02-10T03:00:00Z,160.56,0.00,400.00,98.50,99.00,160.56,0.00,0.00,0.00,none
2024-02-10T04:00:00Z,305.60,6.89,400.00,98.50,99.00,305.60,0.00,4.40,2.49,wind_priority_shared_poi_headroom
2024-02-10T05:00:00Z,305.60,21.67,400.00,98.50,99.00,305.60,0.00,4.40,17.26,wind_priority_shared_poi_headroom
2024-02-10T06:00:00Z,305.60,37.21,400.00,98.50,99.00,305.60,0.00,4.40,32.81,wind_priority_shared_poi_headroom
2024-02-10T07:00:00Z,305.60,49.78,400.00,98.50,99.00,305.60,0.00,4.40,45.38,wind_priority_shared_poi_headroom
2024-02-10T08:00:00Z,305.60,58.56,400.00,98.50,99.00,305.60,0.00,4.40,54.16,wind_priority_shared_poi_headroom
2024-02-10T09:00:00Z,305.60,62.00,400.00,98.50,99.00,305.60,0.00,4.40,57.59,wind_priority_shared_poi_headroom
2024-02-10T10:00:00Z,305.60,58.03,400.00,98.50,99.00,305.60,0.00,4.40,53.63,wind_priority_shared_poi_headroom
2024-02-10T11:00:00Z,305.60,51.01,400.00,98.50,99.00,305.60,0.00,4.40,46.61,wind_priority_shared_poi_headroom
2024-02-10T12:00:00Z,305.60,42.80,400.00,98.50,99.00,305.60,0.00,4.40,38.40,wind_priority_shared_poi_headroom
2024-02-10T13:00:00Z,305.60,29.51,400.00,98.50,99.00,305.60,0.00,4.40,25.11,wind_priority_shared_poi_headroom
2024-02-10T14:00:00Z,305.60,14.71,400.00,98.50,99.00,305.60,0.00,4.40,10.31,wind_priority_shared_poi_headroom
2024-02-10T15:00:00Z,305.60,2.06,400.00,98.50,99.00,305.60,0.00,2.06,0.00,none
2024-02-10T16:00:00Z,243.85,0.00,400.00,98.50,99.00,243.85,0.00,0.00,0.00,none
2024-02-10T17:00:00Z,188.73,0.00,400.00,98.50,99.00,188.73,0.00,0.00,0.00,none
2024-02-10T18:00:00Z,200.86,0.00,400.00,98.50,99.00,200.86,0.00,0.00,0.00,none
2024-02-10T19:00:00Z,182.85,0.00,400.00,98.50,99.00,182.85,0.00,0.00,0.00,none
2024-02-10T20:00:00Z,138.95,0.00,400.00,98.50,99.00,138.95,0.00,0.00,0.00,none
2024-02-10T21:00:00Z,87.66,0.00,400.00,98.50,99.00,87.66,0.00,0.00,0.00,none
2024-02-10T22:00:00Z,42.67,0.00,400.00,98.50,99.00,42.67,0.00,0.00,0.00,none
2024-02-10T23:00:00Z,15.10,0.00,400.00,98.50,99.00,15.10,0.00,0.00,0.00,none
2024-02-11T00:00:00Z,8.06,0.00,400.00,98.50,99.00,8.06,0.00,0.00,0.00,none
2024-02-11T01:00:00Z,10.02,0.00,400.00,98.50,99.00,10.02,0.00,0.00,0.00,none
2024-02-11T02:00:00Z,23.09,0.00,400.00,98.50,99.00,23.09,0.00,0.00,0.00,none
2024-02-11T03:00:00Z,59.35,0.00,400.00,98.50,99.00,59.35,0.00,0.00,0.00,none
2024-02-11T04:00:00Z,305.60,6.37,400.00,98.50,99.00,305.60,0.00,4.40,1.97,wind_priority_shared_poi_headroom
2024-02-11T05:00:00Z,305.60,21.32,400.00,98.50,99.00,305.60,0.00,4.40,16.92,wind_priority_shared_poi_headroom
2024-02-11T06:00:00Z,305.60,35.97,400.00,98.50,99.00,305.60,0.00,4.40,31.57,wind_priority_shared_poi_headroom
2024-02-11T07:00:00Z,305.60,49.28,400.00,98.50,99.00,305.60,0.00,4.40,44.88,wind_priority_shared_poi_headroom
2024-02-11T08:00:00Z,305.60,57.61,400.00,98.50,99.00,305.60,0.00,4.40,53.20,wind_priority_shared_poi_headroom
2024-02-11T09:00:00Z,305.60,59.89,400.00,98.50,99.00,305.60,0.00,4.40,55.48,wind_priority_shared_poi_headroom
2024-02-11T10:00:00Z,305.60,59.19,400.00,98.50,99.00,305.60,0.00,4.40,54.79,wind_priority_shared_poi_headroom
2024-02-11T11:00:00Z,252.77,53.21,400.00,98.50,99.00,252.77,0.00,53.21,0.00,none
2024-02-11T12:00:00Z,188.73,42.76,400.00,98.50,99.00,188.73,0.00,42.76,0.00,none
2024-02-11T13:00:00Z,138.95,29.99,400.00,98.50,99.00,138.95,0.00,29.99,0.00,none
2024-02-11T14:00:00Z,76.59,15.10,400.00,98.50,99.00,76.59,0.00,15.10,0.00,none
2024-02-11T15:00:00Z,52.11,2.02,400.00,98.50,99.00,52.11,0.00,2.02,0.00,none
2024-02-11T16:00:00Z,83.29,0.00,400.00,98.50,99.00,83.29,0.00,0.00,0.00,none
2024-02-11T17:00:00Z,115.04,0.00,400.00,98.50,99.00,115.04,0.00,0.00,0.00,none
2024-02-11T18:00:00Z,132.98,0.00,400.00,98.50,99.00,132.98,0.00,0.00,0.00,none
2024-02-11T19:00:00Z,124.92,0.00,400.00,98.50,99.00,124.92,0.00,0.00,0.00,none
2024-02-11T20:00:00Z,106.71,0.00,400.00,98.50,99.00,106.71,0.00,0.00,0.00,none
2024-02-11T21:00:00Z,75.78,0.00,400.00,98.50,99.00,75.78,0.00,0.00,0.00,none
2024-02-11T22:00:00Z,42.67,0.00,400.00,98.50,99.00,42.67,0.00,0.00,0.00,none
2024-02-11T23:00:00Z,22.01,0.00,400.00,98.50,99.00,22.01,0.00,0.00,0.00,none
2024-02-12T00:00:00Z,13.25,0.00,400.00,98.50,99.00,13.25,0.00,0.00,0.00,none
2024-02-12T01:00:00Z,12.02,0.00,400.00,98.50,99.00,12.02,0.00,0.00,0.00,none
2024-02-12T02:00:00Z,19.95,0.00,400.00,98.50,99.00,19.95,0.00,0.00,0.00,none
2024-02-12T03:00:00Z,35.41,0.00,400.00,98.50,99.00,35.41,0.00,0.00,0.00,none
2024-02-12T04:00:00Z,119.36,7.13,400.00,98.50,99.00,119.36,0.00,7.13,0.00,none
2024-02-12T05:00:00Z,305.60,22.74,400.00,98.50,99.00,305.60,0.00,4.40,18.34,wind_priority_shared_poi_headroom
2024-02-12T06:00:00Z,305.60,38.41,400.00,98.50,99.00,305.60,0.00,4.40,34.01,wind_priority_shared_poi_headroom
2024-02-12T07:00:00Z,305.60,51.14,400.00,98.50,99.00,305.60,0.00,4.40,46.74,wind_priority_shared_poi_headroom
2024-02-12T08:00:00Z,305.60,59.04,400.00,98.50,99.00,305.60,0.00,4.40,54.64,wind_priority_shared_poi_headroom
2024-02-12T09:00:00Z,305.60,59.64,400.00,98.50,99.00,305.60,0.00,4.40,55.23,wind_priority_shared_poi_headroom
2024-02-12T10:00:00Z,305.60,60.41,400.00,98.50,99.00,305.60,0.00,4.40,56.00,wind_priority_shared_poi_headroom
2024-02-12T11:00:00Z,305.60,53.12,400.00,98.50,99.00,305.60,0.00,4.40,48.72,wind_priority_shared_poi_headroom
2024-02-12T12:00:00Z,305.60,44.60,400.00,98.50,99.00,305.60,0.00,4.40,40.19,wind_priority_shared_poi_headroom
2024-02-12T13:00:00Z,305.60,30.57,400.00,98.50,99.00,305.60,0.00,4.40,26.17,wind_priority_shared_poi_headroom
2024-02-12T14:00:00Z,305.60,15.34,400.00,98.50,99.00,305.60,0.00,4.40,10.94,wind_priority_shared_poi_headroom
2024-02-12T15:00:00Z,296.58,2.17,400.00,98.50,99.00,296.58,0.00,2.17,0.00,none
2024-02-12T16:00:00Z,224.98,0.00,400.00,98.50,99.00,224.98,0.00,0.00,0.00,none
2024-02-12T17:00:00Z,168.69,0.00,400.00,98.50,99.00,168.69,0.00,0.00,0.00,none
2024-02-12T18:00:00Z,94.05,0.00,400.00,98.50,99.00,94.05,0.00,0.00,0.00,none
2024-02-12T19:00:00Z,83.29,0.00,400.00,98.50,99.00,83.29,0.00,0.00,0.00,none
2024-02-12T20:00:00Z,76.59,0.00,400.00,98.50,99.00,76.59,0.00,0.00,0.00,none
2024-02-12T21:00:00Z,60.04,0.00,400.00,98.50,99.00,60.04,0.00,0.00,0.00,none
2024-02-12T22:00:00Z,39.45,0.00,400.00,98.50,99.00,39.45,0.00,0.00,0.00,none
2024-02-12T23:00:00Z,24.21,0.00,400.00,98.50,99.00,24.21,0.00,0.00,0.00,none
2024-02-13T00:00:00Z,17.11,0.00,400.00,98.50,99.00,17.11,0.00,0.00,0.00,none
2024-02-13T01:00:00Z,14.82,0.00,400.00,98.50,99.00,14.82,0.00,0.00,0.00,none
2024-02-13T02:00:00Z,17.11,0.00,400.00,98.50,99.00,17.11,0.00,0.00,0.00,none
2024-02-13T03:00:00Z,22.01,0.00,400.00,98.50,99.00,22.01,0.00,0.00,0.00,none
2024-02-13T04:00:00Z,58.67,7.40,400.00,98.50,99.00,58.67,0.00,7.40,0.00,none
2024-02-13T05:00:00Z,305.60,23.06,400.00,98.50,99.00,305.60,0.00,4.40,18.65,wind_priority_shared_poi_headroom
2024-02-13T06:00:00Z,305.60,38.48,400.00,98.50,99.00,305.60,0.00,4.40,34.07,wind_priority_shared_poi_headroom
2024-02-13T07:00:00Z,305.60,50.64,400.00,98.50,99.00,305.60,0.00,4.40,46.23,wind_priority_shared_poi_headroom
2024-02-13T08:00:00Z,305.60,59.75,400.00,98.50,99.00,305.60,0.00,4.40,55.34,wind_priority_shared_poi_headroom
2024-02-13T09:00:00Z,305.60,61.07,400.00,98.50,99.00,305.60,0.00,4.40,56.67,wind_priority_shared_poi_headroom
2024-02-13T10:00:00Z,305.60,61.29,400.00,98.50,99.00,305.60,0.00,4.40,56.89,wind_priority_shared_poi_headroom
2024-02-13T11:00:00Z,224.98,54.02,400.00,98.50,99.00,224.98,0.00,54.02,0.00,none
2024-02-13T12:00:00Z,147.59,44.92,400.00,98.50,99.00,147.59,0.00,44.92,0.00,none
2024-02-13T13:00:00Z,107.73,31.46,400.00,98.50,99.00,107.73,0.00,31.46,0.00,none
2024-02-13T14:00:00Z,73.38,15.54,400.00,98.50,99.00,73.38,0.00,15.54,0.00,none
2024-02-13T15:00:00Z,49.03,2.15,400.00,98.50,99.00,49.03,0.00,2.15,0.00,none
2024-02-13T16:00:00Z,74.17,0.00,400.00,98.50,99.00,74.17,0.00,0.00,0.00,none
2024-02-13T17:00:00Z,115.04,0.00,400.00,98.50,99.00,115.04,0.00,0.00,0.00,none
2024-02-13T18:00:00Z,118.27,0.00,400.00,98.50,99.00,118.27,0.00,0.00,0.00,none
2024-02-13T19:00:00Z,93.12,0.00,400.00,98.50,99.00,93.12,0.00,0.00,0.00,none
2024-02-13T20:00:00Z,60.74,0.00,400.00,98.50,99.00,60.74,0.00,0.00,0.00,none
2024-02-13T21:00:00Z,51.49,0.00,400.00,98.50,99.00,51.49,0.00,0.00,0.00,none
2024-02-13T22:00:00Z,42.67,0.00,400.00,98.50,99.00,42.67,0.00,0.00,0.00,none
2024-02-13T23:00:00Z,29.46,0.00,400.00,98.50,99.00,29.46,0.00,0.00,0.00,none
2024-02-14T00:00:00Z,16.81,0.00,400.00,98.50,99.00,16.81,0.00,0.00,0.00,none
2024-02-14T01:00:00Z,9.40,0.00,400.00,98.50,99.00,9.40,0.00,0.00,0.00,none
2024-02-14T02:00:00Z,9.40,0.00,400.00,98.50,99.00,9.40,0.00,0.00,0.00,none
2024-02-14T03:00:00Z,16.23,0.00,400.00,98.50,99.00,16.23,0.00,0.00,0.00,none
2024-02-14T04:00:00Z,93.12,7.14,400.00,98.50,99.00,93.12,0.00,7.14,0.00,none
2024-02-14T05:00:00Z,305.60,22.80,400.00,98.50,99.00,305.60,0.00,4.40,18.40,wind_priority_shared_poi_headroom
2024-02-14T06:00:00Z,305.60,38.34,400.00,98.50,99.00,305.60,0.00,4.40,33.94,wind_priority_shared_poi_headroom
2024-02-14T07:00:00Z,305.60,50.69,400.00,98.50,99.00,305.60,0.00,4.40,46.29,wind_priority_shared_poi_headroom
2024-02-14T08:00:00Z,305.60,59.93,400.00,98.50,99.00,305.60,0.00,4.40,55.52,wind_priority_shared_poi_headroom
2024-02-14T09:00:00Z,305.60,63.80,400.00,98.50,99.00,305.60,0.00,4.40,59.39,wind_priority_shared_poi_headroom
2024-02-14T10:00:00Z,305.60,62.45,400.00,98.50,99.00,305.60,0.00,4.40,58.04,wind_priority_shared_poi_headroom
2024-02-14T11:00:00Z,280.81,55.90,400.00,98.50,99.00,280.81,0.00,29.19,26.71,wind_priority_shared_poi_headroom
2024-02-14T12:00:00Z,256.39,45.47,400.00,98.50,99.00,256.39,0.00,45.47,0.00,none
2024-02-14T13:00:00Z,280.81,31.63,400.00,98.50,99.00,280.81,0.00,29.19,2.44,wind_priority_shared_poi_headroom
2024-02-14T14:00:00Z,298.59,15.65,400.00,98.50,99.00,298.59,0.00,11.41,4.24,wind_priority_shared_poi_headroom
2024-02-14T15:00:00Z,221.66,2.18,400.00,98.50,99.00,221.66,0.00,2.18,0.00,none
2024-02-14T16:00:00Z,194.73,0.00,400.00,98.50,99.00,194.73,0.00,0.00,0.00,none
2024-02-14T17:00:00Z,151.41,0.00,400.00,98.50,99.00,151.41,0.00,0.00,0.00,none
2024-02-14T18:00:00Z,86.78,0.00,400.00,98.50,99.00,86.78,0.00,0.00,0.00,none
2024-02-14T19:00:00Z,52.11,0.00,400.00,98.50,99.00,52.11,0.00,0.00,0.00,none
2024-02-14T20:00:00Z,38.42,0.00,400.00,98.50,99.00,38.42,0.00,0.00,0.00,none
2024-02-14T21:00:00Z,25.75,0.00,400.00,98.50,99.00,25.75,0.00,0.00,0.00,none
2024-02-14T22:00:00Z,16.52,0.00,400.00,98.50,99.00,16.52,0.00,0.00,0.00,none
2024-02-14T23:00:00Z,14.29,0.00,400.00,98.50,99.00,14.29,0.00,0.00,0.00,none
2024-02-15T00:00:00Z,16.81,0.00,400.00,98.50,99.00,16.81,0.00,0.00,0.00,none
2024-02-15T01:00:00Z,23.09,0.00,400.00,98.50,99.00,23.09,0.00,0.00,0.00,none
2024-02-15T02:00:00Z,33.50,0.00,400.00,98.50,99.00,33.50,0.00,0.00,0.00,none
2024-02-15T03:00:00Z,47.24,0.00,400.00,98.50,99.00,47.24,0.00,0.00,0.00,none
2024-02-15T04:00:00Z,52.75,7.07,400.00,98.50,99.00,52.75,0.00,7.07,0.00,none
2024-02-15T05:00:00Z,305.60,22.58,400.00,98.50,99.00,305.60,0.00,4.40,18.17,wind_priority_shared_poi_headroom
2024-02-15T06:00:00Z,305.60,38.43,400.00,98.50,99.00,305.60,0.00,4.40,34.03,wind_priority_shared_poi_headroom
2024-02-15T07:00:00Z,305.60,50.82,400.00,98.50,99.00,305.60,0.00,4.40,46.42,wind_priority_shared_poi_headroom
2024-02-15T08:00:00Z,305.60,60.05,400.00,98.50,99.00,305.60,0.00,4.40,55.65,wind_priority_shared_poi_headroom
2024-02-15T09:00:00Z,305.60,64.44,400.00,98.50,99.00,305.60,0.00,4.40,60.04,wind_priority_shared_poi_headroom
2024-02-15T10:00:00Z,305.60,63.00,400.00,98.50,99.00,305.60,0.00,4.40,58.59,wind_priority_shared_poi_headroom
2024-02-15T11:00:00Z,231.73,55.77,400.00,98.50,99.00,231.73,0.00,55.77,0.00,none
2024-02-15T12:00:00Z,187.25,45.69,400.00,98.50,99.00,187.25,0.00,45.69,0.00,none
2024-02-15T13:00:00Z,175.68,32.32,400.00,98.50,99.00,175.68,0.00,32.32,0.00,none
2024-02-15T14:00:00Z,137.74,16.20,400.00,98.50,99.00,137.74,0.00,16.20,0.00,none
2024-02-15T15:00:00Z,87.66,2.29,400.00,98.50,99.00,87.66,0.00,2.29,0.00,none
2024-02-15T16:00:00Z,78.23,0.00,400.00,98.50,99.00,78.23,0.00,0.00,0.00,none
2024-02-15T17:00:00Z,79.89,0.00,400.00,98.50,99.00,79.89,0.00,0.00,0.00,none
2024-02-15T18:00:00Z,77.40,0.00,400.00,98.50,99.00,77.40,0.00,0.00,0.00,none
2024-02-15T19:00:00Z,72.59,0.00,400.00,98.50,99.00,72.59,0.00,0.00,0.00,none
2024-02-15T20:00:00Z,65.02,0.00,400.00,98.50,99.00,65.02,0.00,0.00,0.00,none
2024-02-15T21:00:00Z,53.38,0.00,400.00,98.50,99.00,53.38,0.00,0.00,0.00,none
2024-02-15T22:00:00Z,37.90,0.00,400.00,98.50,99.00,37.90,0.00,0.00,0.00,none
2024-02-15T23:00:00Z,22.73,0.00,400.00,98.50,99.00,22.73,0.00,0.00,0.00,none
2024-02-16T00:00:00Z,11.10,0.00,400.00,98.50,99.00,11.10,0.00,0.00,0.00,none
2024-02-16T01:00:00Z,6.38,0.00,400.00,98.50,99.00,6.38,0.00,0.00,0.00,none
2024-02-16T02:00:00Z,7.02,0.00,400.00,98.50,99.00,7.02,0.00,0.00,0.00,none
2024-02-16T03:00:00Z,12.02,0.00,400.00,98.50,99.00,12.02,0.00,0.00,0.00,none
2024-02-16T04:00:00Z,13.50,6.82,400.00,98.50,99.00,13.50,0.00,6.82,0.00,none
2024-02-16T05:00:00Z,305.60,22.17,400.00,98.50,99.00,305.60,0.00,4.40,17.76,wind_priority_shared_poi_headroom
2024-02-16T06:00:00Z,305.60,37.69,400.00,98.50,99.00,305.60,0.00,4.40,33.29,wind_priority_shared_poi_headroom
2024-02-16T07:00:00Z,305.60,50.93,400.00,98.50,99.00,305.60,0.00,4.40,46.52,wind_priority_shared_poi_headroom
2024-02-16T08:00:00Z,305.60,58.85,400.00,98.50,99.00,305.60,0.00,4.40,54.45,wind_priority_shared_poi_headroom
2024-02-16T09:00:00Z,305.60,61.66,400.00,98.50,99.00,305.60,0.00,4.40,57.25,wind_priority_shared_poi_headroom
2024-02-16T10:00:00Z,305.60,55.33,400.00,98.50,99.00,305.60,0.00,4.40,50.93,wind_priority_shared_poi_headroom
2024-02-16T11:00:00Z,305.60,53.60,400.00,98.50,99.00,305.60,0.00,4.40,49.19,wind_priority_shared_poi_headroom
2024-02-16T12:00:00Z,305.60,43.48,400.00,98.50,99.00,305.60,0.00,4.40,39.07,wind_priority_shared_poi_headroom
2024-02-16T13:00:00Z,269.36,30.13,400.00,98.50,99.00,269.36,0.00,30.13,0.00,none
2024-02-16T14:00:00Z,213.50,15.41,400.00,98.50,99.00,213.50,0.00,15.41,0.00,none
2024-02-16T15:00:00Z,116.11,2.19,400.00,98.50,99.00,116.11,0.00,2.19,0.00,none
2024-02-16T16:00:00Z,95.93,0.00,400.00,98.50,99.00,95.93,0.00,0.00,0.00,none
2024-02-16T17:00:00Z,94.05,0.00,400.00,98.50,99.00,94.05,0.00,0.00,0.00,none
2024-02-16T18:00:00Z,98.79,0.00,400.00,98.50,99.00,98.79,0.00,0.00,0.00,none
2024-02-16T19:00:00Z,107.73,0.00,400.00,98.50,99.00,107.73,0.00,0.00,0.00,none
2024-02-16T20:00:00Z,108.75,0.00,400.00,98.50,99.00,108.75,0.00,0.00,0.00,none
2024-02-16T21:00:00Z,99.76,0.00,400.00,98.50,99.00,99.76,0.00,0.00,0.00,none
2024-02-16T22:00:00Z,85.89,0.00,400.00,98.50,99.00,85.89,0.00,0.00,0.00,none
2024-02-16T23:00:00Z,69.49,0.00,400.00,98.50,99.00,69.49,0.00,0.00,0.00,none
2024-02-17T00:00:00Z,53.38,0.00,400.00,98.50,99.00,53.38,0.00,0.00,0.00,none
2024-02-17T01:00:00Z,46.07,0.00,400.00,98.50,99.00,46.07,0.00,0.00,0.00,none
2024-02-17T02:00:00Z,49.03,0.00,400.00,98.50,99.00,49.03,0.00,0.00,0.00,none
2024-02-17T03:00:00Z,59.35,0.00,400.00,98.50,99.00,59.35,0.00,0.00,0.00,none
2024-02-17T04:00:00Z,40.51,7.21,400.00,98.50,99.00,40.51,0.00,7.21,0.00,none
2024-02-17T05:00:00Z,305.60,22.89,400.00,98.50,99.00,305.60,0.00,4.40,18.48,wind_priority_shared_poi_headroom
2024-02-17T06:00:00Z,305.60,38.40,400.00,98.50,99.00,305.60,0.00,4.40,34.00,wind_priority_shared_poi_headroom
2024-02-17T07:00:00Z,305.60,50.72,400.00,98.50,99.00,305.60,0.00,4.40,46.31,wind_priority_shared_poi_headroom
2024-02-17T08:00:00Z,305.60,60.00,400.00,98.50,99.00,305.60,0.00,4.40,55.60,wind_priority_shared_poi_headroom
2024-02-17T09:00:00Z,305.60,62.94,400.00,98.50,99.00,305.60,0.00,4.40,58.54,wind_priority_shared_poi_headroom
2024-02-17T10:00:00Z,305.60,61.93,400.00,98.50,99.00,305.60,0.00,4.40,57.52,wind_priority_shared_poi_headroom
2024-02-17T11:00:00Z,305.60,54.11,400.00,98.50,99.00,305.60,0.00,4.40,49.71,wind_priority_shared_poi_headroom
2024-02-17T12:00:00Z,305.60,44.86,400.00,98.50,99.00,305.60,0.00,4.40,40.45,wind_priority_shared_poi_headroom
2024-02-17T13:00:00Z,218.37,30.78,400.00,98.50,99.00,218.37,0.00,30.78,0.00,none
2024-02-17T14:00:00Z,129.48,15.21,400.00,98.50,99.00,129.48,0.00,15.21,0.00,none
2024-02-17T15:00:00Z,55.98,2.13,400.00,98.50,99.00,55.98,0.00,2.13,0.00,none
2024-02-17T16:00:00Z,42.13,0.00,400.00,98.50,99.00,42.13,0.00,0.00,0.00,none
2024-02-17T17:00:00Z,49.64,0.00,400.00,98.50,99.00,49.64,0.00,0.00,0.00,none
2024-02-17T18:00:00Z,58.67,0.00,400.00,98.50,99.00,58.67,0.00,0.00,0.00,none
2024-02-17T19:00:00Z,57.99,0.00,400.00,98.50,99.00,57.99,0.00,0.00,0.00,none
2024-02-17T20:00:00Z,42.13,0.00,400.00,98.50,99.00,42.13,0.00,0.00,0.00,none
2024-02-17T21:00:00Z,23.83,0.00,400.00,98.50,99.00,23.83,0.00,0.00,0.00,none
2024-02-17T22:00:00Z,9.81,0.00,400.00,98.50,99.00,9.81,0.00,0.00,0.00,none
2024-02-17T23:00:00Z,2.04,0.00,400.00,98.50,99.00,2.04,0.00,0.00,0.00,none
2024-02-18T00:00:00Z,0.08,0.00,400.00,98.50,99.00,0.08,0.00,0.00,0.00,none
2024-02-18T01:00:00Z,0.00,0.00,400.00,98.50,99.00,0.00,0.00,0.00,0.00,none
2024-02-18T02:00:00Z,0.00,0.00,400.00,98.50,99.00,0.00,0.00,0.00,0.00,none
2024-02-18T03:00:00Z,0.00,0.00,400.00,98.50,99.00,0.00,0.00,0.00,0.00,none
2024-02-18T04:00:00Z,0.00,6.57,400.00,98.50,99.00,0.00,0.00,6.57,0.00,none
2024-02-18T05:00:00Z,47.83,21.52,400.00,98.50,99.00,47.83,0.00,21.52,0.00,none
2024-02-18T06:00:00Z,203.97,36.89,400.00,98.50,99.00,203.97,0.00,36.89,0.00,none
2024-02-18T07:00:00Z,238.61,49.96,400.00,98.50,99.00,238.61,0.00,49.96,0.00,none
2024-02-18T08:00:00Z,208.70,58.52,400.00,98.50,99.00,208.70,0.00,58.52,0.00,none
2024-02-18T09:00:00Z,161.90,57.85,400.00,98.50,99.00,161.90,0.00,57.85,0.00,none
2024-02-18T10:00:00Z,113.98,56.45,400.00,98.50,99.00,113.98,0.00,56.45,0.00,none
2024-02-18T11:00:00Z,70.26,40.14,400.00,98.50,99.00,70.26,0.00,40.14,0.00,none
2024-02-18T12:00:00Z,37.90,41.20,400.00,98.50,99.00,37.90,0.00,41.20,0.00,none
2024-02-18T13:00:00Z,18.03,28.97,400.00,98.50,99.00,18.03,0.00,28.97,0.00,none
2024-02-18T14:00:00Z,9.00,13.97,400.00,98.50,99.00,9.00,0.00,13.97,0.00,none
2024-02-18T15:00:00Z,3.33,1.89,400.00,98.50,99.00,3.33,0.00,1.89,0.00,none
2024-02-18T16:00:00Z,5.35,0.00,400.00,98.50,99.00,5.35,0.00,0.00,0.00,none
2024-02-18T17:00:00Z,12.26,0.00,400.00,98.50,99.00,12.26,0.00,0.00,0.00,none
2024-02-18T18:00:00Z,22.37,0.00,400.00,98.50,99.00,22.37,0.00,0.00,0.00,none
2024-02-18T19:00:00Z,24.21,0.00,400.00,98.50,99.00,24.21,0.00,0.00,0.00,none
2024-02-18T20:00:00Z,9.00,0.00,400.00,98.50,99.00,9.00,0.00,0.00,0.00,none
2024-02-18T21:00:00Z,0.09,0.00,400.00,98.50,99.00,0.09,0.00,0.00,0.00,none
2024-02-18T22:00:00Z,0.00,0.00,400.00,98.50,99.00,0.00,0.00,0.00,0.00,none
2024-02-18T23:00:00Z,0.00,0.00,400.00,98.50,99.00,0.00,0.00,0.00,0.00,none
2024-02-19T00:00:00Z,0.00,0.00,400.00,98.50,99.00,0.00,0.00,0.00,0.00,none
2024-02-19T01:00:00Z,0.00,0.00,400.00,98.50,99.00,0.00,0.00,0.00,0.00,none
2024-02-19T02:00:00Z,0.00,0.00,400.00,98.50,99.00,0.00,0.00,0.00,0.00,none
2024-02-19T03:00:00Z,0.00,0.00,400.00,98.50,99.00,0.00,0.00,0.00,0.00,none
2024-02-19T04:00:00Z,0.00,5.34,400.00,98.50,99.00,0.00,0.00,5.34,0.00,none
2024-02-19T05:00:00Z,0.00,18.50,400.00,98.50,99.00,0.00,0.00,18.50,0.00,none
2024-02-19T06:00:00Z,0.64,33.24,400.00,98.50,99.00,0.64,0.00,33.24,0.00,none
2024-02-19T07:00:00Z,19.62,46.14,400.00,98.50,99.00,19.62,0.00,46.14,0.00,none
2024-02-19T08:00:00Z,38.93,51.56,400.00,98.50,99.00,38.93,0.00,51.56,0.00,none
2024-02-19T09:00:00Z,25.36,52.45,400.00,98.50,99.00,25.36,0.00,52.45,0.00,none
2024-02-19T10:00:00Z,8.62,48.38,400.00,98.50,99.00,8.62,0.00,48.38,0.00,none
2024-02-19T11:00:00Z,1.29,40.15,400.00,98.50,99.00,1.29,0.00,40.15,0.00,none
2024-02-19T12:00:00Z,0.00,33.77,400.00,98.50,99.00,0.00,0.00,33.77,0.00,none
2024-02-19T13:00:00Z,0.00,22.55,400.00,98.50,99.00,0.00,0.00,22.55,0.00,none
2024-02-19T14:00:00Z,0.00,11.11,400.00,98.50,99.00,0.00,0.00,11.11,0.00,none
2024-02-19T15:00:00Z,0.00,1.77,400.00,98.50,99.00,0.00,0.00,1.77,0.00,none
2024-02-19T16:00:00Z,0.00,0.00,400.00,98.50,99.00,0.00,0.00,0.00,0.00,none
2024-02-19T17:00:00Z,0.00,0.00,400.00,98.50,99.00,0.00,0.00,0.00,0.00,none
2024-02-19T18:00:00Z,0.00,0.00,400.00,98.50,99.00,0.00,0.00,0.00,0.00,none
2024-02-19T19:00:00Z,0.00,0.00,400.00,98.50,99.00,0.00,0.00,0.00,0.00,none
2024-02-19T20:00:00Z,0.13,0.00,400.00,98.50,99.00,0.13,0.00,0.00,0.00,none
2024-02-19T21:00:00Z,0.22,0.00,400.00,98.50,99.00,0.22,0.00,0.00,0.00,none
2024-02-19T22:00:00Z,0.00,0.00,400.00,98.50,99.00,0.00,0.00,0.00,0.00,none
2024-02-19T23:00:00Z,0.00,0.00,400.00,98.50,99.00,0.00,0.00,0.00,0.00,none
2024-02-20T00:00:00Z,0.00,0.00,400.00,98.50,99.00,0.00,0.00,0.00,0.00,none
2024-02-20T01:00:00Z,0.00,0.00,400.00,98.50,99.00,0.00,0.00,0.00,0.00,none
2024-02-20T02:00:00Z,0.00,0.00,400.00,98.50,99.00,0.00,0.00,0.00,0.00,none
2024-02-20T03:00:00Z,0.00,0.00,400.00,98.50,99.00,0.00,0.00,0.00,0.00,none
2024-02-20T04:00:00Z,0.00,6.04,400.00,98.50,99.00,0.00,0.00,6.04,0.00,none
2024-02-20T05:00:00Z,1.23,20.80,400.00,98.50,99.00,1.23,0.00,20.80,0.00,none
2024-02-20T06:00:00Z,24.59,36.64,400.00,98.50,99.00,24.59,0.00,36.64,0.00,none
2024-02-20T07:00:00Z,39.98,49.81,400.00,98.50,99.00,39.98,0.00,49.81,0.00,none
2024-02-20T08:00:00Z,43.23,58.23,400.00,98.50,99.00,43.23,0.00,58.23,0.00,none
2024-02-20T09:00:00Z,52.75,62.02,400.00,98.50,99.00,52.75,0.00,62.02,0.00,none
2024-02-20T10:00:00Z,73.38,59.34,400.00,98.50,99.00,73.38,0.00,59.34,0.00,none
2024-02-20T11:00:00Z,86.78,54.37,400.00,98.50,99.00,86.78,0.00,54.37,0.00,none
2024-02-20T12:00:00Z,92.19,44.11,400.00,98.50,99.00,92.19,0.00,44.11,0.00,none
2024-02-20T13:00:00Z,103.69,30.25,400.00,98.50,99.00,103.69,0.00,30.25,0.00,none
2024-02-20T14:00:00Z,109.78,14.85,400.00,98.50,99.00,109.78,0.00,14.85,0.00,none
2024-02-20T15:00:00Z,85.02,2.05,400.00,98.50,99.00,85.02,0.00,2.05,0.00,none
2024-02-20T16:00:00Z,108.75,0.00,400.00,98.50,99.00,108.75,0.00,0.00,0.00,none
2024-02-20T17:00:00Z,98.79,0.00,400.00,98.50,99.00,98.79,0.00,0.00,0.00,none
2024-02-20T18:00:00Z,100.73,0.00,400.00,98.50,99.00,100.73,0.00,0.00,0.00,none
2024-02-20T19:00:00Z,110.82,0.00,400.00,98.50,99.00,110.82,0.00,0.00,0.00,none
2024-02-20T20:00:00Z,120.46,0.00,400.00,98.50,99.00,120.46,0.00,0.00,0.00,none
2024-02-20T21:00:00Z,113.98,0.00,400.00,98.50,99.00,113.98,0.00,0.00,0.00,none
2024-02-20T22:00:00Z,92.19,0.00,400.00,98.50,99.00,92.19,0.00,0.00,0.00,none
2024-02-20T23:00:00Z,79.06,0.00,400.00,98.50,99.00,79.06,0.00,0.00,0.00,none
2024-02-21T00:00:00Z,95.93,0.00,400.00,98.50,99.00,95.93,0.00,0.00,0.00,none
2024-02-21T01:00:00Z,124.92,0.00,400.00,98.50,99.00,124.92,0.00,0.00,0.00,none
2024-02-21T02:00:00Z,148.86,0.00,400.00,98.50,99.00,148.86,0.00,0.00,0.00,none
2024-02-21T03:00:00Z,150.13,0.00,400.00,98.50,99.00,150.13,0.00,0.00,0.00,none
2024-02-21T04:00:00Z,184.31,6.51,400.00,98.50,99.00,184.31,0.00,6.51,0.00,none
2024-02-21T05:00:00Z,305.60,21.34,400.00,98.50,99.00,305.60,0.00,4.40,16.94,wind_priority_shared_poi_headroom
2024-02-21T06:00:00Z,305.60,37.31,400.00,98.50,99.00,305.60,0.00,4.40,32.91,wind_priority_shared_poi_headroom
2024-02-21T07:00:00Z,305.60,50.64,400.00,98.50,99.00,305.60,0.00,4.40,46.24,wind_priority_shared_poi_headroom
2024-02-21T08:00:00Z,305.60,59.54,400.00,98.50,99.00,305.60,0.00,4.40,55.14,wind_priority_shared_poi_headroom
2024-02-21T09:00:00Z,305.60,63.44,400.00,98.50,99.00,305.60,0.00,4.40,59.04,wind_priority_shared_poi_headroom
2024-02-21T10:00:00Z,305.60,57.75,400.00,98.50,99.00,305.60,0.00,4.40,53.34,wind_priority_shared_poi_headroom
2024-02-21T11:00:00Z,305.60,52.92,400.00,98.50,99.00,305.60,0.00,4.40,48.52,wind_priority_shared_poi_headroom
2024-02-21T12:00:00Z,305.60,42.88,400.00,98.50,99.00,305.60,0.00,4.40,38.48,wind_priority_shared_poi_headroom
2024-02-21T13:00:00Z,305.60,29.26,400.00,98.50,99.00,305.60,0.00,4.40,24.86,wind_priority_shared_poi_headroom
2024-02-21T14:00:00Z,305.60,14.80,400.00,98.50,99.00,305.60,0.00,4.40,10.40,wind_priority_shared_poi_headroom
2024-02-21T15:00:00Z,202.41,2.17,400.00,98.50,99.00,202.41,0.00,2.17,0.00,none
2024-02-21T16:00:00Z,233.44,0.00,400.00,98.50,99.00,233.44,0.00,0.00,0.00,none
2024-02-21T17:00:00Z,280.81,0.00,400.00,98.50,99.00,280.81,0.00,0.00,0.00,none
2024-02-21T18:00:00Z,250.97,0.00,400.00,98.50,99.00,250.97,0.00,0.00,0.00,none
2024-02-21T19:00:00Z,178.52,0.00,400.00,98.50,99.00,178.52,0.00,0.00,0.00,none
2024-02-21T20:00:00Z,182.85,0.00,400.00,98.50,99.00,182.85,0.00,0.00,0.00,none
2024-02-21T21:00:00Z,194.73,0.00,400.00,98.50,99.00,194.73,0.00,0.00,0.00,none
2024-02-21T22:00:00Z,224.98,0.00,400.00,98.50,99.00,224.98,0.00,0.00,0.00,none
2024-02-21T23:00:00Z,305.60,0.00,400.00,98.50,99.00,305.60,0.00,0.00,0.00,none
2024-02-22T00:00:00Z,190.22,0.00,400.00,98.50,99.00,190.22,0.00,0.00,0.00,none
2024-02-22T01:00:00Z,156.59,0.00,400.00,98.50,99.00,156.59,0.00,0.00,0.00,none
2024-02-22T02:00:00Z,238.61,0.00,400.00,98.50,99.00,238.61,0.00,0.00,0.00,none
2024-02-22T03:00:00Z,305.60,0.00,400.00,98.50,99.00,305.60,0.00,0.00,0.00,none
2024-02-22T04:00:00Z,305.60,7.28,400.00,98.50,99.00,305.60,0.00,4.40,2.88,wind_priority_shared_poi_headroom
2024-02-22T05:00:00Z,305.60,23.14,400.00,98.50,99.00,305.60,0.00,4.40,18.74,wind_priority_shared_poi_headroom
2024-02-22T06:00:00Z,305.60,39.59,400.00,98.50,99.00,305.60,0.00,4.40,35.19,wind_priority_shared_poi_headroom
2024-02-22T07:00:00Z,305.60,52.37,400.00,98.50,99.00,305.60,0.00,4.40,47.97,wind_priority_shared_poi_headroom
2024-02-22T08:00:00Z,305.60,61.20,400.00,98.50,99.00,305.60,0.00,4.40,56.80,wind_priority_shared_poi_headroom
2024-02-22T09:00:00Z,305.60,64.26,400.00,98.50,99.00,305.60,0.00,4.40,59.86,wind_priority_shared_poi_headroom
2024-02-22T10:00:00Z,305.60,63.15,400.00,98.50,99.00,305.60,0.00,4.40,58.74,wind_priority_shared_poi_headroom
2024-02-22T11:00:00Z,305.60,47.40,400.00,98.50,99.00,305.60,0.00,4.40,42.99,wind_priority_shared_poi_headroom
2024-02-22T12:00:00Z,305.60,46.42,400.00,98.50,99.00,305.60,0.00,4.40,42.02,wind_priority_shared_poi_headroom
2024-02-22T13:00:00Z,305.60,32.26,400.00,98.50,99.00,305.60,0.00,4.40,27.85,wind_priority_shared_poi_headroom
2024-02-22T14:00:00Z,305.60,16.29,400.00,98.50,99.00,305.60,0.00,4.40,11.88,wind_priority_shared_poi_headroom
2024-02-22T15:00:00Z,305.60,2.32,400.00,98.50,99.00,305.60,0.00,2.32,0.00,none
2024-02-22T16:00:00Z,305.60,0.00,400.00,98.50,99.00,305.60,0.00,0.00,0.00,none
2024-02-22T17:00:00Z,305.60,0.00,400.00,98.50,99.00,305.60,0.00,0.00,0.00,none
2024-02-22T18:00:00Z,305.60,0.00,400.00,98.50,99.00,305.60,0.00,0.00,0.00,none
2024-02-22T19:00:00Z,305.60,0.00,400.00,98.50,99.00,305.60,0.00,0.00,0.00,none
2024-02-22T20:00:00Z,305.60,0.00,400.00,98.50,99.00,305.60,0.00,0.00,0.00,none
2024-02-22T21:00:00Z,305.60,0.00,400.00,98.50,99.00,305.60,0.00,0.00,0.00,none
2024-02-22T22:00:00Z,300.61,0.00,400.00,98.50,99.00,300.61,0.00,0.00,0.00,none
2024-02-22T23:00:00Z,242.10,0.00,400.00,98.50,99.00,242.10,0.00,0.00,0.00,none
2024-02-23T00:00:00Z,218.37,0.00,400.00,98.50,99.00,218.37,0.00,0.00,0.00,none
2024-02-23T01:00:00Z,305.60,0.00,400.00,98.50,99.00,305.60,0.00,0.00,0.00,none
2024-02-23T02:00:00Z,305.60,0.00,400.00,98.50,99.00,305.60,0.00,0.00,0.00,none
2024-02-23T03:00:00Z,305.60,0.00,400.00,98.50,99.00,305.60,0.00,0.00,0.00,none
2024-02-23T04:00:00Z,305.60,7.36,400.00,98.50,99.00,305.60,0.00,4.40,2.96,wind_priority_shared_poi_headroom
2024-02-23T05:00:00Z,305.60,23.10,400.00,98.50,99.00,305.60,0.00,4.40,18.70,wind_priority_shared_poi_headroom
2024-02-23T06:00:00Z,305.60,38.48,400.00,98.50,99.00,305.60,0.00,4.40,34.08,wind_priority_shared_poi_headroom
2024-02-23T07:00:00Z,305.60,51.10,400.00,98.50,99.00,305.60,0.00,4.40,46.69,wind_priority_shared_poi_headroom
2024-02-23T08:00:00Z,305.60,59.39,400.00,98.50,99.00,305.60,0.00,4.40,54.98,wind_priority_shared_poi_headroom
2024-02-23T09:00:00Z,305.60,59.31,400.00,98.50,99.00,305.60,0.00,4.40,54.90,wind_priority_shared_poi_headroom
2024-02-23T10:00:00Z,305.60,54.12,400.00,98.50,99.00,305.60,0.00,4.40,49.72,wind_priority_shared_poi_headroom
2024-02-23T11:00:00Z,305.60,44.22,400.00,98.50,99.00,305.60,0.00,4.40,39.82,wind_priority_shared_poi_headroom
2024-02-23T12:00:00Z,305.60,38.31,400.00,98.50,99.00,305.60,0.00,4.40,33.91,wind_priority_shared_poi_headroom
2024-02-23T13:00:00Z,305.60,26.98,400.00,98.50,99.00,305.60,0.00,4.40,22.57,wind_priority_shared_poi_headroom
2024-02-23T14:00:00Z,305.60,12.70,400.00,98.50,99.00,305.60,0.00,4.40,8.30,wind_priority_shared_poi_headroom
2024-02-23T15:00:00Z,305.60,1.77,400.00,98.50,99.00,305.60,0.00,1.77,0.00,none
2024-02-23T16:00:00Z,305.60,0.00,400.00,98.50,99.00,305.60,0.00,0.00,0.00,none
2024-02-23T17:00:00Z,305.60,0.00,400.00,98.50,99.00,305.60,0.00,0.00,0.00,none
2024-02-23T18:00:00Z,235.15,0.00,400.00,98.50,99.00,235.15,0.00,0.00,0.00,none
2024-02-23T19:00:00Z,207.12,0.00,400.00,98.50,99.00,207.12,0.00,0.00,0.00,none
2024-02-23T20:00:00Z,178.52,0.00,400.00,98.50,99.00,178.52,0.00,0.00,0.00,none
2024-02-23T21:00:00Z,191.72,0.00,400.00,98.50,99.00,191.72,0.00,0.00,0.00,none
2024-02-23T22:00:00Z,128.33,0.00,400.00,98.50,99.00,128.33,0.00,0.00,0.00,none
2024-02-23T23:00:00Z,88.56,0.00,400.00,98.50,99.00,88.56,0.00,0.00,0.00,none
2024-02-24T00:00:00Z,115.04,0.00,400.00,98.50,99.00,115.04,0.00,0.00,0.00,none
2024-02-24T01:00:00Z,197.78,0.00,400.00,98.50,99.00,197.78,0.00,0.00,0.00,none
2024-02-24T02:00:00Z,276.96,0.00,400.00,98.50,99.00,276.96,0.00,0.00,0.00,none
2024-02-24T03:00:00Z,305.60,0.00,400.00,98.50,99.00,305.60,0.00,0.00,0.00,none
2024-02-24T04:00:00Z,305.60,6.63,400.00,98.50,99.00,305.60,0.00,4.40,2.23,wind_priority_shared_poi_headroom
2024-02-24T05:00:00Z,305.60,21.57,400.00,98.50,99.00,305.60,0.00,4.40,17.16,wind_priority_shared_poi_headroom
2024-02-24T06:00:00Z,305.60,37.21,400.00,98.50,99.00,305.60,0.00,4.40,32.80,wind_priority_shared_poi_headroom
2024-02-24T07:00:00Z,305.60,50.67,400.00,98.50,99.00,305.60,0.00,4.40,46.26,wind_priority_shared_poi_headroom
2024-02-24T08:00:00Z,305.60,56.88,400.00,98.50,99.00,305.60,0.00,4.40,52.48,wind_priority_shared_poi_headroom
2024-02-24T09:00:00Z,305.60,60.55,400.00,98.50,99.00,305.60,0.00,4.40,56.14,wind_priority_shared_poi_headroom
2024-02-24T10:00:00Z,305.60,46.08,400.00,98.50,99.00,305.60,0.00,4.40,41.68,wind_priority_shared_poi_headroom
2024-02-24T11:00:00Z,305.60,47.33,400.00,98.50,99.00,305.60,0.00,4.40,42.93,wind_priority_shared_poi_headroom
2024-02-24T12:00:00Z,305.60,33.09,400.00,98.50,99.00,305.60,0.00,4.40,28.68,wind_priority_shared_poi_headroom
2024-02-24T13:00:00Z,305.60,22.68,400.00,98.50,99.00,305.60,0.00,4.40,18.28,wind_priority_shared_poi_headroom
2024-02-24T14:00:00Z,305.60,11.32,400.00,98.50,99.00,305.60,0.00,4.40,6.92,wind_priority_shared_poi_headroom
2024-02-24T15:00:00Z,305.60,1.87,400.00,98.50,99.00,305.60,0.00,1.87,0.00,none
2024-02-24T16:00:00Z,305.60,0.00,400.00,98.50,99.00,305.60,0.00,0.00,0.00,none
2024-02-24T17:00:00Z,305.60,0.00,400.00,98.50,99.00,305.60,0.00,0.00,0.00,none
2024-02-24T18:00:00Z,305.60,0.00,400.00,98.50,99.00,305.60,0.00,0.00,0.00,none
2024-02-24T19:00:00Z,238.61,0.00,400.00,98.50,99.00,238.61,0.00,0.00,0.00,none
2024-02-24T20:00:00Z,171.47,0.00,400.00,98.50,99.00,171.47,0.00,0.00,0.00,none
2024-02-24T21:00:00Z,113.98,0.00,400.00,98.50,99.00,113.98,0.00,0.00,0.00,none
2024-02-24T22:00:00Z,71.03,0.00,400.00,98.50,99.00,71.03,0.00,0.00,0.00,none
2024-02-24T23:00:00Z,37.90,0.00,400.00,98.50,99.00,37.90,0.00,0.00,0.00,none
2024-02-25T00:00:00Z,17.41,0.00,400.00,98.50,99.00,17.41,0.00,0.00,0.00,none
2024-02-25T01:00:00Z,10.88,0.00,400.00,98.50,99.00,10.88,0.00,0.00,0.00,none
2024-02-25T02:00:00Z,17.41,0.00,400.00,98.50,99.00,17.41,0.00,0.00,0.00,none
2024-02-25T03:00:00Z,43.23,0.00,400.00,98.50,99.00,43.23,0.00,0.00,0.00,none
2024-02-25T04:00:00Z,142.61,6.93,400.00,98.50,99.00,142.61,0.00,6.93,0.00,none
2024-02-25T05:00:00Z,305.60,21.74,400.00,98.50,99.00,305.60,0.00,4.40,17.34,wind_priority_shared_poi_headroom
2024-02-25T06:00:00Z,305.60,37.87,400.00,98.50,99.00,305.60,0.00,4.40,33.47,wind_priority_shared_poi_headroom
2024-02-25T07:00:00Z,305.60,51.94,400.00,98.50,99.00,305.60,0.00,4.40,47.54,wind_priority_shared_poi_headroom
2024-02-25T08:00:00Z,305.60,60.96,400.00,98.50,99.00,305.60,0.00,4.40,56.56,wind_priority_shared_poi_headroom
2024-02-25T09:00:00Z,305.60,64.39,400.00,98.50,99.00,305.60,0.00,4.40,59.98,wind_priority_shared_poi_headroom
2024-02-25T10:00:00Z,298.59,61.34,400.00,98.50,99.00,298.59,0.00,11.41,49.92,wind_priority_shared_poi_headroom
2024-02-25T11:00:00Z,230.03,57.38,400.00,98.50,99.00,230.03,0.00,57.38,0.00,none
2024-02-25T12:00:00Z,164.59,46.40,400.00,98.50,99.00,164.59,0.00,46.40,0.00,none
2024-02-25T13:00:00Z,128.33,32.25,400.00,98.50,99.00,128.33,0.00,32.25,0.00,none
2024-02-25T14:00:00Z,105.70,15.95,400.00,98.50,99.00,105.70,0.00,15.95,0.00,none
2024-02-25T15:00:00Z,87.66,2.17,400.00,98.50,99.00,87.66,0.00,2.17,0.00,none
2024-02-25T16:00:00Z,146.34,0.00,400.00,98.50,99.00,146.34,0.00,0.00,0.00,none
2024-02-25T17:00:00Z,220.01,0.00,400.00,98.50,99.00,220.01,0.00,0.00,0.00,none
2024-02-25T18:00:00Z,196.25,0.00,400.00,98.50,99.00,196.25,0.00,0.00,0.00,none
2024-02-25T19:00:00Z,197.78,0.00,400.00,98.50,99.00,197.78,0.00,0.00,0.00,none
2024-02-25T20:00:00Z,187.25,0.00,400.00,98.50,99.00,187.25,0.00,0.00,0.00,none
2024-02-25T21:00:00Z,157.91,0.00,400.00,98.50,99.00,157.91,0.00,0.00,0.00,none
2024-02-25T22:00:00Z,99.76,0.00,400.00,98.50,99.00,99.76,0.00,0.00,0.00,none
2024-02-25T23:00:00Z,47.83,0.00,400.00,98.50,99.00,47.83,0.00,0.00,0.00,none
2024-02-26T00:00:00Z,52.75,0.00,400.00,98.50,99.00,52.75,0.00,0.00,0.00,none
2024-02-26T01:00:00Z,107.73,0.00,400.00,98.50,99.00,107.73,0.00,0.00,0.00,none
2024-02-26T02:00:00Z,148.86,0.00,400.00,98.50,99.00,148.86,0.00,0.00,0.00,none
2024-02-26T03:00:00Z,102.70,0.00,400.00,98.50,99.00,102.70,0.00,0.00,0.00,none
2024-02-26T04:00:00Z,157.91,6.92,400.00,98.50,99.00,157.91,0.00,6.92,0.00,none
2024-02-26T05:00:00Z,179.96,21.74,400.00,98.50,99.00,179.96,0.00,21.74,0.00,none
2024-02-26T06:00:00Z,59.35,37.06,400.00,98.50,99.00,59.35,0.00,37.06,0.00,none
2024-02-26T07:00:00Z,16.81,50.51,400.00,98.50,99.00,16.81,0.00,50.51,0.00,none
2024-02-26T08:00:00Z,10.23,57.17,400.00,98.50,99.00,10.23,0.00,57.17,0.00,none
2024-02-26T09:00:00Z,9.60,57.88,400.00,98.50,99.00,9.60,0.00,57.88,0.00,none
2024-02-26T10:00:00Z,8.62,58.15,400.00,98.50,99.00,8.62,0.00,58.15,0.00,none
2024-02-26T11:00:00Z,8.06,52.59,400.00,98.50,99.00,8.06,0.00,52.59,0.00,none
2024-02-26T12:00:00Z,7.70,40.51,400.00,98.50,99.00,7.70,0.00,40.51,0.00,none
2024-02-26T13:00:00Z,9.81,24.59,400.00,98.50,99.00,9.81,0.00,24.59,0.00,none
2024-02-26T14:00:00Z,15.37,11.83,400.00,98.50,99.00,15.37,0.00,11.83,0.00,none
2024-02-26T15:00:00Z,16.52,1.72,400.00,98.50,99.00,16.52,0.00,1.72,0.00,none
2024-02-26T16:00:00Z,23.83,0.00,400.00,98.50,99.00,23.83,0.00,0.00,0.00,none
2024-02-26T17:00:00Z,40.51,0.00,400.00,98.50,99.00,40.51,0.00,0.00,0.00,none
2024-02-26T18:00:00Z,52.11,0.00,400.00,98.50,99.00,52.11,0.00,0.00,0.00,none
2024-02-26T19:00:00Z,44.35,0.00,400.00,98.50,99.00,44.35,0.00,0.00,0.00,none
2024-02-26T20:00:00Z,39.45,0.00,400.00,98.50,99.00,39.45,0.00,0.00,0.00,none
2024-02-26T21:00:00Z,33.04,0.00,400.00,98.50,99.00,33.04,0.00,0.00,0.00,none
2024-02-26T22:00:00Z,24.97,0.00,400.00,98.50,99.00,24.97,0.00,0.00,0.00,none
2024-02-26T23:00:00Z,16.23,0.00,400.00,98.50,99.00,16.23,0.00,0.00,0.00,none
2024-02-27T00:00:00Z,10.44,0.00,400.00,98.50,99.00,10.44,0.00,0.00,0.00,none
2024-02-27T01:00:00Z,7.53,0.00,400.00,98.50,99.00,7.53,0.00,0.00,0.00,none
2024-02-27T02:00:00Z,11.79,0.00,400.00,98.50,99.00,11.79,0.00,0.00,0.00,none
2024-02-27T03:00:00Z,27.36,0.00,400.00,98.50,99.00,27.36,0.00,0.00,0.00,none
2024-02-27T04:00:00Z,51.49,5.69,400.00,98.50,99.00,51.49,0.00,5.69,0.00,none
2024-02-27T05:00:00Z,208.70,16.25,400.00,98.50,99.00,208.70,0.00,16.25,0.00,none
2024-02-27T06:00:00Z,207.12,30.48,400.00,98.50,99.00,207.12,0.00,30.48,0.00,none
2024-02-27T07:00:00Z,117.19,44.87,400.00,98.50,99.00,117.19,0.00,44.87,0.00,none
2024-02-27T08:00:00Z,68.73,51.99,400.00,98.50,99.00,68.73,0.00,51.99,0.00,none
2024-02-27T09:00:00Z,43.23,51.28,400.00,98.50,99.00,43.23,0.00,51.28,0.00,none
2024-02-27T10:00:00Z,24.97,46.70,400.00,98.50,99.00,24.97,0.00,46.70,0.00,none
2024-02-27T11:00:00Z,15.66,31.45,400.00,98.50,99.00,15.66,0.00,31.45,0.00,none
2024-02-27T12:00:00Z,11.10,24.91,400.00,98.50,99.00,11.10,0.00,24.91,0.00,none
2024-02-27T13:00:00Z,7.88,14.00,400.00,98.50,99.00,7.88,0.00,14.00,0.00,none
2024-02-27T14:00:00Z,4.44,6.19,400.00,98.50,99.00,4.44,0.00,6.19,0.00,none
2024-02-27T15:00:00Z,0.95,0.97,400.00,98.50,99.00,0.95,0.00,0.97,0.00,none
2024-02-27T16:00:00Z,0.71,0.00,400.00,98.50,99.00,0.71,0.00,0.00,0.00,none
2024-02-27T17:00:00Z,3.64,0.00,400.00,98.50,99.00,3.64,0.00,0.00,0.00,none
2024-02-27T18:00:00Z,10.66,0.00,400.00,98.50,99.00,10.66,0.00,0.00,0.00,none
2024-02-27T19:00:00Z,11.56,0.00,400.00,98.50,99.00,11.56,0.00,0.00,0.00,none
2024-02-27T20:00:00Z,9.60,0.00,400.00,98.50,99.00,9.60,0.00,0.00,0.00,none
2024-02-27T21:00:00Z,5.22,0.00,400.00,98.50,99.00,5.22,0.00,0.00,0.00,none
2024-02-27T22:00:00Z,1.70,0.00,400.00,98.50,99.00,1.70,0.00,0.00,0.00,none
2024-02-27T23:00:00Z,0.49,0.00,400.00,98.50,99.00,0.49,0.00,0.00,0.00,none
2024-02-28T00:00:00Z,0.10,0.00,400.00,98.50,99.00,0.10,0.00,0.00,0.00,none
2024-02-28T01:00:00Z,0.52,0.00,400.00,98.50,99.00,0.52,0.00,0.00,0.00,none
2024-02-28T02:00:00Z,6.23,0.00,400.00,98.50,99.00,6.23,0.00,0.00,0.00,none
2024-02-28T03:00:00Z,48.43,0.00,400.00,98.50,99.00,48.43,0.00,0.00,0.00,none
2024-02-28T04:00:00Z,152.69,1.26,400.00,98.50,99.00,152.69,0.00,1.26,0.00,none
2024-02-28T05:00:00Z,305.60,4.24,400.00,98.50,99.00,305.60,0.00,4.24,0.00,none
2024-02-28T06:00:00Z,305.60,7.90,400.00,98.50,99.00,305.60,0.00,4.40,3.49,wind_priority_shared_poi_headroom
2024-02-28T07:00:00Z,269.36,9.35,400.00,98.50,99.00,269.36,0.00,9.35,0.00,none
2024-02-28T08:00:00Z,159.23,18.55,400.00,98.50,99.00,159.23,0.00,18.55,0.00,none
2024-02-28T09:00:00Z,74.97,27.08,400.00,98.50,99.00,74.97,0.00,27.08,0.00,none
2024-02-28T10:00:00Z,32.57,33.37,400.00,98.50,99.00,32.57,0.00,33.37,0.00,none
2024-02-28T11:00:00Z,14.02,39.95,400.00,98.50,99.00,14.02,0.00,39.95,0.00,none
2024-02-28T12:00:00Z,7.19,36.15,400.00,98.50,99.00,7.19,0.00,36.15,0.00,none
2024-02-28T13:00:00Z,3.86,23.66,400.00,98.50,99.00,3.86,0.00,23.66,0.00,none
2024-02-28T14:00:00Z,1.70,10.95,400.00,98.50,99.00,1.70,0.00,10.95,0.00,none
2024-02-28T15:00:00Z,0.16,1.37,400.00,98.50,99.00,0.16,0.00,1.37,0.00,none
2024-02-28T16:00:00Z,0.00,0.00,400.00,98.50,99.00,0.00,0.00,0.00,0.00,none
2024-02-28T17:00:00Z,0.00,0.00,400.00,98.50,99.00,0.00,0.00,0.00,0.00,none
2024-02-28T18:00:00Z,0.02,0.00,400.00,98.50,99.00,0.02,0.00,0.00,0.00,none
2024-02-28T19:00:00Z,0.11,0.00,400.00,98.50,99.00,0.11,0.00,0.00,0.00,none
2024-02-28T20:00:00Z,0.13,0.00,400.00,98.50,99.00,0.13,0.00,0.00,0.00,none
2024-02-28T21:00:00Z,0.24,0.00,400.00,98.50,99.00,0.24,0.00,0.00,0.00,none
2024-02-28T22:00:00Z,0.28,0.00,400.00,98.50,99.00,0.28,0.00,0.00,0.00,none
2024-02-28T23:00:00Z,0.08,0.00,400.00,98.50,99.00,0.08,0.00,0.00,0.00,none
2024-02-29T00:00:00Z,0.00,0.00,400.00,98.50,99.00,0.00,0.00,0.00,0.00,none
2024-02-29T01:00:00Z,0.00,0.00,400.00,98.50,99.00,0.00,0.00,0.00,0.00,none
2024-02-29T02:00:00Z,0.00,0.00,400.00,98.50,99.00,0.00,0.00,0.00,0.00,none
2024-02-29T03:00:00Z,0.18,0.00,400.00,98.50,99.00,0.18,0.00,0.00,0.00,none
2024-02-29T04:00:00Z,3.75,7.74,400.00,98.50,99.00,3.75,0.00,7.74,0.00,none
2024-02-29T05:00:00Z,96.87,22.54,400.00,98.50,99.00,96.87,0.00,22.54,0.00,none
2024-02-29T06:00:00Z,163.24,37.58,400.00,98.50,99.00,163.24,0.00,37.58,0.00,none
2024-02-29T07:00:00Z,163.24,50.24,400.00,98.50,99.00,163.24,0.00,50.24,0.00,none
2024-02-29T08:00:00Z,151.41,59.04,400.00,98.50,99.00,151.41,0.00,59.04,0.00,none
2024-02-29T09:00:00Z,124.92,63.52,400.00,98.50,99.00,124.92,0.00,63.52,0.00,none
2024-02-29T10:00:00Z,99.76,62.35,400.00,98.50,99.00,99.76,0.00,62.35,0.00,none
2024-02-29T11:00:00Z,75.78,55.77,400.00,98.50,99.00,75.78,0.00,55.77,0.00,none
2024-02-29T12:00:00Z,49.64,45.26,400.00,98.50,99.00,49.64,0.00,45.26,0.00,none
2024-02-29T13:00:00Z,32.11,31.16,400.00,98.50,99.00,32.11,0.00,31.16,0.00,none
2024-02-29T14:00:00Z,24.97,15.41,400.00,98.50,99.00,24.97,0.00,15.41,0.00,none
2024-02-29T15:00:00Z,13.25,2.02,400.00,98.50,99.00,13.25,0.00,2.02,0.00,none
2024-02-29T16:00:00Z,16.52,0.00,400.00,98.50,99.00,16.52,0.00,0.00,0.00,none
2024-02-29T17:00:00Z,28.18,0.00,400.00,98.50,99.00,28.18,0.00,0.00,0.00,none
2024-02-29T18:00:00Z,29.89,0.00,400.00,98.50,99.00,29.89,0.00,0.00,0.00,none
2024-02-29T19:00:00Z,32.57,0.00,400.00,98.50,99.00,32.57,0.00,0.00,0.00,none
2024-02-29T20:00:00Z,29.46,0.00,400.00,98.50,99.00,29.46,0.00,0.00,0.00,none
2024-02-29T21:00:00Z,26.95,0.00,400.00,98.50,99.00,26.95,0.00,0.00,0.00,none
2024-02-29T22:00:00Z,28.18,0.00,400.00,98.50,99.00,28.18,0.00,0.00,0.00,none
2024-02-29T23:00:00Z,47.83,0.00,400.00,98.50,99.00,47.83,0.00,0.00,0.00,none
2024-03-01T00:00:00Z,21.31,0.00,400.00,98.50,99.00,21.31,0.00,0.00,0.00,none
2024-03-01T01:00:00Z,53.38,0.00,400.00,98.50,99.00,53.38,0.00,0.00,0.00,none
2024-03-01T02:00:00Z,94.05,0.00,400.00,98.50,99.00,94.05,0.00,0.00,0.00,none
2024-03-01T03:00:00Z,235.15,0.00,400.00,98.50,99.00,235.15,0.00,0.00,0.00,none
2024-03-01T04:00:00Z,305.60,7.15,400.00,98.50,99.00,305.60,0.00,4.40,2.74,wind_priority_shared_poi_headroom
2024-03-01T05:00:00Z,305.60,21.60,400.00,98.50,99.00,305.60,0.00,4.40,17.20,wind_priority_shared_poi_headroom
2024-03-01T06:00:00Z,305.60,37.34,400.00,98.50,99.00,305.60,0.00,4.40,32.94,wind_priority_shared_poi_headroom
2024-03-01T07:00:00Z,305.60,50.73,400.00,98.50,99.00,305.60,0.00,4.40,46.33,wind_priority_shared_poi_headroom
2024-03-01T08:00:00Z,305.60,59.06,400.00,98.50,99.00,305.60,0.00,4.40,54.66,wind_priority_shared_poi_headroom
2024-03-01T09:00:00Z,305.60,62.28,400.00,98.50,99.00,305.60,0.00,4.40,57.88,wind_priority_shared_poi_headroom
2024-03-01T10:00:00Z,305.60,56.47,400.00,98.50,99.00,305.60,0.00,4.40,52.06,wind_priority_shared_poi_headroom
2024-03-01T11:00:00Z,284.70,54.73,400.00,98.50,99.00,284.70,0.00,25.30,29.43,wind_priority_shared_poi_headroom
2024-03-01T12:00:00Z,231.73,44.20,400.00,98.50,99.00,231.73,0.00,44.20,0.00,none
2024-03-01T13:00:00Z,194.73,30.78,400.00,98.50,99.00,194.73,0.00,30.78,0.00,none
2024-03-01T14:00:00Z,156.59,15.20,400.00,98.50,99.00,156.59,0.00,15.20,0.00,none
2024-03-01T15:00:00Z,71.03,2.07,400.00,98.50,99.00,71.03,0.00,2.07,0.00,none
2024-03-01T16:00:00Z,61.44,0.00,400.00,98.50,99.00,61.44,0.00,0.00,0.00,none
2024-03-01T17:00:00Z,87.66,0.00,400.00,98.50,99.00,87.66,0.00,0.00,0.00,none
2024-03-01T18:00:00Z,110.82,0.00,400.00,98.50,99.00,110.82,0.00,0.00,0.00,none
2024-03-01T19:00:00Z,107.73,0.00,400.00,98.50,99.00,107.73,0.00,0.00,0.00,none
2024-03-01T20:00:00Z,101.71,0.00,400.00,98.50,99.00,101.71,0.00,0.00,0.00,none
2024-03-01T21:00:00Z,61.44,0.00,400.00,98.50,99.00,61.44,0.00,0.00,0.00,none
2024-03-01T22:00:00Z,33.50,0.00,400.00,98.50,99.00,33.50,0.00,0.00,0.00,none
2024-03-01T23:00:00Z,20.62,0.00,400.00,98.50,99.00,20.62,0.00,0.00,0.00,none
2024-03-02T00:00:00Z,10.66,0.00,400.00,98.50,99.00,10.66,0.00,0.00,0.00,none
2024-03-02T01:00:00Z,4.32,0.00,400.00,98.50,99.00,4.32,0.00,0.00,0.00,none
2024-03-02T02:00:00Z,3.97,0.00,400.00,98.50,99.00,3.97,0.00,0.00,0.00,none
2024-03-02T03:00:00Z,15.37,0.00,400.00,98.50,99.00,15.37,0.00,0.00,0.00,none
2024-03-02T04:00:00Z,221.66,8.00,400.00,98.50,99.00,221.66,0.00,8.00,0.00,none
2024-03-02T05:00:00Z,305.60,23.70,400.00,98.50,99.00,305.60,0.00,4.40,19.30,wind_priority_shared_poi_headroom
2024-03-02T06:00:00Z,305.60,39.79,400.00,98.50,99.00,305.60,0.00,4.40,35.39,wind_priority_shared_poi_headroom
2024-03-02T07:00:00Z,305.60,52.67,400.00,98.50,99.00,305.60,0.00,4.40,48.26,wind_priority_shared_poi_headroom
2024-03-02T08:00:00Z,305.60,60.96,400.00,98.50,99.00,305.60,0.00,4.40,56.55,wind_priority_shared_poi_headroom
2024-03-02T09:00:00Z,305.60,64.83,400.00,98.50,99.00,305.60,0.00,4.40,60.42,wind_priority_shared_poi_headroom
2024-03-02T10:00:00Z,305.60,63.11,400.00,98.50,99.00,305.60,0.00,4.40,58.71,wind_priority_shared_poi_headroom
2024-03-02T11:00:00Z,305.60,56.96,400.00,98.50,99.00,305.60,0.00,4.40,52.56,wind_priority_shared_poi_headroom
2024-03-02T12:00:00Z,305.60,45.77,400.00,98.50,99.00,305.60,0.00,4.40,41.37,wind_priority_shared_poi_headroom
2024-03-02T13:00:00Z,275.04,31.33,400.00,98.50,99.00,275.04,0.00,31.33,0.00,none
2024-03-02T14:00:00Z,221.66,15.86,400.00,98.50,99.00,221.66,0.00,15.86,0.00,none
2024-03-02T15:00:00Z,132.98,2.19,400.00,98.50,99.00,132.98,0.00,2.19,0.00,none
2024-03-02T16:00:00Z,137.74,0.00,400.00,98.50,99.00,137.74,0.00,0.00,0.00,none
2024-03-02T17:00:00Z,167.32,0.00,400.00,98.50,99.00,167.32,0.00,0.00,0.00,none
2024-03-02T18:00:00Z,178.52,0.00,400.00,98.50,99.00,178.52,0.00,0.00,0.00,none
2024-03-02T19:00:00Z,171.47,0.00,400.00,98.50,99.00,171.47,0.00,0.00,0.00,none
2024-03-02T20:00:00Z,138.95,0.00,400.00,98.50,99.00,138.95,0.00,0.00,0.00,none
2024-03-02T21:00:00Z,123.79,0.00,400.00,98.50,99.00,123.79,0.00,0.00,0.00,none
2024-03-02T22:00:00Z,113.98,0.00,400.00,98.50,99.00,113.98,0.00,0.00,0.00,none
2024-03-02T23:00:00Z,96.87,0.00,400.00,98.50,99.00,96.87,0.00,0.00,0.00,none
2024-03-03T00:00:00Z,67.98,0.00,400.00,98.50,99.00,67.98,0.00,0.00,0.00,none
2024-03-03T01:00:00Z,43.23,0.00,400.00,98.50,99.00,43.23,0.00,0.00,0.00,none
2024-03-03T02:00:00Z,31.21,0.00,400.00,98.50,99.00,31.21,0.00,0.00,0.00,none
2024-03-03T03:00:00Z,26.14,0.00,400.00,98.50,99.00,26.14,0.00,0.00,0.00,none
2024-03-03T04:00:00Z,38.93,8.16,400.00,98.50,99.00,38.93,0.00,8.16,0.00,none
2024-03-03T05:00:00Z,305.60,23.27,400.00,98.50,99.00,305.60,0.00,4.40,18.87,wind_priority_shared_poi_headroom
2024-03-03T06:00:00Z,305.60,39.27,400.00,98.50,99.00,305.60,0.00,4.40,34.87,wind_priority_shared_poi_headroom
2024-03-03T07:00:00Z,305.60,52.04,400.00,98.50,99.00,305.60,0.00,4.40,47.64,wind_priority_shared_poi_headroom
2024-03-03T08:00:00Z,305.60,60.26,400.00,98.50,99.00,305.60,0.00,4.40,55.85,wind_priority_shared_poi_headroom
2024-03-03T09:00:00Z,305.60,64.56,400.00,98.50,99.00,305.60,0.00,4.40,60.16,wind_priority_shared_poi_headroom
2024-03-03T10:00:00Z,267.48,52.50,400.00,98.50,99.00,267.48,0.00,42.52,9.98,wind_priority_shared_poi_headroom
2024-03-03T11:00:00Z,151.41,55.25,400.00,98.50,99.00,151.41,0.00,55.25,0.00,none
2024-03-03T12:00:00Z,85.89,44.89,400.00,98.50,99.00,85.89,0.00,44.89,0.00,none
2024-03-03T13:00:00Z,54.67,30.94,400.00,98.50,99.00,54.67,0.00,30.94,0.00,none
2024-03-03T14:00:00Z,37.40,14.89,400.00,98.50,99.00,37.40,0.00,14.89,0.00,none
2024-03-03T15:00:00Z,18.97,1.92,400.00,98.50,99.00,18.97,0.00,1.92,0.00,none
2024-03-03T16:00:00Z,30.33,0.00,400.00,98.50,99.00,30.33,0.00,0.00,0.00,none
2024-03-03T17:00:00Z,64.29,0.00,400.00,98.50,99.00,64.29,0.00,0.00,0.00,none
2024-03-03T18:00:00Z,87.66,0.00,400.00,98.50,99.00,87.66,0.00,0.00,0.00,none
2024-03-03T19:00:00Z,87.66,0.00,400.00,98.50,99.00,87.66,0.00,0.00,0.00,none
2024-03-03T20:00:00Z,82.43,0.00,400.00,98.50,99.00,82.43,0.00,0.00,0.00,none
2024-03-03T21:00:00Z,63.57,0.00,400.00,98.50,99.00,63.57,0.00,0.00,0.00,none
2024-03-03T22:00:00Z,49.03,0.00,400.00,98.50,99.00,49.03,0.00,0.00,0.00,none
2024-03-03T23:00:00Z,33.50,0.00,400.00,98.50,99.00,33.50,0.00,0.00,0.00,none
2024-03-04T00:00:00Z,23.09,0.00,400.00,98.50,99.00,23.09,0.00,0.00,0.00,none
2024-03-04T01:00:00Z,19.30,0.00,400.00,98.50,99.00,19.30,0.00,0.00,0.00,none
2024-03-04T02:00:00Z,25.75,0.00,400.00,98.50,99.00,25.75,0.00,0.00,0.00,none
2024-03-04T03:00:00Z,63.57,0.00,400.00,98.50,99.00,63.57,0.00,0.00,0.00,none
2024-03-04T04:00:00Z,305.60,8.40,400.00,98.50,99.00,305.60,0.00,4.40,4.00,wind_priority_shared_poi_headroom
2024-03-04T05:00:00Z,305.60,23.76,400.00,98.50,99.00,305.60,0.00,4.40,19.35,wind_priority_shared_poi_headroom
2024-03-04T06:00:00Z,305.60,39.49,400.00,98.50,99.00,305.60,0.00,4.40,35.09,wind_priority_shared_poi_headroom
2024-03-04T07:00:00Z,305.60,52.37,400.00,98.50,99.00,305.60,0.00,4.40,47.96,wind_priority_shared_poi_headroom
2024-03-04T08:00:00Z,305.60,60.24,400.00,98.50,99.00,305.60,0.00,4.40,55.83,wind_priority_shared_poi_headroom
2024-03-04T09:00:00Z,305.60,61.71,400.00,98.50,99.00,305.60,0.00,4.40,57.30,wind_priority_shared_poi_headroom
2024-03-04T10:00:00Z,233.44,56.87,400.00,98.50,99.00,233.44,0.00,56.87,0.00,none
2024-03-04T11:00:00Z,132.98,48.83,400.00,98.50,99.00,132.98,0.00,48.83,0.00,none
2024-03-04T12:00:00Z,81.58,36.76,400.00,98.50,99.00,81.58,0.00,36.76,0.00,none
2024-03-04T13:00:00Z,62.85,26.97,400.00,98.50,99.00,62.85,0.00,26.97,0.00,none
2024-03-04T14:00:00Z,57.99,13.03,400.00,98.50,99.00,57.99,0.00,13.03,0.00,none
2024-03-04T15:00:00Z,52.11,1.73,400.00,98.50,99.00,52.11,0.00,1.73,0.00,none
2024-03-04T16:00:00Z,94.05,0.00,400.00,98.50,99.00,94.05,0.00,0.00,0.00,none
2024-03-04T17:00:00Z,172.86,0.00,400.00,98.50,99.00,172.86,0.00,0.00,0.00,none
2024-03-04T18:00:00Z,242.10,0.00,400.00,98.50,99.00,242.10,0.00,0.00,0.00,none
2024-03-04T19:00:00Z,249.18,0.00,400.00,98.50,99.00,249.18,0.00,0.00,0.00,none
2024-03-04T20:00:00Z,196.25,0.00,400.00,98.50,99.00,196.25,0.00,0.00,0.00,none
2024-03-04T21:00:00Z,147.59,0.00,400.00,98.50,99.00,147.59,0.00,0.00,0.00,none
2024-03-04T22:00:00Z,129.48,0.00,400.00,98.50,99.00,129.48,0.00,0.00,0.00,none
2024-03-04T23:00:00Z,119.36,0.00,400.00,98.50,99.00,119.36,0.00,0.00,0.00,none
2024-03-05T00:00:00Z,140.16,0.00,400.00,98.50,99.00,140.16,0.00,0.00,0.00,none
2024-03-05T01:00:00Z,243.85,0.00,400.00,98.50,99.00,243.85,0.00,0.00,0.00,none
2024-03-05T02:00:00Z,305.60,0.00,400.00,98.50,99.00,305.60,0.00,0.00,0.00,none
2024-03-05T03:00:00Z,305.60,0.00,400.00,98.50,99.00,305.60,0.00,0.00,0.00,none
2024-03-05T04:00:00Z,305.60,7.17,400.00,98.50,99.00,305.60,0.00,4.40,2.76,wind_priority_shared_poi_headroom
2024-03-05T05:00:00Z,305.60,20.32,400.00,98.50,99.00,305.60,0.00,4.40,15.92,wind_priority_shared_poi_headroom
2024-03-05T06:00:00Z,305.60,35.24,400.00,98.50,99.00,305.60,0.00,4.40,30.83,wind_priority_shared_poi_headroom
2024-03-05T07:00:00Z,305.60,50.83,400.00,98.50,99.00,305.60,0.00,4.40,46.43,wind_priority_shared_poi_headroom
2024-03-05T08:00:00Z,305.60,59.47,400.00,98.50,99.00,305.60,0.00,4.40,55.06,wind_priority_shared_poi_headroom
2024-03-05T09:00:00Z,305.60,61.29,400.00,98.50,99.00,305.60,0.00,4.40,56.88,wind_priority_shared_poi_headroom
2024-03-05T10:00:00Z,305.60,58.53,400.00,98.50,99.00,305.60,0.00,4.40,54.13,wind_priority_shared_poi_headroom
2024-03-05T11:00:00Z,305.60,48.00,400.00,98.50,99.00,305.60,0.00,4.40,43.59,wind_priority_shared_poi_headroom
2024-03-05T12:00:00Z,305.60,42.12,400.00,98.50,99.00,305.60,0.00,4.40,37.72,wind_priority_shared_poi_headroom
2024-03-05T13:00:00Z,305.60,28.77,400.00,98.50,99.00,305.60,0.00,4.40,24.36,wind_priority_shared_poi_headroom
2024-03-05T14:00:00Z,305.60,13.88,400.00,98.50,99.00,305.60,0.00,4.40,9.48,wind_priority_shared_poi_headroom
2024-03-05T15:00:00Z,305.60,1.78,400.00,98.50,99.00,305.60,0.00,1.78,0.00,none
2024-03-05T16:00:00Z,305.60,0.00,400.00,98.50,99.00,305.60,0.00,0.00,0.00,none
2024-03-05T17:00:00Z,184.31,0.00,400.00,98.50,99.00,184.31,0.00,0.00,0.00,none
2024-03-05T18:00:00Z,77.40,0.00,400.00,98.50,99.00,77.40,0.00,0.00,0.00,none
2024-03-05T19:00:00Z,42.13,0.00,400.00,98.50,99.00,42.13,0.00,0.00,0.00,none
2024-03-05T20:00:00Z,43.23,0.00,400.00,98.50,99.00,43.23,0.00,0.00,0.00,none
2024-03-05T21:00:00Z,45.49,0.00,400.00,98.50,99.00,45.49,0.00,0.00,0.00,none
2024-03-05T22:00:00Z,37.40,0.00,400.00,98.50,99.00,37.40,0.00,0.00,0.00,none
2024-03-05T23:00:00Z,18.97,0.00,400.00,98.50,99.00,18.97,0.00,0.00,0.00,none
2024-03-06T00:00:00Z,6.07,0.00,400.00,98.50,99.00,6.07,0.00,0.00,0.00,none
2024-03-06T01:00:00Z,2.68,0.00,400.00,98.50,99.00,2.68,0.00,0.00,0.00,none
2024-03-06T02:00:00Z,2.34,0.00,400.00,98.50,99.00,2.34,0.00,0.00,0.00,none
2024-03-06T03:00:00Z,4.57,0.00,400.00,98.50,99.00,4.57,0.00,0.00,0.00,none
2024-03-06T04:00:00Z,49.03,8.12,400.00,98.50,99.00,49.03,0.00,8.12,0.00,none
2024-03-06T05:00:00Z,305.60,24.06,400.00,98.50,99.00,305.60,0.00,4.40,19.66,wind_priority_shared_poi_headroom
2024-03-06T06:00:00Z,305.60,39.89,400.00,98.50,99.00,305.60,0.00,4.40,35.49,wind_priority_shared_poi_headroom
2024-03-06T07:00:00Z,305.60,52.94,400.00,98.50,99.00,305.60,0.00,4.40,48.54,wind_priority_shared_poi_headroom
2024-03-06T08:00:00Z,305.60,61.46,400.00,98.50,99.00,305.60,0.00,4.40,57.06,wind_priority_shared_poi_headroom
2024-03-06T09:00:00Z,305.60,63.52,400.00,98.50,99.00,305.60,0.00,4.40,59.11,wind_priority_shared_poi_headroom
2024-03-06T10:00:00Z,305.60,56.31,400.00,98.50,99.00,305.60,0.00,4.40,51.90,wind_priority_shared_poi_headroom
2024-03-06T11:00:00Z,305.60,55.08,400.00,98.50,99.00,305.60,0.00,4.40,50.68,wind_priority_shared_poi_headroom
2024-03-06T12:00:00Z,305.60,42.00,400.00,98.50,99.00,305.60,0.00,4.40,37.60,wind_priority_shared_poi_headroom
2024-03-06T13:00:00Z,305.60,28.44,400.00,98.50,99.00,305.60,0.00,4.40,24.03,wind_priority_shared_poi_headroom
2024-03-06T14:00:00Z,305.60,13.88,400.00,98.50,99.00,305.60,0.00,4.40,9.47,wind_priority_shared_poi_headroom
2024-03-06T15:00:00Z,305.60,1.84,400.00,98.50,99.00,305.60,0.00,1.84,0.00,none
2024-03-06T16:00:00Z,305.60,0.00,400.00,98.50,99.00,305.60,0.00,0.00,0.00,none
2024-03-06T17:00:00Z,254.58,0.00,400.00,98.50,99.00,254.58,0.00,0.00,0.00,none
2024-03-06T18:00:00Z,188.73,0.00,400.00,98.50,99.00,188.73,0.00,0.00,0.00,none
2024-03-06T19:00:00Z,101.71,0.00,400.00,98.50,99.00,101.71,0.00,0.00,0.00,none
2024-03-06T20:00:00Z,75.78,0.00,400.00,98.50,99.00,75.78,0.00,0.00,0.00,none
2024-03-06T21:00:00Z,60.04,0.00,400.00,98.50,99.00,60.04,0.00,0.00,0.00,none
2024-03-06T22:00:00Z,54.03,0.00,400.00,98.50,99.00,54.03,0.00,0.00,0.00,none
2024-03-06T23:00:00Z,43.23,0.00,400.00,98.50,99.00,43.23,0.00,0.00,0.00,none
2024-03-07T00:00:00Z,36.89,0.00,400.00,98.50,99.00,36.89,0.00,0.00,0.00,none
2024-03-07T01:00:00Z,33.04,0.00,400.00,98.50,99.00,33.04,0.00,0.00,0.00,none
2024-03-07T02:00:00Z,43.79,0.00,400.00,98.50,99.00,43.79,0.00,0.00,0.00,none
2024-03-07T03:00:00Z,61.44,0.00,400.00,98.50,99.00,61.44,0.00,0.00,0.00,none
2024-03-07T04:00:00Z,146.34,7.68,400.00,98.50,99.00,146.34,0.00,7.68,0.00,none
2024-03-07T05:00:00Z,305.60,22.97,400.00,98.50,99.00,305.60,0.00,4.40,18.57,wind_priority_shared_poi_headroom
2024-03-07T06:00:00Z,305.60,38.05,400.00,98.50,99.00,305.60,0.00,4.40,33.65,wind_priority_shared_poi_headroom
2024-03-07T07:00:00Z,305.60,51.47,400.00,98.50,99.00,305.60,0.00,4.40,47.07,wind_priority_shared_poi_headroom
2024-03-07T08:00:00Z,305.60,60.79,400.00,98.50,99.00,305.60,0.00,4.40,56.39,wind_priority_shared_poi_headroom
2024-03-07T09:00:00Z,305.60,65.31,400.00,98.50,99.00,305.60,0.00,4.40,60.90,wind_priority_shared_poi_headroom
2024-03-07T10:00:00Z,267.48,63.65,400.00,98.50,99.00,267.48,0.00,42.52,21.13,wind_priority_shared_poi_headroom
2024-03-07T11:00:00Z,221.66,57.49,400.00,98.50,99.00,221.66,0.00,57.49,0.00,none
2024-03-07T12:00:00Z,202.41,46.11,400.00,98.50,99.00,202.41,0.00,46.11,0.00,none
2024-03-07T13:00:00Z,203.97,31.60,400.00,98.50,99.00,203.97,0.00,31.60,0.00,none
2024-03-07T14:00:00Z,211.89,15.47,400.00,98.50,99.00,211.89,0.00,15.47,0.00,none
2024-03-07T15:00:00Z,168.69,2.04,400.00,98.50,99.00,168.69,0.00,2.04,0.00,none
2024-03-07T16:00:00Z,170.08,0.00,400.00,98.50,99.00,170.08,0.00,0.00,0.00,none
2024-03-07T17:00:00Z,203.97,0.00,400.00,98.50,99.00,203.97,0.00,0.00,0.00,none
2024-03-07T18:00:00Z,194.73,0.00,400.00,98.50,99.00,194.73,0.00,0.00,0.00,none
2024-03-07T19:00:00Z,163.24,0.00,400.00,98.50,99.00,163.24,0.00,0.00,0.00,none
2024-03-07T20:00:00Z,143.85,0.00,400.00,98.50,99.00,143.85,0.00,0.00,0.00,none
2024-03-07T21:00:00Z,137.74,0.00,400.00,98.50,99.00,137.74,0.00,0.00,0.00,none
2024-03-07T22:00:00Z,135.35,0.00,400.00,98.50,99.00,135.35,0.00,0.00,0.00,none
2024-03-07T23:00:00Z,131.81,0.00,400.00,98.50,99.00,131.81,0.00,0.00,0.00,none
2024-03-08T00:00:00Z,115.04,0.00,400.00,98.50,99.00,115.04,0.00,0.00,0.00,none
2024-03-08T01:00:00Z,81.58,0.00,400.00,98.50,99.00,81.58,0.00,0.00,0.00,none
2024-03-08T02:00:00Z,60.74,0.00,400.00,98.50,99.00,60.74,0.00,0.00,0.00,none
2024-03-08T03:00:00Z,35.90,0.00,400.00,98.50,99.00,35.90,0.00,0.00,0.00,none
2024-03-08T04:00:00Z,38.93,8.68,400.00,98.50,99.00,38.93,0.00,8.68,0.00,none
2024-03-08T05:00:00Z,249.18,24.51,400.00,98.50,99.00,249.18,0.00,24.51,0.00,none
2024-03-08T06:00:00Z,305.60,40.20,400.00,98.50,99.00,305.60,0.00,4.40,35.80,wind_priority_shared_poi_headroom
2024-03-08T07:00:00Z,305.60,52.99,400.00,98.50,99.00,305.60,0.00,4.40,48.58,wind_priority_shared_poi_headroom
2024-03-08T08:00:00Z,298.59,61.16,400.00,98.50,99.00,298.59,0.00,11.41,49.75,wind_priority_shared_poi_headroom
2024-03-08T09:00:00Z,269.36,65.55,400.00,98.50,99.00,269.36,0.00,40.64,24.90,wind_priority_shared_poi_headroom
2024-03-08T10:00:00Z,263.75,61.41,400.00,98.50,99.00,263.75,0.00,46.25,15.16,wind_priority_shared_poi_headroom
2024-03-08T11:00:00Z,269.36,56.47,400.00,98.50,99.00,269.36,0.00,40.64,15.82,wind_priority_shared_poi_headroom
2024-03-08T12:00:00Z,290.60,44.26,400.00,98.50,99.00,290.60,0.00,19.40,24.85,wind_priority_shared_poi_headroom
2024-03-08T13:00:00Z,305.60,30.60,400.00,98.50,99.00,305.60,0.00,4.40,26.20,wind_priority_shared_poi_headroom
2024-03-08T14:00:00Z,305.60,14.97,400.00,98.50,99.00,305.60,0.00,4.40,10.57,wind_priority_shared_poi_headroom
2024-03-08T15:00:00Z,300.61,1.97,400.00,98.50,99.00,300.61,0.00,1.97,0.00,none
2024-03-08T16:00:00Z,215.12,0.00,400.00,98.50,99.00,215.12,0.00,0.00,0.00,none
2024-03-08T17:00:00Z,193.22,0.00,400.00,98.50,99.00,193.22,0.00,0.00,0.00,none
2024-03-08T18:00:00Z,123.79,0.00,400.00,98.50,99.00,123.79,0.00,0.00,0.00,none
2024-03-08T19:00:00Z,102.70,0.00,400.00,98.50,99.00,102.70,0.00,0.00,0.00,none
2024-03-08T20:00:00Z,107.73,0.00,400.00,98.50,99.00,107.73,0.00,0.00,0.00,none
2024-03-08T21:00:00Z,108.75,0.00,400.00,98.50,99.00,108.75,0.00,0.00,0.00,none
2024-03-08T22:00:00Z,101.71,0.00,400.00,98.50,99.00,101.71,0.00,0.00,0.00,none
2024-03-08T23:00:00Z,87.66,0.00,400.00,98.50,99.00,87.66,0.00,0.00,0.00,none
2024-03-09T00:00:00Z,75.78,0.00,400.00,98.50,99.00,75.78,0.00,0.00,0.00,none
2024-03-09T01:00:00Z,65.02,0.00,400.00,98.50,99.00,65.02,0.00,0.00,0.00,none
2024-03-09T02:00:00Z,54.03,0.00,400.00,98.50,99.00,54.03,0.00,0.00,0.00,none
2024-03-09T03:00:00Z,41.58,0.00,400.00,98.50,99.00,41.58,0.00,0.00,0.00,none
2024-03-09T04:00:00Z,135.35,7.99,400.00,98.50,99.00,135.35,0.00,7.99,0.00,none
2024-03-09T05:00:00Z,305.60,22.11,400.00,98.50,99.00,305.60,0.00,4.40,17.71,wind_priority_shared_poi_headroom
2024-03-09T06:00:00Z,305.60,36.69,400.00,98.50,99.00,305.60,0.00,4.40,32.28,wind_priority_shared_poi_headroom
2024-03-09T07:00:00Z,305.60,51.56,400.00,98.50,99.00,305.60,0.00,4.40,47.16,wind_priority_shared_poi_headroom
2024-03-09T08:00:00Z,305.60,59.19,400.00,98.50,99.00,305.60,0.00,4.40,54.79,wind_priority_shared_poi_headroom
2024-03-09T09:00:00Z,305.60,62.02,400.00,98.50,99.00,305.60,0.00,4.40,57.62,wind_priority_shared_poi_headroom
2024-03-09T10:00:00Z,305.60,57.44,400.00,98.50,99.00,305.60,0.00,4.40,53.04,wind_priority_shared_poi_headroom
2024-03-09T11:00:00Z,305.60,50.60,400.00,98.50,99.00,305.60,0.00,4.40,46.20,wind_priority_shared_poi_headroom
2024-03-09T12:00:00Z,305.60,43.27,400.00,98.50,99.00,305.60,0.00,4.40,38.86,wind_priority_shared_poi_headroom
2024-03-09T13:00:00Z,305.60,29.94,400.00,98.50,99.00,305.60,0.00,4.40,25.54,wind_priority_shared_poi_headroom
2024-03-09T14:00:00Z,278.88,14.56,400.00,98.50,99.00,278.88,0.00,14.56,0.00,none
2024-03-09T15:00:00Z,150.13,1.84,400.00,98.50,99.00,150.13,0.00,1.84,0.00,none
2024-03-09T16:00:00Z,98.79,0.00,400.00,98.50,99.00,98.79,0.00,0.00,0.00,none
2024-03-09T17:00:00Z,64.29,0.00,400.00,98.50,99.00,64.29,0.00,0.00,0.00,none
2024-03-09T18:00:00Z,32.11,0.00,400.00,98.50,99.00,32.11,0.00,0.00,0.00,none
2024-03-09T19:00:00Z,26.95,0.00,400.00,98.50,99.00,26.95,0.00,0.00,0.00,none
2024-03-09T20:00:00Z,34.93,0.00,400.00,98.50,99.00,34.93,0.00,0.00,0.00,none
2024-03-09T21:00:00Z,38.93,0.00,400.00,98.50,99.00,38.93,0.00,0.00,0.00,none
2024-03-09T22:00:00Z,30.77,0.00,400.00,98.50,99.00,30.77,0.00,0.00,0.00,none
2024-03-09T23:00:00Z,19.95,0.00,400.00,98.50,99.00,19.95,0.00,0.00,0.00,none
2024-03-10T00:00:00Z,16.23,0.00,400.00,98.50,99.00,16.23,0.00,0.00,0.00,none
2024-03-10T01:00:00Z,19.30,0.00,400.00,98.50,99.00,19.30,0.00,0.00,0.00,none
2024-03-10T02:00:00Z,30.33,0.00,400.00,98.50,99.00,30.33,0.00,0.00,0.00,none
2024-03-10T03:00:00Z,42.67,0.00,400.00,98.50,99.00,42.67,0.00,0.00,0.00,none
2024-03-10T04:00:00Z,143.85,7.79,400.00,98.50,99.00,143.85,0.00,7.79,0.00,none
2024-03-10T05:00:00Z,305.60,22.13,400.00,98.50,99.00,305.60,0.00,4.40,17.73,wind_priority_shared_poi_headroom
2024-03-10T06:00:00Z,305.60,36.77,400.00,98.50,99.00,305.60,0.00,4.40,32.36,wind_priority_shared_poi_headroom
2024-03-10T07:00:00Z,305.60,49.94,400.00,98.50,99.00,305.60,0.00,4.40,45.53,wind_priority_shared_poi_headroom
2024-03-10T08:00:00Z,305.60,59.63,400.00,98.50,99.00,305.60,0.00,4.40,55.23,wind_priority_shared_poi_headroom
2024-03-10T09:00:00Z,305.60,60.04,400.00,98.50,99.00,305.60,0.00,4.40,55.63,wind_priority_shared_poi_headroom
2024-03-10T10:00:00Z,305.60,58.53,400.00,98.50,99.00,305.60,0.00,4.40,54.13,wind_priority_shared_poi_headroom
2024-03-10T11:00:00Z,305.60,52.75,400.00,98.50,99.00,305.60,0.00,4.40,48.34,wind_priority_shared_poi_headroom
2024-03-10T12:00:00Z,305.60,43.14,400.00,98.50,99.00,305.60,0.00,4.40,38.74,wind_priority_shared_poi_headroom
2024-03-10T13:00:00Z,305.60,30.35,400.00,98.50,99.00,305.60,0.00,4.40,25.94,wind_priority_shared_poi_headroom
2024-03-10T14:00:00Z,305.60,14.64,400.00,98.50,99.00,305.60,0.00,4.40,10.23,wind_priority_shared_poi_headroom
2024-03-10T15:00:00Z,187.25,1.82,400.00,98.50,99.00,187.25,0.00,1.82,0.00,none
2024-03-10T16:00:00Z,152.69,0.00,400.00,98.50,99.00,152.69,0.00,0.00,0.00,none
2024-03-10T17:00:00Z,181.40,0.00,400.00,98.50,99.00,181.40,0.00,0.00,0.00,none
2024-03-10T18:00:00Z,193.22,0.00,400.00,98.50,99.00,193.22,0.00,0.00,0.00,none
2024-03-10T19:00:00Z,150.13,0.00,400.00,98.50,99.00,150.13,0.00,0.00,0.00,none
2024-03-10T20:00:00Z,147.59,0.00,400.00,98.50,99.00,147.59,0.00,0.00,0.00,none
2024-03-10T21:00:00Z,157.91,0.00,400.00,98.50,99.00,157.91,0.00,0.00,0.00,none
2024-03-10T22:00:00Z,165.95,0.00,400.00,98.50,99.00,165.95,0.00,0.00,0.00,none
2024-03-10T23:00:00Z,157.91,0.00,400.00,98.50,99.00,157.91,0.00,0.00,0.00,none
2024-03-11T00:00:00Z,177.10,0.00,400.00,98.50,99.00,177.10,0.00,0.00,0.00,none
2024-03-11T01:00:00Z,305.60,0.00,400.00,98.50,99.00,305.60,0.00,0.00,0.00,none
2024-03-11T02:00:00Z,305.60,0.00,400.00,98.50,99.00,305.60,0.00,0.00,0.00,none
2024-03-11T03:00:00Z,305.60,0.00,400.00,98.50,99.00,305.60,0.00,0.00,0.00,none
2024-03-11T04:00:00Z,305.60,8.73,400.00,98.50,99.00,305.60,0.00,4.40,4.33,wind_priority_shared_poi_headroom
2024-03-11T05:00:00Z,305.60,24.57,400.00,98.50,99.00,305.60,0.00,4.40,20.17,wind_priority_shared_poi_headroom
2024-03-11T06:00:00Z,305.60,40.42,400.00,98.50,99.00,305.60,0.00,4.40,36.02,wind_priority_shared_poi_headroom
2024-03-11T07:00:00Z,305.60,53.39,400.00,98.50,99.00,305.60,0.00,4.40,48.98,wind_priority_shared_poi_headroom
2024-03-11T08:00:00Z,305.60,61.99,400.00,98.50,99.00,305.60,0.00,4.40,57.59,wind_priority_shared_poi_headroom
2024-03-11T09:00:00Z,305.60,64.63,400.00,98.50,99.00,305.60,0.00,4.40,60.22,wind_priority_shared_poi_headroom
2024-03-11T10:00:00Z,305.60,62.21,400.00,98.50,99.00,305.60,0.00,4.40,57.80,wind_priority_shared_poi_headroom
2024-03-11T11:00:00Z,305.60,56.84,400.00,98.50,99.00,305.60,0.00,4.40,52.44,wind_priority_shared_poi_headroom
2024-03-11T12:00:00Z,305.60,45.46,400.00,98.50,99.00,305.60,0.00,4.40,41.06,wind_priority_shared_poi_headroom
2024-03-11T13:00:00Z,305.60,30.80,400.00,98.50,99.00,305.60,0.00,4.40,26.40,wind_priority_shared_poi_headroom
2024-03-11T14:00:00Z,305.60,14.71,400.00,98.50,99.00,305.60,0.00,4.40,10.30,wind_priority_shared_poi_headroom
2024-03-11T15:00:00Z,305.60,1.81,400.00,98.50,99.00,305.60,0.00,1.81,0.00,none
2024-03-11T16:00:00Z,305.60,0.00,400.00,98.50,99.00,305.60,0.00,0.00,0.00,none
2024-03-11T17:00:00Z,305.60,0.00,400.00,98.50,99.00,305.60,0.00,0.00,0.00,none
2024-03-11T18:00:00Z,305.60,0.00,400.00,98.50,99.00,305.60,0.00,0.00,0.00,none
2024-03-11T19:00:00Z,305.60,0.00,400.00,98.50,99.00,305.60,0.00,0.00,0.00,none
2024-03-11T20:00:00Z,305.60,0.00,400.00,98.50,99.00,305.60,0.00,0.00,0.00,none
2024-03-11T21:00:00Z,305.60,0.00,400.00,98.50,99.00,305.60,0.00,0.00,0.00,none
2024-03-11T22:00:00Z,305.60,0.00,400.00,98.50,99.00,305.60,0.00,0.00,0.00,none
2024-03-11T23:00:00Z,305.60,0.00,400.00,98.50,99.00,305.60,0.00,0.00,0.00,none
2024-03-12T00:00:00Z,305.60,0.00,400.00,98.50,99.00,305.60,0.00,0.00,0.00,none
2024-03-12T01:00:00Z,305.60,0.00,400.00,98.50,99.00,305.60,0.00,0.00,0.00,none
2024-03-12T02:00:00Z,305.60,0.00,400.00,98.50,99.00,305.60,0.00,0.00,0.00,none
2024-03-12T03:00:00Z,305.60,0.00,400.00,98.50,99.00,305.60,0.00,0.00,0.00,none
2024-03-12T04:00:00Z,305.60,9.37,400.00,98.50,99.00,305.60,0.00,4.40,4.97,wind_priority_shared_poi_headroom
2024-03-12T05:00:00Z,305.60,25.69,400.00,98.50,99.00,305.60,0.00,4.40,21.29,wind_priority_shared_poi_headroom
2024-03-12T06:00:00Z,305.60,41.81,400.00,98.50,99.00,305.60,0.00,4.40,37.41,wind_priority_shared_poi_headroom
2024-03-12T07:00:00Z,305.60,54.80,400.00,98.50,99.00,305.60,0.00,4.40,50.39,wind_priority_shared_poi_headroom
2024-03-12T08:00:00Z,305.60,62.89,400.00,98.50,99.00,305.60,0.00,4.40,58.49,wind_priority_shared_poi_headroom
2024-03-12T09:00:00Z,305.60,66.75,400.00,98.50,99.00,305.60,0.00,4.40,62.35,wind_priority_shared_poi_headroom
2024-03-12T10:00:00Z,305.60,64.93,400.00,98.50,99.00,305.60,0.00,4.40,60.53,wind_priority_shared_poi_headroom
2024-03-12T11:00:00Z,305.60,58.87,400.00,98.50,99.00,305.60,0.00,4.40,54.47,wind_priority_shared_poi_headroom
2024-03-12T12:00:00Z,305.60,47.68,400.00,98.50,99.00,305.60,0.00,4.40,43.28,wind_priority_shared_poi_headroom
2024-03-12T13:00:00Z,305.60,32.94,400.00,98.50,99.00,305.60,0.00,4.40,28.54,wind_priority_shared_poi_headroom
2024-03-12T14:00:00Z,305.60,16.18,400.00,98.50,99.00,305.60,0.00,4.40,11.78,wind_priority_shared_poi_headroom
2024-03-12T15:00:00Z,269.36,2.07,400.00,98.50,99.00,269.36,0.00,2.07,0.00,none
2024-03-12T16:00:00Z,296.58,0.00,400.00,98.50,99.00,296.58,0.00,0.00,0.00,none
2024-03-12T17:00:00Z,305.60,0.00,400.00,98.50,99.00,305.60,0.00,0.00,0.00,none
2024-03-12T18:00:00Z,305.60,0.00,400.00,98.50,99.00,305.60,0.00,0.00,0.00,none
2024-03-12T19:00:00Z,305.60,0.00,400.00,98.50,99.00,305.60,0.00,0.00,0.00,none
2024-03-12T20:00:00Z,296.58,0.00,400.00,98.50,99.00,296.58,0.00,0.00,0.00,none
2024-03-12T21:00:00Z,199.32,0.00,400.00,98.50,99.00,199.32,0.00,0.00,0.00,none
2024-03-12T22:00:00Z,196.25,0.00,400.00,98.50,99.00,196.25,0.00,0.00,0.00,none
2024-03-12T23:00:00Z,175.68,0.00,400.00,98.50,99.00,175.68,0.00,0.00,0.00,none
2024-03-13T00:00:00Z,141.38,0.00,400.00,98.50,99.00,141.38,0.00,0.00,0.00,none
2024-03-13T01:00:00Z,112.92,0.00,400.00,98.50,99.00,112.92,0.00,0.00,0.00,none
2024-03-13T02:00:00Z,100.73,0.00,400.00,98.50,99.00,100.73,0.00,0.00,0.00,none
2024-03-13T03:00:00Z,113.98,0.00,400.00,98.50,99.00,113.98,0.00,0.00,0.00,none
2024-03-13T04:00:00Z,127.19,9.68,400.00,98.50,99.00,127.19,0.00,9.68,0.00,none
2024-03-13T05:00:00Z,305.60,26.02,400.00,98.50,99.00,305.60,0.00,4.40,21.61,wind_priority_shared_poi_headroom
2024-03-13T06:00:00Z,305.60,41.89,400.00,98.50,99.00,305.60,0.00,4.40,37.48,wind_priority_shared_poi_headroom
2024-03-13T07:00:00Z,305.60,54.63,400.00,98.50,99.00,305.60,0.00,4.40,50.23,wind_priority_shared_poi_headroom
2024-03-13T08:00:00Z,305.60,62.57,400.00,98.50,99.00,305.60,0.00,4.40,58.16,wind_priority_shared_poi_headroom
2024-03-13T09:00:00Z,305.60,66.39,400.00,98.50,99.00,305.60,0.00,4.40,61.98,wind_priority_shared_poi_headroom
2024-03-13T10:00:00Z,305.60,60.31,400.00,98.50,99.00,305.60,0.00,4.40,55.90,wind_priority_shared_poi_headroom
2024-03-13T11:00:00Z,305.60,57.87,400.00,98.50,99.00,305.60,0.00,4.40,53.47,wind_priority_shared_poi_headroom
2024-03-13T12:00:00Z,305.60,46.54,400.00,98.50,99.00,305.60,0.00,4.40,42.14,wind_priority_shared_poi_headroom
2024-03-13T13:00:00Z,305.60,32.07,400.00,98.50,99.00,305.60,0.00,4.40,27.67,wind_priority_shared_poi_headroom
2024-03-13T14:00:00Z,305.60,15.76,400.00,98.50,99.00,305.60,0.00,4.40,11.35,wind_priority_shared_poi_headroom
2024-03-13T15:00:00Z,305.60,2.00,400.00,98.50,99.00,305.60,0.00,2.00,0.00,none
2024-03-13T16:00:00Z,305.60,0.00,400.00,98.50,99.00,305.60,0.00,0.00,0.00,none
2024-03-13T17:00:00Z,305.60,0.00,400.00,98.50,99.00,305.60,0.00,0.00,0.00,none
2024-03-13T18:00:00Z,305.60,0.00,400.00,98.50,99.00,305.60,0.00,0.00,0.00,none
2024-03-13T19:00:00Z,305.60,0.00,400.00,98.50,99.00,305.60,0.00,0.00,0.00,none
2024-03-13T20:00:00Z,305.60,0.00,400.00,98.50,99.00,305.60,0.00,0.00,0.00,none
2024-03-13T21:00:00Z,294.58,0.00,400.00,98.50,99.00,294.58,0.00,0.00,0.00,none
2024-03-13T22:00:00Z,288.62,0.00,400.00,98.50,99.00,288.62,0.00,0.00,0.00,none
2024-03-13T23:00:00Z,304.68,0.00,400.00,98.50,99.00,304.68,0.00,0.00,0.00,none
2024-03-14T00:00:00Z,305.60,0.00,400.00,98.50,99.00,305.60,0.00,0.00,0.00,none
2024-03-14T01:00:00Z,302.64,0.00,400.00,98.50,99.00,302.64,0.00,0.00,0.00,none
2024-03-14T02:00:00Z,273.14,0.00,400.00,98.50,99.00,273.14,0.00,0.00,0.00,none
2024-03-14T03:00:00Z,208.70,0.00,400.00,98.50,99.00,208.70,0.00,0.00,0.00,none
2024-03-14T04:00:00Z,305.60,9.49,400.00,98.50,99.00,305.60,0.00,4.40,5.09,wind_priority_shared_poi_headroom
2024-03-14T05:00:00Z,305.60,25.55,400.00,98.50,99.00,305.60,0.00,4.40,21.15,wind_priority_shared_poi_headroom
2024-03-14T06:00:00Z,305.60,41.34,400.00,98.50,99.00,305.60,0.00,4.40,36.94,wind_priority_shared_poi_headroom
2024-03-14T07:00:00Z,305.60,54.03,400.00,98.50,99.00,305.60,0.00,4.40,49.63,wind_priority_shared_poi_headroom
2024-03-14T08:00:00Z,305.60,61.89,400.00,98.50,99.00,305.60,0.00,4.40,57.49,wind_priority_shared_poi_headroom
2024-03-14T09:00:00Z,305.60,65.99,400.00,98.50,99.00,305.60,0.00,4.40,61.59,wind_priority_shared_poi_headroom
2024-03-14T10:00:00Z,305.60,64.52,400.00,98.50,99.00,305.60,0.00,4.40,60.12,wind_priority_shared_poi_headroom
2024-03-14T11:00:00Z,305.60,52.81,400.00,98.50,99.00,305.60,0.00,4.40,48.41,wind_priority_shared_poi_headroom
2024-03-14T12:00:00Z,305.60,46.42,400.00,98.50,99.00,305.60,0.00,4.40,42.01,wind_priority_shared_poi_headroom
2024-03-14T13:00:00Z,305.60,32.15,400.00,98.50,99.00,305.60,0.00,4.40,27.75,wind_priority_shared_poi_headroom
2024-03-14T14:00:00Z,305.60,15.71,400.00,98.50,99.00,305.60,0.00,4.40,11.31,wind_priority_shared_poi_headroom
2024-03-14T15:00:00Z,305.60,1.93,400.00,98.50,99.00,305.60,0.00,1.93,0.00,none
2024-03-14T16:00:00Z,305.60,0.00,400.00,98.50,99.00,305.60,0.00,0.00,0.00,none
2024-03-14T17:00:00Z,305.60,0.00,400.00,98.50,99.00,305.60,0.00,0.00,0.00,none
2024-03-14T18:00:00Z,305.60,0.00,400.00,98.50,99.00,305.60,0.00,0.00,0.00,none
2024-03-14T19:00:00Z,305.60,0.00,400.00,98.50,99.00,305.60,0.00,0.00,0.00,none
2024-03-14T20:00:00Z,294.58,0.00,400.00,98.50,99.00,294.58,0.00,0.00,0.00,none
2024-03-14T21:00:00Z,240.35,0.00,400.00,98.50,99.00,240.35,0.00,0.00,0.00,none
2024-03-14T22:00:00Z,172.86,0.00,400.00,98.50,99.00,172.86,0.00,0.00,0.00,none
2024-03-14T23:00:00Z,118.27,0.00,400.00,98.50,99.00,118.27,0.00,0.00,0.00,none
2024-03-15T00:00:00Z,91.27,0.00,400.00,98.50,99.00,91.27,0.00,0.00,0.00,none
2024-03-15T01:00:00Z,94.05,0.00,400.00,98.50,99.00,94.05,0.00,0.00,0.00,none
2024-03-15T02:00:00Z,146.34,0.00,400.00,98.50,99.00,146.34,0.00,0.00,0.00,none
2024-03-15T03:00:00Z,235.15,0.23,400.00,98.50,99.00,235.15,0.00,0.23,0.00,none
2024-03-15T04:00:00Z,305.60,9.02,400.00,98.50,99.00,305.60,0.00,4.40,4.62,wind_priority_shared_poi_headroom
2024-03-15T05:00:00Z,305.60,25.81,400.00,98.50,99.00,305.60,0.00,4.40,21.40,wind_priority_shared_poi_headroom
2024-03-15T06:00:00Z,305.60,41.56,400.00,98.50,99.00,305.60,0.00,4.40,37.16,wind_priority_shared_poi_headroom
2024-03-15T07:00:00Z,305.60,54.25,400.00,98.50,99.00,305.60,0.00,4.40,49.84,wind_priority_shared_poi_headroom
2024-03-15T08:00:00Z,305.60,62.53,400.00,98.50,99.00,305.60,0.00,4.40,58.12,wind_priority_shared_poi_headroom
2024-03-15T09:00:00Z,305.60,64.50,400.00,98.50,99.00,305.60,0.00,4.40,60.10,wind_priority_shared_poi_headroom
2024-03-15T10:00:00Z,305.60,63.36,400.00,98.50,99.00,305.60,0.00,4.40,58.95,wind_priority_shared_poi_headroom
2024-03-15T11:00:00Z,305.60,55.21,400.00,98.50,99.00,305.60,0.00,4.40,50.80,wind_priority_shared_poi_headroom
2024-03-15T12:00:00Z,305.60,45.28,400.00,98.50,99.00,305.60,0.00,4.40,40.88,wind_priority_shared_poi_headroom
2024-03-15T13:00:00Z,305.60,31.03,400.00,98.50,99.00,305.60,0.00,4.40,26.62,wind_priority_shared_poi_headroom
2024-03-15T14:00:00Z,305.60,14.89,400.00,98.50,99.00,305.60,0.00,4.40,10.48,wind_priority_shared_poi_headroom
2024-03-15T15:00:00Z,305.60,1.75,400.00,98.50,99.00,305.60,0.00,1.75,0.00,none
2024-03-15T16:00:00Z,305.60,0.00,400.00,98.50,99.00,305.60,0.00,0.00,0.00,none
2024-03-15T17:00:00Z,305.60,0.00,400.00,98.50,99.00,305.60,0.00,0.00,0.00,none
2024-03-15T18:00:00Z,305.60,0.00,400.00,98.50,99.00,305.60,0.00,0.00,0.00,none
2024-03-15T19:00:00Z,305.60,0.00,400.00,98.50,99.00,305.60,0.00,0.00,0.00,none
2024-03-15T20:00:00Z,305.60,0.00,400.00,98.50,99.00,305.60,0.00,0.00,0.00,none
2024-03-15T21:00:00Z,305.60,0.00,400.00,98.50,99.00,305.60,0.00,0.00,0.00,none
2024-03-15T22:00:00Z,305.60,0.00,400.00,98.50,99.00,305.60,0.00,0.00,0.00,none
2024-03-15T23:00:00Z,305.60,0.00,400.00,98.50,99.00,305.60,0.00,0.00,0.00,none
2024-03-16T00:00:00Z,305.60,0.00,400.00,98.50,99.00,305.60,0.00,0.00,0.00,none
2024-03-16T01:00:00Z,305.60,0.00,400.00,98.50,99.00,305.60,0.00,0.00,0.00,none
2024-03-16T02:00:00Z,305.60,0.00,400.00,98.50,99.00,305.60,0.00,0.00,0.00,none
2024-03-16T03:00:00Z,305.60,0.24,400.00,98.50,99.00,305.60,0.00,0.24,0.00,none
2024-03-16T04:00:00Z,305.60,9.10,400.00,98.50,99.00,305.60,0.00,4.40,4.69,wind_priority_shared_poi_headroom
2024-03-16T05:00:00Z,305.60,25.90,400.00,98.50,99.00,305.60,0.00,4.40,21.49,wind_priority_shared_poi_headroom
2024-03-16T06:00:00Z,305.60,41.38,400.00,98.50,99.00,305.60,0.00,4.40,36.98,wind_priority_shared_poi_headroom
2024-03-16T07:00:00Z,305.60,54.89,400.00,98.50,99.00,305.60,0.00,4.40,50.48,wind_priority_shared_poi_headroom
2024-03-16T08:00:00Z,305.60,62.77,400.00,98.50,99.00,305.60,0.00,4.40,58.36,wind_priority_shared_poi_headroom
2024-03-16T09:00:00Z,305.60,65.83,400.00,98.50,99.00,305.60,0.00,4.40,61.42,wind_priority_shared_poi_headroom
2024-03-16T10:00:00Z,305.60,64.26,400.00,98.50,99.00,305.60,0.00,4.40,59.85,wind_priority_shared_poi_headroom
2024-03-16T11:00:00Z,305.60,55.12,400.00,98.50,99.00,305.60,0.00,4.40,50.71,wind_priority_shared_poi_headroom
2024-03-16T12:00:00Z,305.60,46.51,400.00,98.50,99.00,305.60,0.00,4.40,42.10,wind_priority_shared_poi_headroom
2024-03-16T13:00:00Z,305.60,31.89,400.00,98.50,99.00,305.60,0.00,4.40,27.48,wind_priority_shared_poi_headroom
2024-03-16T14:00:00Z,305.60,15.42,400.00,98.50,99.00,305.60,0.00,4.40,11.01,wind_priority_shared_poi_headroom
2024-03-16T15:00:00Z,278.88,1.83,400.00,98.50,99.00,278.88,0.00,1.83,0.00,none
2024-03-16T16:00:00Z,305.60,0.00,400.00,98.50,99.00,305.60,0.00,0.00,0.00,none
2024-03-16T17:00:00Z,305.60,0.00,400.00,98.50,99.00,305.60,0.00,0.00,0.00,none
2024-03-16T18:00:00Z,305.60,0.00,400.00,98.50,99.00,305.60,0.00,0.00,0.00,none
2024-03-16T19:00:00Z,305.60,0.00,400.00,98.50,99.00,305.60,0.00,0.00,0.00,none
2024-03-16T20:00:00Z,250.97,0.00,400.00,98.50,99.00,250.97,0.00,0.00,0.00,none
2024-03-16T21:00:00Z,235.15,0.00,400.00,98.50,99.00,235.15,0.00,0.00,0.00,none
2024-03-16T22:00:00Z,230.03,0.00,400.00,98.50,99.00,230.03,0.00,0.00,0.00,none
2024-03-16T23:00:00Z,216.74,0.00,400.00,98.50,99.00,216.74,0.00,0.00,0.00,none
2024-03-17T00:00:00Z,193.22,0.00,400.00,98.50,99.00,193.22,0.00,0.00,0.00,none
2024-03-17T01:00:00Z,171.47,0.00,400.00,98.50,99.00,171.47,0.00,0.00,0.00,none
2024-03-17T02:00:00Z,151.41,0.00,400.00,98.50,99.00,151.41,0.00,0.00,0.00,none
2024-03-17T03:00:00Z,130.64,0.24,400.00,98.50,99.00,130.64,0.00,0.24,0.00,none
2024-03-17T04:00:00Z,79.06,8.74,400.00,98.50,99.00,79.06,0.00,8.74,0.00,none
2024-03-17T05:00:00Z,305.60,25.30,400.00,98.50,99.00,305.60,0.00,4.40,20.90,wind_priority_shared_poi_headroom
2024-03-17T06:00:00Z,305.60,41.16,400.00,98.50,99.00,305.60,0.00,4.40,36.75,wind_priority_shared_poi_headroom
2024-03-17T07:00:00Z,305.60,53.99,400.00,98.50,99.00,305.60,0.00,4.40,49.58,wind_priority_shared_poi_headroom
2024-03-17T08:00:00Z,305.60,61.99,400.00,98.50,99.00,305.60,0.00,4.40,57.59,wind_priority_shared_poi_headroom
2024-03-17T09:00:00Z,305.60,65.69,400.00,98.50,99.00,305.60,0.00,4.40,61.29,wind_priority_shared_poi_headroom
2024-03-17T10:00:00Z,273.14,61.71,400.00,98.50,99.00,273.14,0.00,36.86,24.85,wind_priority_shared_poi_headroom
2024-03-17T11:00:00Z,216.74,57.67,400.00,98.50,99.00,216.74,0.00,57.67,0.00,none
2024-03-17T12:00:00Z,190.22,46.31,400.00,98.50,99.00,190.22,0.00,46.31,0.00,none
2024-03-17T13:00:00Z,194.73,31.58,400.00,98.50,99.00,194.73,0.00,31.58,0.00,none
2024-03-17T14:00:00Z,220.01,15.23,400.00,98.50,99.00,220.01,0.00,15.23,0.00,none
2024-03-17T15:00:00Z,224.98,1.78,400.00,98.50,99.00,224.98,0.00,1.78,0.00,none
2024-03-17T16:00:00Z,305.60,0.00,400.00,98.50,99.00,305.60,0.00,0.00,0.00,none
2024-03-17T17:00:00Z,305.60,0.00,400.00,98.50,99.00,305.60,0.00,0.00,0.00,none
2024-03-17T18:00:00Z,305.60,0.00,400.00,98.50,99.00,305.60,0.00,0.00,0.00,none
2024-03-17T19:00:00Z,305.60,0.00,400.00,98.50,99.00,305.60,0.00,0.00,0.00,none
2024-03-17T20:00:00Z,305.60,0.00,400.00,98.50,99.00,305.60,0.00,0.00,0.00,none
2024-03-17T21:00:00Z,305.60,0.00,400.00,98.50,99.00,305.60,0.00,0.00,0.00,none
2024-03-17T22:00:00Z,305.60,0.00,400.00,98.50,99.00,305.60,0.00,0.00,0.00,none
2024-03-17T23:00:00Z,298.59,0.00,400.00,98.50,99.00,298.59,0.00,0.00,0.00,none
2024-03-18T00:00:00Z,284.70,0.00,400.00,98.50,99.00,284.70,0.00,0.00,0.00,none
2024-03-18T01:00:00Z,296.58,0.00,400.00,98.50,99.00,296.58,0.00,0.00,0.00,none
2024-03-18T02:00:00Z,305.60,0.00,400.00,98.50,99.00,305.60,0.00,0.00,0.00,none
2024-03-18T03:00:00Z,276.96,0.25,400.00,98.50,99.00,276.96,0.00,0.25,0.00,none
2024-03-18T04:00:00Z,305.60,8.88,400.00,98.50,99.00,305.60,0.00,4.40,4.47,wind_priority_shared_poi_headroom
2024-03-18T05:00:00Z,305.60,25.36,400.00,98.50,99.00,305.60,0.00,4.40,20.95,wind_priority_shared_poi_headroom
2024-03-18T06:00:00Z,305.60,41.20,400.00,98.50,99.00,305.60,0.00,4.40,36.80,wind_priority_shared_poi_headroom
2024-03-18T07:00:00Z,305.60,53.96,400.00,98.50,99.00,305.60,0.00,4.40,49.56,wind_priority_shared_poi_headroom
2024-03-18T08:00:00Z,305.60,61.82,400.00,98.50,99.00,305.60,0.00,4.40,57.41,wind_priority_shared_poi_headroom
2024-03-18T09:00:00Z,305.60,65.24,400.00,98.50,99.00,305.60,0.00,4.40,60.84,wind_priority_shared_poi_headroom
2024-03-18T10:00:00Z,305.60,58.68,400.00,98.50,99.00,305.60,0.00,4.40,54.27,wind_priority_shared_poi_headroom
2024-03-18T11:00:00Z,305.60,55.28,400.00,98.50,99.00,305.60,0.00,4.40,50.88,wind_priority_shared_poi_headroom
2024-03-18T12:00:00Z,305.60,44.41,400.00,98.50,99.00,305.60,0.00,4.40,40.00,wind_priority_shared_poi_headroom
2024-03-18T13:00:00Z,305.60,31.02,400.00,98.50,99.00,305.60,0.00,4.40,26.61,wind_priority_shared_poi_headroom
2024-03-18T14:00:00Z,305.60,14.88,400.00,98.50,99.00,305.60,0.00,4.40,10.47,wind_priority_shared_poi_headroom
2024-03-18T15:00:00Z,305.60,1.72,400.00,98.50,99.00,305.60,0.00,1.72,0.00,none
2024-03-18T16:00:00Z,305.60,0.00,400.00,98.50,99.00,305.60,0.00,0.00,0.00,none
2024-03-18T17:00:00Z,305.60,0.00,400.00,98.50,99.00,305.60,0.00,0.00,0.00,none
2024-03-18T18:00:00Z,305.60,0.00,400.00,98.50,99.00,305.60,0.00,0.00,0.00,none
2024-03-18T19:00:00Z,305.60,0.00,400.00,98.50,99.00,305.60,0.00,0.00,0.00,none
2024-03-18T20:00:00Z,305.60,0.00,400.00,98.50,99.00,305.60,0.00,0.00,0.00,none
2024-03-18T21:00:00Z,233.44,0.00,400.00,98.50,99.00,233.44,0.00,0.00,0.00,none
2024-03-18T22:00:00Z,218.37,0.00,400.00,98.50,99.00,218.37,0.00,0.00,0.00,none
2024-03-18T23:00:00Z,238.61,0.00,400.00,98.50,99.00,238.61,0.00,0.00,0.00,none
2024-03-19T00:00:00Z,252.77,0.00,400.00,98.50,99.00,252.77,0.00,0.00,0.00,none
2024-03-19T01:00:00Z,223.32,0.00,400.00,98.50,99.00,223.32,0.00,0.00,0.00,none
2024-03-19T02:00:00Z,190.22,0.00,400.00,98.50,99.00,190.22,0.00,0.00,0.00,none
2024-03-19T03:00:00Z,159.23,0.26,400.00,98.50,99.00,159.23,0.00,0.26,0.00,none
2024-03-19T04:00:00Z,305.60,8.56,400.00,98.50,99.00,305.60,0.00,4.40,4.15,wind_priority_shared_poi_headroom
2024-03-19T05:00:00Z,305.60,24.77,400.00,98.50,99.00,305.60,0.00,4.40,20.37,wind_priority_shared_poi_headroom
2024-03-19T06:00:00Z,305.60,40.68,400.00,98.50,99.00,305.60,0.00,4.40,36.28,wind_priority_shared_poi_headroom
2024-03-19T07:00:00Z,305.60,53.55,400.00,98.50,99.00,305.60,0.00,4.40,49.15,wind_priority_shared_poi_headroom
2024-03-19T08:00:00Z,305.60,62.09,400.00,98.50,99.00,305.60,0.00,4.40,57.69,wind_priority_shared_poi_headroom
2024-03-19T09:00:00Z,305.60,65.17,400.00,98.50,99.00,305.60,0.00,4.40,60.76,wind_priority_shared_poi_headroom
2024-03-19T10:00:00Z,305.60,50.61,400.00,98.50,99.00,305.60,0.00,4.40,46.21,wind_priority_shared_poi_headroom
2024-03-19T11:00:00Z,305.60,55.48,400.00,98.50,99.00,305.60,0.00,4.40,51.08,wind_priority_shared_poi_headroom
2024-03-19T12:00:00Z,305.60,43.47,400.00,98.50,99.00,305.60,0.00,4.40,39.06,wind_priority_shared_poi_headroom
2024-03-19T13:00:00Z,305.60,29.10,400.00,98.50,99.00,305.60,0.00,4.40,24.70,wind_priority_shared_poi_headroom
2024-03-19T14:00:00Z,305.60,13.50,400.00,98.50,99.00,305.60,0.00,4.40,9.09,wind_priority_shared_poi_headroom
2024-03-19T15:00:00Z,305.60,1.55,400.00,98.50,99.00,305.60,0.00,1.55,0.00,none
2024-03-19T16:00:00Z,305.60,0.00,400.00,98.50,99.00,305.60,0.00,0.00,0.00,none
2024-03-19T17:00:00Z,305.60,0.00,400.00,98.50,99.00,305.60,0.00,0.00,0.00,none
2024-03-19T18:00:00Z,305.60,0.00,400.00,98.50,99.00,305.60,0.00,0.00,0.00,none
2024-03-19T19:00:00Z,305.60,0.00,400.00,98.50,99.00,305.60,0.00,0.00,0.00,none
2024-03-19T20:00:00Z,305.60,0.00,400.00,98.50,99.00,305.60,0.00,0.00,0.00,none
2024-03-19T21:00:00Z,305.60,0.00,400.00,98.50,99.00,305.60,0.00,0.00,0.00,none
2024-03-19T22:00:00Z,305.60,0.00,400.00,98.50,99.00,305.60,0.00,0.00,0.00,none
2024-03-19T23:00:00Z,305.60,0.00,400.00,98.50,99.00,305.60,0.00,0.00,0.00,none
2024-03-20T00:00:00Z,280.81,0.00,400.00,98.50,99.00,280.81,0.00,0.00,0.00,none
2024-03-20T01:00:00Z,273.14,0.00,400.00,98.50,99.00,273.14,0.00,0.00,0.00,none
2024-03-20T02:00:00Z,292.58,0.00,400.00,98.50,99.00,292.58,0.00,0.00,0.00,none
2024-03-20T03:00:00Z,267.48,0.28,400.00,98.50,99.00,267.48,0.00,0.28,0.00,none
2024-03-20T04:00:00Z,305.60,9.30,400.00,98.50,99.00,305.60,0.00,4.40,4.89,wind_priority_shared_poi_headroom
2024-03-20T05:00:00Z,305.60,25.91,400.00,98.50,99.00,305.60,0.00,4.40,21.50,wind_priority_shared_poi_headroom
2024-03-20T06:00:00Z,305.60,41.77,400.00,98.50,99.00,305.60,0.00,4.40,37.37,wind_priority_shared_poi_headroom
2024-03-20T07:00:00Z,305.60,54.31,400.00,98.50,99.00,305.60,0.00,4.40,49.90,wind_priority_shared_poi_headroom
2024-03-20T08:00:00Z,305.60,62.53,400.00,98.50,99.00,305.60,0.00,4.40,58.13,wind_priority_shared_poi_headroom
2024-03-20T09:00:00Z,305.60,64.56,400.00,98.50,99.00,305.60,0.00,4.40,60.16,wind_priority_shared_poi_headroom
2024-03-20T10:00:00Z,305.60,63.12,400.00,98.50,99.00,305.60,0.00,4.40,58.71,wind_priority_shared_poi_headroom
2024-03-20T11:00:00Z,305.60,55.06,400.00,98.50,99.00,305.60,0.00,4.40,50.65,wind_priority_shared_poi_headroom
2024-03-20T12:00:00Z,305.60,44.74,400.00,98.50,99.00,305.60,0.00,4.40,40.33,wind_priority_shared_poi_headroom
2024-03-20T13:00:00Z,305.60,30.46,400.00,98.50,99.00,305.60,0.00,4.40,26.06,wind_priority_shared_poi_headroom
2024-03-20T14:00:00Z,305.60,14.39,400.00,98.50,99.00,305.60,0.00,4.40,9.98,wind_priority_shared_poi_headroom
2024-03-20T15:00:00Z,305.60,1.58,400.00,98.50,99.00,305.60,0.00,1.58,0.00,none
2024-03-20T16:00:00Z,305.60,0.00,400.00,98.50,99.00,305.60,0.00,0.00,0.00,none
2024-03-20T17:00:00Z,305.60,0.00,400.00,98.50,99.00,305.60,0.00,0.00,0.00,none
2024-03-20T18:00:00Z,305.60,0.00,400.00,98.50,99.00,305.60,0.00,0.00,0.00,none
2024-03-20T19:00:00Z,305.60,0.00,400.00,98.50,99.00,305.60,0.00,0.00,0.00,none
2024-03-20T20:00:00Z,305.60,0.00,400.00,98.50,99.00,305.60,0.00,0.00,0.00,none
2024-03-20T21:00:00Z,305.60,0.00,400.00,98.50,99.00,305.60,0.00,0.00,0.00,none
2024-03-20T22:00:00Z,305.60,0.00,400.00,98.50,99.00,305.60,0.00,0.00,0.00,none
2024-03-20T23:00:00Z,305.60,0.00,400.00,98.50,99.00,305.60,0.00,0.00,0.00,none
2024-03-21T00:00:00Z,284.70,0.00,400.00,98.50,99.00,284.70,0.00,0.00,0.00,none
2024-03-21T01:00:00Z,240.35,0.00,400.00,98.50,99.00,240.35,0.00,0.00,0.00,none
2024-03-21T02:00:00Z,215.12,0.00,400.00,98.50,99.00,215.12,0.00,0.00,0.00,none
2024-03-21T03:00:00Z,207.12,0.28,400.00,98.50,99.00,207.12,0.00,0.28,0.00,none
2024-03-21T04:00:00Z,267.48,9.08,400.00,98.50,99.00,267.48,0.00,9.08,0.00,none
2024-03-21T05:00:00Z,305.60,25.78,400.00,98.50,99.00,305.60,0.00,4.40,21.38,wind_priority_shared_poi_headroom
2024-03-21T06:00:00Z,305.60,41.75,400.00,98.50,99.00,305.60,0.00,4.40,37.34,wind_priority_shared_poi_headroom
2024-03-21T07:00:00Z,305.60,54.31,400.00,98.50,99.00,305.60,0.00,4.40,49.91,wind_priority_shared_poi_headroom
2024-03-21T08:00:00Z,305.60,62.02,400.00,98.50,99.00,305.60,0.00,4.40,57.62,wind_priority_shared_poi_headroom
2024-03-21T09:00:00Z,305.60,64.48,400.00,98.50,99.00,305.60,0.00,4.40,60.08,wind_priority_shared_poi_headroom
2024-03-21T10:00:00Z,305.60,62.66,400.00,98.50,99.00,305.60,0.00,4.40,58.25,wind_priority_shared_poi_headroom
2024-03-21T11:00:00Z,305.60,53.79,400.00,98.50,99.00,305.60,0.00,4.40,49.39,wind_priority_shared_poi_headroom
2024-03-21T12:00:00Z,305.60,43.78,400.00,98.50,99.00,305.60,0.00,4.40,39.38,wind_priority_shared_poi_headroom
2024-03-21T13:00:00Z,305.60,29.25,400.00,98.50,99.00,305.60,0.00,4.40,24.85,wind_priority_shared_poi_headroom
2024-03-21T14:00:00Z,305.60,13.71,400.00,98.50,99.00,305.60,0.00,4.40,9.31,wind_priority_shared_poi_headroom
2024-03-21T15:00:00Z,305.60,1.53,400.00,98.50,99.00,305.60,0.00,1.53,0.00,none
2024-03-21T16:00:00Z,305.60,0.00,400.00,98.50,99.00,305.60,0.00,0.00,0.00,none
2024-03-21T17:00:00Z,305.60,0.00,400.00,98.50,99.00,305.60,0.00,0.00,0.00,none
2024-03-21T18:00:00Z,305.60,0.00,400.00,98.50,99.00,305.60,0.00,0.00,0.00,none
2024-03-21T19:00:00Z,305.60,0.00,400.00,98.50,99.00,305.60,0.00,0.00,0.00,none
2024-03-21T20:00:00Z,275.04,0.00,400.00,98.50,99.00,275.04,0.00,0.00,0.00,none
2024-03-21T21:00:00Z,233.44,0.00,400.00,98.50,99.00,233.44,0.00,0.00,0.00,none
2024-03-21T22:00:00Z,196.25,0.00,400.00,98.50,99.00,196.25,0.00,0.00,0.00,none
2024-03-21T23:00:00Z,168.69,0.00,400.00,98.50,99.00,168.69,0.00,0.00,0.00,none
2024-03-22T00:00:00Z,152.69,0.00,400.00,98.50,99.00,152.69,0.00,0.00,0.00,none
2024-03-22T01:00:00Z,143.85,0.00,400.00,98.50,99.00,143.85,0.00,0.00,0.00,none
2024-03-22T02:00:00Z,138.95,0.00,400.00,98.50,99.00,138.95,0.00,0.00,0.00,none
2024-03-22T03:00:00Z,153.99,0.30,400.00,98.50,99.00,153.99,0.00,0.30,0.00,none
2024-03-22T04:00:00Z,170.08,9.34,400.00,98.50,99.00,170.08,0.00,9.34,0.00,none
2024-03-22T05:00:00Z,305.60,26.06,400.00,98.50,99.00,305.60,0.00,4.40,21.66,wind_priority_shared_poi_headroom
2024-03-22T06:00:00Z,305.60,41.93,400.00,98.50,99.00,305.60,0.00,4.40,37.53,wind_priority_shared_poi_headroom
2024-03-22T07:00:00Z,305.60,54.58,400.00,98.50,99.00,305.60,0.00,4.40,50.17,wind_priority_shared_poi_headroom
2024-03-22T08:00:00Z,305.60,62.28,400.00,98.50,99.00,305.60,0.00,4.40,57.88,wind_priority_shared_poi_headroom
2024-03-22T09:00:00Z,305.60,65.66,400.00,98.50,99.00,305.60,0.00,4.40,61.26,wind_priority_shared_poi_headroom
2024-03-22T10:00:00Z,305.60,58.14,400.00,98.50,99.00,305.60,0.00,4.40,53.74,wind_priority_shared_poi_headroom
2024-03-22T11:00:00Z,305.60,56.04,400.00,98.50,99.00,305.60,0.00,4.40,51.64,wind_priority_shared_poi_headroom
2024-03-22T12:00:00Z,305.60,43.61,400.00,98.50,99.00,305.60,0.00,4.40,39.21,wind_priority_shared_poi_headroom
2024-03-22T13:00:00Z,305.60,29.09,400.00,98.50,99.00,305.60,0.00,4.40,24.69,wind_priority_shared_poi_headroom
2024-03-22T14:00:00Z,305.60,13.72,400.00,98.50,99.00,305.60,0.00,4.40,9.32,wind_priority_shared_poi_headroom
2024-03-22T15:00:00Z,305.60,1.54,400.00,98.50,99.00,305.60,0.00,1.54,0.00,none
2024-03-22T16:00:00Z,305.60,0.00,400.00,98.50,99.00,305.60,0.00,0.00,0.00,none
2024-03-22T17:00:00Z,305.60,0.00,400.00,98.50,99.00,305.60,0.00,0.00,0.00,none
2024-03-22T18:00:00Z,305.60,0.00,400.00,98.50,99.00,305.60,0.00,0.00,0.00,none
2024-03-22T19:00:00Z,305.60,0.00,400.00,98.50,99.00,305.60,0.00,0.00,0.00,none
2024-03-22T20:00:00Z,190.22,0.00,400.00,98.50,99.00,190.22,0.00,0.00,0.00,none
2024-03-22T21:00:00Z,130.64,0.00,400.00,98.50,99.00,130.64,0.00,0.00,0.00,none
2024-03-22T22:00:00Z,120.46,0.00,400.00,98.50,99.00,120.46,0.00,0.00,0.00,none
2024-03-22T23:00:00Z,113.98,0.00,400.00,98.50,99.00,113.98,0.00,0.00,0.00,none
2024-03-23T00:00:00Z,110.82,0.00,400.00,98.50,99.00,110.82,0.00,0.00,0.00,none
2024-03-23T01:00:00Z,115.04,0.00,400.00,98.50,99.00,115.04,0.00,0.00,0.00,none
2024-03-23T02:00:00Z,126.05,0.00,400.00,98.50,99.00,126.05,0.00,0.00,0.00,none
2024-03-23T03:00:00Z,113.98,0.30,400.00,98.50,99.00,113.98,0.00,0.30,0.00,none
2024-03-23T04:00:00Z,302.64,8.78,400.00,98.50,99.00,302.64,0.00,7.36,1.42,wind_priority_shared_poi_headroom
2024-03-23T05:00:00Z,305.60,25.01,400.00,98.50,99.00,305.60,0.00,4.40,20.60,wind_priority_shared_poi_headroom
2024-03-23T06:00:00Z,305.60,40.62,400.00,98.50,99.00,305.60,0.00,4.40,36.21,wind_priority_shared_poi_headroom
2024-03-23T07:00:00Z,305.60,53.18,400.00,98.50,99.00,305.60,0.00,4.40,48.77,wind_priority_shared_poi_headroom
2024-03-23T08:00:00Z,292.58,60.80,400.00,98.50,99.00,292.58,0.00,17.42,43.39,wind_priority_shared_poi_headroom
2024-03-23T09:00:00Z,193.22,64.45,400.00,98.50,99.00,193.22,0.00,64.45,0.00,none
2024-03-23T10:00:00Z,136.54,58.41,400.00,98.50,99.00,136.54,0.00,58.41,0.00,none
2024-03-23T11:00:00Z,111.87,55.08,400.00,98.50,99.00,111.87,0.00,55.08,0.00,none
2024-03-23T12:00:00Z,111.87,44.39,400.00,98.50,99.00,111.87,0.00,44.39,0.00,none
2024-03-23T13:00:00Z,137.74,29.28,400.00,98.50,99.00,137.74,0.00,29.28,0.00,none
2024-03-23T14:00:00Z,174.27,13.54,400.00,98.50,99.00,174.27,0.00,13.54,0.00,none
2024-03-23T15:00:00Z,178.52,1.51,400.00,98.50,99.00,178.52,0.00,1.51,0.00,none
2024-03-23T16:00:00Z,228.34,0.00,400.00,98.50,99.00,228.34,0.00,0.00,0.00,none
2024-03-23T17:00:00Z,208.70,0.00,400.00,98.50,99.00,208.70,0.00,0.00,0.00,none
2024-03-23T18:00:00Z,194.73,0.00,400.00,98.50,99.00,194.73,0.00,0.00,0.00,none
2024-03-23T19:00:00Z,174.27,0.00,400.00,98.50,99.00,174.27,0.00,0.00,0.00,none
2024-03-23T20:00:00Z,184.31,0.00,400.00,98.50,99.00,184.31,0.00,0.00,0.00,none
2024-03-23T21:00:00Z,177.10,0.00,400.00,98.50,99.00,177.10,0.00,0.00,0.00,none
2024-03-23T22:00:00Z,156.59,0.00,400.00,98.50,99.00,156.59,0.00,0.00,0.00,none
2024-03-23T23:00:00Z,159.23,0.00,400.00,98.50,99.00,159.23,0.00,0.00,0.00,none
2024-03-24T00:00:00Z,197.78,0.00,400.00,98.50,99.00,197.78,0.00,0.00,0.00,none
2024-03-24T01:00:00Z,218.37,0.00,400.00,98.50,99.00,218.37,0.00,0.00,0.00,none
2024-03-24T02:00:00Z,236.87,0.00,400.00,98.50,99.00,236.87,0.00,0.00,0.00,none
2024-03-24T03:00:00Z,233.44,0.30,400.00,98.50,99.00,233.44,0.00,0.30,0.00,none
2024-03-24T04:00:00Z,305.60,8.37,400.00,98.50,99.00,305.60,0.00,4.40,3.97,wind_priority_shared_poi_headroom
2024-03-24T05:00:00Z,305.60,23.69,400.00,98.50,99.00,305.60,0.00,4.40,19.28,wind_priority_shared_poi_headroom
2024-03-24T06:00:00Z,305.60,39.24,400.00,98.50,99.00,305.60,0.00,4.40,34.84,wind_priority_shared_poi_headroom
2024-03-24T07:00:00Z,305.60,52.21,400.00,98.50,99.00,305.60,0.00,4.40,47.80,wind_priority_shared_poi_headroom
2024-03-24T08:00:00Z,305.60,59.88,400.00,98.50,99.00,305.60,0.00,4.40,55.47,wind_priority_shared_poi_headroom
2024-03-24T09:00:00Z,305.60,61.35,400.00,98.50,99.00,305.60,0.00,4.40,56.95,wind_priority_shared_poi_headroom
2024-03-24T10:00:00Z,305.60,53.61,400.00,98.50,99.00,305.60,0.00,4.40,49.21,wind_priority_shared_poi_headroom
2024-03-24T11:00:00Z,305.60,46.08,400.00,98.50,99.00,305.60,0.00,4.40,41.67,wind_priority_shared_poi_headroom
2024-03-24T12:00:00Z,305.60,37.53,400.00,98.50,99.00,305.60,0.00,4.40,33.13,wind_priority_shared_poi_headroom
2024-03-24T13:00:00Z,296.58,26.26,400.00,98.50,99.00,296.58,0.00,13.42,12.84,wind_priority_shared_poi_headroom
2024-03-24T14:00:00Z,271.24,12.24,400.00,98.50,99.00,271.24,0.00,12.24,0.00,none
2024-03-24T15:00:00Z,271.24,1.40,400.00,98.50,99.00,271.24,0.00,1.40,0.00,none
2024-03-24T16:00:00Z,305.60,0.00,400.00,98.50,99.00,305.60,0.00,0.00,0.00,none
2024-03-24T17:00:00Z,302.64,0.00,400.00,98.50,99.00,302.64,0.00,0.00,0.00,none
2024-03-24T18:00:00Z,207.12,0.00,400.00,98.50,99.00,207.12,0.00,0.00,0.00,none
2024-03-24T19:00:00Z,197.78,0.00,400.00,98.50,99.00,197.78,0.00,0.00,0.00,none
2024-03-24T20:00:00Z,175.68,0.00,400.00,98.50,99.00,175.68,0.00,0.00,0.00,none
2024-03-24T21:00:00Z,142.61,0.00,400.00,98.50,99.00,142.61,0.00,0.00,0.00,none
2024-03-24T22:00:00Z,118.27,0.00,400.00,98.50,99.00,118.27,0.00,0.00,0.00,none
2024-03-24T23:00:00Z,118.27,0.00,400.00,98.50,99.00,118.27,0.00,0.00,0.00,none
2024-03-25T00:00:00Z,174.27,0.00,400.00,98.50,99.00,174.27,0.00,0.00,0.00,none
2024-03-25T01:00:00Z,224.98,0.00,400.00,98.50,99.00,224.98,0.00,0.00,0.00,none
2024-03-25T02:00:00Z,275.04,0.00,400.00,98.50,99.00,275.04,0.00,0.00,0.00,none
2024-03-25T03:00:00Z,304.68,0.30,400.00,98.50,99.00,304.68,0.00,0.30,0.00,none
2024-03-25T04:00:00Z,305.60,9.22,400.00,98.50,99.00,305.60,0.00,4.40,4.82,wind_priority_shared_poi_headroom
2024-03-25T05:00:00Z,305.60,25.71,400.00,98.50,99.00,305.60,0.00,4.40,21.31,wind_priority_shared_poi_headroom
2024-03-25T06:00:00Z,305.60,41.18,400.00,98.50,99.00,305.60,0.00,4.40,36.77,wind_priority_shared_poi_headroom
2024-03-25T07:00:00Z,305.60,53.57,400.00,98.50,99.00,305.60,0.00,4.40,49.16,wind_priority_shared_poi_headroom
2024-03-25T08:00:00Z,305.60,61.17,400.00,98.50,99.00,305.60,0.00,4.40,56.76,wind_priority_shared_poi_headroom
2024-03-25T09:00:00Z,305.60,61.94,400.00,98.50,99.00,305.60,0.00,4.40,57.53,wind_priority_shared_poi_headroom
2024-03-25T10:00:00Z,230.03,55.67,400.00,98.50,99.00,230.03,0.00,55.67,0.00,none
2024-03-25T11:00:00Z,153.99,46.27,400.00,98.50,99.00,153.99,0.00,46.27,0.00,none
2024-03-25T12:00:00Z,113.98,37.37,400.00,98.50,99.00,113.98,0.00,37.37,0.00,none
2024-03-25T13:00:00Z,95.93,25.22,400.00,98.50,99.00,95.93,0.00,25.22,0.00,none
2024-03-25T14:00:00Z,86.78,11.99,400.00,98.50,99.00,86.78,0.00,11.99,0.00,none
2024-03-25T15:00:00Z,59.35,1.40,400.00,98.50,99.00,59.35,0.00,1.40,0.00,none
2024-03-25T16:00:00Z,47.24,0.00,400.00,98.50,99.00,47.24,0.00,0.00,0.00,none
2024-03-25T17:00:00Z,62.14,0.00,400.00,98.50,99.00,62.14,0.00,0.00,0.00,none
2024-03-25T18:00:00Z,63.57,0.00,400.00,98.50,99.00,63.57,0.00,0.00,0.00,none
2024-03-25T19:00:00Z,64.29,0.00,400.00,98.50,99.00,64.29,0.00,0.00,0.00,none
2024-03-25T20:00:00Z,55.33,0.00,400.00,98.50,99.00,55.33,0.00,0.00,0.00,none
2024-03-25T21:00:00Z,46.07,0.00,400.00,98.50,99.00,46.07,0.00,0.00,0.00,none
2024-03-25T22:00:00Z,39.45,0.00,400.00,98.50,99.00,39.45,0.00,0.00,0.00,none
2024-03-25T23:00:00Z,42.13,0.00,400.00,98.50,99.00,42.13,0.00,0.00,0.00,none
2024-03-26T00:00:00Z,32.57,0.00,400.00,98.50,99.00,32.57,0.00,0.00,0.00,none
2024-03-26T01:00:00Z,28.60,0.00,400.00,98.50,99.00,28.60,0.00,0.00,0.00,none
2024-03-26T02:00:00Z,47.83,0.00,400.00,98.50,99.00,47.83,0.00,0.00,0.00,none
2024-03-26T03:00:00Z,81.58,0.33,400.00,98.50,99.00,81.58,0.00,0.33,0.00,none
2024-03-26T04:00:00Z,305.60,8.88,400.00,98.50,99.00,305.60,0.00,4.40,4.47,wind_priority_shared_poi_headroom
2024-03-26T05:00:00Z,305.60,25.04,400.00,98.50,99.00,305.60,0.00,4.40,20.63,wind_priority_shared_poi_headroom
2024-03-26T06:00:00Z,305.60,40.45,400.00,98.50,99.00,305.60,0.00,4.40,36.05,wind_priority_shared_poi_headroom
2024-03-26T07:00:00Z,305.60,52.89,400.00,98.50,99.00,305.60,0.00,4.40,48.49,wind_priority_shared_poi_headroom
2024-03-26T08:00:00Z,305.60,61.20,400.00,98.50,99.00,305.60,0.00,4.40,56.79,wind_priority_shared_poi_headroom
2024-03-26T09:00:00Z,305.60,62.16,400.00,98.50,99.00,305.60,0.00,4.40,57.76,wind_priority_shared_poi_headroom
2024-03-26T10:00:00Z,250.97,59.78,400.00,98.50,99.00,250.97,0.00,59.03,0.74,wind_priority_shared_poi_headroom
2024-03-26T11:00:00Z,190.22,46.56,400.00,98.50,99.00,190.22,0.00,46.56,0.00,none
2024-03-26T12:00:00Z,155.29,38.87,400.00,98.50,99.00,155.29,0.00,38.87,0.00,none
2024-03-26T13:00:00Z,138.95,27.06,400.00,98.50,99.00,138.95,0.00,27.06,0.00,none
2024-03-26T14:00:00Z,132.98,12.85,400.00,98.50,99.00,132.98,0.00,12.85,0.00,none
2024-03-26T15:00:00Z,103.69,1.38,400.00,98.50,99.00,103.69,0.00,1.38,0.00,none
2024-03-26T16:00:00Z,94.98,0.00,400.00,98.50,99.00,94.98,0.00,0.00,0.00,none
2024-03-26T17:00:00Z,117.19,0.00,400.00,98.50,99.00,117.19,0.00,0.00,0.00,none
2024-03-26T18:00:00Z,132.98,0.00,400.00,98.50,99.00,132.98,0.00,0.00,0.00,none
2024-03-26T19:00:00Z,126.05,0.00,400.00,98.50,99.00,126.05,0.00,0.00,0.00,none
2024-03-26T20:00:00Z,106.71,0.00,400.00,98.50,99.00,106.71,0.00,0.00,0.00,none
2024-03-26T21:00:00Z,83.29,0.00,400.00,98.50,99.00,83.29,0.00,0.00,0.00,none
2024-03-26T22:00:00Z,64.29,0.00,400.00,98.50,99.00,64.29,0.00,0.00,0.00,none
2024-03-26T23:00:00Z,68.73,0.00,400.00,98.50,99.00,68.73,0.00,0.00,0.00,none
2024-03-27T00:00:00Z,83.29,0.00,400.00,98.50,99.00,83.29,0.00,0.00,0.00,none
2024-03-27T01:00:00Z,52.75,0.00,400.00,98.50,99.00,52.75,0.00,0.00,0.00,none
2024-03-27T02:00:00Z,106.71,0.00,400.00,98.50,99.00,106.71,0.00,0.00,0.00,none
2024-03-27T03:00:00Z,305.60,0.33,400.00,98.50,99.00,305.60,0.00,0.33,0.00,none
2024-03-27T04:00:00Z,305.60,8.63,400.00,98.50,99.00,305.60,0.00,4.40,4.22,wind_priority_shared_poi_headroom
2024-03-27T05:00:00Z,305.60,23.21,400.00,98.50,99.00,305.60,0.00,4.40,18.81,wind_priority_shared_poi_headroom
2024-03-27T06:00:00Z,305.60,37.12,400.00,98.50,99.00,305.60,0.00,4.40,32.72,wind_priority_shared_poi_headroom
2024-03-27T07:00:00Z,305.60,50.28,400.00,98.50,99.00,305.60,0.00,4.40,45.87,wind_priority_shared_poi_headroom
2024-03-27T08:00:00Z,305.60,54.63,400.00,98.50,99.00,305.60,0.00,4.40,50.22,wind_priority_shared_poi_headroom
2024-03-27T09:00:00Z,305.60,58.36,400.00,98.50,99.00,305.60,0.00,4.40,53.95,wind_priority_shared_poi_headroom
2024-03-27T10:00:00Z,305.60,55.62,400.00,98.50,99.00,305.60,0.00,4.40,51.21,wind_priority_shared_poi_headroom
2024-03-27T11:00:00Z,305.60,48.62,400.00,98.50,99.00,305.60,0.00,4.40,44.21,wind_priority_shared_poi_headroom
2024-03-27T12:00:00Z,305.60,38.57,400.00,98.50,99.00,305.60,0.00,4.40,34.17,wind_priority_shared_poi_headroom
2024-03-27T13:00:00Z,305.60,24.37,400.00,98.50,99.00,305.60,0.00,4.40,19.97,wind_priority_shared_poi_headroom
2024-03-27T14:00:00Z,305.60,11.14,400.00,98.50,99.00,305.60,0.00,4.40,6.74,wind_priority_shared_poi_headroom
2024-03-27T15:00:00Z,305.60,1.27,400.00,98.50,99.00,305.60,0.00,1.27,0.00,none
2024-03-27T16:00:00Z,305.60,0.00,400.00,98.50,99.00,305.60,0.00,0.00,0.00,none
2024-03-27T17:00:00Z,231.73,0.00,400.00,98.50,99.00,231.73,0.00,0.00,0.00,none
2024-03-27T18:00:00Z,161.90,0.00,400.00,98.50,99.00,161.90,0.00,0.00,0.00,none
2024-03-27T19:00:00Z,94.05,0.00,400.00,98.50,99.00,94.05,0.00,0.00,0.00,none
2024-03-27T20:00:00Z,31.21,0.00,400.00,98.50,99.00,31.21,0.00,0.00,0.00,none
2024-03-27T21:00:00Z,16.23,0.00,400.00,98.50,99.00,16.23,0.00,0.00,0.00,none
2024-03-27T22:00:00Z,48.43,0.00,400.00,98.50,99.00,48.43,0.00,0.00,0.00,none
2024-03-27T23:00:00Z,243.85,0.00,400.00,98.50,99.00,243.85,0.00,0.00,0.00,none
2024-03-28T00:00:00Z,305.60,0.00,400.00,98.50,99.00,305.60,0.00,0.00,0.00,none
2024-03-28T01:00:00Z,305.60,0.00,400.00,98.50,99.00,305.60,0.00,0.00,0.00,none
2024-03-28T02:00:00Z,305.60,0.00,400.00,98.50,99.00,305.60,0.00,0.00,0.00,none
2024-03-28T03:00:00Z,305.60,0.34,400.00,98.50,99.00,305.60,0.00,0.34,0.00,none
2024-03-28T04:00:00Z,305.60,8.75,400.00,98.50,99.00,305.60,0.00,4.40,4.35,wind_priority_shared_poi_headroom
2024-03-28T05:00:00Z,305.60,24.70,400.00,98.50,99.00,305.60,0.00,4.40,20.29,wind_priority_shared_poi_headroom
2024-03-28T06:00:00Z,305.60,40.05,400.00,98.50,99.00,305.60,0.00,4.40,35.64,wind_priority_shared_poi_headroom
2024-03-28T07:00:00Z,305.60,52.55,400.00,98.50,99.00,305.60,0.00,4.40,48.14,wind_priority_shared_poi_headroom
2024-03-28T08:00:00Z,305.60,59.62,400.00,98.50,99.00,305.60,0.00,4.40,55.21,wind_priority_shared_poi_headroom
2024-03-28T09:00:00Z,305.60,61.68,400.00,98.50,99.00,305.60,0.00,4.40,57.27,wind_priority_shared_poi_headroom
2024-03-28T10:00:00Z,305.60,55.62,400.00,98.50,99.00,305.60,0.00,4.40,51.21,wind_priority_shared_poi_headroom
2024-03-28T11:00:00Z,305.60,52.57,400.00,98.50,99.00,305.60,0.00,4.40,48.16,wind_priority_shared_poi_headroom
2024-03-28T12:00:00Z,305.60,41.99,400.00,98.50,99.00,305.60,0.00,4.40,37.58,wind_priority_shared_poi_headroom
2024-03-28T13:00:00Z,305.60,28.94,400.00,98.50,99.00,305.60,0.00,4.40,24.54,wind_priority_shared_poi_headroom
2024-03-28T14:00:00Z,249.18,13.75,400.00,98.50,99.00,249.18,0.00,13.75,0.00,none
2024-03-28T15:00:00Z,157.91,1.45,400.00,98.50,99.00,157.91,0.00,1.45,0.00,none
2024-03-28T16:00:00Z,148.86,0.00,400.00,98.50,99.00,148.86,0.00,0.00,0.00,none
2024-03-28T17:00:00Z,187.25,0.00,400.00,98.50,99.00,187.25,0.00,0.00,0.00,none
2024-03-28T18:00:00Z,207.12,0.00,400.00,98.50,99.00,207.12,0.00,0.00,0.00,none
2024-03-28T19:00:00Z,190.22,0.00,400.00,98.50,99.00,190.22,0.00,0.00,0.00,none
2024-03-28T20:00:00Z,104.69,0.00,400.00,98.50,99.00,104.69,0.00,0.00,0.00,none
2024-03-28T21:00:00Z,129.48,0.00,400.00,98.50,99.00,129.48,0.00,0.00,0.00,none
2024-03-28T22:00:00Z,140.16,0.00,400.00,98.50,99.00,140.16,0.00,0.00,0.00,none
2024-03-28T23:00:00Z,107.73,0.00,400.00,98.50,99.00,107.73,0.00,0.00,0.00,none
2024-03-29T00:00:00Z,67.23,0.00,400.00,98.50,99.00,67.23,0.00,0.00,0.00,none
2024-03-29T01:00:00Z,61.44,0.00,400.00,98.50,99.00,61.44,0.00,0.00,0.00,none
2024-03-29T02:00:00Z,72.59,0.00,400.00,98.50,99.00,72.59,0.00,0.00,0.00,none
2024-03-29T03:00:00Z,67.98,0.39,400.00,98.50,99.00,67.98,0.00,0.39,0.00,none
2024-03-29T04:00:00Z,164.59,9.86,400.00,98.50,99.00,164.59,0.00,9.86,0.00,none
2024-03-29T05:00:00Z,305.60,26.33,400.00,98.50,99.00,305.60,0.00,4.40,21.93,wind_priority_shared_poi_headroom
2024-03-29T06:00:00Z,305.60,41.76,400.00,98.50,99.00,305.60,0.00,4.40,37.36,wind_priority_shared_poi_headroom
2024-03-29T07:00:00Z,218.37,54.03,400.00,98.50,99.00,218.37,0.00,54.03,0.00,none
2024-03-29T08:00:00Z,138.95,61.80,400.00,98.50,99.00,138.95,0.00,61.80,0.00,none
2024-03-29T09:00:00Z,86.78,62.52,400.00,98.50,99.00,86.78,0.00,62.52,0.00,none
2024-03-29T10:00:00Z,68.73,57.99,400.00,98.50,99.00,68.73,0.00,57.99,0.00,none
2024-03-29T11:00:00Z,67.23,42.82,400.00,98.50,99.00,67.23,0.00,42.82,0.00,none
2024-03-29T12:00:00Z,86.78,35.75,400.00,98.50,99.00,86.78,0.00,35.75,0.00,none
2024-03-29T13:00:00Z,126.05,22.22,400.00,98.50,99.00,126.05,0.00,22.22,0.00,none
2024-03-29T14:00:00Z,194.73,10.61,400.00,98.50,99.00,194.73,0.00,10.61,0.00,none
2024-03-29T15:00:00Z,223.32,1.26,400.00,98.50,99.00,223.32,0.00,1.26,0.00,none
2024-03-29T16:00:00Z,196.25,0.00,400.00,98.50,99.00,196.25,0.00,0.00,0.00,none
2024-03-29T17:00:00Z,160.56,0.00,400.00,98.50,99.00,160.56,0.00,0.00,0.00,none
2024-03-29T18:00:00Z,184.31,0.00,400.00,98.50,99.00,184.31,0.00,0.00,0.00,none
2024-03-29T19:00:00Z,202.41,0.00,400.00,98.50,99.00,202.41,0.00,0.00,0.00,none
2024-03-29T20:00:00Z,168.69,0.00,400.00,98.50,99.00,168.69,0.00,0.00,0.00,none
2024-03-29T21:00:00Z,105.70,0.00,400.00,98.50,99.00,105.70,0.00,0.00,0.00,none
2024-03-29T22:00:00Z,74.17,0.00,400.00,98.50,99.00,74.17,0.00,0.00,0.00,none
2024-03-29T23:00:00Z,59.35,0.00,400.00,98.50,99.00,59.35,0.00,0.00,0.00,none
2024-03-30T00:00:00Z,55.33,0.00,400.00,98.50,99.00,55.33,0.00,0.00,0.00,none
2024-03-30T01:00:00Z,61.44,0.00,400.00,98.50,99.00,61.44,0.00,0.00,0.00,none
2024-03-30T02:00:00Z,82.43,0.00,400.00,98.50,99.00,82.43,0.00,0.00,0.00,none
2024-03-30T03:00:00Z,111.87,0.33,400.00,98.50,99.00,111.87,0.00,0.33,0.00,none
2024-03-30T04:00:00Z,305.60,9.19,400.00,98.50,99.00,305.60,0.00,4.40,4.78,wind_priority_shared_poi_headroom
2024-03-30T05:00:00Z,305.60,25.18,400.00,98.50,99.00,305.60,0.00,4.40,20.78,wind_priority_shared_poi_headroom
2024-03-30T06:00:00Z,305.60,40.55,400.00,98.50,99.00,305.60,0.00,4.40,36.15,wind_priority_shared_poi_headroom
2024-03-30T07:00:00Z,305.60,52.76,400.00,98.50,99.00,305.60,0.00,4.40,48.35,wind_priority_shared_poi_headroom
2024-03-30T08:00:00Z,305.60,58.41,400.00,98.50,99.00,305.60,0.00,4.40,54.00,wind_priority_shared_poi_headroom
2024-03-30T09:00:00Z,305.60,60.15,400.00,98.50,99.00,305.60,0.00,4.40,55.75,wind_priority_shared_poi_headroom
2024-03-30T10:00:00Z,305.60,58.23,400.00,98.50,99.00,305.60,0.00,4.40,53.82,wind_priority_shared_poi_headroom
2024-03-30T11:00:00Z,305.60,40.91,400.00,98.50,99.00,305.60,0.00,4.40,36.51,wind_priority_shared_poi_headroom
2024-03-30T12:00:00Z,252.77,41.23,400.00,98.50,99.00,252.77,0.00,41.23,0.00,none
2024-03-30T13:00:00Z,185.78,26.68,400.00,98.50,99.00,185.78,0.00,26.68,0.00,none
2024-03-30T14:00:00Z,119.36,12.23,400.00,98.50,99.00,119.36,0.00,12.23,0.00,none
2024-03-30T15:00:00Z,74.17,1.28,400.00,98.50,99.00,74.17,0.00,1.28,0.00,none
2024-03-30T16:00:00Z,103.69,0.00,400.00,98.50,99.00,103.69,0.00,0.00,0.00,none
2024-03-30T17:00:00Z,142.61,0.00,400.00,98.50,99.00,142.61,0.00,0.00,0.00,none
2024-03-30T18:00:00Z,151.41,0.00,400.00,98.50,99.00,151.41,0.00,0.00,0.00,none
2024-03-30T19:00:00Z,145.09,0.00,400.00,98.50,99.00,145.09,0.00,0.00,0.00,none
2024-03-30T20:00:00Z,132.98,0.00,400.00,98.50,99.00,132.98,0.00,0.00,0.00,none
2024-03-30T21:00:00Z,97.83,0.00,400.00,98.50,99.00,97.83,0.00,0.00,0.00,none
2024-03-30T22:00:00Z,65.02,0.00,400.00,98.50,99.00,65.02,0.00,0.00,0.00,none
2024-03-30T23:00:00Z,50.86,0.00,400.00,98.50,99.00,50.86,0.00,0.00,0.00,none
2024-03-31T00:00:00Z,60.74,0.00,400.00,98.50,99.00,60.74,0.00,0.00,0.00,none
2024-03-31T01:00:00Z,80.73,0.00,400.00,98.50,99.00,80.73,0.00,0.00,0.00,none
2024-03-31T02:00:00Z,115.04,0.00,400.00,98.50,99.00,115.04,0.00,0.00,0.00,none
2024-03-31T03:00:00Z,129.48,0.37,400.00,98.50,99.00,129.48,0.00,0.37,0.00,none
2024-03-31T04:00:00Z,305.60,8.91,400.00,98.50,99.00,305.60,0.00,4.40,4.50,wind_priority_shared_poi_headroom
2024-03-31T05:00:00Z,305.60,24.17,400.00,98.50,99.00,305.60,0.00,4.40,19.77,wind_priority_shared_poi_headroom
2024-03-31T06:00:00Z,305.60,39.50,400.00,98.50,99.00,305.60,0.00,4.40,35.10,wind_priority_shared_poi_headroom
2024-03-31T07:00:00Z,305.60,52.21,400.00,98.50,99.00,305.60,0.00,4.40,47.80,wind_priority_shared_poi_headroom
2024-03-31T08:00:00Z,305.60,57.97,400.00,98.50,99.00,305.60,0.00,4.40,53.56,wind_priority_shared_poi_headroom
2024-03-31T09:00:00Z,305.60,59.35,400.00,98.50,99.00,305.60,0.00,4.40,54.95,wind_priority_shared_poi_headroom
2024-03-31T10:00:00Z,305.60,54.02,400.00,98.50,99.00,305.60,0.00,4.40,49.62,wind_priority_shared_poi_headroom
2024-03-31T11:00:00Z,305.60,45.45,400.00,98.50,99.00,305.60,0.00,4.40,41.04,wind_priority_shared_poi_headroom
2024-03-31T12:00:00Z,305.60,35.82,400.00,98.50,99.00,305.60,0.00,4.40,31.42,wind_priority_shared_poi_headroom
2024-03-31T13:00:00Z,305.60,23.01,400.00,98.50,99.00,305.60,0.00,4.40,18.61,wind_priority_shared_poi_headroom
2024-03-31T14:00:00Z,305.60,10.48,400.00,98.50,99.00,305.60,0.00,4.40,6.08,wind_priority_shared_poi_headroom
2024-03-31T15:00:00Z,305.60,1.13,400.00,98.50,99.00,305.60,0.00,1.13,0.00,none
2024-03-31T16:00:00Z,305.60,0.00,400.00,98.50,99.00,305.60,0.00,0.00,0.00,none
2024-03-31T17:00:00Z,305.60,0.00,400.00,98.50,99.00,305.60,0.00,0.00,0.00,none
2024-03-31T18:00:00Z,305.60,0.00,400.00,98.50,99.00,305.60,0.00,0.00,0.00,none
2024-03-31T19:00:00Z,305.60,0.00,400.00,98.50,99.00,305.60,0.00,0.00,0.00,none
2024-03-31T20:00:00Z,305.60,0.00,400.00,98.50,99.00,305.60,0.00,0.00,0.00,none
2024-03-31T21:00:00Z,305.60,0.00,400.00,98.50,99.00,305.60,0.00,0.00,0.00,none
2024-03-31T22:00:00Z,305.60,0.00,400.00,98.50,99.00,305.60,0.00,0.00,0.00,none
2024-03-31T23:00:00Z,305.60,0.00,400.00,98.50,99.00,305.60,0.00,0.00,0.00,none
2024-04-01T00:00:00Z,249.18,0.00,400.00,98.50,99.00,249.18,0.00,0.00,0.00,none
2024-04-01T01:00:00Z,182.85,0.00,400.00,98.50,99.00,182.85,0.00,0.00,0.00,none
2024-04-01T02:00:00Z,145.09,0.00,400.00,98.50,99.00,145.09,0.00,0.00,0.00,none
2024-04-01T03:00:00Z,130.64,0.36,400.00,98.50,99.00,130.64,0.00,0.36,0.00,none
2024-04-01T04:00:00Z,305.60,5.66,400.00,98.50,99.00,305.60,0.00,4.40,1.26,wind_priority_shared_poi_headroom
2024-04-01T05:00:00Z,305.60,14.58,400.00,98.50,99.00,305.60,0.00,4.40,10.18,wind_priority_shared_poi_headroom
2024-04-01T06:00:00Z,305.60,24.66,400.00,98.50,99.00,305.60,0.00,4.40,20.25,wind_priority_shared_poi_headroom
2024-04-01T07:00:00Z,305.60,29.42,400.00,98.50,99.00,305.60,0.00,4.40,25.02,wind_priority_shared_poi_headroom
2024-04-01T08:00:00Z,305.60,37.14,400.00,98.50,99.00,305.60,0.00,4.40,32.74,wind_priority_shared_poi_headroom
2024-04-01T09:00:00Z,305.60,37.52,400.00,98.50,99.00,305.60,0.00,4.40,33.12,wind_priority_shared_poi_headroom
2024-04-01T10:00:00Z,305.60,40.93,400.00,98.50,99.00,305.60,0.00,4.40,36.52,wind_priority_shared_poi_headroom
2024-04-01T11:00:00Z,305.60,41.02,400.00,98.50,99.00,305.60,0.00,4.40,36.61,wind_priority_shared_poi_headroom
2024-04-01T12:00:00Z,305.60,34.79,400.00,98.50,99.00,305.60,0.00,4.40,30.38,wind_priority_shared_poi_headroom
2024-04-01T13:00:00Z,305.60,25.10,400.00,98.50,99.00,305.60,0.00,4.40,20.69,wind_priority_shared_poi_headroom
2024-04-01T14:00:00Z,305.60,11.80,400.00,98.50,99.00,305.60,0.00,4.40,7.39,wind_priority_shared_poi_headroom
2024-04-01T15:00:00Z,305.60,1.20,400.00,98.50,99.00,305.60,0.00,1.20,0.00,none
2024-04-01T16:00:00Z,305.60,0.00,400.00,98.50,99.00,305.60,0.00,0.00,0.00,none
2024-04-01T17:00:00Z,304.68,0.00,400.00,98.50,99.00,304.68,0.00,0.00,0.00,none
2024-04-01T18:00:00Z,188.73,0.00,400.00,98.50,99.00,188.73,0.00,0.00,0.00,none
2024-04-01T19:00:00Z,170.08,0.00,400.00,98.50,99.00,170.08,0.00,0.00,0.00,none
2024-04-01T20:00:00Z,167.32,0.00,400.00,98.50,99.00,167.32,0.00,0.00,0.00,none
2024-04-01T21:00:00Z,178.52,0.00,400.00,98.50,99.00,178.52,0.00,0.00,0.00,none
2024-04-01T22:00:00Z,179.96,0.00,400.00,98.50,99.00,179.96,0.00,0.00,0.00,none
2024-04-01T23:00:00Z,156.59,0.00,400.00,98.50,99.00,156.59,0.00,0.00,0.00,none
2024-04-02T00:00:00Z,175.68,0.00,400.00,98.50,99.00,175.68,0.00,0.00,0.00,none
2024-04-02T01:00:00Z,163.24,0.00,400.00,98.50,99.00,163.24,0.00,0.00,0.00,none
2024-04-02T02:00:00Z,117.19,0.00,400.00,98.50,99.00,117.19,0.00,0.00,0.00,none
2024-04-02T03:00:00Z,71.03,0.37,400.00,98.50,99.00,71.03,0.00,0.37,0.00,none
2024-04-02T04:00:00Z,305.60,6.96,400.00,98.50,99.00,305.60,0.00,4.40,2.56,wind_priority_shared_poi_headroom
2024-04-02T05:00:00Z,305.60,17.22,400.00,98.50,99.00,305.60,0.00,4.40,12.81,wind_priority_shared_poi_headroom
2024-04-02T06:00:00Z,305.60,28.03,400.00,98.50,99.00,305.60,0.00,4.40,23.63,wind_priority_shared_poi_headroom
2024-04-02T07:00:00Z,288.62,40.83,400.00,98.50,99.00,288.62,0.00,21.38,19.45,wind_priority_shared_poi_headroom
2024-04-02T08:00:00Z,203.97,44.44,400.00,98.50,99.00,203.97,0.00,44.44,0.00,none
2024-04-02T09:00:00Z,174.27,51.94,400.00,98.50,99.00,174.27,0.00,51.94,0.00,none
2024-04-02T10:00:00Z,188.73,51.70,400.00,98.50,99.00,188.73,0.00,51.70,0.00,none
2024-04-02T11:00:00Z,220.01,45.36,400.00,98.50,99.00,220.01,0.00,45.36,0.00,none
2024-04-02T12:00:00Z,261.90,37.39,400.00,98.50,99.00,261.90,0.00,37.39,0.00,none
2024-04-02T13:00:00Z,265.61,25.13,400.00,98.50,99.00,265.61,0.00,25.13,0.00,none
2024-04-02T14:00:00Z,220.01,11.19,400.00,98.50,99.00,220.01,0.00,11.19,0.00,none
2024-04-02T15:00:00Z,132.98,0.99,400.00,98.50,99.00,132.98,0.00,0.99,0.00,none
2024-04-02T16:00:00Z,91.27,0.00,400.00,98.50,99.00,91.27,0.00,0.00,0.00,none
2024-04-02T17:00:00Z,58.67,0.00,400.00,98.50,99.00,58.67,0.00,0.00,0.00,none
2024-04-02T18:00:00Z,62.85,0.00,400.00,98.50,99.00,62.85,0.00,0.00,0.00,none
2024-04-02T19:00:00Z,71.03,0.00,400.00,98.50,99.00,71.03,0.00,0.00,0.00,none
2024-04-02T20:00:00Z,79.06,0.00,400.00,98.50,99.00,79.06,0.00,0.00,0.00,none
2024-04-02T21:00:00Z,77.40,0.00,400.00,98.50,99.00,77.40,0.00,0.00,0.00,none
2024-04-02T22:00:00Z,93.12,0.00,400.00,98.50,99.00,93.12,0.00,0.00,0.00,none
2024-04-02T23:00:00Z,91.27,0.00,400.00,98.50,99.00,91.27,0.00,0.00,0.00,none
2024-04-03T00:00:00Z,97.83,0.00,400.00,98.50,99.00,97.83,0.00,0.00,0.00,none
2024-04-03T01:00:00Z,96.87,0.00,400.00,98.50,99.00,96.87,0.00,0.00,0.00,none
2024-04-03T02:00:00Z,79.89,0.00,400.00,98.50,99.00,79.89,0.00,0.00,0.00,none
2024-04-03T03:00:00Z,46.07,0.20,400.00,98.50,99.00,46.07,0.00,0.20,0.00,none
2024-04-03T04:00:00Z,156.59,2.49,400.00,98.50,99.00,156.59,0.00,2.49,0.00,none
2024-04-03T05:00:00Z,305.60,9.12,400.00,98.50,99.00,305.60,0.00,4.40,4.71,wind_priority_shared_poi_headroom
2024-04-03T06:00:00Z,140.16,16.22,400.00,98.50,99.00,140.16,0.00,16.22,0.00,none
2024-04-03T07:00:00Z,46.65,13.98,400.00,98.50,99.00,46.65,0.00,13.98,0.00,none
2024-04-03T08:00:00Z,14.02,11.86,400.00,98.50,99.00,14.02,0.00,11.86,0.00,none
2024-04-03T09:00:00Z,3.75,10.57,400.00,98.50,99.00,3.75,0.00,10.57,0.00,none
2024-04-03T10:00:00Z,2.26,7.36,400.00,98.50,99.00,2.26,0.00,7.36,0.00,none
2024-04-03T11:00:00Z,5.35,16.64,400.00,98.50,99.00,5.35,0.00,16.64,0.00,none
2024-04-03T12:00:00Z,26.95,11.19,400.00,98.50,99.00,26.95,0.00,11.19,0.00,none
2024-04-03T13:00:00Z,65.02,11.38,400.00,98.50,99.00,65.02,0.00,11.38,0.00,none
2024-04-03T14:00:00Z,93.12,5.29,400.00,98.50,99.00,93.12,0.00,5.29,0.00,none
2024-04-03T15:00:00Z,83.29,0.61,400.00,98.50,99.00,83.29,0.00,0.61,0.00,none
2024-04-03T16:00:00Z,49.64,0.00,400.00,98.50,99.00,49.64,0.00,0.00,0.00,none
2024-04-03T17:00:00Z,30.77,0.00,400.00,98.50,99.00,30.77,0.00,0.00,0.00,none
2024-04-03T18:00:00Z,37.40,0.00,400.00,98.50,99.00,37.40,0.00,0.00,0.00,none
2024-04-03T19:00:00Z,65.75,0.00,400.00,98.50,99.00,65.75,0.00,0.00,0.00,none
2024-04-03T20:00:00Z,77.40,0.00,400.00,98.50,99.00,77.40,0.00,0.00,0.00,none
2024-04-03T21:00:00Z,47.83,0.00,400.00,98.50,99.00,47.83,0.00,0.00,0.00,none
2024-04-03T22:00:00Z,53.38,0.00,400.00,98.50,99.00,53.38,0.00,0.00,0.00,none
2024-04-03T23:00:00Z,44.92,0.00,400.00,98.50,99.00,44.92,0.00,0.00,0.00,none
2024-04-04T00:00:00Z,31.66,0.00,400.00,98.50,99.00,31.66,0.00,0.00,0.00,none
2024-04-04T01:00:00Z,21.31,0.00,400.00,98.50,99.00,21.31,0.00,0.00,0.00,none
2024-04-04T02:00:00Z,14.02,0.00,400.00,98.50,99.00,14.02,0.00,0.00,0.00,none
2024-04-04T03:00:00Z,6.23,0.29,400.00,98.50,99.00,6.23,0.00,0.29,0.00,none
2024-04-04T04:00:00Z,32.11,5.50,400.00,98.50,99.00,32.11,0.00,5.50,0.00,none
2024-04-04T05:00:00Z,57.99,16.04,400.00,98.50,99.00,57.99,0.00,16.04,0.00,none
2024-04-04T06:00:00Z,33.04,25.49,400.00,98.50,99.00,33.04,0.00,25.49,0.00,none
2024-04-04T07:00:00Z,12.50,31.38,400.00,98.50,99.00,12.50,0.00,31.38,0.00,none
2024-04-04T08:00:00Z,4.82,26.14,400.00,98.50,99.00,4.82,0.00,26.14,0.00,none
2024-04-04T09:00:00Z,3.33,37.80,400.00,98.50,99.00,3.33,0.00,37.80,0.00,none
2024-04-04T10:00:00Z,4.57,30.71,400.00,98.50,99.00,4.57,0.00,30.71,0.00,none
2024-04-04T11:00:00Z,8.81,31.94,400.00,98.50,99.00,8.81,0.00,31.94,0.00,none
2024-04-04T12:00:00Z,15.10,32.49,400.00,98.50,99.00,15.10,0.00,32.49,0.00,none
2024-04-04T13:00:00Z,21.66,25.16,400.00,98.50,99.00,21.66,0.00,25.16,0.00,none
2024-04-04T14:00:00Z,24.97,12.06,400.00,98.50,99.00,24.97,0.00,12.06,0.00,none
2024-04-04T15:00:00Z,15.94,1.23,400.00,98.50,99.00,15.94,0.00,1.23,0.00,none
2024-04-04T16:00:00Z,10.66,0.00,400.00,98.50,99.00,10.66,0.00,0.00,0.00,none
2024-04-04T17:00:00Z,12.50,0.00,400.00,98.50,99.00,12.50,0.00,0.00,0.00,none
2024-04-04T18:00:00Z,14.29,0.00,400.00,98.50,99.00,14.29,0.00,0.00,0.00,none
2024-04-04T19:00:00Z,17.11,0.00,400.00,98.50,99.00,17.11,0.00,0.00,0.00,none
2024-04-04T20:00:00Z,20.96,0.00,400.00,98.50,99.00,20.96,0.00,0.00,0.00,none
2024-04-04T21:00:00Z,20.96,0.00,400.00,98.50,99.00,20.96,0.00,0.00,0.00,none
2024-04-04T22:00:00Z,20.29,0.00,400.00,98.50,99.00,20.29,0.00,0.00,0.00,none
2024-04-04T23:00:00Z,15.37,0.00,400.00,98.50,99.00,15.37,0.00,0.00,0.00,none
2024-04-05T00:00:00Z,10.23,0.00,400.00,98.50,99.00,10.23,0.00,0.00,0.00,none
2024-04-05T01:00:00Z,7.53,0.00,400.00,98.50,99.00,7.53,0.00,0.00,0.00,none
2024-04-05T02:00:00Z,7.19,0.00,400.00,98.50,99.00,7.19,0.00,0.00,0.00,none
2024-04-05T03:00:00Z,5.78,0.45,400.00,98.50,99.00,5.78,0.00,0.45,0.00,none
2024-04-05T04:00:00Z,29.03,10.08,400.00,98.50,99.00,29.03,0.00,10.08,0.00,none
2024-04-05T05:00:00Z,181.40,25.55,400.00,98.50,99.00,181.40,0.00,25.55,0.00,none
2024-04-05T06:00:00Z,179.96,40.59,400.00,98.50,99.00,179.96,0.00,40.59,0.00,none
2024-04-05T07:00:00Z,151.41,51.73,400.00,98.50,99.00,151.41,0.00,51.73,0.00,none
2024-04-05T08:00:00Z,152.69,51.31,400.00,98.50,99.00,152.69,0.00,51.31,0.00,none
2024-04-05T09:00:00Z,174.27,48.43,400.00,98.50,99.00,174.27,0.00,48.43,0.00,none
2024-04-05T10:00:00Z,197.78,39.96,400.00,98.50,99.00,197.78,0.00,39.96,0.00,none
2024-04-05T11:00:00Z,215.12,29.85,400.00,98.50,99.00,215.12,0.00,29.85,0.00,none
2024-04-05T12:00:00Z,245.62,26.87,400.00,98.50,99.00,245.62,0.00,26.87,0.00,none
2024-04-05T13:00:00Z,288.62,15.81,400.00,98.50,99.00,288.62,0.00,15.81,0.00,none
2024-04-05T14:00:00Z,284.70,7.95,400.00,98.50,99.00,284.70,0.00,7.95,0.00,none
2024-04-05T15:00:00Z,235.15,0.96,400.00,98.50,99.00,235.15,0.00,0.96,0.00,none
2024-04-05T16:00:00Z,181.40,0.00,400.00,98.50,99.00,181.40,0.00,0.00,0.00,none
2024-04-05T17:00:00Z,145.09,0.00,400.00,98.50,99.00,145.09,0.00,0.00,0.00,none
2024-04-05T18:00:00Z,148.86,0.00,400.00,98.50,99.00,148.86,0.00,0.00,0.00,none
2024-04-05T19:00:00Z,155.29,0.00,400.00,98.50,99.00,155.29,0.00,0.00,0.00,none
2024-04-05T20:00:00Z,150.13,0.00,400.00,98.50,99.00,150.13,0.00,0.00,0.00,none
2024-04-05T21:00:00Z,121.57,0.00,400.00,98.50,99.00,121.57,0.00,0.00,0.00,none
2024-04-05T22:00:00Z,94.98,0.00,400.00,98.50,99.00,94.98,0.00,0.00,0.00,none
2024-04-05T23:00:00Z,81.58,0.00,400.00,98.50,99.00,81.58,0.00,0.00,0.00,none
2024-04-06T00:00:00Z,68.73,0.00,400.00,98.50,99.00,68.73,0.00,0.00,0.00,none
2024-04-06T01:00:00Z,44.92,0.00,400.00,98.50,99.00,44.92,0.00,0.00,0.00,none
2024-04-06T02:00:00Z,23.83,0.00,400.00,98.50,99.00,23.83,0.00,0.00,0.00,none
2024-04-06T03:00:00Z,13.76,0.34,400.00,98.50,99.00,13.76,0.00,0.34,0.00,none
2024-04-06T04:00:00Z,47.24,7.95,400.00,98.50,99.00,47.24,0.00,7.95,0.00,none
2024-04-06T05:00:00Z,305.60,20.14,400.00,98.50,99.00,305.60,0.00,4.40,15.73,wind_priority_shared_poi_headroom
2024-04-06T06:00:00Z,305.60,33.31,400.00,98.50,99.00,305.60,0.00,4.40,28.91,wind_priority_shared_poi_headroom
2024-04-06T07:00:00Z,305.60,44.56,400.00,98.50,99.00,305.60,0.00,4.40,40.16,wind_priority_shared_poi_headroom
2024-04-06T08:00:00Z,305.60,52.85,400.00,98.50,99.00,305.60,0.00,4.40,48.45,wind_priority_shared_poi_headroom
2024-04-06T09:00:00Z,305.60,53.51,400.00,98.50,99.00,305.60,0.00,4.40,49.10,wind_priority_shared_poi_headroom
2024-04-06T10:00:00Z,305.60,51.52,400.00,98.50,99.00,305.60,0.00,4.40,47.11,wind_priority_shared_poi_headroom
2024-04-06T11:00:00Z,305.60,44.62,400.00,98.50,99.00,305.60,0.00,4.40,40.22,wind_priority_shared_poi_headroom
2024-04-06T12:00:00Z,305.60,35.71,400.00,98.50,99.00,305.60,0.00,4.40,31.31,wind_priority_shared_poi_headroom
2024-04-06T13:00:00Z,305.60,23.53,400.00,98.50,99.00,305.60,0.00,4.40,19.12,wind_priority_shared_poi_headroom
2024-04-06T14:00:00Z,305.60,10.79,400.00,98.50,99.00,305.60,0.00,4.40,6.39,wind_priority_shared_poi_headroom
2024-04-06T15:00:00Z,305.60,1.10,400.00,98.50,99.00,305.60,0.00,1.10,0.00,none
2024-04-06T16:00:00Z,305.60,0.00,400.00,98.50,99.00,305.60,0.00,0.00,0.00,none
2024-04-06T17:00:00Z,208.70,0.00,400.00,98.50,99.00,208.70,0.00,0.00,0.00,none
2024-04-06T18:00:00Z,194.73,0.00,400.00,98.50,99.00,194.73,0.00,0.00,0.00,none
2024-04-06T19:00:00Z,197.78,0.00,400.00,98.50,99.00,197.78,0.00,0.00,0.00,none
2024-04-06T20:00:00Z,207.12,0.00,400.00,98.50,99.00,207.12,0.00,0.00,0.00,none
2024-04-06T21:00:00Z,228.34,0.00,400.00,98.50,99.00,228.34,0.00,0.00,0.00,none
2024-04-06T22:00:00Z,245.62,0.00,400.00,98.50,99.00,245.62,0.00,0.00,0.00,none
2024-04-06T23:00:00Z,228.34,0.00,400.00,98.50,99.00,228.34,0.00,0.00,0.00,none
2024-04-07T00:00:00Z,197.78,0.00,400.00,98.50,99.00,197.78,0.00,0.00,0.00,none
2024-04-07T01:00:00Z,156.59,0.00,400.00,98.50,99.00,156.59,0.00,0.00,0.00,none
2024-04-07T02:00:00Z,147.59,0.00,400.00,98.50,99.00,147.59,0.00,0.00,0.00,none
2024-04-07T03:00:00Z,134.16,0.41,400.00,98.50,99.00,134.16,0.00,0.41,0.00,none
2024-04-07T04:00:00Z,271.24,7.64,400.00,98.50,99.00,271.24,0.00,7.64,0.00,none
2024-04-07T05:00:00Z,305.60,20.00,400.00,98.50,99.00,305.60,0.00,4.40,15.59,wind_priority_shared_poi_headroom
2024-04-07T06:00:00Z,263.75,32.67,400.00,98.50,99.00,263.75,0.00,32.67,0.00,none
2024-04-07T07:00:00Z,141.38,40.02,400.00,98.50,99.00,141.38,0.00,40.02,0.00,none
2024-04-07T08:00:00Z,74.17,44.55,400.00,98.50,99.00,74.17,0.00,44.55,0.00,none
2024-04-07T09:00:00Z,50.25,46.82,400.00,98.50,99.00,50.25,0.00,46.82,0.00,none
2024-04-07T10:00:00Z,62.14,50.99,400.00,98.50,99.00,62.14,0.00,50.99,0.00,none
2024-04-07T11:00:00Z,107.73,40.18,400.00,98.50,99.00,107.73,0.00,40.18,0.00,none
2024-04-07T12:00:00Z,156.59,29.84,400.00,98.50,99.00,156.59,0.00,29.84,0.00,none
2024-04-07T13:00:00Z,165.95,19.94,400.00,98.50,99.00,165.95,0.00,19.94,0.00,none
2024-04-07T14:00:00Z,130.64,9.65,400.00,98.50,99.00,130.64,0.00,9.65,0.00,none
2024-04-07T15:00:00Z,60.74,1.04,400.00,98.50,99.00,60.74,0.00,1.04,0.00,none
2024-04-07T16:00:00Z,20.29,0.00,400.00,98.50,99.00,20.29,0.00,0.00,0.00,none
2024-04-07T17:00:00Z,18.65,0.00,400.00,98.50,99.00,18.65,0.00,0.00,0.00,none
2024-04-07T18:00:00Z,25.75,0.00,400.00,98.50,99.00,25.75,0.00,0.00,0.00,none
2024-04-07T19:00:00Z,24.97,0.00,400.00,98.50,99.00,24.97,0.00,0.00,0.00,none
2024-04-07T20:00:00Z,22.01,0.00,400.00,98.50,99.00,22.01,0.00,0.00,0.00,none
2024-04-07T21:00:00Z,21.31,0.00,400.00,98.50,99.00,21.31,0.00,0.00,0.00,none
2024-04-07T22:00:00Z,21.31,0.00,400.00,98.50,99.00,21.31,0.00,0.00,0.00,none
2024-04-07T23:00:00Z,24.21,0.00,400.00,98.50,99.00,24.21,0.00,0.00,0.00,none
2024-04-08T00:00:00Z,18.97,0.00,400.00,98.50,99.00,18.97,0.00,0.00,0.00,none
2024-04-08T01:00:00Z,10.44,0.00,400.00,98.50,99.00,10.44,0.00,0.00,0.00,none
2024-04-08T02:00:00Z,3.86,0.00,400.00,98.50,99.00,3.86,0.00,0.00,0.00,none
2024-04-08T03:00:00Z,0.90,0.33,400.00,98.50,99.00,0.90,0.00,0.33,0.00,none
2024-04-08T04:00:00Z,3.97,4.86,400.00,98.50,99.00,3.97,0.00,4.86,0.00,none
2024-04-08T05:00:00Z,75.78,13.81,400.00,98.50,99.00,75.78,0.00,13.81,0.00,none
2024-04-08T06:00:00Z,121.57,22.58,400.00,98.50,99.00,121.57,0.00,22.58,0.00,none
2024-04-08T07:00:00Z,128.33,33.48,400.00,98.50,99.00,128.33,0.00,33.48,0.00,none
2024-04-08T08:00:00Z,160.56,47.72,400.00,98.50,99.00,160.56,0.00,47.72,0.00,none
2024-04-08T09:00:00Z,199.32,56.34,400.00,98.50,99.00,199.32,0.00,56.34,0.00,none
2024-04-08T10:00:00Z,218.37,48.28,400.00,98.50,99.00,218.37,0.00,48.28,0.00,none
2024-04-08T11:00:00Z,207.12,49.55,400.00,98.50,99.00,207.12,0.00,49.55,0.00,none
2024-04-08T12:00:00Z,165.95,35.09,400.00,98.50,99.00,165.95,0.00,35.09,0.00,none
2024-04-08T13:00:00Z,134.16,17.47,400.00,98.50,99.00,134.16,0.00,17.47,0.00,none
2024-04-08T14:00:00Z,98.79,8.08,400.00,98.50,99.00,98.79,0.00,8.08,0.00,none
2024-04-08T15:00:00Z,45.49,0.86,400.00,98.50,99.00,45.49,0.00,0.86,0.00,none
2024-04-08T16:00:00Z,23.09,0.00,400.00,98.50,99.00,23.09,0.00,0.00,0.00,none
2024-04-08T17:00:00Z,36.40,0.00,400.00,98.50,99.00,36.40,0.00,0.00,0.00,none
2024-04-08T18:00:00Z,63.57,0.00,400.00,98.50,99.00,63.57,0.00,0.00,0.00,none
2024-04-08T19:00:00Z,107.73,0.00,400.00,98.50,99.00,107.73,0.00,0.00,0.00,none
2024-04-08T20:00:00Z,156.59,0.00,400.00,98.50,99.00,156.59,0.00,0.00,0.00,none
2024-04-08T21:00:00Z,175.68,0.00,400.00,98.50,99.00,175.68,0.00,0.00,0.00,none
2024-04-08T22:00:00Z,134.16,0.00,400.00,98.50,99.00,134.16,0.00,0.00,0.00,none
2024-04-08T23:00:00Z,49.03,0.00,400.00,98.50,99.00,49.03,0.00,0.00,0.00,none
2024-04-09T00:00:00Z,11.10,0.00,400.00,98.50,99.00,11.10,0.00,0.00,0.00,none
2024-04-09T01:00:00Z,2.68,0.00,400.00,98.50,99.00,2.68,0.00,0.00,0.00,none
2024-04-09T02:00:00Z,1.04,0.00,400.00,98.50,99.00,1.04,0.00,0.00,0.00,none
2024-04-09T03:00:00Z,0.41,0.27,400.00,98.50,99.00,0.41,0.00,0.27,0.00,none
2024-04-09T04:00:00Z,0.28,8.78,400.00,98.50,99.00,0.28,0.00,8.78,0.00,none
2024-04-09T05:00:00Z,11.33,20.93,400.00,98.50,99.00,11.33,0.00,20.93,0.00,none
2024-04-09T06:00:00Z,7.02,34.68,400.00,98.50,99.00,7.02,0.00,34.68,0.00,none
2024-04-09T07:00:00Z,0.28,39.81,400.00,98.50,99.00,0.28,0.00,39.81,0.00,none
2024-04-09T08:00:00Z,0.00,38.81,400.00,98.50,99.00,0.00,0.00,38.81,0.00,none
2024-04-09T09:00:00Z,0.00,43.15,400.00,98.50,99.00,0.00,0.00,43.15,0.00,none
2024-04-09T10:00:00Z,0.00,45.02,400.00,98.50,99.00,0.00,0.00,45.02,0.00,none
2024-04-09T11:00:00Z,0.02,45.85,400.00,98.50,99.00,0.02,0.00,45.85,0.00,none
2024-04-09T12:00:00Z,0.52,33.29,400.00,98.50,99.00,0.52,0.00,33.29,0.00,none
2024-04-09T13:00:00Z,2.51,18.11,400.00,98.50,99.00,2.51,0.00,18.11,0.00,none
2024-04-09T14:00:00Z,6.70,8.05,400.00,98.50,99.00,6.70,0.00,8.05,0.00,none
2024-04-09T15:00:00Z,9.00,0.79,400.00,98.50,99.00,9.00,0.00,0.79,0.00,none
2024-04-09T16:00:00Z,18.97,0.00,400.00,98.50,99.00,18.97,0.00,0.00,0.00,none
2024-04-09T17:00:00Z,40.51,0.00,400.00,98.50,99.00,40.51,0.00,0.00,0.00,none
2024-04-09T18:00:00Z,43.23,0.00,400.00,98.50,99.00,43.23,0.00,0.00,0.00,none
2024-04-09T19:00:00Z,25.36,0.00,400.00,98.50,99.00,25.36,0.00,0.00,0.00,none
2024-04-09T20:00:00Z,3.64,0.00,400.00,98.50,99.00,3.64,0.00,0.00,0.00,none
2024-04-09T21:00:00Z,0.14,0.00,400.00,98.50,99.00,0.14,0.00,0.00,0.00,none
2024-04-09T22:00:00Z,0.08,0.00,400.00,98.50,99.00,0.08,0.00,0.00,0.00,none
2024-04-09T23:00:00Z,0.95,0.00,400.00,98.50,99.00,0.95,0.00,0.00,0.00,none
2024-04-10T00:00:00Z,2.76,0.00,400.00,98.50,99.00,2.76,0.00,0.00,0.00,none
2024-04-10T01:00:00Z,1.97,0.00,400.00,98.50,99.00,1.97,0.00,0.00,0.00,none
2024-04-10T02:00:00Z,0.36,0.00,400.00,98.50,99.00,0.36,0.00,0.00,0.00,none
2024-04-10T03:00:00Z,0.00,0.53,400.00,98.50,99.00,0.00,0.00,0.53,0.00,none
2024-04-10T04:00:00Z,0.00,9.96,400.00,98.50,99.00,0.00,0.00,9.96,0.00,none
2024-04-10T05:00:00Z,0.00,25.19,400.00,98.50,99.00,0.00,0.00,25.19,0.00,none
2024-04-10T06:00:00Z,0.00,39.96,400.00,98.50,99.00,0.00,0.00,39.96,0.00,none
2024-04-10T07:00:00Z,0.00,43.10,400.00,98.50,99.00,0.00,0.00,43.10,0.00,none
2024-04-10T08:00:00Z,0.00,55.87,400.00,98.50,99.00,0.00,0.00,55.87,0.00,none
2024-04-10T09:00:00Z,0.00,54.28,400.00,98.50,99.00,0.00,0.00,54.28,0.00,none
2024-04-10T10:00:00Z,0.00,52.57,400.00,98.50,99.00,0.00,0.00,52.57,0.00,none
2024-04-10T11:00:00Z,0.00,42.64,400.00,98.50,99.00,0.00,0.00,42.64,0.00,none
2024-04-10T12:00:00Z,0.03,32.51,400.00,98.50,99.00,0.03,0.00,32.51,0.00,none
2024-04-10T13:00:00Z,0.61,19.11,400.00,98.50,99.00,0.61,0.00,19.11,0.00,none
2024-04-10T14:00:00Z,2.42,8.61,400.00,98.50,99.00,2.42,0.00,8.61,0.00,none
2024-04-10T15:00:00Z,2.04,0.89,400.00,98.50,99.00,2.04,0.00,0.89,0.00,none
2024-04-10T16:00:00Z,2.11,0.00,400.00,98.50,99.00,2.11,0.00,0.00,0.00,none
2024-04-10T17:00:00Z,6.07,0.00,400.00,98.50,99.00,6.07,0.00,0.00,0.00,none
2024-04-10T18:00:00Z,12.50,0.00,400.00,98.50,99.00,12.50,0.00,0.00,0.00,none
2024-04-10T19:00:00Z,13.00,0.00,400.00,98.50,99.00,13.00,0.00,0.00,0.00,none
2024-04-10T20:00:00Z,5.78,0.00,400.00,98.50,99.00,5.78,0.00,0.00,0.00,none
2024-04-10T21:00:00Z,6.54,0.00,400.00,98.50,99.00,6.54,0.00,0.00,0.00,none
2024-04-10T22:00:00Z,26.95,0.00,400.00,98.50,99.00,26.95,0.00,0.00,0.00,none
2024-04-10T23:00:00Z,65.75,0.00,400.00,98.50,99.00,65.75,0.00,0.00,0.00,none
2024-04-11T00:00:00Z,91.27,0.00,400.00,98.50,99.00,91.27,0.00,0.00,0.00,none
2024-04-11T01:00:00Z,73.38,0.00,400.00,98.50,99.00,73.38,0.00,0.00,0.00,none
2024-04-11T02:00:00Z,62.14,0.00,400.00,98.50,99.00,62.14,0.00,0.00,0.00,none
2024-04-11T03:00:00Z,55.33,0.43,400.00,98.50,99.00,55.33,0.00,0.43,0.00,none
2024-04-11T04:00:00Z,46.65,10.00,400.00,98.50,99.00,46.65,0.00,10.00,0.00,none
2024-04-11T05:00:00Z,44.35,23.60,400.00,98.50,99.00,44.35,0.00,23.60,0.00,none
2024-04-11T06:00:00Z,12.26,38.49,400.00,98.50,99.00,12.26,0.00,38.49,0.00,none
2024-04-11T07:00:00Z,1.90,50.40,400.00,98.50,99.00,1.90,0.00,50.40,0.00,none
2024-04-11T08:00:00Z,0.06,59.41,400.00,98.50,99.00,0.06,0.00,59.41,0.00,none
2024-04-11T09:00:00Z,0.00,59.74,400.00,98.50,99.00,0.00,0.00,59.74,0.00,none
2024-04-11T10:00:00Z,0.00,54.32,400.00,98.50,99.00,0.00,0.00,54.32,0.00,none
2024-04-11T11:00:00Z,0.00,49.32,400.00,98.50,99.00,0.00,0.00,49.32,0.00,none
2024-04-11T12:00:00Z,0.00,38.66,400.00,98.50,99.00,0.00,0.00,38.66,0.00,none
2024-04-11T13:00:00Z,0.41,25.45,400.00,98.50,99.00,0.41,0.00,25.45,0.00,none
2024-04-11T14:00:00Z,2.42,11.27,400.00,98.50,99.00,2.42,0.00,11.27,0.00,none
2024-04-11T15:00:00Z,4.09,1.02,400.00,98.50,99.00,4.09,0.00,1.02,0.00,none
2024-04-11T16:00:00Z,9.00,0.00,400.00,98.50,99.00,9.00,0.00,0.00,0.00,none
2024-04-11T17:00:00Z,15.94,0.00,400.00,98.50,99.00,15.94,0.00,0.00,0.00,none
2024-04-11T18:00:00Z,19.30,0.00,400.00,98.50,99.00,19.30,0.00,0.00,0.00,none
2024-04-11T19:00:00Z,26.14,0.00,400.00,98.50,99.00,26.14,0.00,0.00,0.00,none
2024-04-11T20:00:00Z,34.45,0.00,400.00,98.50,99.00,34.45,0.00,0.00,0.00,none
2024-04-11T21:00:00Z,47.24,0.00,400.00,98.50,99.00,47.24,0.00,0.00,0.00,none
2024-04-11T22:00:00Z,42.13,0.00,400.00,98.50,99.00,42.13,0.00,0.00,0.00,none
2024-04-11T23:00:00Z,28.18,0.00,400.00,98.50,99.00,28.18,0.00,0.00,0.00,none
2024-04-12T00:00:00Z,16.23,0.00,400.00,98.50,99.00,16.23,0.00,0.00,0.00,none
2024-04-12T01:00:00Z,11.56,0.00,400.00,98.50,99.00,11.56,0.00,0.00,0.00,none
2024-04-12T02:00:00Z,7.19,0.00,400.00,98.50,99.00,7.19,0.00,0.00,0.00,none
2024-04-12T03:00:00Z,3.43,0.55,400.00,98.50,99.00,3.43,0.00,0.55,0.00,none
2024-04-12T04:00:00Z,36.40,10.56,400.00,98.50,99.00,36.40,0.00,10.56,0.00,none
2024-04-12T05:00:00Z,112.92,26.34,400.00,98.50,99.00,112.92,0.00,26.34,0.00,none
2024-04-12T06:00:00Z,106.71,41.52,400.00,98.50,99.00,106.71,0.00,41.52,0.00,none
2024-04-12T07:00:00Z,85.89,52.98,400.00,98.50,99.00,85.89,0.00,52.98,0.00,none
2024-04-12T08:00:00Z,72.59,60.30,400.00,98.50,99.00,72.59,0.00,60.30,0.00,none
2024-04-12T09:00:00Z,83.29,59.07,400.00,98.50,99.00,83.29,0.00,59.07,0.00,none
2024-04-12T10:00:00Z,108.75,50.59,400.00,98.50,99.00,108.75,0.00,50.59,0.00,none
2024-04-12T11:00:00Z,132.98,47.65,400.00,98.50,99.00,132.98,0.00,47.65,0.00,none
2024-04-12T12:00:00Z,150.13,38.78,400.00,98.50,99.00,150.13,0.00,38.78,0.00,none
2024-04-12T13:00:00Z,167.32,26.83,400.00,98.50,99.00,167.32,0.00,26.83,0.00,none
2024-04-12T14:00:00Z,188.73,12.02,400.00,98.50,99.00,188.73,0.00,12.02,0.00,none
2024-04-12T15:00:00Z,159.23,1.09,400.00,98.50,99.00,159.23,0.00,1.09,0.00,none
2024-04-12T16:00:00Z,138.95,0.00,400.00,98.50,99.00,138.95,0.00,0.00,0.00,none
2024-04-12T17:00:00Z,106.71,0.00,400.00,98.50,99.00,106.71,0.00,0.00,0.00,none
2024-04-12T18:00:00Z,79.06,0.00,400.00,98.50,99.00,79.06,0.00,0.00,0.00,none
2024-04-12T19:00:00Z,84.15,0.00,400.00,98.50,99.00,84.15,0.00,0.00,0.00,none
2024-04-12T20:00:00Z,97.83,0.00,400.00,98.50,99.00,97.83,0.00,0.00,0.00,none
2024-04-12T21:00:00Z,119.36,0.00,400.00,98.50,99.00,119.36,0.00,0.00,0.00,none
2024-04-12T22:00:00Z,121.57,0.00,400.00,98.50,99.00,121.57,0.00,0.00,0.00,none
2024-04-12T23:00:00Z,108.75,0.00,400.00,98.50,99.00,108.75,0.00,0.00,0.00,none
2024-04-13T00:00:00Z,90.36,0.00,400.00,98.50,99.00,90.36,0.00,0.00,0.00,none
2024-04-13T01:00:00Z,72.59,0.00,400.00,98.50,99.00,72.59,0.00,0.00,0.00,none
2024-04-13T02:00:00Z,54.03,0.00,400.00,98.50,99.00,54.03,0.00,0.00,0.00,none
2024-04-13T03:00:00Z,37.40,0.50,400.00,98.50,99.00,37.40,0.00,0.50,0.00,none
2024-04-13T04:00:00Z,120.46,10.03,400.00,98.50,99.00,120.46,0.00,10.03,0.00,none
2024-04-13T05:00:00Z,273.14,24.34,400.00,98.50,99.00,273.14,0.00,24.34,0.00,none
2024-04-13T06:00:00Z,238.61,39.22,400.00,98.50,99.00,238.61,0.00,39.22,0.00,none
2024-04-13T07:00:00Z,215.12,51.56,400.00,98.50,99.00,215.12,0.00,51.56,0.00,none
2024-04-13T08:00:00Z,220.01,58.15,400.00,98.50,99.00,220.01,0.00,58.15,0.00,none
2024-04-13T09:00:00Z,245.62,57.41,400.00,98.50,99.00,245.62,0.00,57.41,0.00,none
2024-04-13T10:00:00Z,265.61,48.46,400.00,98.50,99.00,265.61,0.00,44.39,4.07,wind_priority_shared_poi_headroom
2024-04-13T11:00:00Z,292.58,47.58,400.00,98.50,99.00,292.58,0.00,17.42,30.16,wind_priority_shared_poi_headroom
2024-04-13T12:00:00Z,305.60,38.51,400.00,98.50,99.00,305.60,0.00,4.40,34.11,wind_priority_shared_poi_headroom
2024-04-13T13:00:00Z,305.60,25.92,400.00,98.50,99.00,305.60,0.00,4.40,21.52,wind_priority_shared_poi_headroom
2024-04-13T14:00:00Z,305.60,11.58,400.00,98.50,99.00,305.60,0.00,4.40,7.18,wind_priority_shared_poi_headroom
2024-04-13T15:00:00Z,249.18,1.03,400.00,98.50,99.00,249.18,0.00,1.03,0.00,none
2024-04-13T16:00:00Z,167.32,0.00,400.00,98.50,99.00,167.32,0.00,0.00,0.00,none
2024-04-13T17:00:00Z,132.98,0.00,400.00,98.50,99.00,132.98,0.00,0.00,0.00,none
2024-04-13T18:00:00Z,132.98,0.00,400.00,98.50,99.00,132.98,0.00,0.00,0.00,none
2024-04-13T19:00:00Z,134.16,0.00,400.00,98.50,99.00,134.16,0.00,0.00,0.00,none
2024-04-13T20:00:00Z,146.34,0.00,400.00,98.50,99.00,146.34,0.00,0.00,0.00,none
2024-04-13T21:00:00Z,153.99,0.00,400.00,98.50,99.00,153.99,0.00,0.00,0.00,none
2024-04-13T22:00:00Z,134.16,0.00,400.00,98.50,99.00,134.16,0.00,0.00,0.00,none
2024-04-13T23:00:00Z,112.92,0.00,400.00,98.50,99.00,112.92,0.00,0.00,0.00,none
2024-04-14T00:00:00Z,81.58,0.00,400.00,98.50,99.00,81.58,0.00,0.00,0.00,none
2024-04-14T01:00:00Z,56.65,0.00,400.00,98.50,99.00,56.65,0.00,0.00,0.00,none
2024-04-14T02:00:00Z,42.67,0.00,400.00,98.50,99.00,42.67,0.00,0.00,0.00,none
2024-04-14T03:00:00Z,35.90,0.56,400.00,98.50,99.00,35.90,0.00,0.56,0.00,none
2024-04-14T04:00:00Z,145.09,9.54,400.00,98.50,99.00,145.09,0.00,9.54,0.00,none
2024-04-14T05:00:00Z,305.60,23.82,400.00,98.50,99.00,305.60,0.00,4.40,19.42,wind_priority_shared_poi_headroom
2024-04-14T06:00:00Z,305.60,37.08,400.00,98.50,99.00,305.60,0.00,4.40,32.68,wind_priority_shared_poi_headroom
2024-04-14T07:00:00Z,305.60,48.41,400.00,98.50,99.00,305.60,0.00,4.40,44.01,wind_priority_shared_poi_headroom
2024-04-14T08:00:00Z,256.39,54.68,400.00,98.50,99.00,256.39,0.00,53.61,1.07,wind_priority_shared_poi_headroom
2024-04-14T09:00:00Z,193.22,56.85,400.00,98.50,99.00,193.22,0.00,56.85,0.00,none
2024-04-14T10:00:00Z,155.29,53.84,400.00,98.50,99.00,155.29,0.00,53.84,0.00,none
2024-04-14T11:00:00Z,140.16,46.79,400.00,98.50,99.00,140.16,0.00,46.79,0.00,none
2024-04-14T12:00:00Z,137.74,35.37,400.00,98.50,99.00,137.74,0.00,35.37,0.00,none
2024-04-14T13:00:00Z,147.59,22.59,400.00,98.50,99.00,147.59,0.00,22.59,0.00,none
2024-04-14T14:00:00Z,152.69,10.11,400.00,98.50,99.00,152.69,0.00,10.11,0.00,none
2024-04-14T15:00:00Z,116.11,1.01,400.00,98.50,99.00,116.11,0.00,1.01,0.00,none
2024-04-14T16:00:00Z,119.36,0.00,400.00,98.50,99.00,119.36,0.00,0.00,0.00,none
2024-04-14T17:00:00Z,181.40,0.00,400.00,98.50,99.00,181.40,0.00,0.00,0.00,none
2024-04-14T18:00:00Z,203.97,0.00,400.00,98.50,99.00,203.97,0.00,0.00,0.00,none
2024-04-14T19:00:00Z,226.66,0.00,400.00,98.50,99.00,226.66,0.00,0.00,0.00,none
2024-04-14T20:00:00Z,258.22,0.00,400.00,98.50,99.00,258.22,0.00,0.00,0.00,none
2024-04-14T21:00:00Z,265.61,0.00,400.00,98.50,99.00,265.61,0.00,0.00,0.00,none
2024-04-14T22:00:00Z,224.98,0.00,400.00,98.50,99.00,224.98,0.00,0.00,0.00,none
2024-04-14T23:00:00Z,197.78,0.00,400.00,98.50,99.00,197.78,0.00,0.00,0.00,none
2024-04-15T00:00:00Z,182.85,0.00,400.00,98.50,99.00,182.85,0.00,0.00,0.00,none
2024-04-15T01:00:00Z,178.52,0.00,400.00,98.50,99.00,178.52,0.00,0.00,0.00,none
2024-04-15T02:00:00Z,153.99,0.00,400.00,98.50,99.00,153.99,0.00,0.00,0.00,none
2024-04-15T03:00:00Z,130.64,0.55,400.00,98.50,99.00,130.64,0.00,0.55,0.00,none
2024-04-15T04:00:00Z,245.62,9.19,400.00,98.50,99.00,245.62,0.00,9.19,0.00,none
2024-04-15T05:00:00Z,267.48,23.21,400.00,98.50,99.00,267.48,0.00,23.21,0.00,none
2024-04-15T06:00:00Z,80.73,36.34,400.00,98.50,99.00,80.73,0.00,36.34,0.00,none
2024-04-15T07:00:00Z,15.10,46.82,400.00,98.50,99.00,15.10,0.00,46.82,0.00,none
2024-04-15T08:00:00Z,12.50,52.21,400.00,98.50,99.00,12.50,0.00,52.21,0.00,none
2024-04-15T09:00:00Z,35.90,51.79,400.00,98.50,99.00,35.90,0.00,51.79,0.00,none
2024-04-15T10:00:00Z,54.67,50.97,400.00,98.50,99.00,54.67,0.00,50.97,0.00,none
2024-04-15T11:00:00Z,34.45,45.58,400.00,98.50,99.00,34.45,0.00,45.58,0.00,none
2024-04-15T12:00:00Z,17.11,34.76,400.00,98.50,99.00,17.11,0.00,34.76,0.00,none
2024-04-15T13:00:00Z,17.11,22.27,400.00,98.50,99.00,17.11,0.00,22.27,0.00,none
2024-04-15T14:00:00Z,40.51,9.42,400.00,98.50,99.00,40.51,0.00,9.42,0.00,none
2024-04-15T15:00:00Z,72.59,0.82,400.00,98.50,99.00,72.59,0.00,0.82,0.00,none
2024-04-15T16:00:00Z,100.73,0.00,400.00,98.50,99.00,100.73,0.00,0.00,0.00,none
2024-04-15T17:00:00Z,113.98,0.00,400.00,98.50,99.00,113.98,0.00,0.00,0.00,none
2024-04-15T18:00:00Z,137.74,0.00,400.00,98.50,99.00,137.74,0.00,0.00,0.00,none
2024-04-15T19:00:00Z,178.52,0.00,400.00,98.50,99.00,178.52,0.00,0.00,0.00,none
2024-04-15T20:00:00Z,187.25,0.00,400.00,98.50,99.00,187.25,0.00,0.00,0.00,none
2024-04-15T21:00:00Z,145.09,0.00,400.00,98.50,99.00,145.09,0.00,0.00,0.00,none
2024-04-15T22:00:00Z,252.77,0.00,400.00,98.50,99.00,252.77,0.00,0.00,0.00,none
2024-04-15T23:00:00Z,224.98,0.00,400.00,98.50,99.00,224.98,0.00,0.00,0.00,none
2024-04-16T00:00:00Z,145.09,0.00,400.00,98.50,99.00,145.09,0.00,0.00,0.00,none
2024-04-16T01:00:00Z,111.87,0.00,400.00,98.50,99.00,111.87,0.00,0.00,0.00,none
2024-04-16T02:00:00Z,52.11,0.00,400.00,98.50,99.00,52.11,0.00,0.00,0.00,none
2024-04-16T03:00:00Z,15.94,0.55,400.00,98.50,99.00,15.94,0.00,0.55,0.00,none
2024-04-16T04:00:00Z,28.60,10.01,400.00,98.50,99.00,28.60,0.00,10.01,0.00,none
2024-04-16T05:00:00Z,10.44,24.01,400.00,98.50,99.00,10.44,0.00,24.01,0.00,none
2024-04-16T06:00:00Z,0.06,38.39,400.00,98.50,99.00,0.06,0.00,38.39,0.00,none
2024-04-16T07:00:00Z,0.00,51.14,400.00,98.50,99.00,0.00,0.00,51.14,0.00,none
2024-04-16T08:00:00Z,0.00,52.59,400.00,98.50,99.00,0.00,0.00,52.59,0.00,none
2024-04-16T09:00:00Z,0.00,53.03,400.00,98.50,99.00,0.00,0.00,53.03,0.00,none
2024-04-16T10:00:00Z,0.00,49.71,400.00,98.50,99.00,0.00,0.00,49.71,0.00,none
2024-04-16T11:00:00Z,0.00,41.63,400.00,98.50,99.00,0.00,0.00,41.63,0.00,none
2024-04-16T12:00:00Z,0.00,35.68,400.00,98.50,99.00,0.00,0.00,35.68,0.00,none
2024-04-16T13:00:00Z,0.00,24.91,400.00,98.50,99.00,0.00,0.00,24.91,0.00,none
2024-04-16T14:00:00Z,0.00,11.24,400.00,98.50,99.00,0.00,0.00,11.24,0.00,none
2024-04-16T15:00:00Z,0.32,0.98,400.00,98.50,99.00,0.32,0.00,0.98,0.00,none
2024-04-16T16:00:00Z,4.95,0.00,400.00,98.50,99.00,4.95,0.00,0.00,0.00,none
2024-04-16T17:00:00Z,48.43,0.00,400.00,98.50,99.00,48.43,0.00,0.00,0.00,none
2024-04-16T18:00:00Z,218.37,0.00,400.00,98.50,99.00,218.37,0.00,0.00,0.00,none
2024-04-16T19:00:00Z,305.60,0.00,400.00,98.50,99.00,305.60,0.00,0.00,0.00,none
2024-04-16T20:00:00Z,305.60,0.00,400.00,98.50,99.00,305.60,0.00,0.00,0.00,none
2024-04-16T21:00:00Z,305.60,0.00,400.00,98.50,99.00,305.60,0.00,0.00,0.00,none
2024-04-16T22:00:00Z,305.60,0.00,400.00,98.50,99.00,305.60,0.00,0.00,0.00,none
2024-04-16T23:00:00Z,305.60,0.00,400.00,98.50,99.00,305.60,0.00,0.00,0.00,none
2024-04-17T00:00:00Z,284.70,0.00,400.00,98.50,99.00,284.70,0.00,0.00,0.00,none
2024-04-17T01:00:00Z,254.58,0.00,400.00,98.50,99.00,254.58,0.00,0.00,0.00,none
2024-04-17T02:00:00Z,193.22,0.00,400.00,98.50,99.00,193.22,0.00,0.00,0.00,none
2024-04-17T03:00:00Z,132.98,0.62,400.00,98.50,99.00,132.98,0.00,0.62,0.00,none
2024-04-17T04:00:00Z,245.62,10.63,400.00,98.50,99.00,245.62,0.00,10.63,0.00,none
2024-04-17T05:00:00Z,305.60,26.31,400.00,98.50,99.00,305.60,0.00,4.40,21.91,wind_priority_shared_poi_headroom
2024-04-17T06:00:00Z,305.60,41.14,400.00,98.50,99.00,305.60,0.00,4.40,36.73,wind_priority_shared_poi_headroom
2024-04-17T07:00:00Z,284.70,52.81,400.00,98.50,99.00,284.70,0.00,25.30,27.51,wind_priority_shared_poi_headroom
2024-04-17T08:00:00Z,210.29,60.23,400.00,98.50,99.00,210.29,0.00,60.23,0.00,none
2024-04-17T09:00:00Z,153.99,60.24,400.00,98.50,99.00,153.99,0.00,60.24,0.00,none
2024-04-17T10:00:00Z,140.16,56.96,400.00,98.50,99.00,140.16,0.00,56.96,0.00,none
2024-04-17T11:00:00Z,191.72,49.25,400.00,98.50,99.00,191.72,0.00,49.25,0.00,none
2024-04-17T12:00:00Z,305.60,39.76,400.00,98.50,99.00,305.60,0.00,4.40,35.36,wind_priority_shared_poi_headroom
2024-04-17T13:00:00Z,305.60,26.61,400.00,98.50,99.00,305.60,0.00,4.40,22.21,wind_priority_shared_poi_headroom
2024-04-17T14:00:00Z,305.60,12.19,400.00,98.50,99.00,305.60,0.00,4.40,7.78,wind_priority_shared_poi_headroom
2024-04-17T15:00:00Z,305.60,1.08,400.00,98.50,99.00,305.60,0.00,1.08,0.00,none
2024-04-17T16:00:00Z,305.60,0.00,400.00,98.50,99.00,305.60,0.00,0.00,0.00,none
2024-04-17T17:00:00Z,305.60,0.00,400.00,98.50,99.00,305.60,0.00,0.00,0.00,none
2024-04-17T18:00:00Z,305.60,0.00,400.00,98.50,99.00,305.60,0.00,0.00,0.00,none
2024-04-17T19:00:00Z,305.60,0.00,400.00,98.50,99.00,305.60,0.00,0.00,0.00,none
2024-04-17T20:00:00Z,305.60,0.00,400.00,98.50,99.00,305.60,0.00,0.00,0.00,none
2024-04-17T21:00:00Z,238.61,0.00,400.00,98.50,99.00,238.61,0.00,0.00,0.00,none
2024-04-17T22:00:00Z,106.71,0.00,400.00,98.50,99.00,106.71,0.00,0.00,0.00,none
2024-04-17T23:00:00Z,71.03,0.00,400.00,98.50,99.00,71.03,0.00,0.00,0.00,none
2024-04-18T00:00:00Z,85.02,0.00,400.00,98.50,99.00,85.02,0.00,0.00,0.00,none
2024-04-18T01:00:00Z,137.74,0.00,400.00,98.50,99.00,137.74,0.00,0.00,0.00,none
2024-04-18T02:00:00Z,233.44,0.00,400.00,98.50,99.00,233.44,0.00,0.00,0.00,none
2024-04-18T03:00:00Z,305.60,0.67,400.00,98.50,99.00,305.60,0.00,0.67,0.00,none
2024-04-18T04:00:00Z,305.60,10.93,400.00,98.50,99.00,305.60,0.00,4.40,6.53,wind_priority_shared_poi_headroom
2024-04-18T05:00:00Z,305.60,25.59,400.00,98.50,99.00,305.60,0.00,4.40,21.19,wind_priority_shared_poi_headroom
2024-04-18T06:00:00Z,305.60,39.49,400.00,98.50,99.00,305.60,0.00,4.40,35.09,wind_priority_shared_poi_headroom
2024-04-18T07:00:00Z,305.60,52.25,400.00,98.50,99.00,305.60,0.00,4.40,47.84,wind_priority_shared_poi_headroom
2024-04-18T08:00:00Z,305.60,57.39,400.00,98.50,99.00,305.60,0.00,4.40,52.98,wind_priority_shared_poi_headroom
2024-04-18T09:00:00Z,305.60,58.56,400.00,98.50,99.00,305.60,0.00,4.40,54.15,wind_priority_shared_poi_headroom
2024-04-18T10:00:00Z,305.60,53.62,400.00,98.50,99.00,305.60,0.00,4.40,49.22,wind_priority_shared_poi_headroom
2024-04-18T11:00:00Z,296.58,46.34,400.00,98.50,99.00,296.58,0.00,13.42,32.92,wind_priority_shared_poi_headroom
2024-04-18T12:00:00Z,142.61,36.54,400.00,98.50,99.00,142.61,0.00,36.54,0.00,none
2024-04-18T13:00:00Z,69.49,23.32,400.00,98.50,99.00,69.49,0.00,23.32,0.00,none
2024-04-18T14:00:00Z,39.45,10.74,400.00,98.50,99.00,39.45,0.00,10.74,0.00,none
2024-04-18T15:00:00Z,24.21,1.01,400.00,98.50,99.00,24.21,0.00,1.01,0.00,none
2024-04-18T16:00:00Z,75.78,0.00,400.00,98.50,99.00,75.78,0.00,0.00,0.00,none
2024-04-18T17:00:00Z,242.10,0.00,400.00,98.50,99.00,242.10,0.00,0.00,0.00,none
2024-04-18T18:00:00Z,305.60,0.00,400.00,98.50,99.00,305.60,0.00,0.00,0.00,none
2024-04-18T19:00:00Z,305.60,0.00,400.00,98.50,99.00,305.60,0.00,0.00,0.00,none
2024-04-18T20:00:00Z,305.60,0.00,400.00,98.50,99.00,305.60,0.00,0.00,0.00,none
2024-04-18T21:00:00Z,208.70,0.00,400.00,98.50,99.00,208.70,0.00,0.00,0.00,none
2024-04-18T22:00:00Z,156.59,0.00,400.00,98.50,99.00,156.59,0.00,0.00,0.00,none
2024-04-18T23:00:00Z,129.48,0.00,400.00,98.50,99.00,129.48,0.00,0.00,0.00,none
2024-04-19T00:00:00Z,100.73,0.00,400.00,98.50,99.00,100.73,0.00,0.00,0.00,none
2024-04-19T01:00:00Z,52.11,0.00,400.00,98.50,99.00,52.11,0.00,0.00,0.00,none
2024-04-19T02:00:00Z,22.73,0.00,400.00,98.50,99.00,22.73,0.00,0.00,0.00,none
2024-04-19T03:00:00Z,12.50,0.66,400.00,98.50,99.00,12.50,0.00,0.66,0.00,none
2024-04-19T04:00:00Z,23.46,10.68,400.00,98.50,99.00,23.46,0.00,10.68,0.00,none
2024-04-19T05:00:00Z,18.34,25.65,400.00,98.50,99.00,18.34,0.00,25.65,0.00,none
2024-04-19T06:00:00Z,2.76,39.81,400.00,98.50,99.00,2.76,0.00,39.81,0.00,none
2024-04-19T07:00:00Z,0.04,50.02,400.00,98.50,99.00,0.04,0.00,50.02,0.00,none
2024-04-19T08:00:00Z,0.00,55.20,400.00,98.50,99.00,0.00,0.00,55.20,0.00,none
2024-04-19T09:00:00Z,0.00,58.52,400.00,98.50,99.00,0.00,0.00,58.52,0.00,none
2024-04-19T10:00:00Z,0.03,54.79,400.00,98.50,99.00,0.03,0.00,54.79,0.00,none
2024-04-19T11:00:00Z,0.30,47.33,400.00,98.50,99.00,0.30,0.00,47.33,0.00,none
2024-04-19T12:00:00Z,3.33,40.12,400.00,98.50,99.00,3.33,0.00,40.12,0.00,none
2024-04-19T13:00:00Z,25.36,27.73,400.00,98.50,99.00,25.36,0.00,27.73,0.00,none
2024-04-19T14:00:00Z,105.70,12.92,400.00,98.50,99.00,105.70,0.00,12.92,0.00,none
2024-04-19T15:00:00Z,208.70,1.11,400.00,98.50,99.00,208.70,0.00,1.11,0.00,none
2024-04-19T16:00:00Z,305.60,0.00,400.00,98.50,99.00,305.60,0.00,0.00,0.00,none
2024-04-19T17:00:00Z,305.60,0.00,400.00,98.50,99.00,305.60,0.00,0.00,0.00,none
2024-04-19T18:00:00Z,305.60,0.00,400.00,98.50,99.00,305.60,0.00,0.00,0.00,none
2024-04-19T19:00:00Z,305.60,0.00,400.00,98.50,99.00,305.60,0.00,0.00,0.00,none
2024-04-19T20:00:00Z,305.60,0.00,400.00,98.50,99.00,305.60,0.00,0.00,0.00,none
2024-04-19T21:00:00Z,305.60,0.00,400.00,98.50,99.00,305.60,0.00,0.00,0.00,none
2024-04-19T22:00:00Z,284.70,0.00,400.00,98.50,99.00,284.70,0.00,0.00,0.00,none
2024-04-19T23:00:00Z,116.11,0.00,400.00,98.50,99.00,116.11,0.00,0.00,0.00,none
2024-04-20T00:00:00Z,38.93,0.00,400.00,98.50,99.00,38.93,0.00,0.00,0.00,none
2024-04-20T01:00:00Z,10.23,0.00,400.00,98.50,99.00,10.23,0.00,0.00,0.00,none
2024-04-20T02:00:00Z,2.34,0.00,400.00,98.50,99.00,2.34,0.00,0.00,0.00,none
2024-04-20T03:00:00Z,0.41,0.70,400.00,98.50,99.00,0.41,0.00,0.70,0.00,none
2024-04-20T04:00:00Z,0.99,11.19,400.00,98.50,99.00,0.99,0.00,11.19,0.00,none
2024-04-20T05:00:00Z,0.95,26.86,400.00,98.50,99.00,0.95,0.00,26.86,0.00,none
2024-04-20T06:00:00Z,0.02,41.33,400.00,98.50,99.00,0.02,0.00,41.33,0.00,none
2024-04-20T07:00:00Z,0.00,52.54,400.00,98.50,99.00,0.00,0.00,52.54,0.00,none
2024-04-20T08:00:00Z,0.00,59.56,400.00,98.50,99.00,0.00,0.00,59.56,0.00,none
2024-04-20T09:00:00Z,0.00,56.96,400.00,98.50,99.00,0.00,0.00,56.96,0.00,none
2024-04-20T10:00:00Z,0.00,52.42,400.00,98.50,99.00,0.00,0.00,52.42,0.00,none
2024-04-20T11:00:00Z,0.00,43.32,400.00,98.50,99.00,0.00,0.00,43.32,0.00,none
2024-04-20T12:00:00Z,0.00,35.31,400.00,98.50,99.00,0.00,0.00,35.31,0.00,none
2024-04-20T13:00:00Z,0.03,21.42,400.00,98.50,99.00,0.03,0.00,21.42,0.00,none
2024-04-20T14:00:00Z,1.29,9.19,400.00,98.50,99.00,1.29,0.00,9.19,0.00,none
2024-04-20T15:00:00Z,8.43,0.82,400.00,98.50,99.00,8.43,0.00,0.82,0.00,none
2024-04-20T16:00:00Z,24.59,0.00,400.00,98.50,99.00,24.59,0.00,0.00,0.00,none
2024-04-20T17:00:00Z,41.58,0.00,400.00,98.50,99.00,41.58,0.00,0.00,0.00,none
2024-04-20T18:00:00Z,42.13,0.00,400.00,98.50,99.00,42.13,0.00,0.00,0.00,none
2024-04-20T19:00:00Z,57.99,0.00,400.00,98.50,99.00,57.99,0.00,0.00,0.00,none
2024-04-20T20:00:00Z,71.81,0.00,400.00,98.50,99.00,71.81,0.00,0.00,0.00,none
2024-04-20T21:00:00Z,103.69,0.00,400.00,98.50,99.00,103.69,0.00,0.00,0.00,none
2024-04-20T22:00:00Z,122.68,0.00,400.00,98.50,99.00,122.68,0.00,0.00,0.00,none
2024-04-20T23:00:00Z,77.40,0.00,400.00,98.50,99.00,77.40,0.00,0.00,0.00,none
2024-04-21T00:00:00Z,89.46,0.00,400.00,98.50,99.00,89.46,0.00,0.00,0.00,none
2024-04-21T01:00:00Z,83.29,0.00,400.00,98.50,99.00,83.29,0.00,0.00,0.00,none
2024-04-21T02:00:00Z,40.51,0.00,400.00,98.50,99.00,40.51,0.00,0.00,0.00,none
2024-04-21T03:00:00Z,12.75,0.16,400.00,98.50,99.00,12.75,0.00,0.16,0.00,none
2024-04-21T04:00:00Z,12.75,0.91,400.00,98.50,99.00,12.75,0.00,0.91,0.00,none
2024-04-21T05:00:00Z,29.89,2.75,400.00,98.50,99.00,29.89,0.00,2.75,0.00,none
2024-04-21T06:00:00Z,47.24,3.47,400.00,98.50,99.00,47.24,0.00,3.47,0.00,none
2024-04-21T07:00:00Z,28.18,3.62,400.00,98.50,99.00,28.18,0.00,3.62,0.00,none
2024-04-21T08:00:00Z,6.70,3.14,400.00,98.50,99.00,6.70,0.00,3.14,0.00,none
2024-04-21T09:00:00Z,0.18,3.25,400.00,98.50,99.00,0.18,0.00,3.25,0.00,none
2024-04-21T10:00:00Z,0.00,4.16,400.00,98.50,99.00,0.00,0.00,4.16,0.00,none
2024-04-21T11:00:00Z,0.00,5.95,400.00,98.50,99.00,0.00,0.00,5.95,0.00,none
2024-04-21T12:00:00Z,0.00,15.02,400.00,98.50,99.00,0.00,0.00,15.02,0.00,none
2024-04-21T13:00:00Z,0.00,13.52,400.00,98.50,99.00,0.00,0.00,13.52,0.00,none
2024-04-21T14:00:00Z,0.00,5.95,400.00,98.50,99.00,0.00,0.00,5.95,0.00,none
2024-04-21T15:00:00Z,0.00,0.62,400.00,98.50,99.00,0.00,0.00,0.62,0.00,none
2024-04-21T16:00:00Z,0.00,0.00,400.00,98.50,99.00,0.00,0.00,0.00,0.00,none
2024-04-21T17:00:00Z,0.00,0.00,400.00,98.50,99.00,0.00,0.00,0.00,0.00,none
2024-04-21T18:00:00Z,0.00,0.00,400.00,98.50,99.00,0.00,0.00,0.00,0.00,none
2024-04-21T19:00:00Z,0.00,0.00,400.00,98.50,99.00,0.00,0.00,0.00,0.00,none
2024-04-21T20:00:00Z,0.00,0.00,400.00,98.50,99.00,0.00,0.00,0.00,0.00,none
2024-04-21T21:00:00Z,0.71,0.00,400.00,98.50,99.00,0.71,0.00,0.00,0.00,none
2024-04-21T22:00:00Z,3.43,0.00,400.00,98.50,99.00,3.43,0.00,0.00,0.00,none
2024-04-21T23:00:00Z,4.20,0.00,400.00,98.50,99.00,4.20,0.00,0.00,0.00,none
2024-04-22T00:00:00Z,3.86,0.00,400.00,98.50,99.00,3.86,0.00,0.00,0.00,none
2024-04-22T01:00:00Z,5.78,0.00,400.00,98.50,99.00,5.78,0.00,0.00,0.00,none
2024-04-22T02:00:00Z,9.40,0.00,400.00,98.50,99.00,9.40,0.00,0.00,0.00,none
2024-04-22T03:00:00Z,14.55,0.57,400.00,98.50,99.00,14.55,0.00,0.57,0.00,none
2024-04-22T04:00:00Z,60.74,9.51,400.00,98.50,99.00,60.74,0.00,9.51,0.00,none
2024-04-22T05:00:00Z,126.05,23.10,400.00,98.50,99.00,126.05,0.00,23.10,0.00,none
2024-04-22T06:00:00Z,113.98,37.53,400.00,98.50,99.00,113.98,0.00,37.53,0.00,none
2024-04-22T07:00:00Z,82.43,48.41,400.00,98.50,99.00,82.43,0.00,48.41,0.00,none
2024-04-22T08:00:00Z,55.98,55.27,400.00,98.50,99.00,55.98,0.00,55.27,0.00,none
2024-04-22T09:00:00Z,33.50,56.34,400.00,98.50,99.00,33.50,0.00,56.34,0.00,none
2024-04-22T10:00:00Z,21.66,52.53,400.00,98.50,99.00,21.66,0.00,52.53,0.00,none
2024-04-22T11:00:00Z,16.81,45.57,400.00,98.50,99.00,16.81,0.00,45.57,0.00,none
2024-04-22T12:00:00Z,17.11,37.67,400.00,98.50,99.00,17.11,0.00,37.67,0.00,none
2024-04-22T13:00:00Z,23.09,25.20,400.00,98.50,99.00,23.09,0.00,25.20,0.00,none
2024-04-22T14:00:00Z,33.50,10.99,400.00,98.50,99.00,33.50,0.00,10.99,0.00,none
2024-04-22T15:00:00Z,27.77,0.93,400.00,98.50,99.00,27.77,0.00,0.93,0.00,none
2024-04-22T16:00:00Z,62.85,0.00,400.00,98.50,99.00,62.85,0.00,0.00,0.00,none
2024-04-22T17:00:00Z,211.89,0.00,400.00,98.50,99.00,211.89,0.00,0.00,0.00,none
2024-04-22T18:00:00Z,265.61,0.00,400.00,98.50,99.00,265.61,0.00,0.00,0.00,none
2024-04-22T19:00:00Z,221.66,0.00,400.00,98.50,99.00,221.66,0.00,0.00,0.00,none
2024-04-22T20:00:00Z,160.56,0.00,400.00,98.50,99.00,160.56,0.00,0.00,0.00,none
2024-04-22T21:00:00Z,131.81,0.00,400.00,98.50,99.00,131.81,0.00,0.00,0.00,none
2024-04-22T22:00:00Z,107.73,0.00,400.00,98.50,99.00,107.73,0.00,0.00,0.00,none
2024-04-22T23:00:00Z,91.27,0.00,400.00,98.50,99.00,91.27,0.00,0.00,0.00,none
2024-04-23T00:00:00Z,100.73,0.00,400.00,98.50,99.00,100.73,0.00,0.00,0.00,none
2024-04-23T01:00:00Z,109.78,0.00,400.00,98.50,99.00,109.78,0.00,0.00,0.00,none
2024-04-23T02:00:00Z,102.70,0.00,400.00,98.50,99.00,102.70,0.00,0.00,0.00,none
2024-04-23T03:00:00Z,75.78,0.70,400.00,98.50,99.00,75.78,0.00,0.70,0.00,none
2024-04-23T04:00:00Z,177.10,10.61,400.00,98.50,99.00,177.10,0.00,10.61,0.00,none
2024-04-23T05:00:00Z,260.05,26.04,400.00,98.50,99.00,260.05,0.00,26.04,0.00,none
2024-04-23T06:00:00Z,136.54,40.59,400.00,98.50,99.00,136.54,0.00,40.59,0.00,none
2024-04-23T07:00:00Z,65.75,51.97,400.00,98.50,99.00,65.75,0.00,51.97,0.00,none
2024-04-23T08:00:00Z,35.90,59.16,400.00,98.50,99.00,35.90,0.00,59.16,0.00,none
2024-04-23T09:00:00Z,24.97,60.65,400.00,98.50,99.00,24.97,0.00,60.65,0.00,none
2024-04-23T10:00:00Z,21.66,57.43,400.00,98.50,99.00,21.66,0.00,57.43,0.00,none
2024-04-23T11:00:00Z,20.62,47.42,400.00,98.50,99.00,20.62,0.00,47.42,0.00,none
2024-04-23T12:00:00Z,20.29,38.65,400.00,98.50,99.00,20.29,0.00,38.65,0.00,none
2024-04-23T13:00:00Z,23.83,25.97,400.00,98.50,99.00,23.83,0.00,25.97,0.00,none
2024-04-23T14:00:00Z,31.66,11.91,400.00,98.50,99.00,31.66,0.00,11.91,0.00,none
2024-04-23T15:00:00Z,28.60,0.99,400.00,98.50,99.00,28.60,0.00,0.99,0.00,none
2024-04-23T16:00:00Z,43.23,0.00,400.00,98.50,99.00,43.23,0.00,0.00,0.00,none
2024-04-23T17:00:00Z,85.02,0.00,400.00,98.50,99.00,85.02,0.00,0.00,0.00,none
2024-04-23T18:00:00Z,146.34,0.00,400.00,98.50,99.00,146.34,0.00,0.00,0.00,none
2024-04-23T19:00:00Z,250.97,0.00,400.00,98.50,99.00,250.97,0.00,0.00,0.00,none
2024-04-23T20:00:00Z,305.60,0.00,400.00,98.50,99.00,305.60,0.00,0.00,0.00,none
2024-04-23T21:00:00Z,263.75,0.00,400.00,98.50,99.00,263.75,0.00,0.00,0.00,none
2024-04-23T22:00:00Z,115.04,0.00,400.00,98.50,99.00,115.04,0.00,0.00,0.00,none
2024-04-23T23:00:00Z,70.26,0.00,400.00,98.50,99.00,70.26,0.00,0.00,0.00,none
2024-04-24T00:00:00Z,36.89,0.00,400.00,98.50,99.00,36.89,0.00,0.00,0.00,none
2024-04-24T01:00:00Z,21.66,0.00,400.00,98.50,99.00,21.66,0.00,0.00,0.00,none
2024-04-24T02:00:00Z,15.94,0.00,400.00,98.50,99.00,15.94,0.00,0.00,0.00,none
2024-04-24T03:00:00Z,14.02,0.69,400.00,98.50,99.00,14.02,0.00,0.69,0.00,none
2024-04-24T04:00:00Z,39.98,10.89,400.00,98.50,99.00,39.98,0.00,10.89,0.00,none
2024-04-24T05:00:00Z,141.38,25.80,400.00,98.50,99.00,141.38,0.00,25.80,0.00,none
2024-04-24T06:00:00Z,108.75,40.68,400.00,98.50,99.00,108.75,0.00,40.68,0.00,none
2024-04-24T07:00:00Z,40.51,51.92,400.00,98.50,99.00,40.51,0.00,51.92,0.00,none
2024-04-24T08:00:00Z,9.00,57.90,400.00,98.50,99.00,9.00,0.00,57.90,0.00,none
2024-04-24T09:00:00Z,0.99,54.05,400.00,98.50,99.00,0.99,0.00,54.05,0.00,none
2024-04-24T10:00:00Z,0.14,52.84,400.00,98.50,99.00,0.14,0.00,52.84,0.00,none
2024-04-24T11:00:00Z,0.28,41.23,400.00,98.50,99.00,0.28,0.00,41.23,0.00,none
2024-04-24T12:00:00Z,1.40,31.80,400.00,98.50,99.00,1.40,0.00,31.80,0.00,none
2024-04-24T13:00:00Z,5.49,20.64,400.00,98.50,99.00,5.49,0.00,20.64,0.00,none
2024-04-24T14:00:00Z,15.10,9.41,400.00,98.50,99.00,15.10,0.00,9.41,0.00,none
2024-04-24T15:00:00Z,19.95,0.86,400.00,98.50,99.00,19.95,0.00,0.86,0.00,none
2024-04-24T16:00:00Z,35.41,0.00,400.00,98.50,99.00,35.41,0.00,0.00,0.00,none
2024-04-24T17:00:00Z,52.75,0.00,400.00,98.50,99.00,52.75,0.00,0.00,0.00,none
2024-04-24T18:00:00Z,47.24,0.00,400.00,98.50,99.00,47.24,0.00,0.00,0.00,none
2024-04-24T19:00:00Z,49.03,0.00,400.00,98.50,99.00,49.03,0.00,0.00,0.00,none
2024-04-24T20:00:00Z,70.26,0.00,400.00,98.50,99.00,70.26,0.00,0.00,0.00,none
2024-04-24T21:00:00Z,128.33,0.00,400.00,98.50,99.00,128.33,0.00,0.00,0.00,none
2024-04-24T22:00:00Z,128.33,0.00,400.00,98.50,99.00,128.33,0.00,0.00,0.00,none
2024-04-24T23:00:00Z,55.98,0.00,400.00,98.50,99.00,55.98,0.00,0.00,0.00,none
2024-04-25T00:00:00Z,22.01,0.00,400.00,98.50,99.00,22.01,0.00,0.00,0.00,none
2024-04-25T01:00:00Z,12.26,0.00,400.00,98.50,99.00,12.26,0.00,0.00,0.00,none
2024-04-25T02:00:00Z,8.06,0.00,400.00,98.50,99.00,8.06,0.00,0.00,0.00,none
2024-04-25T03:00:00Z,1.97,0.55,400.00,98.50,99.00,1.97,0.00,0.55,0.00,none
2024-04-25T04:00:00Z,7.88,8.79,400.00,98.50,99.00,7.88,0.00,8.79,0.00,none
2024-04-25T05:00:00Z,13.25,20.79,400.00,98.50,99.00,13.25,0.00,20.79,0.00,none
2024-04-25T06:00:00Z,4.32,32.92,400.00,98.50,99.00,4.32,0.00,32.92,0.00,none
2024-04-25T07:00:00Z,0.04,36.72,400.00,98.50,99.00,0.04,0.00,36.72,0.00,none
2024-04-25T08:00:00Z,0.00,38.79,400.00,98.50,99.00,0.00,0.00,38.79,0.00,none
2024-04-25T09:00:00Z,0.00,40.03,400.00,98.50,99.00,0.00,0.00,40.03,0.00,none
2024-04-25T10:00:00Z,0.00,30.44,400.00,98.50,99.00,0.00,0.00,30.44,0.00,none
2024-04-25T11:00:00Z,0.00,20.06,400.00,98.50,99.00,0.00,0.00,20.06,0.00,none
2024-04-25T12:00:00Z,0.00,15.94,400.00,98.50,99.00,0.00,0.00,15.94,0.00,none
2024-04-25T13:00:00Z,0.00,10.17,400.00,98.50,99.00,0.00,0.00,10.17,0.00,none
2024-04-25T14:00:00Z,0.00,5.09,400.00,98.50,99.00,0.00,0.00,5.09,0.00,none
2024-04-25T15:00:00Z,0.00,0.41,400.00,98.50,99.00,0.00,0.00,0.41,0.00,none
2024-04-25T16:00:00Z,0.21,0.00,400.00,98.50,99.00,0.21,0.00,0.00,0.00,none
2024-04-25T17:00:00Z,0.61,0.00,400.00,98.50,99.00,0.61,0.00,0.00,0.00,none
2024-04-25T18:00:00Z,0.78,0.00,400.00,98.50,99.00,0.78,0.00,0.00,0.00,none
2024-04-25T19:00:00Z,1.23,0.00,400.00,98.50,99.00,1.23,0.00,0.00,0.00,none
2024-04-25T20:00:00Z,2.76,0.00,400.00,98.50,99.00,2.76,0.00,0.00,0.00,none
2024-04-25T21:00:00Z,5.49,0.00,400.00,98.50,99.00,5.49,0.00,0.00,0.00,none
2024-04-25T22:00:00Z,4.57,0.00,400.00,98.50,99.00,4.57,0.00,0.00,0.00,none
2024-04-25T23:00:00Z,2.51,0.00,400.00,98.50,99.00,2.51,0.00,0.00,0.00,none
2024-04-26T00:00:00Z,1.57,0.00,400.00,98.50,99.00,1.57,0.00,0.00,0.00,none
2024-04-26T01:00:00Z,1.76,0.00,400.00,98.50,99.00,1.76,0.00,0.00,0.00,none
2024-04-26T02:00:00Z,5.35,0.00,400.00,98.50,99.00,5.35,0.00,0.00,0.00,none
2024-04-26T03:00:00Z,9.00,0.41,400.00,98.50,99.00,9.00,0.00,0.41,0.00,none
2024-04-26T04:00:00Z,6.07,6.53,400.00,98.50,99.00,6.07,0.00,6.53,0.00,none
2024-04-26T05:00:00Z,4.20,14.71,400.00,98.50,99.00,4.20,0.00,14.71,0.00,none
2024-04-26T06:00:00Z,0.00,24.36,400.00,98.50,99.00,0.00,0.00,24.36,0.00,none
2024-04-26T07:00:00Z,0.00,35.42,400.00,98.50,99.00,0.00,0.00,35.42,0.00,none
2024-04-26T08:00:00Z,0.00,42.31,400.00,98.50,99.00,0.00,0.00,42.31,0.00,none
2024-04-26T09:00:00Z,0.00,39.63,400.00,98.50,99.00,0.00,0.00,39.63,0.00,none
2024-04-26T10:00:00Z,0.00,37.36,400.00,98.50,99.00,0.00,0.00,37.36,0.00,none
2024-04-26T11:00:00Z,0.00,34.56,400.00,98.50,99.00,0.00,0.00,34.56,0.00,none
2024-04-26T12:00:00Z,0.00,27.92,400.00,98.50,99.00,0.00,0.00,27.92,0.00,none
2024-04-26T13:00:00Z,0.00,17.59,400.00,98.50,99.00,0.00,0.00,17.59,0.00,none
2024-04-26T14:00:00Z,0.00,7.77,400.00,98.50,99.00,0.00,0.00,7.77,0.00,none
2024-04-26T15:00:00Z,0.00,0.69,400.00,98.50,99.00,0.00,0.00,0.69,0.00,none
2024-04-26T16:00:00Z,0.00,0.00,400.00,98.50,99.00,0.00,0.00,0.00,0.00,none
2024-04-26T17:00:00Z,0.00,0.00,400.00,98.50,99.00,0.00,0.00,0.00,0.00,none
2024-04-26T18:00:00Z,0.00,0.00,400.00,98.50,99.00,0.00,0.00,0.00,0.00,none
2024-04-26T19:00:00Z,0.00,0.00,400.00,98.50,99.00,0.00,0.00,0.00,0.00,none
2024-04-26T20:00:00Z,0.00,0.00,400.00,98.50,99.00,0.00,0.00,0.00,0.00,none
2024-04-26T21:00:00Z,0.00,0.00,400.00,98.50,99.00,0.00,0.00,0.00,0.00,none
2024-04-26T22:00:00Z,0.00,0.00,400.00,98.50,99.00,0.00,0.00,0.00,0.00,none
2024-04-26T23:00:00Z,0.00,0.00,400.00,98.50,99.00,0.00,0.00,0.00,0.00,none
2024-04-27T00:00:00Z,0.02,0.00,400.00,98.50,99.00,0.02,0.00,0.00,0.00,none
2024-04-27T01:00:00Z,0.43,0.00,400.00,98.50,99.00,0.43,0.00,0.00,0.00,none
2024-04-27T02:00:00Z,1.90,0.00,400.00,98.50,99.00,1.90,0.00,0.00,0.00,none
2024-04-27T03:00:00Z,2.68,0.61,400.00,98.50,99.00,2.68,0.00,0.61,0.00,none
2024-04-27T04:00:00Z,11.79,8.23,400.00,98.50,99.00,11.79,0.00,8.23,0.00,none
2024-04-27T05:00:00Z,11.56,19.15,400.00,98.50,99.00,11.56,0.00,19.15,0.00,none
2024-04-27T06:00:00Z,1.70,31.69,400.00,98.50,99.00,1.70,0.00,31.69,0.00,none
2024-04-27T07:00:00Z,0.00,46.72,400.00,98.50,99.00,0.00,0.00,46.72,0.00,none
2024-04-27T08:00:00Z,0.00,54.92,400.00,98.50,99.00,0.00,0.00,54.92,0.00,none
2024-04-27T09:00:00Z,0.00,57.57,400.00,98.50,99.00,0.00,0.00,57.57,0.00,none
2024-04-27T10:00:00Z,0.00,50.58,400.00,98.50,99.00,0.00,0.00,50.58,0.00,none
2024-04-27T11:00:00Z,0.00,45.27,400.00,98.50,99.00,0.00,0.00,45.27,0.00,none
2024-04-27T12:00:00Z,0.00,31.36,400.00,98.50,99.00,0.00,0.00,31.36,0.00,none
2024-04-27T13:00:00Z,0.00,18.64,400.00,98.50,99.00,0.00,0.00,18.64,0.00,none
2024-04-27T14:00:00Z,0.00,8.30,400.00,98.50,99.00,0.00,0.00,8.30,0.00,none
2024-04-27T15:00:00Z,0.00,0.72,400.00,98.50,99.00,0.00,0.00,0.72,0.00,none
2024-04-27T16:00:00Z,0.00,0.00,400.00,98.50,99.00,0.00,0.00,0.00,0.00,none
2024-04-27T17:00:00Z,0.00,0.00,400.00,98.50,99.00,0.00,0.00,0.00,0.00,none
2024-04-27T18:00:00Z,0.00,0.00,400.00,98.50,99.00,0.00,0.00,0.00,0.00,none
2024-04-27T19:00:00Z,0.00,0.00,400.00,98.50,99.00,0.00,0.00,0.00,0.00,none
2024-04-27T20:00:00Z,0.32,0.00,400.00,98.50,99.00,0.32,0.00,0.00,0.00,none
2024-04-27T21:00:00Z,20.62,0.00,400.00,98.50,99.00,20.62,0.00,0.00,0.00,none
2024-04-27T22:00:00Z,145.09,0.00,400.00,98.50,99.00,145.09,0.00,0.00,0.00,none
2024-04-27T23:00:00Z,145.09,0.00,400.00,98.50,99.00,145.09,0.00,0.00,0.00,none
2024-04-28T00:00:00Z,91.27,0.00,400.00,98.50,99.00,91.27,0.00,0.00,0.00,none
2024-04-28T01:00:00Z,66.49,0.00,400.00,98.50,99.00,66.49,0.00,0.00,0.00,none
2024-04-28T02:00:00Z,47.83,0.00,400.00,98.50,99.00,47.83,0.00,0.00,0.00,none
2024-04-28T03:00:00Z,54.03,0.43,400.00,98.50,99.00,54.03,0.00,0.43,0.00,none
2024-04-28T04:00:00Z,129.48,6.74,400.00,98.50,99.00,129.48,0.00,6.74,0.00,none
2024-04-28T05:00:00Z,156.59,15.29,400.00,98.50,99.00,156.59,0.00,15.29,0.00,none
2024-04-28T06:00:00Z,61.44,24.37,400.00,98.50,99.00,61.44,0.00,24.37,0.00,none
2024-04-28T07:00:00Z,10.02,27.14,400.00,98.50,99.00,10.02,0.00,27.14,0.00,none
2024-04-28T08:00:00Z,0.43,37.04,400.00,98.50,99.00,0.43,0.00,37.04,0.00,none
2024-04-28T09:00:00Z,0.00,47.95,400.00,98.50,99.00,0.00,0.00,47.95,0.00,none
2024-04-28T10:00:00Z,0.00,44.97,400.00,98.50,99.00,0.00,0.00,44.97,0.00,none
2024-04-28T11:00:00Z,0.00,40.65,400.00,98.50,99.00,0.00,0.00,40.65,0.00,none
2024-04-28T12:00:00Z,0.00,29.37,400.00,98.50,99.00,0.00,0.00,29.37,0.00,none
2024-04-28T13:00:00Z,0.01,17.35,400.00,98.50,99.00,0.01,0.00,17.35,0.00,none
2024-04-28T14:00:00Z,0.46,7.56,400.00,98.50,99.00,0.46,0.00,7.56,0.00,none
2024-04-28T15:00:00Z,2.34,0.59,400.00,98.50,99.00,2.34,0.00,0.59,0.00,none
2024-04-28T16:00:00Z,11.33,0.00,400.00,98.50,99.00,11.33,0.00,0.00,0.00,none
2024-04-28T17:00:00Z,38.42,0.00,400.00,98.50,99.00,38.42,0.00,0.00,0.00,none
2024-04-28T18:00:00Z,66.49,0.00,400.00,98.50,99.00,66.49,0.00,0.00,0.00,none
2024-04-28T19:00:00Z,92.19,0.00,400.00,98.50,99.00,92.19,0.00,0.00,0.00,none
2024-04-28T20:00:00Z,126.05,0.00,400.00,98.50,99.00,126.05,0.00,0.00,0.00,none
2024-04-28T21:00:00Z,124.92,0.00,400.00,98.50,99.00,124.92,0.00,0.00,0.00,none
2024-04-28T22:00:00Z,60.04,0.00,400.00,98.50,99.00,60.04,0.00,0.00,0.00,none
2024-04-28T23:00:00Z,29.03,0.00,400.00,98.50,99.00,29.03,0.00,0.00,0.00,none
2024-04-29T00:00:00Z,17.11,0.00,400.00,98.50,99.00,17.11,0.00,0.00,0.00,none
2024-04-29T01:00:00Z,11.79,0.00,400.00,98.50,99.00,11.79,0.00,0.00,0.00,none
2024-04-29T02:00:00Z,7.88,0.00,400.00,98.50,99.00,7.88,0.00,0.00,0.00,none
2024-04-29T03:00:00Z,3.33,0.22,400.00,98.50,99.00,3.33,0.00,0.22,0.00,none
2024-04-29T04:00:00Z,2.76,3.95,400.00,98.50,99.00,2.76,0.00,3.95,0.00,none
2024-04-29T05:00:00Z,0.30,10.98,400.00,98.50,99.00,0.30,0.00,10.98,0.00,none
2024-04-29T06:00:00Z,0.00,16.50,400.00,98.50,99.00,0.00,0.00,16.50,0.00,none
2024-04-29T07:00:00Z,0.00,36.40,400.00,98.50,99.00,0.00,0.00,36.40,0.00,none
2024-04-29T08:00:00Z,0.00,49.23,400.00,98.50,99.00,0.00,0.00,49.23,0.00,none
2024-04-29T09:00:00Z,0.00,48.19,400.00,98.50,99.00,0.00,0.00,48.19,0.00,none
2024-04-29T10:00:00Z,0.00,52.68,400.00,98.50,99.00,0.00,0.00,52.68,0.00,none
2024-04-29T11:00:00Z,0.00,44.84,400.00,98.50,99.00,0.00,0.00,44.84,0.00,none
2024-04-29T12:00:00Z,0.00,38.93,400.00,98.50,99.00,0.00,0.00,38.93,0.00,none
2024-04-29T13:00:00Z,0.00,25.45,400.00,98.50,99.00,0.00,0.00,25.45,0.00,none
2024-04-29T14:00:00Z,0.00,11.20,400.00,98.50,99.00,0.00,0.00,11.20,0.00,none
2024-04-29T15:00:00Z,0.00,0.90,400.00,98.50,99.00,0.00,0.00,0.90,0.00,none
2024-04-29T16:00:00Z,0.00,0.00,400.00,98.50,99.00,0.00,0.00,0.00,0.00,none
2024-04-29T17:00:00Z,0.00,0.00,400.00,98.50,99.00,0.00,0.00,0.00,0.00,none
2024-04-29T18:00:00Z,0.01,0.00,400.00,98.50,99.00,0.01,0.00,0.00,0.00,none
2024-04-29T19:00:00Z,0.67,0.00,400.00,98.50,99.00,0.67,0.00,0.00,0.00,none
2024-04-29T20:00:00Z,3.43,0.00,400.00,98.50,99.00,3.43,0.00,0.00,0.00,none
2024-04-29T21:00:00Z,10.02,0.00,400.00,98.50,99.00,10.02,0.00,0.00,0.00,none
2024-04-29T22:00:00Z,24.59,0.00,400.00,98.50,99.00,24.59,0.00,0.00,0.00,none
2024-04-29T23:00:00Z,46.07,0.00,400.00,98.50,99.00,46.07,0.00,0.00,0.00,none
2024-04-30T00:00:00Z,36.89,0.00,400.00,98.50,99.00,36.89,0.00,0.00,0.00,none
2024-04-30T01:00:00Z,22.01,0.00,400.00,98.50,99.00,22.01,0.00,0.00,0.00,none
2024-04-30T02:00:00Z,12.26,0.00,400.00,98.50,99.00,12.26,0.00,0.00,0.00,none
2024-04-30T03:00:00Z,4.82,0.74,400.00,98.50,99.00,4.82,0.00,0.74,0.00,none
2024-04-30T04:00:00Z,7.19,10.47,400.00,98.50,99.00,7.19,0.00,10.47,0.00,none
2024-04-30T05:00:00Z,21.66,24.79,400.00,98.50,99.00,21.66,0.00,24.79,0.00,none
2024-04-30T06:00:00Z,7.88,39.73,400.00,98.50,99.00,7.88,0.00,39.73,0.00,none
2024-04-30T07:00:00Z,1.45,51.01,400.00,98.50,99.00,1.45,0.00,51.01,0.00,none
2024-04-30T08:00:00Z,0.14,57.36,400.00,98.50,99.00,0.14,0.00,57.36,0.00,none
2024-04-30T09:00:00Z,0.00,57.97,400.00,98.50,99.00,0.00,0.00,57.97,0.00,none
2024-04-30T10:00:00Z,0.00,55.51,400.00,98.50,99.00,0.00,0.00,55.51,0.00,none
2024-04-30T11:00:00Z,0.00,40.97,400.00,98.50,99.00,0.00,0.00,40.97,0.00,none
2024-04-30T12:00:00Z,0.00,29.93,400.00,98.50,99.00,0.00,0.00,29.93,0.00,none
2024-04-30T13:00:00Z,0.13,20.08,400.00,98.50,99.00,0.13,0.00,20.08,0.00,none
2024-04-30T14:00:00Z,1.57,9.04,400.00,98.50,99.00,1.57,0.00,9.04,0.00,none
2024-04-30T15:00:00Z,6.38,0.79,400.00,98.50,99.00,6.38,0.00,0.79,0.00,none
2024-04-30T16:00:00Z,14.55,0.00,400.00,98.50,99.00,14.55,0.00,0.00,0.00,none
2024-04-30T17:00:00Z,24.59,0.00,400.00,98.50,99.00,24.59,0.00,0.00,0.00,none
2024-04-30T18:00:00Z,29.46,0.00,400.00,98.50,99.00,29.46,0.00,0.00,0.00,none
2024-04-30T19:00:00Z,18.03,0.00,400.00,98.50,99.00,18.03,0.00,0.00,0.00,none
2024-04-30T20:00:00Z,11.10,0.00,400.00,98.50,99.00,11.10,0.00,0.00,0.00,none
2024-04-30T21:00:00Z,9.40,0.00,400.00,98.50,99.00,9.40,0.00,0.00,0.00,none
2024-04-30T22:00:00Z,23.83,0.00,400.00,98.50,99.00,23.83,0.00,0.00,0.00,none
2024-04-30T23:00:00Z,51.49,0.00,400.00,98.50,99.00,51.49,0.00,0.00,0.00,none
2024-05-01T00:00:00Z,65.02,0.00,400.00,98.50,99.00,65.02,0.00,0.00,0.00,none
2024-05-01T01:00:00Z,47.83,0.00,400.00,98.50,99.00,47.83,0.00,0.00,0.00,none
2024-05-01T02:00:00Z,37.40,0.00,400.00,98.50,99.00,37.40,0.00,0.00,0.00,none
2024-05-01T03:00:00Z,24.59,0.74,400.00,98.50,99.00,24.59,0.00,0.74,0.00,none
2024-05-01T04:00:00Z,33.97,10.25,400.00,98.50,99.00,33.97,0.00,10.25,0.00,none
2024-05-01T05:00:00Z,46.07,24.59,400.00,98.50,99.00,46.07,0.00,24.59,0.00,none
2024-05-01T06:00:00Z,11.33,38.60,400.00,98.50,99.00,11.33,0.00,38.60,0.00,none
2024-05-01T07:00:00Z,1.97,49.86,400.00,98.50,99.00,1.97,0.00,49.86,0.00,none
2024-05-01T08:00:00Z,0.49,55.08,400.00,98.50,99.00,0.49,0.00,55.08,0.00,none
2024-05-01T09:00:00Z,0.21,53.66,400.00,98.50,99.00,0.21,0.00,53.66,0.00,none
2024-05-01T10:00:00Z,0.38,50.84,400.00,98.50,99.00,0.38,0.00,50.84,0.00,none
2024-05-01T11:00:00Z,1.23,39.29,400.00,98.50,99.00,1.23,0.00,39.29,0.00,none
2024-05-01T12:00:00Z,4.09,30.09,400.00,98.50,99.00,4.09,0.00,30.09,0.00,none
2024-05-01T13:00:00Z,12.02,19.92,400.00,98.50,99.00,12.02,0.00,19.92,0.00,none
2024-05-01T14:00:00Z,25.36,8.46,400.00,98.50,99.00,25.36,0.00,8.46,0.00,none
2024-05-01T15:00:00Z,26.95,0.75,400.00,98.50,99.00,26.95,0.00,0.75,0.00,none
2024-05-01T16:00:00Z,33.50,0.00,400.00,98.50,99.00,33.50,0.00,0.00,0.00,none
2024-05-01T17:00:00Z,31.21,0.00,400.00,98.50,99.00,31.21,0.00,0.00,0.00,none
2024-05-01T18:00:00Z,17.72,0.00,400.00,98.50,99.00,17.72,0.00,0.00,0.00,none
2024-05-01T19:00:00Z,12.50,0.00,400.00,98.50,99.00,12.50,0.00,0.00,0.00,none
2024-05-01T20:00:00Z,12.75,0.00,400.00,98.50,99.00,12.75,0.00,0.00,0.00,none
2024-05-01T21:00:00Z,19.95,0.00,400.00,98.50,99.00,19.95,0.00,0.00,0.00,none
2024-05-01T22:00:00Z,29.89,0.00,400.00,98.50,99.00,29.89,0.00,0.00,0.00,none
2024-05-01T23:00:00Z,35.41,0.00,400.00,98.50,99.00,35.41,0.00,0.00,0.00,none
2024-05-02T00:00:00Z,35.90,0.00,400.00,98.50,99.00,35.90,0.00,0.00,0.00,none
2024-05-02T01:00:00Z,37.90,0.00,400.00,98.50,99.00,37.90,0.00,0.00,0.00,none
2024-05-02T02:00:00Z,53.38,0.00,400.00,98.50,99.00,53.38,0.00,0.00,0.00,none
2024-05-02T03:00:00Z,73.38,0.30,400.00,98.50,99.00,73.38,0.00,0.30,0.00,none
2024-05-02T04:00:00Z,216.74,5.54,400.00,98.50,99.00,216.74,0.00,5.54,0.00,none
2024-05-02T05:00:00Z,305.60,10.02,400.00,98.50,99.00,305.60,0.00,4.40,5.62,wind_priority_shared_poi_headroom
2024-05-02T06:00:00Z,305.60,15.80,400.00,98.50,99.00,305.60,0.00,4.40,11.40,wind_priority_shared_poi_headroom
2024-05-02T07:00:00Z,175.68,28.56,400.00,98.50,99.00,175.68,0.00,28.56,0.00,none
2024-05-02T08:00:00Z,109.78,40.30,400.00,98.50,99.00,109.78,0.00,40.30,0.00,none
2024-05-02T09:00:00Z,63.57,41.01,400.00,98.50,99.00,63.57,0.00,41.01,0.00,none
2024-05-02T10:00:00Z,33.04,42.17,400.00,98.50,99.00,33.04,0.00,42.17,0.00,none
2024-05-02T11:00:00Z,16.52,39.10,400.00,98.50,99.00,16.52,0.00,39.10,0.00,none
2024-05-02T12:00:00Z,8.62,22.47,400.00,98.50,99.00,8.62,0.00,22.47,0.00,none
2024-05-02T13:00:00Z,5.93,12.46,400.00,98.50,99.00,5.93,0.00,12.46,0.00,none
2024-05-02T14:00:00Z,6.86,5.40,400.00,98.50,99.00,6.86,0.00,5.40,0.00,none
2024-05-02T15:00:00Z,6.23,0.54,400.00,98.50,99.00,6.23,0.00,0.54,0.00,none
2024-05-02T16:00:00Z,5.22,0.00,400.00,98.50,99.00,5.22,0.00,0.00,0.00,none
2024-05-02T17:00:00Z,4.95,0.00,400.00,98.50,99.00,4.95,0.00,0.00,0.00,none
2024-05-02T18:00:00Z,5.93,0.00,400.00,98.50,99.00,5.93,0.00,0.00,0.00,none
2024-05-02T19:00:00Z,4.69,0.00,400.00,98.50,99.00,4.69,0.00,0.00,0.00,none
2024-05-02T20:00:00Z,4.44,0.00,400.00,98.50,99.00,4.44,0.00,0.00,0.00,none
2024-05-02T21:00:00Z,6.23,0.00,400.00,98.50,99.00,6.23,0.00,0.00,0.00,none
2024-05-02T22:00:00Z,3.33,0.00,400.00,98.50,99.00,3.33,0.00,0.00,0.00,none
2024-05-02T23:00:00Z,1.40,0.00,400.00,98.50,99.00,1.40,0.00,0.00,0.00,none
2024-05-03T00:00:00Z,1.90,0.00,400.00,98.50,99.00,1.90,0.00,0.00,0.00,none
2024-05-03T01:00:00Z,3.54,0.00,400.00,98.50,99.00,3.54,0.00,0.00,0.00,none
2024-05-03T02:00:00Z,5.08,0.00,400.00,98.50,99.00,5.08,0.00,0.00,0.00,none
2024-05-03T03:00:00Z,5.93,0.56,400.00,98.50,99.00,5.93,0.00,0.56,0.00,none
2024-05-03T04:00:00Z,19.95,8.58,400.00,98.50,99.00,19.95,0.00,8.58,0.00,none
2024-05-03T05:00:00Z,43.23,20.47,400.00,98.50,99.00,43.23,0.00,20.47,0.00,none
2024-05-03T06:00:00Z,10.66,32.98,400.00,98.50,99.00,10.66,0.00,32.98,0.00,none
2024-05-03T07:00:00Z,0.34,42.78,400.00,98.50,99.00,0.34,0.00,42.78,0.00,none
2024-05-03T08:00:00Z,0.00,45.06,400.00,98.50,99.00,0.00,0.00,45.06,0.00,none
2024-05-03T09:00:00Z,0.00,50.13,400.00,98.50,99.00,0.00,0.00,50.13,0.00,none
2024-05-03T10:00:00Z,0.00,48.47,400.00,98.50,99.00,0.00,0.00,48.47,0.00,none
2024-05-03T11:00:00Z,0.00,38.60,400.00,98.50,99.00,0.00,0.00,38.60,0.00,none
2024-05-03T12:00:00Z,0.00,28.69,400.00,98.50,99.00,0.00,0.00,28.69,0.00,none
2024-05-03T13:00:00Z,0.00,12.22,400.00,98.50,99.00,0.00,0.00,12.22,0.00,none
2024-05-03T14:00:00Z,0.00,4.91,400.00,98.50,99.00,0.00,0.00,4.91,0.00,none
2024-05-03T15:00:00Z,0.00,0.31,400.00,98.50,99.00,0.00,0.00,0.31,0.00,none
2024-05-03T16:00:00Z,0.00,0.00,400.00,98.50,99.00,0.00,0.00,0.00,0.00,none
2024-05-03T17:00:00Z,0.13,0.00,400.00,98.50,99.00,0.13,0.00,0.00,0.00,none
2024-05-03T18:00:00Z,3.86,0.00,400.00,98.50,99.00,3.86,0.00,0.00,0.00,none
2024-05-03T19:00:00Z,7.19,0.00,400.00,98.50,99.00,7.19,0.00,0.00,0.00,none
2024-05-03T20:00:00Z,1.18,0.00,400.00,98.50,99.00,1.18,0.00,0.00,0.00,none
2024-05-03T21:00:00Z,0.28,0.00,400.00,98.50,99.00,0.28,0.00,0.00,0.00,none
2024-05-03T22:00:00Z,1.97,0.00,400.00,98.50,99.00,1.97,0.00,0.00,0.00,none
2024-05-03T23:00:00Z,4.09,0.00,400.00,98.50,99.00,4.09,0.00,0.00,0.00,none
2024-05-04T00:00:00Z,2.95,0.00,400.00,98.50,99.00,2.95,0.00,0.00,0.00,none
2024-05-04T01:00:00Z,4.09,0.00,400.00,98.50,99.00,4.09,0.00,0.00,0.00,none
2024-05-04T02:00:00Z,0.58,0.00,400.00,98.50,99.00,0.58,0.00,0.00,0.00,none
2024-05-04T03:00:00Z,0.00,0.12,400.00,98.50,99.00,0.00,0.00,0.12,0.00,none
2024-05-04T04:00:00Z,0.00,0.88,400.00,98.50,99.00,0.00,0.00,0.88,0.00,none
2024-05-04T05:00:00Z,0.00,1.80,400.00,98.50,99.00,0.00,0.00,1.80,0.00,none
2024-05-04T06:00:00Z,0.00,2.66,400.00,98.50,99.00,0.00,0.00,2.66,0.00,none
2024-05-04T07:00:00Z,0.00,7.61,400.00,98.50,99.00,0.00,0.00,7.61,0.00,none
2024-05-04T08:00:00Z,0.00,15.96,400.00,98.50,99.00,0.00,0.00,15.96,0.00,none
2024-05-04T09:00:00Z,0.00,20.76,400.00,98.50,99.00,0.00,0.00,20.76,0.00,none
2024-05-04T10:00:00Z,10.23,23.19,400.00,98.50,99.00,10.23,0.00,23.19,0.00,none
2024-05-04T11:00:00Z,55.33,25.28,400.00,98.50,99.00,55.33,0.00,25.28,0.00,none
2024-05-04T12:00:00Z,52.75,21.90,400.00,98.50,99.00,52.75,0.00,21.90,0.00,none
2024-05-04T13:00:00Z,24.97,14.09,400.00,98.50,99.00,24.97,0.00,14.09,0.00,none
2024-05-04T14:00:00Z,10.88,5.81,400.00,98.50,99.00,10.88,0.00,5.81,0.00,none
2024-05-04T15:00:00Z,5.93,0.49,400.00,98.50,99.00,5.93,0.00,0.49,0.00,none
2024-05-04T16:00:00Z,8.25,0.00,400.00,98.50,99.00,8.25,0.00,0.00,0.00,none
2024-05-04T17:00:00Z,10.02,0.00,400.00,98.50,99.00,10.02,0.00,0.00,0.00,none
2024-05-04T18:00:00Z,1.34,0.00,400.00,98.50,99.00,1.34,0.00,0.00,0.00,none
2024-05-04T19:00:00Z,0.00,0.00,400.00,98.50,99.00,0.00,0.00,0.00,0.00,none
2024-05-04T20:00:00Z,0.00,0.00,400.00,98.50,99.00,0.00,0.00,0.00,0.00,none
2024-05-04T21:00:00Z,0.00,0.00,400.00,98.50,99.00,0.00,0.00,0.00,0.00,none
2024-05-04T22:00:00Z,0.00,0.00,400.00,98.50,99.00,0.00,0.00,0.00,0.00,none
2024-05-04T23:00:00Z,0.00,0.00,400.00,98.50,99.00,0.00,0.00,0.00,0.00,none
2024-05-05T00:00:00Z,0.00,0.00,400.00,98.50,99.00,0.00,0.00,0.00,0.00,none
2024-05-05T01:00:00Z,0.00,0.00,400.00,98.50,99.00,0.00,0.00,0.00,0.00,none
2024-05-05T02:00:00Z,0.00,0.00,400.00,98.50,99.00,0.00,0.00,0.00,0.00,none
2024-05-05T03:00:00Z,0.00,0.65,400.00,98.50,99.00,0.00,0.00,0.65,0.00,none
2024-05-05T04:00:00Z,0.00,8.96,400.00,98.50,99.00,0.00,0.00,8.96,0.00,none
2024-05-05T05:00:00Z,0.00,20.08,400.00,98.50,99.00,0.00,0.00,20.08,0.00,none
2024-05-05T06:00:00Z,0.00,32.86,400.00,98.50,99.00,0.00,0.00,32.86,0.00,none
2024-05-05T07:00:00Z,0.00,45.68,400.00,98.50,99.00,0.00,0.00,45.68,0.00,none
2024-05-05T08:00:00Z,0.00,53.57,400.00,98.50,99.00,0.00,0.00,53.57,0.00,none
2024-05-05T09:00:00Z,0.00,56.75,400.00,98.50,99.00,0.00,0.00,56.75,0.00,none
2024-05-05T10:00:00Z,0.00,55.55,400.00,98.50,99.00,0.00,0.00,55.55,0.00,none
2024-05-05T11:00:00Z,0.00,48.25,400.00,98.50,99.00,0.00,0.00,48.25,0.00,none
2024-05-05T12:00:00Z,0.00,36.41,400.00,98.50,99.00,0.00,0.00,36.41,0.00,none
2024-05-05T13:00:00Z,0.00,23.12,400.00,98.50,99.00,0.00,0.00,23.12,0.00,none
2024-05-05T14:00:00Z,0.00,9.90,400.00,98.50,99.00,0.00,0.00,9.90,0.00,none
2024-05-05T15:00:00Z,0.00,0.77,400.00,98.50,99.00,0.00,0.00,0.77,0.00,none
2024-05-05T16:00:00Z,0.00,0.00,400.00,98.50,99.00,0.00,0.00,0.00,0.00,none
2024-05-05T17:00:00Z,0.95,0.00,400.00,98.50,99.00,0.95,0.00,0.00,0.00,none
2024-05-05T18:00:00Z,2.76,0.00,400.00,98.50,99.00,2.76,0.00,0.00,0.00,none
2024-05-05T19:00:00Z,5.64,0.00,400.00,98.50,99.00,5.64,0.00,0.00,0.00,none
2024-05-05T20:00:00Z,8.43,0.00,400.00,98.50,99.00,8.43,0.00,0.00,0.00,none
2024-05-05T21:00:00Z,11.56,0.00,400.00,98.50,99.00,11.56,0.00,0.00,0.00,none
2024-05-05T22:00:00Z,16.23,0.00,400.00,98.50,99.00,16.23,0.00,0.00,0.00,none
2024-05-05T23:00:00Z,11.10,0.00,400.00,98.50,99.00,11.10,0.00,0.00,0.00,none
2024-05-06T00:00:00Z,33.04,0.00,400.00,98.50,99.00,33.04,0.00,0.00,0.00,none
2024-05-06T01:00:00Z,67.98,0.00,400.00,98.50,99.00,67.98,0.00,0.00,0.00,none
2024-05-06T02:00:00Z,49.03,0.00,400.00,98.50,99.00,49.03,0.00,0.00,0.00,none
2024-05-06T03:00:00Z,18.03,0.53,400.00,98.50,99.00,18.03,0.00,0.53,0.00,none
2024-05-06T04:00:00Z,4.69,8.07,400.00,98.50,99.00,4.69,0.00,8.07,0.00,none
2024-05-06T05:00:00Z,4.20,19.98,400.00,98.50,99.00,4.20,0.00,19.98,0.00,none
2024-05-06T06:00:00Z,7.88,32.95,400.00,98.50,99.00,7.88,0.00,32.95,0.00,none
2024-05-06T07:00:00Z,15.10,43.78,400.00,98.50,99.00,15.10,0.00,43.78,0.00,none
2024-05-06T08:00:00Z,19.95,52.67,400.00,98.50,99.00,19.95,0.00,52.67,0.00,none
2024-05-06T09:00:00Z,9.40,54.85,400.00,98.50,99.00,9.40,0.00,54.85,0.00,none
2024-05-06T10:00:00Z,1.76,50.79,400.00,98.50,99.00,1.76,0.00,50.79,0.00,none
2024-05-06T11:00:00Z,0.07,43.66,400.00,98.50,99.00,0.07,0.00,43.66,0.00,none
2024-05-06T12:00:00Z,0.00,33.09,400.00,98.50,99.00,0.00,0.00,33.09,0.00,none
2024-05-06T13:00:00Z,0.00,20.30,400.00,98.50,99.00,0.00,0.00,20.30,0.00,none
2024-05-06T14:00:00Z,0.00,8.99,400.00,98.50,99.00,0.00,0.00,8.99,0.00,none
2024-05-06T15:00:00Z,0.21,0.83,400.00,98.50,99.00,0.21,0.00,0.83,0.00,none
2024-05-06T16:00:00Z,3.23,0.00,400.00,98.50,99.00,3.23,0.00,0.00,0.00,none
2024-05-06T17:00:00Z,15.37,0.00,400.00,98.50,99.00,15.37,0.00,0.00,0.00,none
2024-05-06T18:00:00Z,38.42,0.00,400.00,98.50,99.00,38.42,0.00,0.00,0.00,none
2024-05-06T19:00:00Z,57.99,0.00,400.00,98.50,99.00,57.99,0.00,0.00,0.00,none
2024-05-06T20:00:00Z,83.29,0.00,400.00,98.50,99.00,83.29,0.00,0.00,0.00,none
2024-05-06T21:00:00Z,82.43,0.00,400.00,98.50,99.00,82.43,0.00,0.00,0.00,none
2024-05-06T22:00:00Z,47.24,0.00,400.00,98.50,99.00,47.24,0.00,0.00,0.00,none
2024-05-06T23:00:00Z,51.49,0.00,400.00,98.50,99.00,51.49,0.00,0.00,0.00,none
2024-05-07T00:00:00Z,52.11,0.00,400.00,98.50,99.00,52.11,0.00,0.00,0.00,none
2024-05-07T01:00:00Z,47.83,0.00,400.00,98.50,99.00,47.83,0.00,0.00,0.00,none
2024-05-07T02:00:00Z,36.89,0.00,400.00,98.50,99.00,36.89,0.00,0.00,0.00,none
2024-05-07T03:00:00Z,25.36,0.83,400.00,98.50,99.00,25.36,0.00,0.83,0.00,none
2024-05-07T04:00:00Z,61.44,10.85,400.00,98.50,99.00,61.44,0.00,10.85,0.00,none
2024-05-07T05:00:00Z,152.69,25.12,400.00,98.50,99.00,152.69,0.00,25.12,0.00,none
2024-05-07T06:00:00Z,147.59,39.32,400.00,98.50,99.00,147.59,0.00,39.32,0.00,none
2024-05-07T07:00:00Z,123.79,50.34,400.00,98.50,99.00,123.79,0.00,50.34,0.00,none
2024-05-07T08:00:00Z,98.79,57.55,400.00,98.50,99.00,98.79,0.00,57.55,0.00,none
2024-05-07T09:00:00Z,71.81,55.79,400.00,98.50,99.00,71.81,0.00,55.79,0.00,none
2024-05-07T10:00:00Z,54.03,54.27,400.00,98.50,99.00,54.03,0.00,54.27,0.00,none
2024-05-07T11:00:00Z,51.49,44.91,400.00,98.50,99.00,51.49,0.00,44.91,0.00,none
2024-05-07T12:00:00Z,63.57,33.88,400.00,98.50,99.00,63.57,0.00,33.88,0.00,none
2024-05-07T13:00:00Z,96.87,20.53,400.00,98.50,99.00,96.87,0.00,20.53,0.00,none
2024-05-07T14:00:00Z,164.59,9.42,400.00,98.50,99.00,164.59,0.00,9.42,0.00,none
2024-05-07T15:00:00Z,181.40,0.82,400.00,98.50,99.00,181.40,0.00,0.82,0.00,none
2024-05-07T16:00:00Z,208.70,0.00,400.00,98.50,99.00,208.70,0.00,0.00,0.00,none
2024-05-07T17:00:00Z,188.73,0.00,400.00,98.50,99.00,188.73,0.00,0.00,0.00,none
2024-05-07T18:00:00Z,194.73,0.00,400.00,98.50,99.00,194.73,0.00,0.00,0.00,none
2024-05-07T19:00:00Z,211.89,0.00,400.00,98.50,99.00,211.89,0.00,0.00,0.00,none
2024-05-07T20:00:00Z,213.50,0.00,400.00,98.50,99.00,213.50,0.00,0.00,0.00,none
2024-05-07T21:00:00Z,152.69,0.00,400.00,98.50,99.00,152.69,0.00,0.00,0.00,none
2024-05-07T22:00:00Z,109.78,0.00,400.00,98.50,99.00,109.78,0.00,0.00,0.00,none
2024-05-07T23:00:00Z,88.56,0.00,400.00,98.50,99.00,88.56,0.00,0.00,0.00,none
2024-05-08T00:00:00Z,120.46,0.00,400.00,98.50,99.00,120.46,0.00,0.00,0.00,none
2024-05-08T01:00:00Z,117.19,0.00,400.00,98.50,99.00,117.19,0.00,0.00,0.00,none
2024-05-08T02:00:00Z,106.71,0.00,400.00,98.50,99.00,106.71,0.00,0.00,0.00,none
2024-05-08T03:00:00Z,71.81,0.83,400.00,98.50,99.00,71.81,0.00,0.83,0.00,none
2024-05-08T04:00:00Z,181.40,11.01,400.00,98.50,99.00,181.40,0.00,11.01,0.00,none
2024-05-08T05:00:00Z,305.60,25.82,400.00,98.50,99.00,305.60,0.00,4.40,21.41,wind_priority_shared_poi_headroom
2024-05-08T06:00:00Z,305.60,39.53,400.00,98.50,99.00,305.60,0.00,4.40,35.12,wind_priority_shared_poi_headroom
2024-05-08T07:00:00Z,213.50,49.92,400.00,98.50,99.00,213.50,0.00,49.92,0.00,none
2024-05-08T08:00:00Z,170.08,54.96,400.00,98.50,99.00,170.08,0.00,54.96,0.00,none
2024-05-08T09:00:00Z,178.52,56.43,400.00,98.50,99.00,178.52,0.00,56.43,0.00,none
2024-05-08T10:00:00Z,230.03,53.05,400.00,98.50,99.00,230.03,0.00,53.05,0.00,none
2024-05-08T11:00:00Z,305.60,48.02,400.00,98.50,99.00,305.60,0.00,4.40,43.62,wind_priority_shared_poi_headroom
2024-05-08T12:00:00Z,305.60,36.89,400.00,98.50,99.00,305.60,0.00,4.40,32.48,wind_priority_shared_poi_headroom
2024-05-08T13:00:00Z,305.60,24.08,400.00,98.50,99.00,305.60,0.00,4.40,19.67,wind_priority_shared_poi_headroom
2024-05-08T14:00:00Z,305.60,10.89,400.00,98.50,99.00,305.60,0.00,4.40,6.49,wind_priority_shared_poi_headroom
2024-05-08T15:00:00Z,305.60,0.88,400.00,98.50,99.00,305.60,0.00,0.88,0.00,none
2024-05-08T16:00:00Z,305.60,0.00,400.00,98.50,99.00,305.60,0.00,0.00,0.00,none
2024-05-08T17:00:00Z,292.58,0.00,400.00,98.50,99.00,292.58,0.00,0.00,0.00,none
2024-05-08T18:00:00Z,228.34,0.00,400.00,98.50,99.00,228.34,0.00,0.00,0.00,none
2024-05-08T19:00:00Z,190.22,0.00,400.00,98.50,99.00,190.22,0.00,0.00,0.00,none
2024-05-08T20:00:00Z,199.32,0.00,400.00,98.50,99.00,199.32,0.00,0.00,0.00,none
2024-05-08T21:00:00Z,197.78,0.00,400.00,98.50,99.00,197.78,0.00,0.00,0.00,none
2024-05-08T22:00:00Z,203.97,0.00,400.00,98.50,99.00,203.97,0.00,0.00,0.00,none
2024-05-08T23:00:00Z,172.86,0.00,400.00,98.50,99.00,172.86,0.00,0.00,0.00,none
2024-05-09T00:00:00Z,110.82,0.00,400.00,98.50,99.00,110.82,0.00,0.00,0.00,none
2024-05-09T01:00:00Z,94.05,0.00,400.00,98.50,99.00,94.05,0.00,0.00,0.00,none
2024-05-09T02:00:00Z,96.87,0.00,400.00,98.50,99.00,96.87,0.00,0.00,0.00,none
2024-05-09T03:00:00Z,97.83,0.86,400.00,98.50,99.00,97.83,0.00,0.86,0.00,none
2024-05-09T04:00:00Z,265.61,11.30,400.00,98.50,99.00,265.61,0.00,11.30,0.00,none
2024-05-09T05:00:00Z,305.60,26.41,400.00,98.50,99.00,305.60,0.00,4.40,22.00,wind_priority_shared_poi_headroom
2024-05-09T06:00:00Z,305.60,40.11,400.00,98.50,99.00,305.60,0.00,4.40,35.71,wind_priority_shared_poi_headroom
2024-05-09T07:00:00Z,305.60,50.93,400.00,98.50,99.00,305.60,0.00,4.40,46.52,wind_priority_shared_poi_headroom
2024-05-09T08:00:00Z,305.60,57.95,400.00,98.50,99.00,305.60,0.00,4.40,53.55,wind_priority_shared_poi_headroom
2024-05-09T09:00:00Z,304.68,59.55,400.00,98.50,99.00,304.68,0.00,5.32,54.23,wind_priority_shared_poi_headroom
2024-05-09T10:00:00Z,294.58,50.25,400.00,98.50,99.00,294.58,0.00,15.42,34.83,wind_priority_shared_poi_headroom
2024-05-09T11:00:00Z,305.60,46.02,400.00,98.50,99.00,305.60,0.00,4.40,41.61,wind_priority_shared_poi_headroom
2024-05-09T12:00:00Z,305.60,35.38,400.00,98.50,99.00,305.60,0.00,4.40,30.98,wind_priority_shared_poi_headroom
2024-05-09T13:00:00Z,305.60,24.00,400.00,98.50,99.00,305.60,0.00,4.40,19.59,wind_priority_shared_poi_headroom
2024-05-09T14:00:00Z,305.60,10.71,400.00,98.50,99.00,305.60,0.00,4.40,6.30,wind_priority_shared_poi_headroom
2024-05-09T15:00:00Z,305.60,0.88,400.00,98.50,99.00,305.60,0.00,0.88,0.00,none
2024-05-09T16:00:00Z,292.58,0.00,400.00,98.50,99.00,292.58,0.00,0.00,0.00,none
2024-05-09T17:00:00Z,304.68,0.00,400.00,98.50,99.00,304.68,0.00,0.00,0.00,none
2024-05-09T18:00:00Z,305.60,0.00,400.00,98.50,99.00,305.60,0.00,0.00,0.00,none
2024-05-09T19:00:00Z,305.60,0.00,400.00,98.50,99.00,305.60,0.00,0.00,0.00,none
2024-05-09T20:00:00Z,267.48,0.00,400.00,98.50,99.00,267.48,0.00,0.00,0.00,none
2024-05-09T21:00:00Z,202.41,0.00,400.00,98.50,99.00,202.41,0.00,0.00,0.00,none
2024-05-09T22:00:00Z,174.27,0.00,400.00,98.50,99.00,174.27,0.00,0.00,0.00,none
2024-05-09T23:00:00Z,175.68,0.00,400.00,98.50,99.00,175.68,0.00,0.00,0.00,none
2024-05-10T00:00:00Z,145.09,0.00,400.00,98.50,99.00,145.09,0.00,0.00,0.00,none
2024-05-10T01:00:00Z,131.81,0.00,400.00,98.50,99.00,131.81,0.00,0.00,0.00,none
2024-05-10T02:00:00Z,112.92,0.00,400.00,98.50,99.00,112.92,0.00,0.00,0.00,none
2024-05-10T03:00:00Z,83.29,0.82,400.00,98.50,99.00,83.29,0.00,0.82,0.00,none
2024-05-10T04:00:00Z,252.77,11.21,400.00,98.50,99.00,252.77,0.00,11.21,0.00,none
2024-05-10T05:00:00Z,305.60,25.59,400.00,98.50,99.00,305.60,0.00,4.40,21.19,wind_priority_shared_poi_headroom
2024-05-10T06:00:00Z,305.60,39.77,400.00,98.50,99.00,305.60,0.00,4.40,35.36,wind_priority_shared_poi_headroom
2024-05-10T07:00:00Z,305.60,51.02,400.00,98.50,99.00,305.60,0.00,4.40,46.61,wind_priority_shared_poi_headroom
2024-05-10T08:00:00Z,305.60,56.42,400.00,98.50,99.00,305.60,0.00,4.40,52.01,wind_priority_shared_poi_headroom
2024-05-10T09:00:00Z,286.65,56.99,400.00,98.50,99.00,286.65,0.00,23.35,33.64,wind_priority_shared_poi_headroom
2024-05-10T10:00:00Z,249.18,51.25,400.00,98.50,99.00,249.18,0.00,51.25,0.00,none
2024-05-10T11:00:00Z,238.61,44.62,400.00,98.50,99.00,238.61,0.00,44.62,0.00,none
2024-05-10T12:00:00Z,252.77,36.24,400.00,98.50,99.00,252.77,0.00,36.24,0.00,none
2024-05-10T13:00:00Z,290.60,24.42,400.00,98.50,99.00,290.60,0.00,19.40,5.02,wind_priority_shared_poi_headroom
2024-05-10T14:00:00Z,305.60,10.81,400.00,98.50,99.00,305.60,0.00,4.40,6.40,wind_priority_shared_poi_headroom
2024-05-10T15:00:00Z,276.96,0.89,400.00,98.50,99.00,276.96,0.00,0.89,0.00,none
2024-05-10T16:00:00Z,305.60,0.00,400.00,98.50,99.00,305.60,0.00,0.00,0.00,none
2024-05-10T17:00:00Z,305.60,0.00,400.00,98.50,99.00,305.60,0.00,0.00,0.00,none
2024-05-10T18:00:00Z,305.60,0.00,400.00,98.50,99.00,305.60,0.00,0.00,0.00,none
2024-05-10T19:00:00Z,305.60,0.00,400.00,98.50,99.00,305.60,0.00,0.00,0.00,none
2024-05-10T20:00:00Z,305.60,0.00,400.00,98.50,99.00,305.60,0.00,0.00,0.00,none
2024-05-10T21:00:00Z,305.60,0.00,400.00,98.50,99.00,305.60,0.00,0.00,0.00,none
2024-05-10T22:00:00Z,305.60,0.00,400.00,98.50,99.00,305.60,0.00,0.00,0.00,none
2024-05-10T23:00:00Z,305.60,0.00,400.00,98.50,99.00,305.60,0.00,0.00,0.00,none
2024-05-11T00:00:00Z,218.37,0.00,400.00,98.50,99.00,218.37,0.00,0.00,0.00,none
2024-05-11T01:00:00Z,132.98,0.00,400.00,98.50,99.00,132.98,0.00,0.00,0.00,none
2024-05-11T02:00:00Z,95.93,0.00,400.00,98.50,99.00,95.93,0.00,0.00,0.00,none
2024-05-11T03:00:00Z,160.56,0.88,400.00,98.50,99.00,160.56,0.00,0.88,0.00,none
2024-05-11T04:00:00Z,184.31,10.80,400.00,98.50,99.00,184.31,0.00,10.80,0.00,none
2024-05-11T05:00:00Z,298.59,23.76,400.00,98.50,99.00,298.59,0.00,11.41,12.35,wind_priority_shared_poi_headroom
2024-05-11T06:00:00Z,305.60,36.14,400.00,98.50,99.00,305.60,0.00,4.40,31.73,wind_priority_shared_poi_headroom
2024-05-11T07:00:00Z,305.60,49.89,400.00,98.50,99.00,305.60,0.00,4.40,45.49,wind_priority_shared_poi_headroom
2024-05-11T08:00:00Z,305.60,57.50,400.00,98.50,99.00,305.60,0.00,4.40,53.09,wind_priority_shared_poi_headroom
2024-05-11T09:00:00Z,305.60,60.89,400.00,98.50,99.00,305.60,0.00,4.40,56.49,wind_priority_shared_poi_headroom
2024-05-11T10:00:00Z,305.60,58.09,400.00,98.50,99.00,305.60,0.00,4.40,53.69,wind_priority_shared_poi_headroom
2024-05-11T11:00:00Z,305.60,50.70,400.00,98.50,99.00,305.60,0.00,4.40,46.30,wind_priority_shared_poi_headroom
2024-05-11T12:00:00Z,305.60,39.94,400.00,98.50,99.00,305.60,0.00,4.40,35.53,wind_priority_shared_poi_headroom
2024-05-11T13:00:00Z,305.60,26.42,400.00,98.50,99.00,305.60,0.00,4.40,22.01,wind_priority_shared_poi_headroom
2024-05-11T14:00:00Z,305.60,11.95,400.00,98.50,99.00,305.60,0.00,4.40,7.55,wind_priority_shared_poi_headroom
2024-05-11T15:00:00Z,305.60,0.99,400.00,98.50,99.00,305.60,0.00,0.99,0.00,none
2024-05-11T16:00:00Z,172.86,0.00,400.00,98.50,99.00,172.86,0.00,0.00,0.00,none
2024-05-11T17:00:00Z,156.59,0.00,400.00,98.50,99.00,156.59,0.00,0.00,0.00,none
2024-05-11T18:00:00Z,181.40,0.00,400.00,98.50,99.00,181.40,0.00,0.00,0.00,none
2024-05-11T19:00:00Z,179.96,0.00,400.00,98.50,99.00,179.96,0.00,0.00,0.00,none
2024-05-11T20:00:00Z,179.96,0.00,400.00,98.50,99.00,179.96,0.00,0.00,0.00,none
2024-05-11T21:00:00Z,175.68,0.00,400.00,98.50,99.00,175.68,0.00,0.00,0.00,none
2024-05-11T22:00:00Z,174.27,0.00,400.00,98.50,99.00,174.27,0.00,0.00,0.00,none
2024-05-11T23:00:00Z,175.68,0.00,400.00,98.50,99.00,175.68,0.00,0.00,0.00,none
2024-05-12T00:00:00Z,172.86,0.00,400.00,98.50,99.00,172.86,0.00,0.00,0.00,none
2024-05-12T01:00:00Z,168.69,0.00,400.00,98.50,99.00,168.69,0.00,0.00,0.00,none
2024-05-12T02:00:00Z,159.23,0.00,400.00,98.50,99.00,159.23,0.00,0.00,0.00,none
2024-05-12T03:00:00Z,151.41,0.95,400.00,98.50,99.00,151.41,0.00,0.95,0.00,none
2024-05-12T04:00:00Z,223.32,12.02,400.00,98.50,99.00,223.32,0.00,12.02,0.00,none
2024-05-12T05:00:00Z,305.60,27.65,400.00,98.50,99.00,305.60,0.00,4.40,23.24,wind_priority_shared_poi_headroom
2024-05-12T06:00:00Z,305.60,41.45,400.00,98.50,99.00,305.60,0.00,4.40,37.05,wind_priority_shared_poi_headroom
2024-05-12T07:00:00Z,305.60,52.34,400.00,98.50,99.00,305.60,0.00,4.40,47.94,wind_priority_shared_poi_headroom
2024-05-12T08:00:00Z,224.98,59.26,400.00,98.50,99.00,224.98,0.00,59.26,0.00,none
2024-05-12T09:00:00Z,163.24,61.40,400.00,98.50,99.00,163.24,0.00,61.40,0.00,none
2024-05-12T10:00:00Z,146.34,58.80,400.00,98.50,99.00,146.34,0.00,58.80,0.00,none
2024-05-12T11:00:00Z,170.08,51.58,400.00,98.50,99.00,170.08,0.00,51.58,0.00,none
2024-05-12T12:00:00Z,218.37,41.28,400.00,98.50,99.00,218.37,0.00,41.28,0.00,none
2024-05-12T13:00:00Z,302.64,27.30,400.00,98.50,99.00,302.64,0.00,7.36,19.94,wind_priority_shared_poi_headroom
2024-05-12T14:00:00Z,305.60,12.35,400.00,98.50,99.00,305.60,0.00,4.40,7.94,wind_priority_shared_poi_headroom
2024-05-12T15:00:00Z,265.61,1.01,400.00,98.50,99.00,265.61,0.00,1.01,0.00,none
2024-05-12T16:00:00Z,203.97,0.00,400.00,98.50,99.00,203.97,0.00,0.00,0.00,none
2024-05-12T17:00:00Z,211.89,0.00,400.00,98.50,99.00,211.89,0.00,0.00,0.00,none
2024-05-12T18:00:00Z,221.66,0.00,400.00,98.50,99.00,221.66,0.00,0.00,0.00,none
2024-05-12T19:00:00Z,230.03,0.00,400.00,98.50,99.00,230.03,0.00,0.00,0.00,none
2024-05-12T20:00:00Z,249.18,0.00,400.00,98.50,99.00,249.18,0.00,0.00,0.00,none
2024-05-12T21:00:00Z,261.90,0.00,400.00,98.50,99.00,261.90,0.00,0.00,0.00,none
2024-05-12T22:00:00Z,267.48,0.00,400.00,98.50,99.00,267.48,0.00,0.00,0.00,none
2024-05-12T23:00:00Z,243.85,0.00,400.00,98.50,99.00,243.85,0.00,0.00,0.00,none
2024-05-13T00:00:00Z,202.41,0.00,400.00,98.50,99.00,202.41,0.00,0.00,0.00,none
2024-05-13T01:00:00Z,185.78,0.00,400.00,98.50,99.00,185.78,0.00,0.00,0.00,none
2024-05-13T02:00:00Z,171.47,0.00,400.00,98.50,99.00,171.47,0.00,0.00,0.00,none
2024-05-13T03:00:00Z,170.08,0.98,400.00,98.50,99.00,170.08,0.00,0.98,0.00,none
2024-05-13T04:00:00Z,208.70,12.15,400.00,98.50,99.00,208.70,0.00,12.15,0.00,none
2024-05-13T05:00:00Z,305.60,26.96,400.00,98.50,99.00,305.60,0.00,4.40,22.55,wind_priority_shared_poi_headroom
2024-05-13T06:00:00Z,305.60,40.64,400.00,98.50,99.00,305.60,0.00,4.40,36.24,wind_priority_shared_poi_headroom
2024-05-13T07:00:00Z,228.34,51.46,400.00,98.50,99.00,228.34,0.00,51.46,0.00,none
2024-05-13T08:00:00Z,94.05,58.99,400.00,98.50,99.00,94.05,0.00,58.99,0.00,none
2024-05-13T09:00:00Z,38.93,60.80,400.00,98.50,99.00,38.93,0.00,60.80,0.00,none
2024-05-13T10:00:00Z,23.83,57.48,400.00,98.50,99.00,23.83,0.00,57.48,0.00,none
2024-05-13T11:00:00Z,27.77,50.97,400.00,98.50,99.00,27.77,0.00,50.97,0.00,none
2024-05-13T12:00:00Z,52.75,37.81,400.00,98.50,99.00,52.75,0.00,37.81,0.00,none
2024-05-13T13:00:00Z,116.11,23.21,400.00,98.50,99.00,116.11,0.00,23.21,0.00,none
2024-05-13T14:00:00Z,240.35,10.48,400.00,98.50,99.00,240.35,0.00,10.48,0.00,none
2024-05-13T15:00:00Z,243.85,0.86,400.00,98.50,99.00,243.85,0.00,0.86,0.00,none
2024-05-13T16:00:00Z,202.41,0.00,400.00,98.50,99.00,202.41,0.00,0.00,0.00,none
2024-05-13T17:00:00Z,164.59,0.00,400.00,98.50,99.00,164.59,0.00,0.00,0.00,none
2024-05-13T18:00:00Z,122.68,0.00,400.00,98.50,99.00,122.68,0.00,0.00,0.00,none
2024-05-13T19:00:00Z,126.05,0.00,400.00,98.50,99.00,126.05,0.00,0.00,0.00,none
2024-05-13T20:00:00Z,134.16,0.00,400.00,98.50,99.00,134.16,0.00,0.00,0.00,none
2024-05-13T21:00:00Z,153.99,0.00,400.00,98.50,99.00,153.99,0.00,0.00,0.00,none
2024-05-13T22:00:00Z,165.95,0.00,400.00,98.50,99.00,165.95,0.00,0.00,0.00,none
2024-05-13T23:00:00Z,130.64,0.00,400.00,98.50,99.00,130.64,0.00,0.00,0.00,none
2024-05-14T00:00:00Z,101.71,0.00,400.00,98.50,99.00,101.71,0.00,0.00,0.00,none
2024-05-14T01:00:00Z,107.73,0.00,400.00,98.50,99.00,107.73,0.00,0.00,0.00,none
2024-05-14T02:00:00Z,113.98,0.00,400.00,98.50,99.00,113.98,0.00,0.00,0.00,none
2024-05-14T03:00:00Z,120.46,0.88,400.00,98.50,99.00,120.46,0.00,0.88,0.00,none
2024-05-14T04:00:00Z,260.05,11.28,400.00,98.50,99.00,260.05,0.00,11.28,0.00,none
2024-05-14T05:00:00Z,305.60,25.75,400.00,98.50,99.00,305.60,0.00,4.40,21.35,wind_priority_shared_poi_headroom
2024-05-14T06:00:00Z,305.60,39.34,400.00,98.50,99.00,305.60,0.00,4.40,34.93,wind_priority_shared_poi_headroom
2024-05-14T07:00:00Z,220.01,50.47,400.00,98.50,99.00,220.01,0.00,50.47,0.00,none
2024-05-14T08:00:00Z,83.29,57.12,400.00,98.50,99.00,83.29,0.00,57.12,0.00,none
2024-05-14T09:00:00Z,26.14,58.71,400.00,98.50,99.00,26.14,0.00,58.71,0.00,none
2024-05-14T10:00:00Z,10.44,54.81,400.00,98.50,99.00,10.44,0.00,54.81,0.00,none
2024-05-14T11:00:00Z,8.06,47.63,400.00,98.50,99.00,8.06,0.00,47.63,0.00,none
2024-05-14T12:00:00Z,12.26,36.28,400.00,98.50,99.00,12.26,0.00,36.28,0.00,none
2024-05-14T13:00:00Z,24.21,23.72,400.00,98.50,99.00,24.21,0.00,23.72,0.00,none
2024-05-14T14:00:00Z,47.24,10.03,400.00,98.50,99.00,47.24,0.00,10.03,0.00,none
2024-05-14T15:00:00Z,52.11,0.81,400.00,98.50,99.00,52.11,0.00,0.81,0.00,none
2024-05-14T16:00:00Z,98.79,0.00,400.00,98.50,99.00,98.79,0.00,0.00,0.00,none
2024-05-14T17:00:00Z,175.68,0.00,400.00,98.50,99.00,175.68,0.00,0.00,0.00,none
2024-05-14T18:00:00Z,165.95,0.00,400.00,98.50,99.00,165.95,0.00,0.00,0.00,none
2024-05-14T19:00:00Z,115.04,0.00,400.00,98.50,99.00,115.04,0.00,0.00,0.00,none
2024-05-14T20:00:00Z,71.03,0.00,400.00,98.50,99.00,71.03,0.00,0.00,0.00,none
2024-05-14T21:00:00Z,33.04,0.00,400.00,98.50,99.00,33.04,0.00,0.00,0.00,none
2024-05-14T22:00:00Z,30.77,0.00,400.00,98.50,99.00,30.77,0.00,0.00,0.00,none
2024-05-14T23:00:00Z,33.97,0.00,400.00,98.50,99.00,33.97,0.00,0.00,0.00,none
2024-05-15T00:00:00Z,31.66,0.00,400.00,98.50,99.00,31.66,0.00,0.00,0.00,none
2024-05-15T01:00:00Z,24.21,0.00,400.00,98.50,99.00,24.21,0.00,0.00,0.00,none
2024-05-15T02:00:00Z,14.82,0.00,400.00,98.50,99.00,14.82,0.00,0.00,0.00,none
2024-05-15T03:00:00Z,4.95,0.82,400.00,98.50,99.00,4.95,0.00,0.82,0.00,none
2024-05-15T04:00:00Z,15.66,10.29,400.00,98.50,99.00,15.66,0.00,10.29,0.00,none
2024-05-15T05:00:00Z,12.50,24.12,400.00,98.50,99.00,12.50,0.00,24.12,0.00,none
2024-05-15T06:00:00Z,2.85,37.65,400.00,98.50,99.00,2.85,0.00,37.65,0.00,none
2024-05-15T07:00:00Z,0.58,49.41,400.00,98.50,99.00,0.58,0.00,49.41,0.00,none
2024-05-15T08:00:00Z,0.08,56.26,400.00,98.50,99.00,0.08,0.00,56.26,0.00,none
2024-05-15T09:00:00Z,0.00,57.99,400.00,98.50,99.00,0.00,0.00,57.99,0.00,none
2024-05-15T10:00:00Z,0.14,54.73,400.00,98.50,99.00,0.14,0.00,54.73,0.00,none
2024-05-15T11:00:00Z,1.18,46.20,400.00,98.50,99.00,1.18,0.00,46.20,0.00,none
2024-05-15T12:00:00Z,3.33,36.41,400.00,98.50,99.00,3.33,0.00,36.41,0.00,none
2024-05-15T13:00:00Z,9.20,23.70,400.00,98.50,99.00,9.20,0.00,23.70,0.00,none
2024-05-15T14:00:00Z,19.95,10.94,400.00,98.50,99.00,19.95,0.00,10.94,0.00,none
2024-05-15T15:00:00Z,26.54,0.92,400.00,98.50,99.00,26.54,0.00,0.92,0.00,none
2024-05-15T16:00:00Z,28.18,0.00,400.00,98.50,99.00,28.18,0.00,0.00,0.00,none
2024-05-15T17:00:00Z,19.62,0.00,400.00,98.50,99.00,19.62,0.00,0.00,0.00,none
2024-05-15T18:00:00Z,11.79,0.00,400.00,98.50,99.00,11.79,0.00,0.00,0.00,none
2024-05-15T19:00:00Z,44.92,0.00,400.00,98.50,99.00,44.92,0.00,0.00,0.00,none
2024-05-15T20:00:00Z,152.69,0.00,400.00,98.50,99.00,152.69,0.00,0.00,0.00,none
2024-05-15T21:00:00Z,122.68,0.00,400.00,98.50,99.00,122.68,0.00,0.00,0.00,none
2024-05-15T22:00:00Z,70.26,0.00,400.00,98.50,99.00,70.26,0.00,0.00,0.00,none
2024-05-15T23:00:00Z,50.25,0.00,400.00,98.50,99.00,50.25,0.00,0.00,0.00,none
2024-05-16T00:00:00Z,28.60,0.00,400.00,98.50,99.00,28.60,0.00,0.00,0.00,none
2024-05-16T01:00:00Z,18.03,0.00,400.00,98.50,99.00,18.03,0.00,0.00,0.00,none
2024-05-16T02:00:00Z,10.88,0.00,400.00,98.50,99.00,10.88,0.00,0.00,0.00,none
2024-05-16T03:00:00Z,5.78,0.92,400.00,98.50,99.00,5.78,0.00,0.92,0.00,none
2024-05-16T04:00:00Z,6.23,11.45,400.00,98.50,99.00,6.23,0.00,11.45,0.00,none
2024-05-16T05:00:00Z,7.88,26.32,400.00,98.50,99.00,7.88,0.00,26.32,0.00,none
2024-05-16T06:00:00Z,1.45,39.68,400.00,98.50,99.00,1.45,0.00,39.68,0.00,none
2024-05-16T07:00:00Z,0.00,51.11,400.00,98.50,99.00,0.00,0.00,51.11,0.00,none
2024-05-16T08:00:00Z,0.00,56.91,400.00,98.50,99.00,0.00,0.00,56.91,0.00,none
2024-05-16T09:00:00Z,0.00,54.73,400.00,98.50,99.00,0.00,0.00,54.73,0.00,none
2024-05-16T10:00:00Z,0.01,53.24,400.00,98.50,99.00,0.01,0.00,53.24,0.00,none
2024-05-16T11:00:00Z,0.82,39.16,400.00,98.50,99.00,0.82,0.00,39.16,0.00,none
2024-05-16T12:00:00Z,5.78,36.84,400.00,98.50,99.00,5.78,0.00,36.84,0.00,none
2024-05-16T13:00:00Z,19.95,23.43,400.00,98.50,99.00,19.95,0.00,23.43,0.00,none
2024-05-16T14:00:00Z,49.64,10.24,400.00,98.50,99.00,49.64,0.00,10.24,0.00,none
2024-05-16T15:00:00Z,68.73,0.84,400.00,98.50,99.00,68.73,0.00,0.84,0.00,none
2024-05-16T16:00:00Z,90.36,0.00,400.00,98.50,99.00,90.36,0.00,0.00,0.00,none
2024-05-16T17:00:00Z,108.75,0.00,400.00,98.50,99.00,108.75,0.00,0.00,0.00,none
2024-05-16T18:00:00Z,80.73,0.00,400.00,98.50,99.00,80.73,0.00,0.00,0.00,none
2024-05-16T19:00:00Z,71.03,0.00,400.00,98.50,99.00,71.03,0.00,0.00,0.00,none
2024-05-16T20:00:00Z,75.78,0.00,400.00,98.50,99.00,75.78,0.00,0.00,0.00,none
2024-05-16T21:00:00Z,55.98,0.00,400.00,98.50,99.00,55.98,0.00,0.00,0.00,none
2024-05-16T22:00:00Z,50.25,0.00,400.00,98.50,99.00,50.25,0.00,0.00,0.00,none
2024-05-16T23:00:00Z,62.85,0.00,400.00,98.50,99.00,62.85,0.00,0.00,0.00,none
2024-05-17T00:00:00Z,86.78,0.00,400.00,98.50,99.00,86.78,0.00,0.00,0.00,none
2024-05-17T01:00:00Z,95.93,0.00,400.00,98.50,99.00,95.93,0.00,0.00,0.00,none
2024-05-17T02:00:00Z,87.66,0.00,400.00,98.50,99.00,87.66,0.00,0.00,0.00,none
2024-05-17T03:00:00Z,68.73,0.81,400.00,98.50,99.00,68.73,0.00,0.81,0.00,none
2024-05-17T04:00:00Z,143.85,10.69,400.00,98.50,99.00,143.85,0.00,10.69,0.00,none
2024-05-17T05:00:00Z,233.44,24.80,400.00,98.50,99.00,233.44,0.00,24.80,0.00,none
2024-05-17T06:00:00Z,138.95,38.81,400.00,98.50,99.00,138.95,0.00,38.81,0.00,none
2024-05-17T07:00:00Z,59.35,50.07,400.00,98.50,99.00,59.35,0.00,50.07,0.00,none
2024-05-17T08:00:00Z,24.97,57.17,400.00,98.50,99.00,24.97,0.00,57.17,0.00,none
2024-05-17T09:00:00Z,14.29,56.70,400.00,98.50,99.00,14.29,0.00,56.70,0.00,none
2024-05-17T10:00:00Z,14.82,55.10,400.00,98.50,99.00,14.82,0.00,55.10,0.00,none
2024-05-17T11:00:00Z,20.96,48.18,400.00,98.50,99.00,20.96,0.00,48.18,0.00,none
2024-05-17T12:00:00Z,29.89,38.50,400.00,98.50,99.00,29.89,0.00,38.50,0.00,none
2024-05-17T13:00:00Z,43.79,24.81,400.00,98.50,99.00,43.79,0.00,24.81,0.00,none
2024-05-17T14:00:00Z,65.75,11.19,400.00,98.50,99.00,65.75,0.00,11.19,0.00,none
2024-05-17T15:00:00Z,74.17,0.89,400.00,98.50,99.00,74.17,0.00,0.89,0.00,none
2024-05-17T16:00:00Z,123.79,0.00,400.00,98.50,99.00,123.79,0.00,0.00,0.00,none
2024-05-17T17:00:00Z,172.86,0.00,400.00,98.50,99.00,172.86,0.00,0.00,0.00,none
2024-05-17T18:00:00Z,203.97,0.00,400.00,98.50,99.00,203.97,0.00,0.00,0.00,none
2024-05-17T19:00:00Z,250.97,0.00,400.00,98.50,99.00,250.97,0.00,0.00,0.00,none
2024-05-17T20:00:00Z,249.18,0.00,400.00,98.50,99.00,249.18,0.00,0.00,0.00,none
2024-05-17T21:00:00Z,228.34,0.00,400.00,98.50,99.00,228.34,0.00,0.00,0.00,none
2024-05-17T22:00:00Z,137.74,0.00,400.00,98.50,99.00,137.74,0.00,0.00,0.00,none
2024-05-17T23:00:00Z,126.05,0.00,400.00,98.50,99.00,126.05,0.00,0.00,0.00,none
2024-05-18T00:00:00Z,131.81,0.00,400.00,98.50,99.00,131.81,0.00,0.00,0.00,none
2024-05-18T01:00:00Z,127.19,0.00,400.00,98.50,99.00,127.19,0.00,0.00,0.00,none
2024-05-18T02:00:00Z,98.79,0.00,400.00,98.50,99.00,98.79,0.00,0.00,0.00,none
2024-05-18T03:00:00Z,85.02,0.86,400.00,98.50,99.00,85.02,0.00,0.86,0.00,none
2024-05-18T04:00:00Z,74.17,11.04,400.00,98.50,99.00,74.17,0.00,11.04,0.00,none
2024-05-18T05:00:00Z,146.34,25.49,400.00,98.50,99.00,146.34,0.00,25.49,0.00,none
2024-05-18T06:00:00Z,55.98,38.90,400.00,98.50,99.00,55.98,0.00,38.90,0.00,none
2024-05-18T07:00:00Z,11.56,50.24,400.00,98.50,99.00,11.56,0.00,50.24,0.00,none
2024-05-18T08:00:00Z,1.08,56.80,400.00,98.50,99.00,1.08,0.00,56.80,0.00,none
2024-05-18T09:00:00Z,0.05,56.51,400.00,98.50,99.00,0.05,0.00,56.51,0.00,none
2024-05-18T10:00:00Z,0.02,51.38,400.00,98.50,99.00,0.02,0.00,51.38,0.00,none
2024-05-18T11:00:00Z,0.14,45.88,400.00,98.50,99.00,0.14,0.00,45.88,0.00,none
2024-05-18T12:00:00Z,0.86,34.09,400.00,98.50,99.00,0.86,0.00,34.09,0.00,none
2024-05-18T13:00:00Z,3.23,22.51,400.00,98.50,99.00,3.23,0.00,22.51,0.00,none
2024-05-18T14:00:00Z,9.20,10.13,400.00,98.50,99.00,9.20,0.00,10.13,0.00,none
2024-05-18T15:00:00Z,17.72,0.86,400.00,98.50,99.00,17.72,0.00,0.86,0.00,none
2024-05-18T16:00:00Z,55.33,0.00,400.00,98.50,99.00,55.33,0.00,0.00,0.00,none
2024-05-18T17:00:00Z,126.05,0.00,400.00,98.50,99.00,126.05,0.00,0.00,0.00,none
2024-05-18T18:00:00Z,167.32,0.00,400.00,98.50,99.00,167.32,0.00,0.00,0.00,none
2024-05-18T19:00:00Z,147.59,0.00,400.00,98.50,99.00,147.59,0.00,0.00,0.00,none
2024-05-18T20:00:00Z,108.75,0.00,400.00,98.50,99.00,108.75,0.00,0.00,0.00,none
2024-05-18T21:00:00Z,89.46,0.00,400.00,98.50,99.00,89.46,0.00,0.00,0.00,none
2024-05-18T22:00:00Z,131.81,0.00,400.00,98.50,99.00,131.81,0.00,0.00,0.00,none
2024-05-18T23:00:00Z,150.13,0.00,400.00,98.50,99.00,150.13,0.00,0.00,0.00,none
2024-05-19T00:00:00Z,112.92,0.00,400.00,98.50,99.00,112.92,0.00,0.00,0.00,none
2024-05-19T01:00:00Z,109.78,0.00,400.00,98.50,99.00,109.78,0.00,0.00,0.00,none
2024-05-19T02:00:00Z,98.79,0.00,400.00,98.50,99.00,98.79,0.00,0.00,0.00,none
2024-05-19T03:00:00Z,97.83,0.86,400.00,98.50,99.00,97.83,0.00,0.86,0.00,none
2024-05-19T04:00:00Z,138.95,10.88,400.00,98.50,99.00,138.95,0.00,10.88,0.00,none
2024-05-19T05:00:00Z,305.60,23.32,400.00,98.50,99.00,305.60,0.00,4.40,18.92,wind_priority_shared_poi_headroom
2024-05-19T06:00:00Z,305.60,37.77,400.00,98.50,99.00,305.60,0.00,4.40,33.37,wind_priority_shared_poi_headroom
2024-05-19T07:00:00Z,153.99,49.67,400.00,98.50,99.00,153.99,0.00,49.67,0.00,none
2024-05-19T08:00:00Z,65.02,52.53,400.00,98.50,99.00,65.02,0.00,52.53,0.00,none
2024-05-19T09:00:00Z,28.18,49.92,400.00,98.50,99.00,28.18,0.00,49.92,0.00,none
2024-05-19T10:00:00Z,17.41,46.40,400.00,98.50,99.00,17.41,0.00,46.40,0.00,none
2024-05-19T11:00:00Z,16.23,40.32,400.00,98.50,99.00,16.23,0.00,40.32,0.00,none
2024-05-19T12:00:00Z,18.97,30.51,400.00,98.50,99.00,18.97,0.00,30.51,0.00,none
2024-05-19T13:00:00Z,26.54,20.63,400.00,98.50,99.00,26.54,0.00,20.63,0.00,none
2024-05-19T14:00:00Z,35.41,9.01,400.00,98.50,99.00,35.41,0.00,9.01,0.00,none
2024-05-19T15:00:00Z,22.73,0.79,400.00,98.50,99.00,22.73,0.00,0.79,0.00,none
2024-05-19T16:00:00Z,18.97,0.00,400.00,98.50,99.00,18.97,0.00,0.00,0.00,none
2024-05-19T17:00:00Z,29.89,0.00,400.00,98.50,99.00,29.89,0.00,0.00,0.00,none
2024-05-19T18:00:00Z,47.83,0.00,400.00,98.50,99.00,47.83,0.00,0.00,0.00,none
2024-05-19T19:00:00Z,23.09,0.00,400.00,98.50,99.00,23.09,0.00,0.00,0.00,none
2024-05-19T20:00:00Z,10.88,0.00,400.00,98.50,99.00,10.88,0.00,0.00,0.00,none
2024-05-19T21:00:00Z,23.46,0.00,400.00,98.50,99.00,23.46,0.00,0.00,0.00,none
2024-05-19T22:00:00Z,102.70,0.00,400.00,98.50,99.00,102.70,0.00,0.00,0.00,none
2024-05-19T23:00:00Z,131.81,0.00,400.00,98.50,99.00,131.81,0.00,0.00,0.00,none
2024-05-20T00:00:00Z,122.68,0.00,400.00,98.50,99.00,122.68,0.00,0.00,0.00,none
2024-05-20T01:00:00Z,42.13,0.00,400.00,98.50,99.00,42.13,0.00,0.00,0.00,none
2024-05-20T02:00:00Z,14.82,0.00,400.00,98.50,99.00,14.82,0.00,0.00,0.00,none
2024-05-20T03:00:00Z,4.69,0.74,400.00,98.50,99.00,4.69,0.00,0.74,0.00,none
2024-05-20T04:00:00Z,11.56,8.91,400.00,98.50,99.00,11.56,0.00,8.91,0.00,none
2024-05-20T05:00:00Z,45.49,18.99,400.00,98.50,99.00,45.49,0.00,18.99,0.00,none
2024-05-20T06:00:00Z,54.67,31.59,400.00,98.50,99.00,54.67,0.00,31.59,0.00,none
2024-05-20T07:00:00Z,53.38,45.70,400.00,98.50,99.00,53.38,0.00,45.70,0.00,none
2024-05-20T08:00:00Z,46.65,51.60,400.00,98.50,99.00,46.65,0.00,51.60,0.00,none
2024-05-20T09:00:00Z,31.66,53.02,400.00,98.50,99.00,31.66,0.00,53.02,0.00,none
2024-05-20T10:00:00Z,15.66,48.62,400.00,98.50,99.00,15.66,0.00,48.62,0.00,none
2024-05-20T11:00:00Z,5.93,42.53,400.00,98.50,99.00,5.93,0.00,42.53,0.00,none
2024-05-20T12:00:00Z,2.76,33.47,400.00,98.50,99.00,2.76,0.00,33.47,0.00,none
2024-05-20T13:00:00Z,2.19,22.41,400.00,98.50,99.00,2.19,0.00,22.41,0.00,none
2024-05-20T14:00:00Z,2.42,10.42,400.00,98.50,99.00,2.42,0.00,10.42,0.00,none
2024-05-20T15:00:00Z,2.59,0.91,400.00,98.50,99.00,2.59,0.00,0.91,0.00,none
2024-05-20T16:00:00Z,10.88,0.00,400.00,98.50,99.00,10.88,0.00,0.00,0.00,none
2024-05-20T17:00:00Z,26.14,0.00,400.00,98.50,99.00,26.14,0.00,0.00,0.00,none
2024-05-20T18:00:00Z,13.50,0.00,400.00,98.50,99.00,13.50,0.00,0.00,0.00,none
2024-05-20T19:00:00Z,0.58,0.00,400.00,98.50,99.00,0.58,0.00,0.00,0.00,none
2024-05-20T20:00:00Z,0.00,0.00,400.00,98.50,99.00,0.00,0.00,0.00,0.00,none
2024-05-20T21:00:00Z,0.00,0.00,400.00,98.50,99.00,0.00,0.00,0.00,0.00,none
2024-05-20T22:00:00Z,0.00,0.00,400.00,98.50,99.00,0.00,0.00,0.00,0.00,none
2024-05-20T23:00:00Z,1.63,0.00,400.00,98.50,99.00,1.63,0.00,0.00,0.00,none
2024-05-21T00:00:00Z,2.76,0.00,400.00,98.50,99.00,2.76,0.00,0.00,0.00,none
2024-05-21T01:00:00Z,4.82,0.00,400.00,98.50,99.00,4.82,0.00,0.00,0.00,none
2024-05-21T02:00:00Z,4.69,0.00,400.00,98.50,99.00,4.69,0.00,0.00,0.00,none
2024-05-21T03:00:00Z,0.95,0.72,400.00,98.50,99.00,0.95,0.00,0.72,0.00,none
2024-05-21T04:00:00Z,0.38,9.70,400.00,98.50,99.00,0.38,0.00,9.70,0.00,none
2024-05-21T05:00:00Z,9.81,21.91,400.00,98.50,99.00,9.81,0.00,21.91,0.00,none
2024-05-21T06:00:00Z,11.33,33.60,400.00,98.50,99.00,11.33,0.00,33.60,0.00,none
2024-05-21T07:00:00Z,2.19,48.56,400.00,98.50,99.00,2.19,0.00,48.56,0.00,none
2024-05-21T08:00:00Z,0.00,54.35,400.00,98.50,99.00,0.00,0.00,54.35,0.00,none
2024-05-21T09:00:00Z,0.00,54.65,400.00,98.50,99.00,0.00,0.00,54.65,0.00,none
2024-05-21T10:00:00Z,0.00,54.44,400.00,98.50,99.00,0.00,0.00,54.44,0.00,none
2024-05-21T11:00:00Z,0.00,45.69,400.00,98.50,99.00,0.00,0.00,45.69,0.00,none
2024-05-21T12:00:00Z,0.00,35.67,400.00,98.50,99.00,0.00,0.00,35.67,0.00,none
2024-05-21T13:00:00Z,0.00,22.38,400.00,98.50,99.00,0.00,0.00,22.38,0.00,none
2024-05-21T14:00:00Z,0.00,10.03,400.00,98.50,99.00,0.00,0.00,10.03,0.00,none
2024-05-21T15:00:00Z,0.00,0.83,400.00,98.50,99.00,0.00,0.00,0.83,0.00,none
2024-05-21T16:00:00Z,0.00,0.00,400.00,98.50,99.00,0.00,0.00,0.00,0.00,none
2024-05-21T17:00:00Z,0.00,0.00,400.00,98.50,99.00,0.00,0.00,0.00,0.00,none
2024-05-21T18:00:00Z,0.00,0.00,400.00,98.50,99.00,0.00,0.00,0.00,0.00,none
2024-05-21T19:00:00Z,0.00,0.00,400.00,98.50,99.00,0.00,0.00,0.00,0.00,none
2024-05-21T20:00:00Z,0.00,0.00,400.00,98.50,99.00,0.00,0.00,0.00,0.00,none
2024-05-21T21:00:00Z,0.00,0.00,400.00,98.50,99.00,0.00,0.00,0.00,0.00,none
2024-05-21T22:00:00Z,0.00,0.00,400.00,98.50,99.00,0.00,0.00,0.00,0.00,none
2024-05-21T23:00:00Z,0.00,0.00,400.00,98.50,99.00,0.00,0.00,0.00,0.00,none
2024-05-22T00:00:00Z,0.01,0.00,400.00,98.50,99.00,0.01,0.00,0.00,0.00,none
2024-05-22T01:00:00Z,0.19,0.00,400.00,98.50,99.00,0.19,0.00,0.00,0.00,none
2024-05-22T02:00:00Z,1.04,0.00,400.00,98.50,99.00,1.04,0.00,0.00,0.00,none
2024-05-22T03:00:00Z,1.97,0.84,400.00,98.50,99.00,1.97,0.00,0.84,0.00,none
2024-05-22T04:00:00Z,10.02,10.98,400.00,98.50,99.00,10.02,0.00,10.98,0.00,none
2024-05-22T05:00:00Z,14.29,25.12,400.00,98.50,99.00,14.29,0.00,25.12,0.00,none
2024-05-22T06:00:00Z,4.09,39.62,400.00,98.50,99.00,4.09,0.00,39.62,0.00,none
2024-05-22T07:00:00Z,0.00,50.07,400.00,98.50,99.00,0.00,0.00,50.07,0.00,none
2024-05-22T08:00:00Z,0.00,57.26,400.00,98.50,99.00,0.00,0.00,57.26,0.00,none
2024-05-22T09:00:00Z,0.00,57.42,400.00,98.50,99.00,0.00,0.00,57.42,0.00,none
2024-05-22T10:00:00Z,0.00,54.62,400.00,98.50,99.00,0.00,0.00,54.62,0.00,none
2024-05-22T11:00:00Z,0.00,43.42,400.00,98.50,99.00,0.00,0.00,43.42,0.00,none
2024-05-22T12:00:00Z,0.00,33.07,400.00,98.50,99.00,0.00,0.00,33.07,0.00,none
2024-05-22T13:00:00Z,0.01,20.00,400.00,98.50,99.00,0.01,0.00,20.00,0.00,none
2024-05-22T14:00:00Z,1.13,9.24,400.00,98.50,99.00,1.13,0.00,9.24,0.00,none
2024-05-22T15:00:00Z,1.90,0.85,400.00,98.50,99.00,1.90,0.00,0.85,0.00,none
2024-05-22T16:00:00Z,2.51,0.00,400.00,98.50,99.00,2.51,0.00,0.00,0.00,none
2024-05-22T17:00:00Z,2.34,0.00,400.00,98.50,99.00,2.34,0.00,0.00,0.00,none
2024-05-22T18:00:00Z,2.95,0.00,400.00,98.50,99.00,2.95,0.00,0.00,0.00,none
2024-05-22T19:00:00Z,22.73,0.00,400.00,98.50,99.00,22.73,0.00,0.00,0.00,none
2024-05-22T20:00:00Z,65.02,0.00,400.00,98.50,99.00,65.02,0.00,0.00,0.00,none
2024-05-22T21:00:00Z,43.79,0.00,400.00,98.50,99.00,43.79,0.00,0.00,0.00,none
2024-05-22T22:00:00Z,35.90,0.00,400.00,98.50,99.00,35.90,0.00,0.00,0.00,none
2024-05-22T23:00:00Z,34.45,0.00,400.00,98.50,99.00,34.45,0.00,0.00,0.00,none
2024-05-23T00:00:00Z,49.03,0.00,400.00,98.50,99.00,49.03,0.00,0.00,0.00,none
2024-05-23T01:00:00Z,57.31,0.00,400.00,98.50,99.00,57.31,0.00,0.00,0.00,none
2024-05-23T02:00:00Z,72.59,0.00,400.00,98.50,99.00,72.59,0.00,0.00,0.00,none
2024-05-23T03:00:00Z,94.05,0.80,400.00,98.50,99.00,94.05,0.00,0.80,0.00,none
2024-05-23T04:00:00Z,188.73,9.92,400.00,98.50,99.00,188.73,0.00,9.92,0.00,none
2024-05-23T05:00:00Z,305.60,23.28,400.00,98.50,99.00,305.60,0.00,4.40,18.87,wind_priority_shared_poi_headroom
2024-05-23T06:00:00Z,305.60,36.55,400.00,98.50,99.00,305.60,0.00,4.40,32.14,wind_priority_shared_poi_headroom
2024-05-23T07:00:00Z,276.96,48.20,400.00,98.50,99.00,276.96,0.00,33.04,15.15,wind_priority_shared_poi_headroom
2024-05-23T08:00:00Z,121.57,55.34,400.00,98.50,99.00,121.57,0.00,55.34,0.00,none
2024-05-23T09:00:00Z,34.93,55.98,400.00,98.50,99.00,34.93,0.00,55.98,0.00,none
2024-05-23T10:00:00Z,6.54,53.82,400.00,98.50,99.00,6.54,0.00,53.82,0.00,none
2024-05-23T11:00:00Z,0.64,43.14,400.00,98.50,99.00,0.64,0.00,43.14,0.00,none
2024-05-23T12:00:00Z,0.00,36.20,400.00,98.50,99.00,0.00,0.00,36.20,0.00,none
2024-05-23T13:00:00Z,0.00,23.67,400.00,98.50,99.00,0.00,0.00,23.67,0.00,none
2024-05-23T14:00:00Z,0.00,10.61,400.00,98.50,99.00,0.00,0.00,10.61,0.00,none
2024-05-23T15:00:00Z,0.00,0.91,400.00,98.50,99.00,0.00,0.00,0.91,0.00,none
2024-05-23T16:00:00Z,0.00,0.00,400.00,98.50,99.00,0.00,0.00,0.00,0.00,none
2024-05-23T17:00:00Z,0.75,0.00,400.00,98.50,99.00,0.75,0.00,0.00,0.00,none
2024-05-23T18:00:00Z,23.09,0.00,400.00,98.50,99.00,23.09,0.00,0.00,0.00,none
2024-05-23T19:00:00Z,103.69,0.00,400.00,98.50,99.00,103.69,0.00,0.00,0.00,none
2024-05-23T20:00:00Z,124.92,0.00,400.00,98.50,99.00,124.92,0.00,0.00,0.00,none
2024-05-23T21:00:00Z,79.89,0.00,400.00,98.50,99.00,79.89,0.00,0.00,0.00,none
2024-05-23T22:00:00Z,61.44,0.00,400.00,98.50,99.00,61.44,0.00,0.00,0.00,none
2024-05-23T23:00:00Z,60.04,0.00,400.00,98.50,99.00,60.04,0.00,0.00,0.00,none
2024-05-24T00:00:00Z,53.38,0.00,400.00,98.50,99.00,53.38,0.00,0.00,0.00,none
2024-05-24T01:00:00Z,52.11,0.00,400.00,98.50,99.00,52.11,0.00,0.00,0.00,none
2024-05-24T02:00:00Z,57.31,0.00,400.00,98.50,99.00,57.31,0.00,0.00,0.00,none
2024-05-24T03:00:00Z,58.67,0.85,400.00,98.50,99.00,58.67,0.00,0.85,0.00,none
2024-05-24T04:00:00Z,163.24,10.90,400.00,98.50,99.00,163.24,0.00,10.90,0.00,none
2024-05-24T05:00:00Z,305.60,24.92,400.00,98.50,99.00,305.60,0.00,4.40,20.51,wind_priority_shared_poi_headroom
2024-05-24T06:00:00Z,205.54,37.95,400.00,98.50,99.00,205.54,0.00,37.95,0.00,none
2024-05-24T07:00:00Z,77.40,49.57,400.00,98.50,99.00,77.40,0.00,49.57,0.00,none
2024-05-24T08:00:00Z,35.90,53.80,400.00,98.50,99.00,35.90,0.00,53.80,0.00,none
2024-05-24T09:00:00Z,20.62,52.92,400.00,98.50,99.00,20.62,0.00,52.92,0.00,none
2024-05-24T10:00:00Z,16.52,48.03,400.00,98.50,99.00,16.52,0.00,48.03,0.00,none
2024-05-24T11:00:00Z,18.34,42.21,400.00,98.50,99.00,18.34,0.00,42.21,0.00,none
2024-05-24T12:00:00Z,24.59,32.51,400.00,98.50,99.00,24.59,0.00,32.51,0.00,none
2024-05-24T13:00:00Z,41.58,21.34,400.00,98.50,99.00,41.58,0.00,21.34,0.00,none
2024-05-24T14:00:00Z,79.06,9.98,400.00,98.50,99.00,79.06,0.00,9.98,0.00,none
2024-05-24T15:00:00Z,109.78,0.91,400.00,98.50,99.00,109.78,0.00,0.91,0.00,none
2024-05-24T16:00:00Z,153.99,0.00,400.00,98.50,99.00,153.99,0.00,0.00,0.00,none
2024-05-24T17:00:00Z,156.59,0.00,400.00,98.50,99.00,156.59,0.00,0.00,0.00,none
2024-05-24T18:00:00Z,126.05,0.00,400.00,98.50,99.00,126.05,0.00,0.00,0.00,none
2024-05-24T19:00:00Z,101.71,0.00,400.00,98.50,99.00,101.71,0.00,0.00,0.00,none
2024-05-24T20:00:00Z,127.19,0.00,400.00,98.50,99.00,127.19,0.00,0.00,0.00,none
2024-05-24T21:00:00Z,171.47,0.00,400.00,98.50,99.00,171.47,0.00,0.00,0.00,none
2024-05-24T22:00:00Z,305.60,0.00,400.00,98.50,99.00,305.60,0.00,0.00,0.00,none
2024-05-24T23:00:00Z,282.75,0.00,400.00,98.50,99.00,282.75,0.00,0.00,0.00,none
2024-05-25T00:00:00Z,226.66,0.00,400.00,98.50,99.00,226.66,0.00,0.00,0.00,none
2024-05-25T01:00:00Z,175.68,0.00,400.00,98.50,99.00,175.68,0.00,0.00,0.00,none
2024-05-25T02:00:00Z,127.19,0.00,400.00,98.50,99.00,127.19,0.00,0.00,0.00,none
2024-05-25T03:00:00Z,96.87,0.85,400.00,98.50,99.00,96.87,0.00,0.85,0.00,none
2024-05-25T04:00:00Z,238.61,10.95,400.00,98.50,99.00,238.61,0.00,10.95,0.00,none
2024-05-25T05:00:00Z,305.60,25.23,400.00,98.50,99.00,305.60,0.00,4.40,20.83,wind_priority_shared_poi_headroom
2024-05-25T06:00:00Z,263.75,38.50,400.00,98.50,99.00,263.75,0.00,38.50,0.00,none
2024-05-25T07:00:00Z,164.59,49.61,400.00,98.50,99.00,164.59,0.00,49.61,0.00,none
2024-05-25T08:00:00Z,89.46,55.91,400.00,98.50,99.00,89.46,0.00,55.91,0.00,none
2024-05-25T09:00:00Z,50.25,56.60,400.00,98.50,99.00,50.25,0.00,56.60,0.00,none
2024-05-25T10:00:00Z,33.50,53.16,400.00,98.50,99.00,33.50,0.00,53.16,0.00,none
2024-05-25T11:00:00Z,28.60,46.36,400.00,98.50,99.00,28.60,0.00,46.36,0.00,none
2024-05-25T12:00:00Z,30.77,36.21,400.00,98.50,99.00,30.77,0.00,36.21,0.00,none
2024-05-25T13:00:00Z,46.65,24.01,400.00,98.50,99.00,46.65,0.00,24.01,0.00,none
2024-05-25T14:00:00Z,79.89,10.74,400.00,98.50,99.00,79.89,0.00,10.74,0.00,none
2024-05-25T15:00:00Z,89.46,0.93,400.00,98.50,99.00,89.46,0.00,0.93,0.00,none
2024-05-25T16:00:00Z,129.48,0.00,400.00,98.50,99.00,129.48,0.00,0.00,0.00,none
2024-05-25T17:00:00Z,184.31,0.00,400.00,98.50,99.00,184.31,0.00,0.00,0.00,none
2024-05-25T18:00:00Z,249.18,0.00,400.00,98.50,99.00,249.18,0.00,0.00,0.00,none
2024-05-25T19:00:00Z,294.58,0.00,400.00,98.50,99.00,294.58,0.00,0.00,0.00,none
2024-05-25T20:00:00Z,267.48,0.00,400.00,98.50,99.00,267.48,0.00,0.00,0.00,none
2024-05-25T21:00:00Z,280.81,0.00,400.00,98.50,99.00,280.81,0.00,0.00,0.00,none
2024-05-25T22:00:00Z,305.60,0.00,400.00,98.50,99.00,305.60,0.00,0.00,0.00,none
2024-05-25T23:00:00Z,260.05,0.00,400.00,98.50,99.00,260.05,0.00,0.00,0.00,none
2024-05-26T00:00:00Z,182.85,0.00,400.00,98.50,99.00,182.85,0.00,0.00,0.00,none
2024-05-26T01:00:00Z,132.98,0.00,400.00,98.50,99.00,132.98,0.00,0.00,0.00,none
2024-05-26T02:00:00Z,104.69,0.00,400.00,98.50,99.00,104.69,0.00,0.00,0.00,none
2024-05-26T03:00:00Z,96.87,0.82,400.00,98.50,99.00,96.87,0.00,0.82,0.00,none
2024-05-26T04:00:00Z,235.15,10.59,400.00,98.50,99.00,235.15,0.00,10.59,0.00,none
2024-05-26T05:00:00Z,300.61,24.74,400.00,98.50,99.00,300.61,0.00,9.39,15.35,wind_priority_shared_poi_headroom
2024-05-26T06:00:00Z,194.73,38.16,400.00,98.50,99.00,194.73,0.00,38.16,0.00,none
2024-05-26T07:00:00Z,103.69,49.31,400.00,98.50,99.00,103.69,0.00,49.31,0.00,none
2024-05-26T08:00:00Z,53.38,56.42,400.00,98.50,99.00,53.38,0.00,56.42,0.00,none
2024-05-26T09:00:00Z,24.97,54.44,400.00,98.50,99.00,24.97,0.00,54.44,0.00,none
2024-05-26T10:00:00Z,13.76,39.58,400.00,98.50,99.00,13.76,0.00,39.58,0.00,none
2024-05-26T11:00:00Z,13.50,42.61,400.00,98.50,99.00,13.50,0.00,42.61,0.00,none
2024-05-26T12:00:00Z,18.03,35.19,400.00,98.50,99.00,18.03,0.00,35.19,0.00,none
2024-05-26T13:00:00Z,28.18,22.20,400.00,98.50,99.00,28.18,0.00,22.20,0.00,none
2024-05-26T14:00:00Z,47.83,9.83,400.00,98.50,99.00,47.83,0.00,9.83,0.00,none
2024-05-26T15:00:00Z,67.98,0.86,400.00,98.50,99.00,67.98,0.00,0.86,0.00,none
2024-05-26T16:00:00Z,103.69,0.00,400.00,98.50,99.00,103.69,0.00,0.00,0.00,none
2024-05-26T17:00:00Z,117.19,0.00,400.00,98.50,99.00,117.19,0.00,0.00,0.00,none
2024-05-26T18:00:00Z,92.19,0.00,400.00,98.50,99.00,92.19,0.00,0.00,0.00,none
2024-05-26T19:00:00Z,84.15,0.00,400.00,98.50,99.00,84.15,0.00,0.00,0.00,none
2024-05-26T20:00:00Z,85.02,0.00,400.00,98.50,99.00,85.02,0.00,0.00,0.00,none
2024-05-26T21:00:00Z,95.93,0.00,400.00,98.50,99.00,95.93,0.00,0.00,0.00,none
2024-05-26T22:00:00Z,141.38,0.00,400.00,98.50,99.00,141.38,0.00,0.00,0.00,none
2024-05-26T23:00:00Z,191.72,0.00,400.00,98.50,99.00,191.72,0.00,0.00,0.00,none
2024-05-27T00:00:00Z,190.22,0.00,400.00,98.50,99.00,190.22,0.00,0.00,0.00,none
2024-05-27T01:00:00Z,164.59,0.00,400.00,98.50,99.00,164.59,0.00,0.00,0.00,none
2024-05-27T02:00:00Z,131.81,0.00,400.00,98.50,99.00,131.81,0.00,0.00,0.00,none
2024-05-27T03:00:00Z,102.70,0.81,400.00,98.50,99.00,102.70,0.00,0.81,0.00,none
2024-05-27T04:00:00Z,215.12,10.40,400.00,98.50,99.00,215.12,0.00,10.40,0.00,none
2024-05-27T05:00:00Z,230.03,24.57,400.00,98.50,99.00,230.03,0.00,24.57,0.00,none
2024-05-27T06:00:00Z,107.73,38.05,400.00,98.50,99.00,107.73,0.00,38.05,0.00,none
2024-05-27T07:00:00Z,39.98,49.18,400.00,98.50,99.00,39.98,0.00,49.18,0.00,none
2024-05-27T08:00:00Z,18.34,54.67,400.00,98.50,99.00,18.34,0.00,54.67,0.00,none
2024-05-27T09:00:00Z,11.10,52.41,400.00,98.50,99.00,11.10,0.00,52.41,0.00,none
2024-05-27T10:00:00Z,12.26,51.51,400.00,98.50,99.00,12.26,0.00,51.51,0.00,none
2024-05-27T11:00:00Z,17.72,43.79,400.00,98.50,99.00,17.72,0.00,43.79,0.00,none
2024-05-27T12:00:00Z,28.60,35.82,400.00,98.50,99.00,28.60,0.00,35.82,0.00,none
2024-05-27T13:00:00Z,53.38,23.13,400.00,98.50,99.00,53.38,0.00,23.13,0.00,none
2024-05-27T14:00:00Z,106.71,10.32,400.00,98.50,99.00,106.71,0.00,10.32,0.00,none
2024-05-27T15:00:00Z,150.13,0.88,400.00,98.50,99.00,150.13,0.00,0.88,0.00,none
2024-05-27T16:00:00Z,181.40,0.00,400.00,98.50,99.00,181.40,0.00,0.00,0.00,none
2024-05-27T17:00:00Z,179.96,0.00,400.00,98.50,99.00,179.96,0.00,0.00,0.00,none
2024-05-27T18:00:00Z,122.68,0.00,400.00,98.50,99.00,122.68,0.00,0.00,0.00,none
2024-05-27T19:00:00Z,127.19,0.00,400.00,98.50,99.00,127.19,0.00,0.00,0.00,none
2024-05-27T20:00:00Z,165.95,0.00,400.00,98.50,99.00,165.95,0.00,0.00,0.00,none
2024-05-27T21:00:00Z,290.60,0.00,400.00,98.50,99.00,290.60,0.00,0.00,0.00,none
2024-05-27T22:00:00Z,305.60,0.00,400.00,98.50,99.00,305.60,0.00,0.00,0.00,none
2024-05-27T23:00:00Z,305.60,0.00,400.00,98.50,99.00,305.60,0.00,0.00,0.00,none
2024-05-28T00:00:00Z,305.60,0.00,400.00,98.50,99.00,305.60,0.00,0.00,0.00,none
2024-05-28T01:00:00Z,305.60,0.00,400.00,98.50,99.00,305.60,0.00,0.00,0.00,none
2024-05-28T02:00:00Z,305.60,0.00,400.00,98.50,99.00,305.60,0.00,0.00,0.00,none
2024-05-28T03:00:00Z,275.04,0.79,400.00,98.50,99.00,275.04,0.00,0.79,0.00,none
2024-05-28T04:00:00Z,305.60,10.24,400.00,98.50,99.00,305.60,0.00,4.40,5.84,wind_priority_shared_poi_headroom
2024-05-28T05:00:00Z,305.60,24.25,400.00,98.50,99.00,305.60,0.00,4.40,19.85,wind_priority_shared_poi_headroom
2024-05-28T06:00:00Z,305.60,37.94,400.00,98.50,99.00,305.60,0.00,4.40,33.53,wind_priority_shared_poi_headroom
2024-05-28T07:00:00Z,243.85,49.39,400.00,98.50,99.00,243.85,0.00,49.39,0.00,none
2024-05-28T08:00:00Z,109.78,55.23,400.00,98.50,99.00,109.78,0.00,55.23,0.00,none
2024-05-28T09:00:00Z,59.35,53.43,400.00,98.50,99.00,59.35,0.00,53.43,0.00,none
2024-05-28T10:00:00Z,47.83,52.09,400.00,98.50,99.00,47.83,0.00,52.09,0.00,none
2024-05-28T11:00:00Z,52.11,44.95,400.00,98.50,99.00,52.11,0.00,44.95,0.00,none
2024-05-28T12:00:00Z,79.89,34.37,400.00,98.50,99.00,79.89,0.00,34.37,0.00,none
2024-05-28T13:00:00Z,96.87,22.80,400.00,98.50,99.00,96.87,0.00,22.80,0.00,none
2024-05-28T14:00:00Z,134.16,10.09,400.00,98.50,99.00,134.16,0.00,10.09,0.00,none
2024-05-28T15:00:00Z,146.34,0.91,400.00,98.50,99.00,146.34,0.00,0.91,0.00,none
2024-05-28T16:00:00Z,148.86,0.00,400.00,98.50,99.00,148.86,0.00,0.00,0.00,none
2024-05-28T17:00:00Z,101.71,0.00,400.00,98.50,99.00,101.71,0.00,0.00,0.00,none
2024-05-28T18:00:00Z,96.87,0.00,400.00,98.50,99.00,96.87,0.00,0.00,0.00,none
2024-05-28T19:00:00Z,123.79,0.00,400.00,98.50,99.00,123.79,0.00,0.00,0.00,none
2024-05-28T20:00:00Z,193.22,0.00,400.00,98.50,99.00,193.22,0.00,0.00,0.00,none
2024-05-28T21:00:00Z,305.60,0.00,400.00,98.50,99.00,305.60,0.00,0.00,0.00,none
2024-05-28T22:00:00Z,305.60,0.00,400.00,98.50,99.00,305.60,0.00,0.00,0.00,none
2024-05-28T23:00:00Z,305.60,0.00,400.00,98.50,99.00,305.60,0.00,0.00,0.00,none
2024-05-29T00:00:00Z,305.60,0.00,400.00,98.50,99.00,305.60,0.00,0.00,0.00,none
2024-05-29T01:00:00Z,228.34,0.00,400.00,98.50,99.00,228.34,0.00,0.00,0.00,none
2024-05-29T02:00:00Z,161.90,0.00,400.00,98.50,99.00,161.90,0.00,0.00,0.00,none
2024-05-29T03:00:00Z,118.27,0.75,400.00,98.50,99.00,118.27,0.00,0.75,0.00,none
2024-05-29T04:00:00Z,256.39,9.80,400.00,98.50,99.00,256.39,0.00,9.80,0.00,none
2024-05-29T05:00:00Z,305.60,23.05,400.00,98.50,99.00,305.60,0.00,4.40,18.64,wind_priority_shared_poi_headroom
2024-05-29T06:00:00Z,278.88,36.13,400.00,98.50,99.00,278.88,0.00,31.12,5.00,wind_priority_shared_poi_headroom
2024-05-29T07:00:00Z,171.47,47.53,400.00,98.50,99.00,171.47,0.00,47.53,0.00,none
2024-05-29T08:00:00Z,124.92,54.39,400.00,98.50,99.00,124.92,0.00,54.39,0.00,none
2024-05-29T09:00:00Z,66.49,53.95,400.00,98.50,99.00,66.49,0.00,53.95,0.00,none
2024-05-29T10:00:00Z,37.40,47.86,400.00,98.50,99.00,37.40,0.00,47.86,0.00,none
2024-05-29T11:00:00Z,24.21,43.87,400.00,98.50,99.00,24.21,0.00,43.87,0.00,none
2024-05-29T12:00:00Z,18.65,34.17,400.00,98.50,99.00,18.65,0.00,34.17,0.00,none
2024-05-29T13:00:00Z,22.37,21.83,400.00,98.50,99.00,22.37,0.00,21.83,0.00,none
2024-05-29T14:00:00Z,33.97,9.44,400.00,98.50,99.00,33.97,0.00,9.44,0.00,none
2024-05-29T15:00:00Z,43.79,0.86,400.00,98.50,99.00,43.79,0.00,0.86,0.00,none
2024-05-29T16:00:00Z,72.59,0.00,400.00,98.50,99.00,72.59,0.00,0.00,0.00,none
2024-05-29T17:00:00Z,111.87,0.00,400.00,98.50,99.00,111.87,0.00,0.00,0.00,none
2024-05-29T18:00:00Z,168.69,0.00,400.00,98.50,99.00,168.69,0.00,0.00,0.00,none
2024-05-29T19:00:00Z,194.73,0.00,400.00,98.50,99.00,194.73,0.00,0.00,0.00,none
2024-05-29T20:00:00Z,179.96,0.00,400.00,98.50,99.00,179.96,0.00,0.00,0.00,none
2024-05-29T21:00:00Z,231.73,0.00,400.00,98.50,99.00,231.73,0.00,0.00,0.00,none
2024-05-29T22:00:00Z,271.24,0.00,400.00,98.50,99.00,271.24,0.00,0.00,0.00,none
2024-05-29T23:00:00Z,240.35,0.00,400.00,98.50,99.00,240.35,0.00,0.00,0.00,none
2024-05-30T00:00:00Z,193.22,0.00,400.00,98.50,99.00,193.22,0.00,0.00,0.00,none
2024-05-30T01:00:00Z,157.91,0.00,400.00,98.50,99.00,157.91,0.00,0.00,0.00,none
2024-05-30T02:00:00Z,140.16,0.00,400.00,98.50,99.00,140.16,0.00,0.00,0.00,none
2024-05-30T03:00:00Z,178.52,0.68,400.00,98.50,99.00,178.52,0.00,0.68,0.00,none
2024-05-30T04:00:00Z,305.60,8.75,400.00,98.50,99.00,305.60,0.00,4.40,4.35,wind_priority_shared_poi_headroom
2024-05-30T05:00:00Z,305.60,21.07,400.00,98.50,99.00,305.60,0.00,4.40,16.67,wind_priority_shared_poi_headroom
2024-05-30T06:00:00Z,305.60,34.57,400.00,98.50,99.00,305.60,0.00,4.40,30.16,wind_priority_shared_poi_headroom
2024-05-30T07:00:00Z,290.60,46.69,400.00,98.50,99.00,290.60,0.00,19.40,27.28,wind_priority_shared_poi_headroom
2024-05-30T08:00:00Z,160.56,53.39,400.00,98.50,99.00,160.56,0.00,53.39,0.00,none
2024-05-30T09:00:00Z,76.59,55.02,400.00,98.50,99.00,76.59,0.00,55.02,0.00,none
2024-05-30T10:00:00Z,38.42,52.27,400.00,98.50,99.00,38.42,0.00,52.27,0.00,none
2024-05-30T11:00:00Z,22.37,47.41,400.00,98.50,99.00,22.37,0.00,47.41,0.00,none
2024-05-30T12:00:00Z,20.62,37.15,400.00,98.50,99.00,20.62,0.00,37.15,0.00,none
2024-05-30T13:00:00Z,30.77,24.13,400.00,98.50,99.00,30.77,0.00,24.13,0.00,none
2024-05-30T14:00:00Z,60.74,11.00,400.00,98.50,99.00,60.74,0.00,11.00,0.00,none
2024-05-30T15:00:00Z,83.29,0.95,400.00,98.50,99.00,83.29,0.00,0.95,0.00,none
2024-05-30T16:00:00Z,128.33,0.00,400.00,98.50,99.00,128.33,0.00,0.00,0.00,none
2024-05-30T17:00:00Z,194.73,0.00,400.00,98.50,99.00,194.73,0.00,0.00,0.00,none
2024-05-30T18:00:00Z,233.44,0.00,400.00,98.50,99.00,233.44,0.00,0.00,0.00,none
2024-05-30T19:00:00Z,254.58,0.00,400.00,98.50,99.00,254.58,0.00,0.00,0.00,none
2024-05-30T20:00:00Z,224.98,0.00,400.00,98.50,99.00,224.98,0.00,0.00,0.00,none
2024-05-30T21:00:00Z,261.90,0.00,400.00,98.50,99.00,261.90,0.00,0.00,0.00,none
2024-05-30T22:00:00Z,305.60,0.00,400.00,98.50,99.00,305.60,0.00,0.00,0.00,none
2024-05-30T23:00:00Z,305.60,0.00,400.00,98.50,99.00,305.60,0.00,0.00,0.00,none
2024-05-31T00:00:00Z,305.60,0.00,400.00,98.50,99.00,305.60,0.00,0.00,0.00,none
2024-05-31T01:00:00Z,305.60,0.00,400.00,98.50,99.00,305.60,0.00,0.00,0.00,none
2024-05-31T02:00:00Z,250.97,0.00,400.00,98.50,99.00,250.97,0.00,0.00,0.00,none
2024-05-31T03:00:00Z,175.68,0.73,400.00,98.50,99.00,175.68,0.00,0.73,0.00,none
2024-05-31T04:00:00Z,294.58,9.79,400.00,98.50,99.00,294.58,0.00,9.79,0.00,none
2024-05-31T05:00:00Z,305.60,22.84,400.00,98.50,99.00,305.60,0.00,4.40,18.44,wind_priority_shared_poi_headroom
2024-05-31T06:00:00Z,305.60,36.09,400.00,98.50,99.00,305.60,0.00,4.40,31.69,wind_priority_shared_poi_headroom
2024-05-31T07:00:00Z,199.32,47.75,400.00,98.50,99.00,199.32,0.00,47.75,0.00,none
2024-05-31T08:00:00Z,127.19,52.49,400.00,98.50,99.00,127.19,0.00,52.49,0.00,none
2024-05-31T09:00:00Z,87.66,52.78,400.00,98.50,99.00,87.66,0.00,52.78,0.00,none
2024-05-31T10:00:00Z,75.78,40.28,400.00,98.50,99.00,75.78,0.00,40.28,0.00,none
2024-05-31T11:00:00Z,84.15,45.75,400.00,98.50,99.00,84.15,0.00,45.75,0.00,none
2024-05-31T12:00:00Z,108.75,35.55,400.00,98.50,99.00,108.75,0.00,35.55,0.00,none
2024-05-31T13:00:00Z,148.86,23.21,400.00,98.50,99.00,148.86,0.00,23.21,0.00,none
2024-05-31T14:00:00Z,181.40,10.65,400.00,98.50,99.00,181.40,0.00,10.65,0.00,none
2024-05-31T15:00:00Z,157.91,0.94,400.00,98.50,99.00,157.91,0.00,0.94,0.00,none
2024-05-31T16:00:00Z,160.56,0.00,400.00,98.50,99.00,160.56,0.00,0.00,0.00,none
2024-05-31T17:00:00Z,119.36,0.00,400.00,98.50,99.00,119.36,0.00,0.00,0.00,none
2024-05-31T18:00:00Z,105.70,0.00,400.00,98.50,99.00,105.70,0.00,0.00,0.00,none
2024-05-31T19:00:00Z,224.98,0.00,400.00,98.50,99.00,224.98,0.00,0.00,0.00,none
2024-05-31T20:00:00Z,267.48,0.00,400.00,98.50,99.00,267.48,0.00,0.00,0.00,none
2024-05-31T21:00:00Z,284.70,0.00,400.00,98.50,99.00,284.70,0.00,0.00,0.00,none
2024-05-31T22:00:00Z,294.58,0.00,400.00,98.50,99.00,294.58,0.00,0.00,0.00,none
2024-05-31T23:00:00Z,300.61,0.00,400.00,98.50,99.00,300.61,0.00,0.00,0.00,none
2024-06-01T00:00:00Z,258.22,0.00,400.00,98.50,99.00,258.22,0.00,0.00,0.00,none
2024-06-01T01:00:00Z,210.29,0.00,400.00,98.50,99.00,210.29,0.00,0.00,0.00,none
2024-06-01T02:00:00Z,150.13,0.00,400.00,98.50,99.00,150.13,0.00,0.00,0.00,none
2024-06-01T03:00:00Z,151.41,0.72,400.00,98.50,99.00,151.41,0.00,0.72,0.00,none
2024-06-01T04:00:00Z,224.98,10.20,400.00,98.50,99.00,224.98,0.00,10.20,0.00,none
2024-06-01T05:00:00Z,213.50,23.11,400.00,98.50,99.00,213.50,0.00,23.11,0.00,none
2024-06-01T06:00:00Z,132.98,36.09,400.00,98.50,99.00,132.98,0.00,36.09,0.00,none
2024-06-01T07:00:00Z,59.35,46.94,400.00,98.50,99.00,59.35,0.00,46.94,0.00,none
2024-06-01T08:00:00Z,27.36,53.63,400.00,98.50,99.00,27.36,0.00,53.63,0.00,none
2024-06-01T09:00:00Z,13.76,55.21,400.00,98.50,99.00,13.76,0.00,55.21,0.00,none
2024-06-01T10:00:00Z,9.20,53.13,400.00,98.50,99.00,9.20,0.00,53.13,0.00,none
2024-06-01T11:00:00Z,10.44,37.36,400.00,98.50,99.00,10.44,0.00,37.36,0.00,none
2024-06-01T12:00:00Z,17.41,35.39,400.00,98.50,99.00,17.41,0.00,35.39,0.00,none
2024-06-01T13:00:00Z,33.04,21.90,400.00,98.50,99.00,33.04,0.00,21.90,0.00,none
2024-06-01T14:00:00Z,55.33,9.56,400.00,98.50,99.00,55.33,0.00,9.56,0.00,none
2024-06-01T15:00:00Z,61.44,0.91,400.00,98.50,99.00,61.44,0.00,0.91,0.00,none
2024-06-01T16:00:00Z,112.92,0.00,400.00,98.50,99.00,112.92,0.00,0.00,0.00,none
2024-06-01T17:00:00Z,165.95,0.00,400.00,98.50,99.00,165.95,0.00,0.00,0.00,none
2024-06-01T18:00:00Z,188.73,0.00,400.00,98.50,99.00,188.73,0.00,0.00,0.00,none
2024-06-01T19:00:00Z,208.70,0.00,400.00,98.50,99.00,208.70,0.00,0.00,0.00,none
2024-06-01T20:00:00Z,202.41,0.00,400.00,98.50,99.00,202.41,0.00,0.00,0.00,none
2024-06-01T21:00:00Z,129.48,0.00,400.00,98.50,99.00,129.48,0.00,0.00,0.00,none
2024-06-01T22:00:00Z,155.29,0.00,400.00,98.50,99.00,155.29,0.00,0.00,0.00,none
2024-06-01T23:00:00Z,231.73,0.00,400.00,98.50,99.00,231.73,0.00,0.00,0.00,none
2024-06-02T00:00:00Z,263.75,0.00,400.00,98.50,99.00,263.75,0.00,0.00,0.00,none
2024-06-02T01:00:00Z,193.22,0.00,400.00,98.50,99.00,193.22,0.00,0.00,0.00,none
2024-06-02T02:00:00Z,123.79,0.00,400.00,98.50,99.00,123.79,0.00,0.00,0.00,none
2024-06-02T03:00:00Z,93.12,0.66,400.00,98.50,99.00,93.12,0.00,0.66,0.00,none
2024-06-02T04:00:00Z,290.60,8.84,400.00,98.50,99.00,290.60,0.00,8.84,0.00,none
2024-06-02T05:00:00Z,305.60,21.99,400.00,98.50,99.00,305.60,0.00,4.40,17.59,wind_priority_shared_poi_headroom
2024-06-02T06:00:00Z,231.73,35.48,400.00,98.50,99.00,231.73,0.00,35.48,0.00,none
2024-06-02T07:00:00Z,117.19,46.66,400.00,98.50,99.00,117.19,0.00,46.66,0.00,none
2024-06-02T08:00:00Z,44.92,53.44,400.00,98.50,99.00,44.92,0.00,53.44,0.00,none
2024-06-02T09:00:00Z,14.55,54.57,400.00,98.50,99.00,14.55,0.00,54.57,0.00,none
2024-06-02T10:00:00Z,7.02,53.03,400.00,98.50,99.00,7.02,0.00,53.03,0.00,none
2024-06-02T11:00:00Z,7.36,43.90,400.00,98.50,99.00,7.36,0.00,43.90,0.00,none
2024-06-02T12:00:00Z,13.25,34.86,400.00,98.50,99.00,13.25,0.00,34.86,0.00,none
2024-06-02T13:00:00Z,24.21,22.18,400.00,98.50,99.00,24.21,0.00,22.18,0.00,none
2024-06-02T14:00:00Z,41.04,9.54,400.00,98.50,99.00,41.04,0.00,9.54,0.00,none
2024-06-02T15:00:00Z,43.79,0.90,400.00,98.50,99.00,43.79,0.00,0.90,0.00,none
2024-06-02T16:00:00Z,54.67,0.00,400.00,98.50,99.00,54.67,0.00,0.00,0.00,none
2024-06-02T17:00:00Z,75.78,0.00,400.00,98.50,99.00,75.78,0.00,0.00,0.00,none
2024-06-02T18:00:00Z,86.78,0.00,400.00,98.50,99.00,86.78,0.00,0.00,0.00,none
2024-06-02T19:00:00Z,71.81,0.00,400.00,98.50,99.00,71.81,0.00,0.00,0.00,none
2024-06-02T20:00:00Z,59.35,0.00,400.00,98.50,99.00,59.35,0.00,0.00,0.00,none
2024-06-02T21:00:00Z,69.49,0.00,400.00,98.50,99.00,69.49,0.00,0.00,0.00,none
2024-06-02T22:00:00Z,94.05,0.00,400.00,98.50,99.00,94.05,0.00,0.00,0.00,none
2024-06-02T23:00:00Z,147.59,0.00,400.00,98.50,99.00,147.59,0.00,0.00,0.00,none
2024-06-03T00:00:00Z,172.86,0.00,400.00,98.50,99.00,172.86,0.00,0.00,0.00,none
2024-06-03T01:00:00Z,155.29,0.00,400.00,98.50,99.00,155.29,0.00,0.00,0.00,none
2024-06-03T02:00:00Z,138.95,0.00,400.00,98.50,99.00,138.95,0.00,0.00,0.00,none
2024-06-03T03:00:00Z,110.82,0.68,400.00,98.50,99.00,110.82,0.00,0.68,0.00,none
2024-06-03T04:00:00Z,159.23,9.17,400.00,98.50,99.00,159.23,0.00,9.17,0.00,none
2024-06-03T05:00:00Z,224.98,22.99,400.00,98.50,99.00,224.98,0.00,22.99,0.00,none
2024-06-03T06:00:00Z,108.75,36.25,400.00,98.50,99.00,108.75,0.00,36.25,0.00,none
2024-06-03T07:00:00Z,42.67,47.57,400.00,98.50,99.00,42.67,0.00,47.57,0.00,none
2024-06-03T08:00:00Z,18.03,54.49,400.00,98.50,99.00,18.03,0.00,54.49,0.00,none
2024-06-03T09:00:00Z,7.70,55.97,400.00,98.50,99.00,7.70,0.00,55.97,0.00,none
2024-06-03T10:00:00Z,3.64,50.87,400.00,98.50,99.00,3.64,0.00,50.87,0.00,none
2024-06-03T11:00:00Z,2.95,46.13,400.00,98.50,99.00,2.95,0.00,46.13,0.00,none
2024-06-03T12:00:00Z,4.32,36.06,400.00,98.50,99.00,4.32,0.00,36.06,0.00,none
2024-06-03T13:00:00Z,9.00,23.29,400.00,98.50,99.00,9.00,0.00,23.29,0.00,none
2024-06-03T14:00:00Z,22.37,10.15,400.00,98.50,99.00,22.37,0.00,10.15,0.00,none
2024-06-03T15:00:00Z,36.89,0.95,400.00,98.50,99.00,36.89,0.00,0.95,0.00,none
2024-06-03T16:00:00Z,74.17,0.00,400.00,98.50,99.00,74.17,0.00,0.00,0.00,none
2024-06-03T17:00:00Z,127.19,0.00,400.00,98.50,99.00,127.19,0.00,0.00,0.00,none
2024-06-03T18:00:00Z,179.96,0.00,400.00,98.50,99.00,179.96,0.00,0.00,0.00,none
2024-06-03T19:00:00Z,238.61,0.00,400.00,98.50,99.00,238.61,0.00,0.00,0.00,none
2024-06-03T20:00:00Z,292.58,0.00,400.00,98.50,99.00,292.58,0.00,0.00,0.00,none
2024-06-03T21:00:00Z,218.37,0.00,400.00,98.50,99.00,218.37,0.00,0.00,0.00,none
2024-06-03T22:00:00Z,210.29,0.00,400.00,98.50,99.00,210.29,0.00,0.00,0.00,none
2024-06-03T23:00:00Z,269.36,0.00,400.00,98.50,99.00,269.36,0.00,0.00,0.00,none
2024-06-04T00:00:00Z,298.59,0.00,400.00,98.50,99.00,298.59,0.00,0.00,0.00,none
2024-06-04T01:00:00Z,292.58,0.00,400.00,98.50,99.00,292.58,0.00,0.00,0.00,none
2024-06-04T02:00:00Z,247.39,0.00,400.00,98.50,99.00,247.39,0.00,0.00,0.00,none
2024-06-04T03:00:00Z,213.50,0.72,400.00,98.50,99.00,213.50,0.00,0.72,0.00,none
2024-06-04T04:00:00Z,290.60,9.90,400.00,98.50,99.00,290.60,0.00,9.90,0.00,none
2024-06-04T05:00:00Z,305.60,22.12,400.00,98.50,99.00,305.60,0.00,4.40,17.72,wind_priority_shared_poi_headroom
2024-06-04T06:00:00Z,282.75,33.77,400.00,98.50,99.00,282.75,0.00,27.25,6.52,wind_priority_shared_poi_headroom
2024-06-04T07:00:00Z,137.74,48.28,400.00,98.50,99.00,137.74,0.00,48.28,0.00,none
2024-06-04T08:00:00Z,70.26,55.13,400.00,98.50,99.00,70.26,0.00,55.13,0.00,none
2024-06-04T09:00:00Z,47.24,55.73,400.00,98.50,99.00,47.24,0.00,55.73,0.00,none
2024-06-04T10:00:00Z,51.49,52.77,400.00,98.50,99.00,51.49,0.00,52.77,0.00,none
2024-06-04T11:00:00Z,66.49,46.50,400.00,98.50,99.00,66.49,0.00,46.50,0.00,none
2024-06-04T12:00:00Z,85.89,36.84,400.00,98.50,99.00,85.89,0.00,36.84,0.00,none
2024-06-04T13:00:00Z,117.19,23.60,400.00,98.50,99.00,117.19,0.00,23.60,0.00,none
2024-06-04T14:00:00Z,157.91,10.26,400.00,98.50,99.00,157.91,0.00,10.26,0.00,none
2024-06-04T15:00:00Z,148.86,0.96,400.00,98.50,99.00,148.86,0.00,0.96,0.00,none
2024-06-04T16:00:00Z,126.05,0.00,400.00,98.50,99.00,126.05,0.00,0.00,0.00,none
2024-06-04T17:00:00Z,126.05,0.00,400.00,98.50,99.00,126.05,0.00,0.00,0.00,none
2024-06-04T18:00:00Z,120.46,0.00,400.00,98.50,99.00,120.46,0.00,0.00,0.00,none
2024-06-04T19:00:00Z,141.38,0.00,400.00,98.50,99.00,141.38,0.00,0.00,0.00,none
2024-06-04T20:00:00Z,187.25,0.00,400.00,98.50,99.00,187.25,0.00,0.00,0.00,none
2024-06-04T21:00:00Z,305.60,0.00,400.00,98.50,99.00,305.60,0.00,0.00,0.00,none
2024-06-04T22:00:00Z,305.60,0.00,400.00,98.50,99.00,305.60,0.00,0.00,0.00,none
2024-06-04T23:00:00Z,305.60,0.00,400.00,98.50,99.00,305.60,0.00,0.00,0.00,none
2024-06-05T00:00:00Z,305.60,0.00,400.00,98.50,99.00,305.60,0.00,0.00,0.00,none
2024-06-05T01:00:00Z,305.60,0.00,400.00,98.50,99.00,305.60,0.00,0.00,0.00,none
2024-06-05T02:00:00Z,278.88,0.00,400.00,98.50,99.00,278.88,0.00,0.00,0.00,none
2024-06-05T03:00:00Z,243.85,0.71,400.00,98.50,99.00,243.85,0.00,0.71,0.00,none
2024-06-05T04:00:00Z,305.60,9.62,400.00,98.50,99.00,305.60,0.00,4.40,5.22,wind_priority_shared_poi_headroom
2024-06-05T05:00:00Z,305.60,23.06,400.00,98.50,99.00,305.60,0.00,4.40,18.66,wind_priority_shared_poi_headroom
2024-06-05T06:00:00Z,305.60,36.30,400.00,98.50,99.00,305.60,0.00,4.40,31.89,wind_priority_shared_poi_headroom
2024-06-05T07:00:00Z,305.60,47.77,400.00,98.50,99.00,305.60,0.00,4.40,43.36,wind_priority_shared_poi_headroom
2024-06-05T08:00:00Z,221.66,54.66,400.00,98.50,99.00,221.66,0.00,54.66,0.00,none
2024-06-05T09:00:00Z,141.38,54.46,400.00,98.50,99.00,141.38,0.00,54.46,0.00,none
2024-06-05T10:00:00Z,116.11,41.44,400.00,98.50,99.00,116.11,0.00,41.44,0.00,none
2024-06-05T11:00:00Z,130.64,45.48,400.00,98.50,99.00,130.64,0.00,45.48,0.00,none
2024-06-05T12:00:00Z,172.86,34.72,400.00,98.50,99.00,172.86,0.00,34.72,0.00,none
2024-06-05T13:00:00Z,228.34,22.28,400.00,98.50,99.00,228.34,0.00,22.28,0.00,none
2024-06-05T14:00:00Z,260.05,9.68,400.00,98.50,99.00,260.05,0.00,9.68,0.00,none
2024-06-05T15:00:00Z,190.22,0.92,400.00,98.50,99.00,190.22,0.00,0.92,0.00,none
2024-06-05T16:00:00Z,160.56,0.00,400.00,98.50,99.00,160.56,0.00,0.00,0.00,none
2024-06-05T17:00:00Z,145.09,0.00,400.00,98.50,99.00,145.09,0.00,0.00,0.00,none
2024-06-05T18:00:00Z,138.95,0.00,400.00,98.50,99.00,138.95,0.00,0.00,0.00,none
2024-06-05T19:00:00Z,145.09,0.00,400.00,98.50,99.00,145.09,0.00,0.00,0.00,none
2024-06-05T20:00:00Z,178.52,0.00,400.00,98.50,99.00,178.52,0.00,0.00,0.00,none
2024-06-05T21:00:00Z,127.19,0.00,400.00,98.50,99.00,127.19,0.00,0.00,0.00,none
2024-06-05T22:00:00Z,107.73,0.00,400.00,98.50,99.00,107.73,0.00,0.00,0.00,none
2024-06-05T23:00:00Z,143.85,0.00,400.00,98.50,99.00,143.85,0.00,0.00,0.00,none
2024-06-06T00:00:00Z,215.12,0.00,400.00,98.50,99.00,215.12,0.00,0.00,0.00,none
2024-06-06T01:00:00Z,220.01,0.00,400.00,98.50,99.00,220.01,0.00,0.00,0.00,none
2024-06-06T02:00:00Z,205.54,0.00,400.00,98.50,99.00,205.54,0.00,0.00,0.00,none
2024-06-06T03:00:00Z,200.86,0.67,400.00,98.50,99.00,200.86,0.00,0.67,0.00,none
2024-06-06T04:00:00Z,305.60,9.34,400.00,98.50,99.00,305.60,0.00,4.40,4.94,wind_priority_shared_poi_headroom
2024-06-06T05:00:00Z,305.60,22.63,400.00,98.50,99.00,305.60,0.00,4.40,18.23,wind_priority_shared_poi_headroom
2024-06-06T06:00:00Z,305.60,36.28,400.00,98.50,99.00,305.60,0.00,4.40,31.88,wind_priority_shared_poi_headroom
2024-06-06T07:00:00Z,305.60,47.62,400.00,98.50,99.00,305.60,0.00,4.40,43.22,wind_priority_shared_poi_headroom
2024-06-06T08:00:00Z,184.31,53.85,400.00,98.50,99.00,184.31,0.00,53.85,0.00,none
2024-06-06T09:00:00Z,136.54,53.69,400.00,98.50,99.00,136.54,0.00,53.69,0.00,none
2024-06-06T10:00:00Z,130.64,52.02,400.00,98.50,99.00,130.64,0.00,52.02,0.00,none
2024-06-06T11:00:00Z,148.86,44.75,400.00,98.50,99.00,148.86,0.00,44.75,0.00,none
2024-06-06T12:00:00Z,187.25,34.84,400.00,98.50,99.00,187.25,0.00,34.84,0.00,none
2024-06-06T13:00:00Z,247.39,22.09,400.00,98.50,99.00,247.39,0.00,22.09,0.00,none
2024-06-06T14:00:00Z,294.58,9.48,400.00,98.50,99.00,294.58,0.00,9.48,0.00,none
2024-06-06T15:00:00Z,221.66,0.91,400.00,98.50,99.00,221.66,0.00,0.91,0.00,none
2024-06-06T16:00:00Z,163.24,0.00,400.00,98.50,99.00,163.24,0.00,0.00,0.00,none
2024-06-06T17:00:00Z,142.61,0.00,400.00,98.50,99.00,142.61,0.00,0.00,0.00,none
2024-06-06T18:00:00Z,170.08,0.00,400.00,98.50,99.00,170.08,0.00,0.00,0.00,none
2024-06-06T19:00:00Z,193.22,0.00,400.00,98.50,99.00,193.22,0.00,0.00,0.00,none
2024-06-06T20:00:00Z,151.41,0.00,400.00,98.50,99.00,151.41,0.00,0.00,0.00,none
2024-06-06T21:00:00Z,147.59,0.00,400.00,98.50,99.00,147.59,0.00,0.00,0.00,none
2024-06-06T22:00:00Z,168.69,0.00,400.00,98.50,99.00,168.69,0.00,0.00,0.00,none
2024-06-06T23:00:00Z,231.73,0.00,400.00,98.50,99.00,231.73,0.00,0.00,0.00,none
2024-06-07T00:00:00Z,220.01,0.00,400.00,98.50,99.00,220.01,0.00,0.00,0.00,none
2024-06-07T01:00:00Z,211.89,0.00,400.00,98.50,99.00,211.89,0.00,0.00,0.00,none
2024-06-07T02:00:00Z,175.68,0.00,400.00,98.50,99.00,175.68,0.00,0.00,0.00,none
2024-06-07T03:00:00Z,119.36,0.65,400.00,98.50,99.00,119.36,0.00,0.65,0.00,none
2024-06-07T04:00:00Z,263.75,8.76,400.00,98.50,99.00,263.75,0.00,8.76,0.00,none
2024-06-07T05:00:00Z,243.85,22.21,400.00,98.50,99.00,243.85,0.00,22.21,0.00,none
2024-06-07T06:00:00Z,99.76,35.52,400.00,98.50,99.00,99.76,0.00,35.52,0.00,none
2024-06-07T07:00:00Z,29.03,46.45,400.00,98.50,99.00,29.03,0.00,46.45,0.00,none
2024-06-07T08:00:00Z,6.54,53.50,400.00,98.50,99.00,6.54,0.00,53.50,0.00,none
2024-06-07T09:00:00Z,0.54,54.68,400.00,98.50,99.00,0.54,0.00,54.68,0.00,none
2024-06-07T10:00:00Z,0.13,51.96,400.00,98.50,99.00,0.13,0.00,51.96,0.00,none
2024-06-07T11:00:00Z,0.43,44.78,400.00,98.50,99.00,0.43,0.00,44.78,0.00,none
2024-06-07T12:00:00Z,1.18,35.05,400.00,98.50,99.00,1.18,0.00,35.05,0.00,none
2024-06-07T13:00:00Z,5.08,22.32,400.00,98.50,99.00,5.08,0.00,22.32,0.00,none
2024-06-07T14:00:00Z,22.73,9.78,400.00,98.50,99.00,22.73,0.00,9.78,0.00,none
2024-06-07T15:00:00Z,52.75,0.95,400.00,98.50,99.00,52.75,0.00,0.95,0.00,none
2024-06-07T16:00:00Z,90.36,0.00,400.00,98.50,99.00,90.36,0.00,0.00,0.00,none
2024-06-07T17:00:00Z,96.87,0.00,400.00,98.50,99.00,96.87,0.00,0.00,0.00,none
2024-06-07T18:00:00Z,109.78,0.00,400.00,98.50,99.00,109.78,0.00,0.00,0.00,none
2024-06-07T19:00:00Z,129.48,0.00,400.00,98.50,99.00,129.48,0.00,0.00,0.00,none
2024-06-07T20:00:00Z,155.29,0.00,400.00,98.50,99.00,155.29,0.00,0.00,0.00,none
2024-06-07T21:00:00Z,191.72,0.00,400.00,98.50,99.00,191.72,0.00,0.00,0.00,none
2024-06-07T22:00:00Z,305.60,0.00,400.00,98.50,99.00,305.60,0.00,0.00,0.00,none
2024-06-07T23:00:00Z,305.60,0.00,400.00,98.50,99.00,305.60,0.00,0.00,0.00,none
2024-06-08T00:00:00Z,305.60,0.00,400.00,98.50,99.00,305.60,0.00,0.00,0.00,none
2024-06-08T01:00:00Z,254.58,0.00,400.00,98.50,99.00,254.58,0.00,0.00,0.00,none
2024-06-08T02:00:00Z,258.22,0.00,400.00,98.50,99.00,258.22,0.00,0.00,0.00,none
2024-06-08T03:00:00Z,288.62,0.64,400.00,98.50,99.00,288.62,0.00,0.64,0.00,none
2024-06-08T04:00:00Z,305.60,8.89,400.00,98.50,99.00,305.60,0.00,4.40,4.48,wind_priority_shared_poi_headroom
2024-06-08T05:00:00Z,305.60,22.25,400.00,98.50,99.00,305.60,0.00,4.40,17.84,wind_priority_shared_poi_headroom
2024-06-08T06:00:00Z,200.86,35.44,400.00,98.50,99.00,200.86,0.00,35.44,0.00,none
2024-06-08T07:00:00Z,79.89,46.69,400.00,98.50,99.00,79.89,0.00,46.69,0.00,none
2024-06-08T08:00:00Z,28.60,53.25,400.00,98.50,99.00,28.60,0.00,53.25,0.00,none
2024-06-08T09:00:00Z,8.62,52.78,400.00,98.50,99.00,8.62,0.00,52.78,0.00,none
2024-06-08T10:00:00Z,3.54,50.76,400.00,98.50,99.00,3.54,0.00,50.76,0.00,none
2024-06-08T11:00:00Z,3.54,37.66,400.00,98.50,99.00,3.54,0.00,37.66,0.00,none
2024-06-08T12:00:00Z,7.36,32.30,400.00,98.50,99.00,7.36,0.00,32.30,0.00,none
2024-06-08T13:00:00Z,17.72,21.02,400.00,98.50,99.00,17.72,0.00,21.02,0.00,none
2024-06-08T14:00:00Z,41.58,9.25,400.00,98.50,99.00,41.58,0.00,9.25,0.00,none
2024-06-08T15:00:00Z,56.65,0.93,400.00,98.50,99.00,56.65,0.00,0.93,0.00,none
2024-06-08T16:00:00Z,60.74,0.00,400.00,98.50,99.00,60.74,0.00,0.00,0.00,none
2024-06-08T17:00:00Z,74.97,0.00,400.00,98.50,99.00,74.97,0.00,0.00,0.00,none
2024-06-08T18:00:00Z,74.97,0.00,400.00,98.50,99.00,74.97,0.00,0.00,0.00,none
2024-06-08T19:00:00Z,121.57,0.00,400.00,98.50,99.00,121.57,0.00,0.00,0.00,none
2024-06-08T20:00:00Z,200.86,0.00,400.00,98.50,99.00,200.86,0.00,0.00,0.00,none
2024-06-08T21:00:00Z,305.60,0.00,400.00,98.50,99.00,305.60,0.00,0.00,0.00,none
2024-06-08T22:00:00Z,305.60,0.00,400.00,98.50,99.00,305.60,0.00,0.00,0.00,none
2024-06-08T23:00:00Z,305.60,0.00,400.00,98.50,99.00,305.60,0.00,0.00,0.00,none
2024-06-09T00:00:00Z,305.60,0.00,400.00,98.50,99.00,305.60,0.00,0.00,0.00,none
2024-06-09T01:00:00Z,305.60,0.00,400.00,98.50,99.00,305.60,0.00,0.00,0.00,none
2024-06-09T02:00:00Z,305.60,0.00,400.00,98.50,99.00,305.60,0.00,0.00,0.00,none
2024-06-09T03:00:00Z,252.77,0.56,400.00,98.50,99.00,252.77,0.00,0.56,0.00,none
2024-06-09T04:00:00Z,305.60,7.96,400.00,98.50,99.00,305.60,0.00,4.40,3.56,wind_priority_shared_poi_headroom
2024-06-09T05:00:00Z,305.60,19.98,400.00,98.50,99.00,305.60,0.00,4.40,15.57,wind_priority_shared_poi_headroom
2024-06-09T06:00:00Z,218.37,31.97,400.00,98.50,99.00,218.37,0.00,31.97,0.00,none
2024-06-09T07:00:00Z,86.78,44.37,400.00,98.50,99.00,86.78,0.00,44.37,0.00,none
2024-06-09T08:00:00Z,34.45,51.33,400.00,98.50,99.00,34.45,0.00,51.33,0.00,none
2024-06-09T09:00:00Z,15.94,54.62,400.00,98.50,99.00,15.94,0.00,54.62,0.00,none
2024-06-09T10:00:00Z,8.81,49.54,400.00,98.50,99.00,8.81,0.00,49.54,0.00,none
2024-06-09T11:00:00Z,6.23,45.52,400.00,98.50,99.00,6.23,0.00,45.52,0.00,none
2024-06-09T12:00:00Z,7.53,36.54,400.00,98.50,99.00,7.53,0.00,36.54,0.00,none
2024-06-09T13:00:00Z,15.37,22.97,400.00,98.50,99.00,15.37,0.00,22.97,0.00,none
2024-06-09T14:00:00Z,35.41,10.13,400.00,98.50,99.00,35.41,0.00,10.13,0.00,none
2024-06-09T15:00:00Z,52.75,0.99,400.00,98.50,99.00,52.75,0.00,0.99,0.00,none
2024-06-09T16:00:00Z,60.74,0.00,400.00,98.50,99.00,60.74,0.00,0.00,0.00,none
2024-06-09T17:00:00Z,85.89,0.00,400.00,98.50,99.00,85.89,0.00,0.00,0.00,none
2024-06-09T18:00:00Z,122.68,0.00,400.00,98.50,99.00,122.68,0.00,0.00,0.00,none
2024-06-09T19:00:00Z,168.69,0.00,400.00,98.50,99.00,168.69,0.00,0.00,0.00,none
2024-06-09T20:00:00Z,271.24,0.00,400.00,98.50,99.00,271.24,0.00,0.00,0.00,none
2024-06-09T21:00:00Z,305.60,0.00,400.00,98.50,99.00,305.60,0.00,0.00,0.00,none
2024-06-09T22:00:00Z,305.60,0.00,400.00,98.50,99.00,305.60,0.00,0.00,0.00,none
2024-06-09T23:00:00Z,305.60,0.00,400.00,98.50,99.00,305.60,0.00,0.00,0.00,none
2024-06-10T00:00:00Z,305.60,0.00,400.00,98.50,99.00,305.60,0.00,0.00,0.00,none
2024-06-10T01:00:00Z,245.62,0.00,400.00,98.50,99.00,245.62,0.00,0.00,0.00,none
2024-06-10T02:00:00Z,130.64,0.00,400.00,98.50,99.00,130.64,0.00,0.00,0.00,none
2024-06-10T03:00:00Z,75.78,0.64,400.00,98.50,99.00,75.78,0.00,0.64,0.00,none
2024-06-10T04:00:00Z,215.12,8.88,400.00,98.50,99.00,215.12,0.00,8.88,0.00,none
2024-06-10T05:00:00Z,247.39,21.41,400.00,98.50,99.00,247.39,0.00,21.41,0.00,none
2024-06-10T06:00:00Z,122.68,35.22,400.00,98.50,99.00,122.68,0.00,35.22,0.00,none
2024-06-10T07:00:00Z,40.51,46.89,400.00,98.50,99.00,40.51,0.00,46.89,0.00,none
2024-06-10T08:00:00Z,13.25,53.33,400.00,98.50,99.00,13.25,0.00,53.33,0.00,none
2024-06-10T09:00:00Z,7.36,51.88,400.00,98.50,99.00,7.36,0.00,51.88,0.00,none
2024-06-10T10:00:00Z,8.25,45.61,400.00,98.50,99.00,8.25,0.00,45.61,0.00,none
2024-06-10T11:00:00Z,15.37,43.37,400.00,98.50,99.00,15.37,0.00,43.37,0.00,none
2024-06-10T12:00:00Z,35.41,33.00,400.00,98.50,99.00,35.41,0.00,33.00,0.00,none
2024-06-10T13:00:00Z,75.78,21.26,400.00,98.50,99.00,75.78,0.00,21.26,0.00,none
2024-06-10T14:00:00Z,130.64,9.61,400.00,98.50,99.00,130.64,0.00,9.61,0.00,none
2024-06-10T15:00:00Z,138.95,0.99,400.00,98.50,99.00,138.95,0.00,0.99,0.00,none
2024-06-10T16:00:00Z,146.34,0.00,400.00,98.50,99.00,146.34,0.00,0.00,0.00,none
2024-06-10T17:00:00Z,168.69,0.00,400.00,98.50,99.00,168.69,0.00,0.00,0.00,none
2024-06-10T18:00:00Z,226.66,0.00,400.00,98.50,99.00,226.66,0.00,0.00,0.00,none
2024-06-10T19:00:00Z,199.32,0.00,400.00,98.50,99.00,199.32,0.00,0.00,0.00,none
2024-06-10T20:00:00Z,193.22,0.00,400.00,98.50,99.00,193.22,0.00,0.00,0.00,none
2024-06-10T21:00:00Z,305.60,0.00,400.00,98.50,99.00,305.60,0.00,0.00,0.00,none
2024-06-10T22:00:00Z,305.60,0.00,400.00,98.50,99.00,305.60,0.00,0.00,0.00,none
2024-06-10T23:00:00Z,305.60,0.00,400.00,98.50,99.00,305.60,0.00,0.00,0.00,none
2024-06-11T00:00:00Z,305.60,0.00,400.00,98.50,99.00,305.60,0.00,0.00,0.00,none
2024-06-11T01:00:00Z,247.39,0.00,400.00,98.50,99.00,247.39,0.00,0.00,0.00,none
2024-06-11T02:00:00Z,182.85,0.00,400.00,98.50,99.00,182.85,0.00,0.00,0.00,none
2024-06-11T03:00:00Z,188.73,0.62,400.00,98.50,99.00,188.73,0.00,0.62,0.00,none
2024-06-11T04:00:00Z,305.60,8.81,400.00,98.50,99.00,305.60,0.00,4.40,4.41,wind_priority_shared_poi_headroom
2024-06-11T05:00:00Z,305.60,21.16,400.00,98.50,99.00,305.60,0.00,4.40,16.76,wind_priority_shared_poi_headroom
2024-06-11T06:00:00Z,305.60,34.16,400.00,98.50,99.00,305.60,0.00,4.40,29.76,wind_priority_shared_poi_headroom
2024-06-11T07:00:00Z,275.04,46.10,400.00,98.50,99.00,275.04,0.00,34.96,11.14,wind_priority_shared_poi_headroom
2024-06-11T08:00:00Z,124.92,53.64,400.00,98.50,99.00,124.92,0.00,53.64,0.00,none
2024-06-11T09:00:00Z,55.98,52.18,400.00,98.50,99.00,55.98,0.00,52.18,0.00,none
2024-06-11T10:00:00Z,30.33,50.43,400.00,98.50,99.00,30.33,0.00,50.43,0.00,none
2024-06-11T11:00:00Z,23.46,41.96,400.00,98.50,99.00,23.46,0.00,41.96,0.00,none
2024-06-11T12:00:00Z,26.95,34.36,400.00,98.50,99.00,26.95,0.00,34.36,0.00,none
2024-06-11T13:00:00Z,47.83,22.19,400.00,98.50,99.00,47.83,0.00,22.19,0.00,none
2024-06-11T14:00:00Z,89.46,9.74,400.00,98.50,99.00,89.46,0.00,9.74,0.00,none
2024-06-11T15:00:00Z,108.75,0.98,400.00,98.50,99.00,108.75,0.00,0.98,0.00,none
2024-06-11T16:00:00Z,96.87,0.00,400.00,98.50,99.00,96.87,0.00,0.00,0.00,none
2024-06-11T17:00:00Z,74.17,0.00,400.00,98.50,99.00,74.17,0.00,0.00,0.00,none
2024-06-11T18:00:00Z,60.74,0.00,400.00,98.50,99.00,60.74,0.00,0.00,0.00,none
2024-06-11T19:00:00Z,56.65,0.00,400.00,98.50,99.00,56.65,0.00,0.00,0.00,none
2024-06-11T20:00:00Z,84.15,0.00,400.00,98.50,99.00,84.15,0.00,0.00,0.00,none
2024-06-11T21:00:00Z,134.16,0.00,400.00,98.50,99.00,134.16,0.00,0.00,0.00,none
2024-06-11T22:00:00Z,223.32,0.00,400.00,98.50,99.00,223.32,0.00,0.00,0.00,none
2024-06-11T23:00:00Z,276.96,0.00,400.00,98.50,99.00,276.96,0.00,0.00,0.00,none
2024-06-12T00:00:00Z,271.24,0.00,400.00,98.50,99.00,271.24,0.00,0.00,0.00,none
2024-06-12T01:00:00Z,305.60,0.00,400.00,98.50,99.00,305.60,0.00,0.00,0.00,none
2024-06-12T02:00:00Z,305.60,0.00,400.00,98.50,99.00,305.60,0.00,0.00,0.00,none
2024-06-12T03:00:00Z,305.60,0.57,400.00,98.50,99.00,305.60,0.00,0.57,0.00,none
2024-06-12T04:00:00Z,305.60,7.41,400.00,98.50,99.00,305.60,0.00,4.40,3.01,wind_priority_shared_poi_headroom
2024-06-12T05:00:00Z,305.60,16.39,400.00,98.50,99.00,305.60,0.00,4.40,11.99,wind_priority_shared_poi_headroom
2024-06-12T06:00:00Z,305.60,26.43,400.00,98.50,99.00,305.60,0.00,4.40,22.02,wind_priority_shared_poi_headroom
2024-06-12T07:00:00Z,252.77,42.27,400.00,98.50,99.00,252.77,0.00,42.27,0.00,none
2024-06-12T08:00:00Z,138.95,51.49,400.00,98.50,99.00,138.95,0.00,51.49,0.00,none
2024-06-12T09:00:00Z,60.04,54.14,400.00,98.50,99.00,60.04,0.00,54.14,0.00,none
2024-06-12T10:00:00Z,22.37,53.00,400.00,98.50,99.00,22.37,0.00,53.00,0.00,none
2024-06-12T11:00:00Z,7.70,45.36,400.00,98.50,99.00,7.70,0.00,45.36,0.00,none
2024-06-12T12:00:00Z,4.44,35.64,400.00,98.50,99.00,4.44,0.00,35.64,0.00,none
2024-06-12T13:00:00Z,5.78,23.06,400.00,98.50,99.00,5.78,0.00,23.06,0.00,none
2024-06-12T14:00:00Z,11.33,9.95,400.00,98.50,99.00,11.33,0.00,9.95,0.00,none
2024-06-12T15:00:00Z,16.23,1.01,400.00,98.50,99.00,16.23,0.00,1.01,0.00,none
2024-06-12T16:00:00Z,49.64,0.00,400.00,98.50,99.00,49.64,0.00,0.00,0.00,none
2024-06-12T17:00:00Z,112.92,0.00,400.00,98.50,99.00,112.92,0.00,0.00,0.00,none
2024-06-12T18:00:00Z,118.27,0.00,400.00,98.50,99.00,118.27,0.00,0.00,0.00,none
2024-06-12T19:00:00Z,163.24,0.00,400.00,98.50,99.00,163.24,0.00,0.00,0.00,none
2024-06-12T20:00:00Z,190.22,0.00,400.00,98.50,99.00,190.22,0.00,0.00,0.00,none
2024-06-12T21:00:00Z,223.32,0.00,400.00,98.50,99.00,223.32,0.00,0.00,0.00,none
2024-06-12T22:00:00Z,230.03,0.00,400.00,98.50,99.00,230.03,0.00,0.00,0.00,none
2024-06-12T23:00:00Z,207.12,0.00,400.00,98.50,99.00,207.12,0.00,0.00,0.00,none
2024-06-13T00:00:00Z,175.68,0.00,400.00,98.50,99.00,175.68,0.00,0.00,0.00,none
2024-06-13T01:00:00Z,146.34,0.00,400.00,98.50,99.00,146.34,0.00,0.00,0.00,none
2024-06-13T02:00:00Z,117.19,0.00,400.00,98.50,99.00,117.19,0.00,0.00,0.00,none
2024-06-13T03:00:00Z,88.56,0.58,400.00,98.50,99.00,88.56,0.00,0.58,0.00,none
2024-06-13T04:00:00Z,216.74,9.66,400.00,98.50,99.00,216.74,0.00,9.66,0.00,none
2024-06-13T05:00:00Z,221.66,21.25,400.00,98.50,99.00,221.66,0.00,21.25,0.00,none
2024-06-13T06:00:00Z,156.59,34.61,400.00,98.50,99.00,156.59,0.00,34.61,0.00,none
2024-06-13T07:00:00Z,94.98,45.84,400.00,98.50,99.00,94.98,0.00,45.84,0.00,none
2024-06-13T08:00:00Z,60.74,52.68,400.00,98.50,99.00,60.74,0.00,52.68,0.00,none
2024-06-13T09:00:00Z,47.83,55.32,400.00,98.50,99.00,47.83,0.00,55.32,0.00,none
2024-06-13T10:00:00Z,47.83,53.76,400.00,98.50,99.00,47.83,0.00,53.76,0.00,none
2024-06-13T11:00:00Z,60.74,44.90,400.00,98.50,99.00,60.74,0.00,44.90,0.00,none
2024-06-13T12:00:00Z,81.58,36.38,400.00,98.50,99.00,81.58,0.00,36.38,0.00,none
2024-06-13T13:00:00Z,115.04,23.69,400.00,98.50,99.00,115.04,0.00,23.69,0.00,none
2024-06-13T14:00:00Z,156.59,10.27,400.00,98.50,99.00,156.59,0.00,10.27,0.00,none
2024-06-13T15:00:00Z,150.13,1.06,400.00,98.50,99.00,150.13,0.00,1.06,0.00,none
2024-06-13T16:00:00Z,152.69,0.00,400.00,98.50,99.00,152.69,0.00,0.00,0.00,none
2024-06-13T17:00:00Z,148.86,0.00,400.00,98.50,99.00,148.86,0.00,0.00,0.00,none
2024-06-13T18:00:00Z,155.29,0.00,400.00,98.50,99.00,155.29,0.00,0.00,0.00,none
2024-06-13T19:00:00Z,145.09,0.00,400.00,98.50,99.00,145.09,0.00,0.00,0.00,none
2024-06-13T20:00:00Z,138.95,0.00,400.00,98.50,99.00,138.95,0.00,0.00,0.00,none
2024-06-13T21:00:00Z,143.85,0.00,400.00,98.50,99.00,143.85,0.00,0.00,0.00,none
2024-06-13T22:00:00Z,161.90,0.00,400.00,98.50,99.00,161.90,0.00,0.00,0.00,none
2024-06-13T23:00:00Z,205.54,0.00,400.00,98.50,99.00,205.54,0.00,0.00,0.00,none
2024-06-14T00:00:00Z,215.12,0.00,400.00,98.50,99.00,215.12,0.00,0.00,0.00,none
2024-06-14T01:00:00Z,218.37,0.00,400.00,98.50,99.00,218.37,0.00,0.00,0.00,none
2024-06-14T02:00:00Z,177.10,0.00,400.00,98.50,99.00,177.10,0.00,0.00,0.00,none
2024-06-14T03:00:00Z,130.64,0.62,400.00,98.50,99.00,130.64,0.00,0.62,0.00,none
2024-06-14T04:00:00Z,178.52,9.18,400.00,98.50,99.00,178.52,0.00,9.18,0.00,none
2024-06-14T05:00:00Z,305.60,22.91,400.00,98.50,99.00,305.60,0.00,4.40,18.51,wind_priority_shared_poi_headroom
2024-06-14T06:00:00Z,305.60,36.59,400.00,98.50,99.00,305.60,0.00,4.40,32.19,wind_priority_shared_poi_headroom
2024-06-14T07:00:00Z,200.86,47.62,400.00,98.50,99.00,200.86,0.00,47.62,0.00,none
2024-06-14T08:00:00Z,107.73,54.96,400.00,98.50,99.00,107.73,0.00,54.96,0.00,none
2024-06-14T09:00:00Z,66.49,56.10,400.00,98.50,99.00,66.49,0.00,56.10,0.00,none
2024-06-14T10:00:00Z,50.25,53.31,400.00,98.50,99.00,50.25,0.00,53.31,0.00,none
2024-06-14T11:00:00Z,47.83,47.66,400.00,98.50,99.00,47.83,0.00,47.66,0.00,none
2024-06-14T12:00:00Z,55.33,36.98,400.00,98.50,99.00,55.33,0.00,36.98,0.00,none
2024-06-14T13:00:00Z,77.40,24.06,400.00,98.50,99.00,77.40,0.00,24.06,0.00,none
2024-06-14T14:00:00Z,122.68,10.65,400.00,98.50,99.00,122.68,0.00,10.65,0.00,none
2024-06-14T15:00:00Z,143.85,1.10,400.00,98.50,99.00,143.85,0.00,1.10,0.00,none
2024-06-14T16:00:00Z,141.38,0.00,400.00,98.50,99.00,141.38,0.00,0.00,0.00,none
2024-06-14T17:00:00Z,138.95,0.00,400.00,98.50,99.00,138.95,0.00,0.00,0.00,none
2024-06-14T18:00:00Z,145.09,0.00,400.00,98.50,99.00,145.09,0.00,0.00,0.00,none
2024-06-14T19:00:00Z,153.99,0.00,400.00,98.50,99.00,153.99,0.00,0.00,0.00,none
2024-06-14T20:00:00Z,151.41,0.00,400.00,98.50,99.00,151.41,0.00,0.00,0.00,none
2024-06-14T21:00:00Z,152.69,0.00,400.00,98.50,99.00,152.69,0.00,0.00,0.00,none
2024-06-14T22:00:00Z,179.96,0.00,400.00,98.50,99.00,179.96,0.00,0.00,0.00,none
2024-06-14T23:00:00Z,243.85,0.00,400.00,98.50,99.00,243.85,0.00,0.00,0.00,none
2024-06-15T00:00:00Z,305.60,0.00,400.00,98.50,99.00,305.60,0.00,0.00,0.00,none
2024-06-15T01:00:00Z,305.60,0.00,400.00,98.50,99.00,305.60,0.00,0.00,0.00,none
2024-06-15T02:00:00Z,249.18,0.00,400.00,98.50,99.00,249.18,0.00,0.00,0.00,none
2024-06-15T03:00:00Z,181.40,0.61,400.00,98.50,99.00,181.40,0.00,0.61,0.00,none
2024-06-15T04:00:00Z,305.60,9.24,400.00,98.50,99.00,305.60,0.00,4.40,4.84,wind_priority_shared_poi_headroom
2024-06-15T05:00:00Z,305.60,23.01,400.00,98.50,99.00,305.60,0.00,4.40,18.61,wind_priority_shared_poi_headroom
2024-06-15T06:00:00Z,305.60,36.40,400.00,98.50,99.00,305.60,0.00,4.40,32.00,wind_priority_shared_poi_headroom
2024-06-15T07:00:00Z,184.31,47.67,400.00,98.50,99.00,184.31,0.00,47.67,0.00,none
2024-06-15T08:00:00Z,107.73,54.60,400.00,98.50,99.00,107.73,0.00,54.60,0.00,none
2024-06-15T09:00:00Z,75.78,55.83,400.00,98.50,99.00,75.78,0.00,55.83,0.00,none
2024-06-15T10:00:00Z,64.29,52.42,400.00,98.50,99.00,64.29,0.00,52.42,0.00,none
2024-06-15T11:00:00Z,67.23,46.63,400.00,98.50,99.00,67.23,0.00,46.63,0.00,none
2024-06-15T12:00:00Z,88.56,36.01,400.00,98.50,99.00,88.56,0.00,36.01,0.00,none
2024-06-15T13:00:00Z,137.74,23.72,400.00,98.50,99.00,137.74,0.00,23.72,0.00,none
2024-06-15T14:00:00Z,203.97,10.68,400.00,98.50,99.00,203.97,0.00,10.68,0.00,none
2024-06-15T15:00:00Z,211.89,1.10,400.00,98.50,99.00,211.89,0.00,1.10,0.00,none
2024-06-15T16:00:00Z,213.50,0.00,400.00,98.50,99.00,213.50,0.00,0.00,0.00,none
2024-06-15T17:00:00Z,203.97,0.00,400.00,98.50,99.00,203.97,0.00,0.00,0.00,none
2024-06-15T18:00:00Z,142.61,0.00,400.00,98.50,99.00,142.61,0.00,0.00,0.00,none
2024-06-15T19:00:00Z,128.33,0.00,400.00,98.50,99.00,128.33,0.00,0.00,0.00,none
2024-06-15T20:00:00Z,129.48,0.00,400.00,98.50,99.00,129.48,0.00,0.00,0.00,none
2024-06-15T21:00:00Z,159.23,0.00,400.00,98.50,99.00,159.23,0.00,0.00,0.00,none
2024-06-15T22:00:00Z,188.73,0.00,400.00,98.50,99.00,188.73,0.00,0.00,0.00,none
2024-06-15T23:00:00Z,220.01,0.00,400.00,98.50,99.00,220.01,0.00,0.00,0.00,none
2024-06-16T00:00:00Z,267.48,0.00,400.00,98.50,99.00,267.48,0.00,0.00,0.00,none
2024-06-16T01:00:00Z,273.14,0.00,400.00,98.50,99.00,273.14,0.00,0.00,0.00,none
2024-06-16T02:00:00Z,252.77,0.00,400.00,98.50,99.00,252.77,0.00,0.00,0.00,none
2024-06-16T03:00:00Z,228.34,0.63,400.00,98.50,99.00,228.34,0.00,0.63,0.00,none
2024-06-16T04:00:00Z,273.14,9.55,400.00,98.50,99.00,273.14,0.00,9.55,0.00,none
2024-06-16T05:00:00Z,305.60,23.69,400.00,98.50,99.00,305.60,0.00,4.40,19.29,wind_priority_shared_poi_headroom
2024-06-16T06:00:00Z,305.60,37.67,400.00,98.50,99.00,305.60,0.00,4.40,33.26,wind_priority_shared_poi_headroom
2024-06-16T07:00:00Z,305.60,48.41,400.00,98.50,99.00,305.60,0.00,4.40,44.01,wind_priority_shared_poi_headroom
2024-06-16T08:00:00Z,298.59,55.54,400.00,98.50,99.00,298.59,0.00,11.41,44.13,wind_priority_shared_poi_headroom
2024-06-16T09:00:00Z,216.74,58.71,400.00,98.50,99.00,216.74,0.00,58.71,0.00,none
2024-06-16T10:00:00Z,167.32,55.88,400.00,98.50,99.00,167.32,0.00,55.88,0.00,none
2024-06-16T11:00:00Z,146.34,50.09,400.00,98.50,99.00,146.34,0.00,50.09,0.00,none
2024-06-16T12:00:00Z,153.99,39.16,400.00,98.50,99.00,153.99,0.00,39.16,0.00,none
2024-06-16T13:00:00Z,177.10,26.11,400.00,98.50,99.00,177.10,0.00,26.11,0.00,none
2024-06-16T14:00:00Z,196.25,11.97,400.00,98.50,99.00,196.25,0.00,11.97,0.00,none
2024-06-16T15:00:00Z,172.86,1.26,400.00,98.50,99.00,172.86,0.00,1.26,0.00,none
2024-06-16T16:00:00Z,221.66,0.00,400.00,98.50,99.00,221.66,0.00,0.00,0.00,none
2024-06-16T17:00:00Z,265.61,0.00,400.00,98.50,99.00,265.61,0.00,0.00,0.00,none
2024-06-16T18:00:00Z,273.14,0.00,400.00,98.50,99.00,273.14,0.00,0.00,0.00,none
2024-06-16T19:00:00Z,305.60,0.00,400.00,98.50,99.00,305.60,0.00,0.00,0.00,none
2024-06-16T20:00:00Z,294.58,0.00,400.00,98.50,99.00,294.58,0.00,0.00,0.00,none
2024-06-16T21:00:00Z,161.90,0.00,400.00,98.50,99.00,161.90,0.00,0.00,0.00,none
2024-06-16T22:00:00Z,171.47,0.00,400.00,98.50,99.00,171.47,0.00,0.00,0.00,none
2024-06-16T23:00:00Z,228.34,0.00,400.00,98.50,99.00,228.34,0.00,0.00,0.00,none
2024-06-17T00:00:00Z,221.66,0.00,400.00,98.50,99.00,221.66,0.00,0.00,0.00,none
2024-06-17T01:00:00Z,157.91,0.00,400.00,98.50,99.00,157.91,0.00,0.00,0.00,none
2024-06-17T02:00:00Z,96.87,0.00,400.00,98.50,99.00,96.87,0.00,0.00,0.00,none
2024-06-17T03:00:00Z,52.75,0.63,400.00,98.50,99.00,52.75,0.00,0.63,0.00,none
2024-06-17T04:00:00Z,45.49,9.69,400.00,98.50,99.00,45.49,0.00,9.69,0.00,none
2024-06-17T05:00:00Z,94.98,23.66,400.00,98.50,99.00,94.98,0.00,23.66,0.00,none
2024-06-17T06:00:00Z,47.24,37.38,400.00,98.50,99.00,47.24,0.00,37.38,0.00,none
2024-06-17T07:00:00Z,20.96,48.03,400.00,98.50,99.00,20.96,0.00,48.03,0.00,none
2024-06-17T08:00:00Z,13.76,55.10,400.00,98.50,99.00,13.76,0.00,55.10,0.00,none
2024-06-17T09:00:00Z,12.02,56.35,400.00,98.50,99.00,12.02,0.00,56.35,0.00,none
2024-06-17T10:00:00Z,14.29,54.67,400.00,98.50,99.00,14.29,0.00,54.67,0.00,none
2024-06-17T11:00:00Z,22.01,42.59,400.00,98.50,99.00,22.01,0.00,42.59,0.00,none
2024-06-17T12:00:00Z,34.45,37.52,400.00,98.50,99.00,34.45,0.00,37.52,0.00,none
2024-06-17T13:00:00Z,52.11,25.16,400.00,98.50,99.00,52.11,0.00,25.16,0.00,none
2024-06-17T14:00:00Z,70.26,11.43,400.00,98.50,99.00,70.26,0.00,11.43,0.00,none
2024-06-17T15:00:00Z,64.29,1.20,400.00,98.50,99.00,64.29,0.00,1.20,0.00,none
2024-06-17T16:00:00Z,60.04,0.00,400.00,98.50,99.00,60.04,0.00,0.00,0.00,none
2024-06-17T17:00:00Z,62.14,0.00,400.00,98.50,99.00,62.14,0.00,0.00,0.00,none
2024-06-17T18:00:00Z,70.26,0.00,400.00,98.50,99.00,70.26,0.00,0.00,0.00,none
2024-06-17T19:00:00Z,99.76,0.00,400.00,98.50,99.00,99.76,0.00,0.00,0.00,none
2024-06-17T20:00:00Z,148.86,0.00,400.00,98.50,99.00,148.86,0.00,0.00,0.00,none
2024-06-17T21:00:00Z,138.95,0.00,400.00,98.50,99.00,138.95,0.00,0.00,0.00,none
2024-06-17T22:00:00Z,170.08,0.00,400.00,98.50,99.00,170.08,0.00,0.00,0.00,none
2024-06-17T23:00:00Z,249.18,0.00,400.00,98.50,99.00,249.18,0.00,0.00,0.00,none
2024-06-18T00:00:00Z,305.60,0.00,400.00,98.50,99.00,305.60,0.00,0.00,0.00,none
2024-06-18T01:00:00Z,305.60,0.00,400.00,98.50,99.00,305.60,0.00,0.00,0.00,none
2024-06-18T02:00:00Z,203.97,0.00,400.00,98.50,99.00,203.97,0.00,0.00,0.00,none
2024-06-18T03:00:00Z,131.81,0.56,400.00,98.50,99.00,131.81,0.00,0.56,0.00,none
2024-06-18T04:00:00Z,224.98,8.60,400.00,98.50,99.00,224.98,0.00,8.60,0.00,none
2024-06-18T05:00:00Z,190.22,21.66,400.00,98.50,99.00,190.22,0.00,21.66,0.00,none
2024-06-18T06:00:00Z,121.57,35.10,400.00,98.50,99.00,121.57,0.00,35.10,0.00,none
2024-06-18T07:00:00Z,29.03,46.96,400.00,98.50,99.00,29.03,0.00,46.96,0.00,none
2024-06-18T08:00:00Z,2.26,54.07,400.00,98.50,99.00,2.26,0.00,54.07,0.00,none
2024-06-18T09:00:00Z,0.02,54.64,400.00,98.50,99.00,0.02,0.00,54.64,0.00,none
2024-06-18T10:00:00Z,0.00,54.04,400.00,98.50,99.00,0.00,0.00,54.04,0.00,none
2024-06-18T11:00:00Z,0.01,43.68,400.00,98.50,99.00,0.01,0.00,43.68,0.00,none
2024-06-18T12:00:00Z,0.58,36.49,400.00,98.50,99.00,0.58,0.00,36.49,0.00,none
2024-06-18T13:00:00Z,6.70,23.94,400.00,98.50,99.00,6.70,0.00,23.94,0.00,none
2024-06-18T14:00:00Z,35.41,10.83,400.00,98.50,99.00,35.41,0.00,10.83,0.00,none
2024-06-18T15:00:00Z,78.23,1.16,400.00,98.50,99.00,78.23,0.00,1.16,0.00,none
2024-06-18T16:00:00Z,138.95,0.00,400.00,98.50,99.00,138.95,0.00,0.00,0.00,none
2024-06-18T17:00:00Z,171.47,0.00,400.00,98.50,99.00,171.47,0.00,0.00,0.00,none
2024-06-18T18:00:00Z,151.41,0.00,400.00,98.50,99.00,151.41,0.00,0.00,0.00,none
2024-06-18T19:00:00Z,142.61,0.00,400.00,98.50,99.00,142.61,0.00,0.00,0.00,none
2024-06-18T20:00:00Z,171.47,0.00,400.00,98.50,99.00,171.47,0.00,0.00,0.00,none
2024-06-18T21:00:00Z,199.32,0.00,400.00,98.50,99.00,199.32,0.00,0.00,0.00,none
2024-06-18T22:00:00Z,235.15,0.00,400.00,98.50,99.00,235.15,0.00,0.00,0.00,none
2024-06-18T23:00:00Z,213.50,0.00,400.00,98.50,99.00,213.50,0.00,0.00,0.00,none
2024-06-19T00:00:00Z,168.69,0.00,400.00,98.50,99.00,168.69,0.00,0.00,0.00,none
2024-06-19T01:00:00Z,134.16,0.00,400.00,98.50,99.00,134.16,0.00,0.00,0.00,none
2024-06-19T02:00:00Z,109.78,0.00,400.00,98.50,99.00,109.78,0.00,0.00,0.00,none
2024-06-19T03:00:00Z,90.36,0.57,400.00,98.50,99.00,90.36,0.00,0.57,0.00,none
2024-06-19T04:00:00Z,271.24,8.87,400.00,98.50,99.00,271.24,0.00,8.87,0.00,none
2024-06-19T05:00:00Z,298.59,22.26,400.00,98.50,99.00,298.59,0.00,11.41,10.85,wind_priority_shared_poi_headroom
2024-06-19T06:00:00Z,223.32,35.58,400.00,98.50,99.00,223.32,0.00,35.58,0.00,none
2024-06-19T07:00:00Z,104.69,46.42,400.00,98.50,99.00,104.69,0.00,46.42,0.00,none
2024-06-19T08:00:00Z,47.83,54.08,400.00,98.50,99.00,47.83,0.00,54.08,0.00,none
2024-06-19T09:00:00Z,24.97,55.18,400.00,98.50,99.00,24.97,0.00,55.18,0.00,none
2024-06-19T10:00:00Z,17.11,51.53,400.00,98.50,99.00,17.11,0.00,51.53,0.00,none
2024-06-19T11:00:00Z,21.66,46.62,400.00,98.50,99.00,21.66,0.00,46.62,0.00,none
2024-06-19T12:00:00Z,46.07,36.49,400.00,98.50,99.00,46.07,0.00,36.49,0.00,none
2024-06-19T13:00:00Z,119.36,24.19,400.00,98.50,99.00,119.36,0.00,24.19,0.00,none
2024-06-19T14:00:00Z,267.48,10.96,400.00,98.50,99.00,267.48,0.00,10.96,0.00,none
2024-06-19T15:00:00Z,305.60,1.18,400.00,98.50,99.00,305.60,0.00,1.18,0.00,none
2024-06-19T16:00:00Z,305.60,0.00,400.00,98.50,99.00,305.60,0.00,0.00,0.00,none
2024-06-19T17:00:00Z,258.22,0.00,400.00,98.50,99.00,258.22,0.00,0.00,0.00,none
2024-06-19T18:00:00Z,258.22,0.00,400.00,98.50,99.00,258.22,0.00,0.00,0.00,none
2024-06-19T19:00:00Z,269.36,0.00,400.00,98.50,99.00,269.36,0.00,0.00,0.00,none
2024-06-19T20:00:00Z,252.77,0.00,400.00,98.50,99.00,252.77,0.00,0.00,0.00,none
2024-06-19T21:00:00Z,286.65,0.00,400.00,98.50,99.00,286.65,0.00,0.00,0.00,none
2024-06-19T22:00:00Z,305.60,0.00,400.00,98.50,99.00,305.60,0.00,0.00,0.00,none
2024-06-19T23:00:00Z,305.60,0.00,400.00,98.50,99.00,305.60,0.00,0.00,0.00,none
2024-06-20T00:00:00Z,305.60,0.00,400.00,98.50,99.00,305.60,0.00,0.00,0.00,none
2024-06-20T01:00:00Z,305.60,0.00,400.00,98.50,99.00,305.60,0.00,0.00,0.00,none
2024-06-20T02:00:00Z,305.60,0.00,400.00,98.50,99.00,305.60,0.00,0.00,0.00,none
2024-06-20T03:00:00Z,284.70,0.55,400.00,98.50,99.00,284.70,0.00,0.55,0.00,none
2024-06-20T04:00:00Z,305.60,8.71,400.00,98.50,99.00,305.60,0.00,4.40,4.31,wind_priority_shared_poi_headroom
2024-06-20T05:00:00Z,305.60,20.93,400.00,98.50,99.00,305.60,0.00,4.40,16.52,wind_priority_shared_poi_headroom
2024-06-20T06:00:00Z,305.60,34.63,400.00,98.50,99.00,305.60,0.00,4.40,30.23,wind_priority_shared_poi_headroom
2024-06-20T07:00:00Z,305.60,47.33,400.00,98.50,99.00,305.60,0.00,4.40,42.93,wind_priority_shared_poi_headroom
2024-06-20T08:00:00Z,305.60,54.15,400.00,98.50,99.00,305.60,0.00,4.40,49.75,wind_priority_shared_poi_headroom
2024-06-20T09:00:00Z,305.60,54.27,400.00,98.50,99.00,305.60,0.00,4.40,49.87,wind_priority_shared_poi_headroom
2024-06-20T10:00:00Z,305.60,51.82,400.00,98.50,99.00,305.60,0.00,4.40,47.41,wind_priority_shared_poi_headroom
2024-06-20T11:00:00Z,305.60,47.77,400.00,98.50,99.00,305.60,0.00,4.40,43.36,wind_priority_shared_poi_headroom
2024-06-20T12:00:00Z,305.60,37.71,400.00,98.50,99.00,305.60,0.00,4.40,33.30,wind_priority_shared_poi_headroom
2024-06-20T13:00:00Z,305.60,24.82,400.00,98.50,99.00,305.60,0.00,4.40,20.41,wind_priority_shared_poi_headroom
2024-06-20T14:00:00Z,305.60,11.46,400.00,98.50,99.00,305.60,0.00,4.40,7.05,wind_priority_shared_poi_headroom
2024-06-20T15:00:00Z,305.60,1.26,400.00,98.50,99.00,305.60,0.00,1.26,0.00,none
2024-06-20T16:00:00Z,305.60,0.00,400.00,98.50,99.00,305.60,0.00,0.00,0.00,none
2024-06-20T17:00:00Z,305.60,0.00,400.00,98.50,99.00,305.60,0.00,0.00,0.00,none
2024-06-20T18:00:00Z,284.70,0.00,400.00,98.50,99.00,284.70,0.00,0.00,0.00,none
2024-06-20T19:00:00Z,305.60,0.00,400.00,98.50,99.00,305.60,0.00,0.00,0.00,none
2024-06-20T20:00:00Z,305.60,0.00,400.00,98.50,99.00,305.60,0.00,0.00,0.00,none
2024-06-20T21:00:00Z,305.60,0.00,400.00,98.50,99.00,305.60,0.00,0.00,0.00,none
2024-06-20T22:00:00Z,305.60,0.00,400.00,98.50,99.00,305.60,0.00,0.00,0.00,none
2024-06-20T23:00:00Z,305.60,0.00,400.00,98.50,99.00,305.60,0.00,0.00,0.00,none
2024-06-21T00:00:00Z,305.60,0.00,400.00,98.50,99.00,305.60,0.00,0.00,0.00,none
2024-06-21T01:00:00Z,305.60,0.00,400.00,98.50,99.00,305.60,0.00,0.00,0.00,none
2024-06-21T02:00:00Z,305.60,0.00,400.00,98.50,99.00,305.60,0.00,0.00,0.00,none
2024-06-21T03:00:00Z,305.60,0.58,400.00,98.50,99.00,305.60,0.00,0.58,0.00,none
2024-06-21T04:00:00Z,305.60,9.40,400.00,98.50,99.00,305.60,0.00,4.40,5.00,wind_priority_shared_poi_headroom
2024-06-21T05:00:00Z,305.60,23.36,400.00,98.50,99.00,305.60,0.00,4.40,18.95,wind_priority_shared_poi_headroom
2024-06-21T06:00:00Z,305.60,37.07,400.00,98.50,99.00,305.60,0.00,4.40,32.67,wind_priority_shared_poi_headroom
2024-06-21T07:00:00Z,305.60,47.45,400.00,98.50,99.00,305.60,0.00,4.40,43.05,wind_priority_shared_poi_headroom
2024-06-21T08:00:00Z,305.60,54.91,400.00,98.50,99.00,305.60,0.00,4.40,50.50,wind_priority_shared_poi_headroom
2024-06-21T09:00:00Z,305.60,58.66,400.00,98.50,99.00,305.60,0.00,4.40,54.26,wind_priority_shared_poi_headroom
2024-06-21T10:00:00Z,305.60,55.64,400.00,98.50,99.00,305.60,0.00,4.40,51.23,wind_priority_shared_poi_headroom
2024-06-21T11:00:00Z,305.60,49.74,400.00,98.50,99.00,305.60,0.00,4.40,45.34,wind_priority_shared_poi_headroom
2024-06-21T12:00:00Z,305.60,39.51,400.00,98.50,99.00,305.60,0.00,4.40,35.10,wind_priority_shared_poi_headroom
2024-06-21T13:00:00Z,305.60,26.69,400.00,98.50,99.00,305.60,0.00,4.40,22.29,wind_priority_shared_poi_headroom
2024-06-21T14:00:00Z,305.60,12.57,400.00,98.50,99.00,305.60,0.00,4.40,8.16,wind_priority_shared_poi_headroom
2024-06-21T15:00:00Z,305.60,1.40,400.00,98.50,99.00,305.60,0.00,1.40,0.00,none
2024-06-21T16:00:00Z,305.60,0.00,400.00,98.50,99.00,305.60,0.00,0.00,0.00,none
2024-06-21T17:00:00Z,305.60,0.00,400.00,98.50,99.00,305.60,0.00,0.00,0.00,none
2024-06-21T18:00:00Z,284.70,0.00,400.00,98.50,99.00,284.70,0.00,0.00,0.00,none
2024-06-21T19:00:00Z,256.39,0.00,400.00,98.50,99.00,256.39,0.00,0.00,0.00,none
2024-06-21T20:00:00Z,276.96,0.00,400.00,98.50,99.00,276.96,0.00,0.00,0.00,none
2024-06-21T21:00:00Z,305.60,0.00,400.00,98.50,99.00,305.60,0.00,0.00,0.00,none
2024-06-21T22:00:00Z,305.60,0.00,400.00,98.50,99.00,305.60,0.00,0.00,0.00,none
2024-06-21T23:00:00Z,305.60,0.00,400.00,98.50,99.00,305.60,0.00,0.00,0.00,none
2024-06-22T00:00:00Z,305.60,0.00,400.00,98.50,99.00,305.60,0.00,0.00,0.00,none
2024-06-22T01:00:00Z,284.70,0.00,400.00,98.50,99.00,284.70,0.00,0.00,0.00,none
2024-06-22T02:00:00Z,305.60,0.00,400.00,98.50,99.00,305.60,0.00,0.00,0.00,none
2024-06-22T03:00:00Z,305.60,0.58,400.00,98.50,99.00,305.60,0.00,0.58,0.00,none
2024-06-22T04:00:00Z,305.60,9.31,400.00,98.50,99.00,305.60,0.00,4.40,4.91,wind_priority_shared_poi_headroom
2024-06-22T05:00:00Z,305.60,23.19,400.00,98.50,99.00,305.60,0.00,4.40,18.79,wind_priority_shared_poi_headroom
2024-06-22T06:00:00Z,294.58,36.80,400.00,98.50,99.00,294.58,0.00,15.42,21.37,wind_priority_shared_poi_headroom
2024-06-22T07:00:00Z,94.98,47.32,400.00,98.50,99.00,94.98,0.00,47.32,0.00,none
2024-06-22T08:00:00Z,18.65,54.67,400.00,98.50,99.00,18.65,0.00,54.67,0.00,none
2024-06-22T09:00:00Z,3.43,57.54,400.00,98.50,99.00,3.43,0.00,57.54,0.00,none
2024-06-22T10:00:00Z,1.70,55.42,400.00,98.50,99.00,1.70,0.00,55.42,0.00,none
2024-06-22T11:00:00Z,3.43,47.41,400.00,98.50,99.00,3.43,0.00,47.41,0.00,none
2024-06-22T12:00:00Z,12.26,38.92,400.00,98.50,99.00,12.26,0.00,38.92,0.00,none
2024-06-22T13:00:00Z,41.58,25.96,400.00,98.50,99.00,41.58,0.00,25.96,0.00,none
2024-06-22T14:00:00Z,98.79,12.27,400.00,98.50,99.00,98.79,0.00,12.27,0.00,none
2024-06-22T15:00:00Z,152.69,1.32,400.00,98.50,99.00,152.69,0.00,1.32,0.00,none
2024-06-22T16:00:00Z,190.22,0.00,400.00,98.50,99.00,190.22,0.00,0.00,0.00,none
2024-06-22T17:00:00Z,151.41,0.00,400.00,98.50,99.00,151.41,0.00,0.00,0.00,none
2024-06-22T18:00:00Z,140.16,0.00,400.00,98.50,99.00,140.16,0.00,0.00,0.00,none
2024-06-22T19:00:00Z,177.10,0.00,400.00,98.50,99.00,177.10,0.00,0.00,0.00,none
2024-06-22T20:00:00Z,258.22,0.00,400.00,98.50,99.00,258.22,0.00,0.00,0.00,none
2024-06-22T21:00:00Z,238.61,0.00,400.00,98.50,99.00,238.61,0.00,0.00,0.00,none
2024-06-22T22:00:00Z,197.78,0.00,400.00,98.50,99.00,197.78,0.00,0.00,0.00,none
2024-06-22T23:00:00Z,187.25,0.00,400.00,98.50,99.00,187.25,0.00,0.00,0.00,none
2024-06-23T00:00:00Z,305.60,0.00,400.00,98.50,99.00,305.60,0.00,0.00,0.00,none
2024-06-23T01:00:00Z,305.60,0.00,400.00,98.50,99.00,305.60,0.00,0.00,0.00,none
2024-06-23T02:00:00Z,305.60,0.00,400.00,98.50,99.00,305.60,0.00,0.00,0.00,none
2024-06-23T03:00:00Z,267.48,0.55,400.00,98.50,99.00,267.48,0.00,0.55,0.00,none
2024-06-23T04:00:00Z,273.14,9.05,400.00,98.50,99.00,273.14,0.00,9.05,0.00,none
2024-06-23T05:00:00Z,273.14,22.89,400.00,98.50,99.00,273.14,0.00,22.89,0.00,none
2024-06-23T06:00:00Z,228.34,36.02,400.00,98.50,99.00,228.34,0.00,36.02,0.00,none
2024-06-23T07:00:00Z,147.59,46.78,400.00,98.50,99.00,147.59,0.00,46.78,0.00,none
2024-06-23T08:00:00Z,80.73,53.89,400.00,98.50,99.00,80.73,0.00,53.89,0.00,none
2024-06-23T09:00:00Z,48.43,55.33,400.00,98.50,99.00,48.43,0.00,55.33,0.00,none
2024-06-23T10:00:00Z,38.93,53.45,400.00,98.50,99.00,38.93,0.00,53.45,0.00,none
2024-06-23T11:00:00Z,45.49,42.30,400.00,98.50,99.00,45.49,0.00,42.30,0.00,none
2024-06-23T12:00:00Z,68.73,35.55,400.00,98.50,99.00,68.73,0.00,35.55,0.00,none
2024-06-23T13:00:00Z,124.92,23.51,400.00,98.50,99.00,124.92,0.00,23.51,0.00,none
2024-06-23T14:00:00Z,215.12,10.66,400.00,98.50,99.00,215.12,0.00,10.66,0.00,none
2024-06-23T15:00:00Z,236.87,1.21,400.00,98.50,99.00,236.87,0.00,1.21,0.00,none
2024-06-23T16:00:00Z,238.61,0.00,400.00,98.50,99.00,238.61,0.00,0.00,0.00,none
2024-06-23T17:00:00Z,141.38,0.00,400.00,98.50,99.00,141.38,0.00,0.00,0.00,none
2024-06-23T18:00:00Z,77.40,0.00,400.00,98.50,99.00,77.40,0.00,0.00,0.00,none
2024-06-23T19:00:00Z,76.59,0.00,400.00,98.50,99.00,76.59,0.00,0.00,0.00,none
2024-06-23T20:00:00Z,94.98,0.00,400.00,98.50,99.00,94.98,0.00,0.00,0.00,none
2024-06-23T21:00:00Z,159.23,0.00,400.00,98.50,99.00,159.23,0.00,0.00,0.00,none
2024-06-23T22:00:00Z,275.04,0.00,400.00,98.50,99.00,275.04,0.00,0.00,0.00,none
2024-06-23T23:00:00Z,305.60,0.00,400.00,98.50,99.00,305.60,0.00,0.00,0.00,none
2024-06-24T00:00:00Z,305.60,0.00,400.00,98.50,99.00,305.60,0.00,0.00,0.00,none
2024-06-24T01:00:00Z,305.60,0.00,400.00,98.50,99.00,305.60,0.00,0.00,0.00,none
2024-06-24T02:00:00Z,305.60,0.00,400.00,98.50,99.00,305.60,0.00,0.00,0.00,none
2024-06-24T03:00:00Z,305.60,0.51,400.00,98.50,99.00,305.60,0.00,0.51,0.00,none
2024-06-24T04:00:00Z,305.60,8.23,400.00,98.50,99.00,305.60,0.00,4.40,3.83,wind_priority_shared_poi_headroom
2024-06-24T05:00:00Z,305.60,21.31,400.00,98.50,99.00,305.60,0.00,4.40,16.91,wind_priority_shared_poi_headroom
2024-06-24T06:00:00Z,305.60,34.49,400.00,98.50,99.00,305.60,0.00,4.40,30.09,wind_priority_shared_poi_headroom
2024-06-24T07:00:00Z,196.25,45.81,400.00,98.50,99.00,196.25,0.00,45.81,0.00,none
2024-06-24T08:00:00Z,42.13,52.94,400.00,98.50,99.00,42.13,0.00,52.94,0.00,none
2024-06-24T09:00:00Z,4.69,55.41,400.00,98.50,99.00,4.69,0.00,55.41,0.00,none
2024-06-24T10:00:00Z,0.58,53.38,400.00,98.50,99.00,0.58,0.00,53.38,0.00,none
2024-06-24T11:00:00Z,1.34,45.60,400.00,98.50,99.00,1.34,0.00,45.60,0.00,none
2024-06-24T12:00:00Z,9.20,36.32,400.00,98.50,99.00,9.20,0.00,36.32,0.00,none
2024-06-24T13:00:00Z,52.75,23.35,400.00,98.50,99.00,52.75,0.00,23.35,0.00,none
2024-06-24T14:00:00Z,207.12,10.54,400.00,98.50,99.00,207.12,0.00,10.54,0.00,none
2024-06-24T15:00:00Z,276.96,1.21,400.00,98.50,99.00,276.96,0.00,1.21,0.00,none
2024-06-24T16:00:00Z,242.10,0.00,400.00,98.50,99.00,242.10,0.00,0.00,0.00,none
2024-06-24T17:00:00Z,124.92,0.00,400.00,98.50,99.00,124.92,0.00,0.00,0.00,none
2024-06-24T18:00:00Z,75.78,0.00,400.00,98.50,99.00,75.78,0.00,0.00,0.00,none
2024-06-24T19:00:00Z,86.78,0.00,400.00,98.50,99.00,86.78,0.00,0.00,0.00,none
2024-06-24T20:00:00Z,161.90,0.00,400.00,98.50,99.00,161.90,0.00,0.00,0.00,none
2024-06-24T21:00:00Z,243.85,0.00,400.00,98.50,99.00,243.85,0.00,0.00,0.00,none
2024-06-24T22:00:00Z,305.60,0.00,400.00,98.50,99.00,305.60,0.00,0.00,0.00,none
2024-06-24T23:00:00Z,305.60,0.00,400.00,98.50,99.00,305.60,0.00,0.00,0.00,none
2024-06-25T00:00:00Z,305.60,0.00,400.00,98.50,99.00,305.60,0.00,0.00,0.00,none
2024-06-25T01:00:00Z,305.60,0.00,400.00,98.50,99.00,305.60,0.00,0.00,0.00,none
2024-06-25T02:00:00Z,305.60,0.00,400.00,98.50,99.00,305.60,0.00,0.00,0.00,none
2024-06-25T03:00:00Z,305.60,0.50,400.00,98.50,99.00,305.60,0.00,0.50,0.00,none
2024-06-25T04:00:00Z,305.60,8.36,400.00,98.50,99.00,305.60,0.00,4.40,3.96,wind_priority_shared_poi_headroom
2024-06-25T05:00:00Z,305.60,20.96,400.00,98.50,99.00,305.60,0.00,4.40,16.55,wind_priority_shared_poi_headroom
2024-06-25T06:00:00Z,305.60,33.97,400.00,98.50,99.00,305.60,0.00,4.40,29.57,wind_priority_shared_poi_headroom
2024-06-25T07:00:00Z,305.60,45.86,400.00,98.50,99.00,305.60,0.00,4.40,41.45,wind_priority_shared_poi_headroom
2024-06-25T08:00:00Z,181.40,52.31,400.00,98.50,99.00,181.40,0.00,52.31,0.00,none
2024-06-25T09:00:00Z,89.46,54.23,400.00,98.50,99.00,89.46,0.00,54.23,0.00,none
2024-06-25T10:00:00Z,38.42,48.67,400.00,98.50,99.00,38.42,0.00,48.67,0.00,none
2024-06-25T11:00:00Z,18.34,46.70,400.00,98.50,99.00,18.34,0.00,46.70,0.00,none
2024-06-25T12:00:00Z,12.75,37.75,400.00,98.50,99.00,12.75,0.00,37.75,0.00,none
2024-06-25T13:00:00Z,15.94,25.06,400.00,98.50,99.00,15.94,0.00,25.06,0.00,none
2024-06-25T14:00:00Z,29.03,12.02,400.00,98.50,99.00,29.03,0.00,12.02,0.00,none
2024-06-25T15:00:00Z,43.79,1.30,400.00,98.50,99.00,43.79,0.00,1.30,0.00,none
2024-06-25T16:00:00Z,58.67,0.00,400.00,98.50,99.00,58.67,0.00,0.00,0.00,none
2024-06-25T17:00:00Z,65.75,0.00,400.00,98.50,99.00,65.75,0.00,0.00,0.00,none
2024-06-25T18:00:00Z,80.73,0.00,400.00,98.50,99.00,80.73,0.00,0.00,0.00,none
2024-06-25T19:00:00Z,111.87,0.00,400.00,98.50,99.00,111.87,0.00,0.00,0.00,none
2024-06-25T20:00:00Z,164.59,0.00,400.00,98.50,99.00,164.59,0.00,0.00,0.00,none
2024-06-25T21:00:00Z,210.29,0.00,400.00,98.50,99.00,210.29,0.00,0.00,0.00,none
2024-06-25T22:00:00Z,238.61,0.00,400.00,98.50,99.00,238.61,0.00,0.00,0.00,none
2024-06-25T23:00:00Z,250.97,0.00,400.00,98.50,99.00,250.97,0.00,0.00,0.00,none
2024-06-26T00:00:00Z,224.98,0.00,400.00,98.50,99.00,224.98,0.00,0.00,0.00,none
2024-06-26T01:00:00Z,213.50,0.00,400.00,98.50,99.00,213.50,0.00,0.00,0.00,none
2024-06-26T02:00:00Z,141.38,0.00,400.00,98.50,99.00,141.38,0.00,0.00,0.00,none
2024-06-26T03:00:00Z,157.91,0.51,400.00,98.50,99.00,157.91,0.00,0.51,0.00,none
2024-06-26T04:00:00Z,128.33,8.71,400.00,98.50,99.00,128.33,0.00,8.71,0.00,none
2024-06-26T05:00:00Z,58.67,22.81,400.00,98.50,99.00,58.67,0.00,22.81,0.00,none
2024-06-26T06:00:00Z,3.04,36.10,400.00,98.50,99.00,3.04,0.00,36.10,0.00,none
2024-06-26T07:00:00Z,0.00,47.05,400.00,98.50,99.00,0.00,0.00,47.05,0.00,none
2024-06-26T08:00:00Z,0.00,54.43,400.00,98.50,99.00,0.00,0.00,54.43,0.00,none
2024-06-26T09:00:00Z,0.00,56.52,400.00,98.50,99.00,0.00,0.00,56.52,0.00,none
2024-06-26T10:00:00Z,0.00,49.28,400.00,98.50,99.00,0.00,0.00,49.28,0.00,none
2024-06-26T11:00:00Z,0.00,47.54,400.00,98.50,99.00,0.00,0.00,47.54,0.00,none
2024-06-26T12:00:00Z,0.00,37.45,400.00,98.50,99.00,0.00,0.00,37.45,0.00,none
2024-06-26T13:00:00Z,0.00,24.79,400.00,98.50,99.00,0.00,0.00,24.79,0.00,none
2024-06-26T14:00:00Z,0.16,11.38,400.00,98.50,99.00,0.16,0.00,11.38,0.00,none
2024-06-26T15:00:00Z,5.49,1.31,400.00,98.50,99.00,5.49,0.00,1.31,0.00,none
2024-06-26T16:00:00Z,38.42,0.00,400.00,98.50,99.00,38.42,0.00,0.00,0.00,none
2024-06-26T17:00:00Z,130.64,0.00,400.00,98.50,99.00,130.64,0.00,0.00,0.00,none
2024-06-26T18:00:00Z,258.22,0.00,400.00,98.50,99.00,258.22,0.00,0.00,0.00,none
2024-06-26T19:00:00Z,305.60,0.00,400.00,98.50,99.00,305.60,0.00,0.00,0.00,none
2024-06-26T20:00:00Z,199.32,0.00,400.00,98.50,99.00,199.32,0.00,0.00,0.00,none
2024-06-26T21:00:00Z,184.31,0.00,400.00,98.50,99.00,184.31,0.00,0.00,0.00,none
2024-06-26T22:00:00Z,210.29,0.00,400.00,98.50,99.00,210.29,0.00,0.00,0.00,none
2024-06-26T23:00:00Z,296.58,0.00,400.00,98.50,99.00,296.58,0.00,0.00,0.00,none
2024-06-27T00:00:00Z,305.60,0.00,400.00,98.50,99.00,305.60,0.00,0.00,0.00,none
2024-06-27T01:00:00Z,305.60,0.00,400.00,98.50,99.00,305.60,0.00,0.00,0.00,none
2024-06-27T02:00:00Z,305.60,0.00,400.00,98.50,99.00,305.60,0.00,0.00,0.00,none
2024-06-27T03:00:00Z,305.60,0.46,400.00,98.50,99.00,305.60,0.00,0.46,0.00,none
2024-06-27T04:00:00Z,305.60,7.41,400.00,98.50,99.00,305.60,0.00,4.40,3.01,wind_priority_shared_poi_headroom
2024-06-27T05:00:00Z,305.60,17.33,400.00,98.50,99.00,305.60,0.00,4.40,12.92,wind_priority_shared_poi_headroom
2024-06-27T06:00:00Z,305.60,29.49,400.00,98.50,99.00,305.60,0.00,4.40,25.08,wind_priority_shared_poi_headroom
2024-06-27T07:00:00Z,286.65,40.05,400.00,98.50,99.00,286.65,0.00,23.35,16.71,wind_priority_shared_poi_headroom
2024-06-27T08:00:00Z,140.16,45.61,400.00,98.50,99.00,140.16,0.00,45.61,0.00,none
2024-06-27T09:00:00Z,85.89,46.50,400.00,98.50,99.00,85.89,0.00,46.50,0.00,none
2024-06-27T10:00:00Z,60.04,48.92,400.00,98.50,99.00,60.04,0.00,48.92,0.00,none
2024-06-27T11:00:00Z,54.67,42.23,400.00,98.50,99.00,54.67,0.00,42.23,0.00,none
2024-06-27T12:00:00Z,67.98,31.92,400.00,98.50,99.00,67.98,0.00,31.92,0.00,none
2024-06-27T13:00:00Z,99.76,20.81,400.00,98.50,99.00,99.76,0.00,20.81,0.00,none
2024-06-27T14:00:00Z,136.54,9.89,400.00,98.50,99.00,136.54,0.00,9.89,0.00,none
2024-06-27T15:00:00Z,161.90,1.16,400.00,98.50,99.00,161.90,0.00,1.16,0.00,none
2024-06-27T16:00:00Z,305.60,0.00,400.00,98.50,99.00,305.60,0.00,0.00,0.00,none
2024-06-27T17:00:00Z,305.60,0.00,400.00,98.50,99.00,305.60,0.00,0.00,0.00,none
2024-06-27T18:00:00Z,305.60,0.00,400.00,98.50,99.00,305.60,0.00,0.00,0.00,none
2024-06-27T19:00:00Z,305.60,0.00,400.00,98.50,99.00,305.60,0.00,0.00,0.00,none
2024-06-27T20:00:00Z,305.60,0.00,400.00,98.50,99.00,305.60,0.00,0.00,0.00,none
2024-06-27T21:00:00Z,305.60,0.00,400.00,98.50,99.00,305.60,0.00,0.00,0.00,none
2024-06-27T22:00:00Z,305.60,0.00,400.00,98.50,99.00,305.60,0.00,0.00,0.00,none
2024-06-27T23:00:00Z,305.60,0.00,400.00,98.50,99.00,305.60,0.00,0.00,0.00,none
2024-06-28T00:00:00Z,305.60,0.00,400.00,98.50,99.00,305.60,0.00,0.00,0.00,none
2024-06-28T01:00:00Z,305.60,0.00,400.00,98.50,99.00,305.60,0.00,0.00,0.00,none
2024-06-28T02:00:00Z,305.60,0.00,400.00,98.50,99.00,305.60,0.00,0.00,0.00,none
2024-06-28T03:00:00Z,305.60,0.48,400.00,98.50,99.00,305.60,0.00,0.48,0.00,none
2024-06-28T04:00:00Z,305.60,8.21,400.00,98.50,99.00,305.60,0.00,4.40,3.81,wind_priority_shared_poi_headroom
2024-06-28T05:00:00Z,305.60,20.22,400.00,98.50,99.00,305.60,0.00,4.40,15.82,wind_priority_shared_poi_headroom
2024-06-28T06:00:00Z,305.60,31.98,400.00,98.50,99.00,305.60,0.00,4.40,27.57,wind_priority_shared_poi_headroom
2024-06-28T07:00:00Z,305.60,43.99,400.00,98.50,99.00,305.60,0.00,4.40,39.58,wind_priority_shared_poi_headroom
2024-06-28T08:00:00Z,305.60,50.28,400.00,98.50,99.00,305.60,0.00,4.40,45.88,wind_priority_shared_poi_headroom
2024-06-28T09:00:00Z,305.60,54.21,400.00,98.50,99.00,305.60,0.00,4.40,49.81,wind_priority_shared_poi_headroom
2024-06-28T10:00:00Z,271.24,52.57,400.00,98.50,99.00,271.24,0.00,38.76,13.81,wind_priority_shared_poi_headroom
2024-06-28T11:00:00Z,304.68,39.26,400.00,98.50,99.00,304.68,0.00,5.32,33.94,wind_priority_shared_poi_headroom
2024-06-28T12:00:00Z,305.60,36.24,400.00,98.50,99.00,305.60,0.00,4.40,31.84,wind_priority_shared_poi_headroom
2024-06-28T13:00:00Z,305.60,25.06,400.00,98.50,99.00,305.60,0.00,4.40,20.66,wind_priority_shared_poi_headroom
2024-06-28T14:00:00Z,305.60,11.78,400.00,98.50,99.00,305.60,0.00,4.40,7.38,wind_priority_shared_poi_headroom
2024-06-28T15:00:00Z,305.60,1.35,400.00,98.50,99.00,305.60,0.00,1.35,0.00,none
2024-06-28T16:00:00Z,305.60,0.00,400.00,98.50,99.00,305.60,0.00,0.00,0.00,none
2024-06-28T17:00:00Z,305.60,0.00,400.00,98.50,99.00,305.60,0.00,0.00,0.00,none
2024-06-28T18:00:00Z,305.60,0.00,400.00,98.50,99.00,305.60,0.00,0.00,0.00,none
2024-06-28T19:00:00Z,224.98,0.00,400.00,98.50,99.00,224.98,0.00,0.00,0.00,none
2024-06-28T20:00:00Z,280.81,0.00,400.00,98.50,99.00,280.81,0.00,0.00,0.00,none
2024-06-28T21:00:00Z,305.60,0.00,400.00,98.50,99.00,305.60,0.00,0.00,0.00,none
2024-06-28T22:00:00Z,305.60,0.00,400.00,98.50,99.00,305.60,0.00,0.00,0.00,none
2024-06-28T23:00:00Z,305.60,0.00,400.00,98.50,99.00,305.60,0.00,0.00,0.00,none
2024-06-29T00:00:00Z,305.60,0.00,400.00,98.50,99.00,305.60,0.00,0.00,0.00,none
2024-06-29T01:00:00Z,305.60,0.00,400.00,98.50,99.00,305.60,0.00,0.00,0.00,none
2024-06-29T02:00:00Z,305.60,0.00,400.00,98.50,99.00,305.60,0.00,0.00,0.00,none
2024-06-29T03:00:00Z,278.88,0.48,400.00,98.50,99.00,278.88,0.00,0.48,0.00,none
2024-06-29T04:00:00Z,305.60,8.69,400.00,98.50,99.00,305.60,0.00,4.40,4.28,wind_priority_shared_poi_headroom
2024-06-29T05:00:00Z,305.60,22.04,400.00,98.50,99.00,305.60,0.00,4.40,17.63,wind_priority_shared_poi_headroom
2024-06-29T06:00:00Z,120.46,35.18,400.00,98.50,99.00,120.46,0.00,35.18,0.00,none
2024-06-29T07:00:00Z,13.00,46.62,400.00,98.50,99.00,13.00,0.00,46.62,0.00,none
2024-06-29T08:00:00Z,0.04,53.68,400.00,98.50,99.00,0.04,0.00,53.68,0.00,none
2024-06-29T09:00:00Z,0.00,53.68,400.00,98.50,99.00,0.00,0.00,53.68,0.00,none
2024-06-29T10:00:00Z,0.00,52.22,400.00,98.50,99.00,0.00,0.00,52.22,0.00,none
2024-06-29T11:00:00Z,0.00,37.63,400.00,98.50,99.00,0.00,0.00,37.63,0.00,none
2024-06-29T12:00:00Z,0.08,34.34,400.00,98.50,99.00,0.08,0.00,34.34,0.00,none
2024-06-29T13:00:00Z,0.99,23.63,400.00,98.50,99.00,0.99,0.00,23.63,0.00,none
2024-06-29T14:00:00Z,3.54,10.58,400.00,98.50,99.00,3.54,0.00,10.58,0.00,none
2024-06-29T15:00:00Z,5.78,1.24,400.00,98.50,99.00,5.78,0.00,1.24,0.00,none
2024-06-29T16:00:00Z,15.66,0.00,400.00,98.50,99.00,15.66,0.00,0.00,0.00,none
2024-06-29T17:00:00Z,47.24,0.00,400.00,98.50,99.00,47.24,0.00,0.00,0.00,none
2024-06-29T18:00:00Z,117.19,0.00,400.00,98.50,99.00,117.19,0.00,0.00,0.00,none
2024-06-29T19:00:00Z,147.59,0.00,400.00,98.50,99.00,147.59,0.00,0.00,0.00,none
2024-06-29T20:00:00Z,143.85,0.00,400.00,98.50,99.00,143.85,0.00,0.00,0.00,none
2024-06-29T21:00:00Z,170.08,0.00,400.00,98.50,99.00,170.08,0.00,0.00,0.00,none
2024-06-29T22:00:00Z,185.78,0.00,400.00,98.50,99.00,185.78,0.00,0.00,0.00,none
2024-06-29T23:00:00Z,213.50,0.00,400.00,98.50,99.00,213.50,0.00,0.00,0.00,none
2024-06-30T00:00:00Z,256.39,0.00,400.00,98.50,99.00,256.39,0.00,0.00,0.00,none
2024-06-30T01:00:00Z,305.60,0.00,400.00,98.50,99.00,305.60,0.00,0.00,0.00,none
2024-06-30T02:00:00Z,223.32,0.00,400.00,98.50,99.00,223.32,0.00,0.00,0.00,none
2024-06-30T03:00:00Z,228.34,0.45,400.00,98.50,99.00,228.34,0.00,0.45,0.00,none
2024-06-30T04:00:00Z,305.60,8.13,400.00,98.50,99.00,305.60,0.00,4.40,3.73,wind_priority_shared_poi_headroom
2024-06-30T05:00:00Z,305.60,21.19,400.00,98.50,99.00,305.60,0.00,4.40,16.78,wind_priority_shared_poi_headroom
2024-06-30T06:00:00Z,305.60,34.90,400.00,98.50,99.00,305.60,0.00,4.40,30.49,wind_priority_shared_poi_headroom
2024-06-30T07:00:00Z,305.60,46.02,400.00,98.50,99.00,305.60,0.00,4.40,41.61,wind_priority_shared_poi_headroom
2024-06-30T08:00:00Z,298.59,53.38,400.00,98.50,99.00,298.59,0.00,11.41,41.96,wind_priority_shared_poi_headroom
2024-06-30T09:00:00Z,196.25,55.12,400.00,98.50,99.00,196.25,0.00,55.12,0.00,none
2024-06-30T10:00:00Z,107.73,50.62,400.00,98.50,99.00,107.73,0.00,50.62,0.00,none
2024-06-30T11:00:00Z,67.98,44.64,400.00,98.50,99.00,67.98,0.00,44.64,0.00,none
2024-06-30T12:00:00Z,60.74,36.33,400.00,98.50,99.00,60.74,0.00,36.33,0.00,none
2024-06-30T13:00:00Z,88.56,24.28,400.00,98.50,99.00,88.56,0.00,24.28,0.00,none
2024-06-30T14:00:00Z,147.59,11.02,400.00,98.50,99.00,147.59,0.00,11.02,0.00,none
2024-06-30T15:00:00Z,193.22,1.30,400.00,98.50,99.00,193.22,0.00,1.30,0.00,none
2024-06-30T16:00:00Z,178.52,0.00,400.00,98.50,99.00,178.52,0.00,0.00,0.00,none
2024-06-30T17:00:00Z,179.96,0.00,400.00,98.50,99.00,179.96,0.00,0.00,0.00,none
2024-06-30T18:00:00Z,171.47,0.00,400.00,98.50,99.00,171.47,0.00,0.00,0.00,none
2024-06-30T19:00:00Z,185.78,0.00,400.00,98.50,99.00,185.78,0.00,0.00,0.00,none
2024-06-30T20:00:00Z,226.66,0.00,400.00,98.50,99.00,226.66,0.00,0.00,0.00,none
2024-06-30T21:00:00Z,298.59,0.00,400.00,98.50,99.00,298.59,0.00,0.00,0.00,none
2024-06-30T22:00:00Z,305.60,0.00,400.00,98.50,99.00,305.60,0.00,0.00,0.00,none
2024-06-30T23:00:00Z,305.60,0.00,400.00,98.50,99.00,305.60,0.00,0.00,0.00,none
2024-07-01T00:00:00Z,305.60,0.00,400.00,98.50,99.00,305.60,0.00,0.00,0.00,none
2024-07-01T01:00:00Z,305.60,0.00,400.00,98.50,99.00,305.60,0.00,0.00,0.00,none
2024-07-01T02:00:00Z,305.60,0.00,400.00,98.50,99.00,305.60,0.00,0.00,0.00,none
2024-07-01T03:00:00Z,305.60,0.45,400.00,98.50,99.00,305.60,0.00,0.45,0.00,none
2024-07-01T04:00:00Z,305.60,8.07,400.00,98.50,99.00,305.60,0.00,4.40,3.67,wind_priority_shared_poi_headroom
2024-07-01T05:00:00Z,305.60,20.70,400.00,98.50,99.00,305.60,0.00,4.40,16.30,wind_priority_shared_poi_headroom
2024-07-01T06:00:00Z,305.60,34.38,400.00,98.50,99.00,305.60,0.00,4.40,29.98,wind_priority_shared_poi_headroom
2024-07-01T07:00:00Z,223.32,45.47,400.00,98.50,99.00,223.32,0.00,45.47,0.00,none
2024-07-01T08:00:00Z,69.49,53.34,400.00,98.50,99.00,69.49,0.00,53.34,0.00,none
2024-07-01T09:00:00Z,24.97,54.70,400.00,98.50,99.00,24.97,0.00,54.70,0.00,none
2024-07-01T10:00:00Z,12.50,53.70,400.00,98.50,99.00,12.50,0.00,53.70,0.00,none
2024-07-01T11:00:00Z,5.78,47.63,400.00,98.50,99.00,5.78,0.00,47.63,0.00,none
2024-07-01T12:00:00Z,6.86,37.47,400.00,98.50,99.00,6.86,0.00,37.47,0.00,none
2024-07-01T13:00:00Z,18.65,25.00,400.00,98.50,99.00,18.65,0.00,25.00,0.00,none
2024-07-01T14:00:00Z,51.49,11.85,400.00,98.50,99.00,51.49,0.00,11.85,0.00,none
2024-07-01T15:00:00Z,85.89,1.44,400.00,98.50,99.00,85.89,0.00,1.44,0.00,none
2024-07-01T16:00:00Z,151.41,0.00,400.00,98.50,99.00,151.41,0.00,0.00,0.00,none
2024-07-01T17:00:00Z,199.32,0.00,400.00,98.50,99.00,199.32,0.00,0.00,0.00,none
2024-07-01T18:00:00Z,218.37,0.00,400.00,98.50,99.00,218.37,0.00,0.00,0.00,none
2024-07-01T19:00:00Z,278.88,0.00,400.00,98.50,99.00,278.88,0.00,0.00,0.00,none
2024-07-01T20:00:00Z,305.60,0.00,400.00,98.50,99.00,305.60,0.00,0.00,0.00,none
2024-07-01T21:00:00Z,305.60,0.00,400.00,98.50,99.00,305.60,0.00,0.00,0.00,none
2024-07-01T22:00:00Z,305.60,0.00,400.00,98.50,99.00,305.60,0.00,0.00,0.00,none
2024-07-01T23:00:00Z,305.60,0.00,400.00,98.50,99.00,305.60,0.00,0.00,0.00,none
2024-07-02T00:00:00Z,275.04,0.00,400.00,98.50,99.00,275.04,0.00,0.00,0.00,none
2024-07-02T01:00:00Z,159.23,0.00,400.00,98.50,99.00,159.23,0.00,0.00,0.00,none
2024-07-02T02:00:00Z,82.43,0.00,400.00,98.50,99.00,82.43,0.00,0.00,0.00,none
2024-07-02T03:00:00Z,48.43,0.45,400.00,98.50,99.00,48.43,0.00,0.45,0.00,none
2024-07-02T04:00:00Z,112.92,8.35,400.00,98.50,99.00,112.92,0.00,8.35,0.00,none
2024-07-02T05:00:00Z,99.76,19.81,400.00,98.50,99.00,99.76,0.00,19.81,0.00,none
2024-07-02T06:00:00Z,72.59,33.92,400.00,98.50,99.00,72.59,0.00,33.92,0.00,none
2024-07-02T07:00:00Z,42.13,44.53,400.00,98.50,99.00,42.13,0.00,44.53,0.00,none
2024-07-02T08:00:00Z,14.02,50.98,400.00,98.50,99.00,14.02,0.00,50.98,0.00,none
2024-07-02T09:00:00Z,1.08,54.07,400.00,98.50,99.00,1.08,0.00,54.07,0.00,none
2024-07-02T10:00:00Z,0.07,49.40,400.00,98.50,99.00,0.07,0.00,49.40,0.00,none
2024-07-02T11:00:00Z,0.30,47.22,400.00,98.50,99.00,0.30,0.00,47.22,0.00,none
2024-07-02T12:00:00Z,2.85,35.53,400.00,98.50,99.00,2.85,0.00,35.53,0.00,none
2024-07-02T13:00:00Z,15.94,23.53,400.00,98.50,99.00,15.94,0.00,23.53,0.00,none
2024-07-02T14:00:00Z,57.31,11.15,400.00,98.50,99.00,57.31,0.00,11.15,0.00,none
2024-07-02T15:00:00Z,130.64,1.39,400.00,98.50,99.00,130.64,0.00,1.39,0.00,none
2024-07-02T16:00:00Z,228.34,0.00,400.00,98.50,99.00,228.34,0.00,0.00,0.00,none
2024-07-02T17:00:00Z,240.35,0.00,400.00,98.50,99.00,240.35,0.00,0.00,0.00,none
2024-07-02T18:00:00Z,210.29,0.00,400.00,98.50,99.00,210.29,0.00,0.00,0.00,none
2024-07-02T19:00:00Z,247.39,0.00,400.00,98.50,99.00,247.39,0.00,0.00,0.00,none
2024-07-02T20:00:00Z,305.60,0.00,400.00,98.50,99.00,305.60,0.00,0.00,0.00,none
2024-07-02T21:00:00Z,305.60,0.00,400.00,98.50,99.00,305.60,0.00,0.00,0.00,none
2024-07-02T22:00:00Z,305.60,0.00,400.00,98.50,99.00,305.60,0.00,0.00,0.00,none
2024-07-02T23:00:00Z,305.60,0.00,400.00,98.50,99.00,305.60,0.00,0.00,0.00,none
2024-07-03T00:00:00Z,305.60,0.00,400.00,98.50,99.00,305.60,0.00,0.00,0.00,none
2024-07-03T01:00:00Z,231.73,0.00,400.00,98.50,99.00,231.73,0.00,0.00,0.00,none
2024-07-03T02:00:00Z,138.95,0.00,400.00,98.50,99.00,138.95,0.00,0.00,0.00,none
2024-07-03T03:00:00Z,84.15,0.47,400.00,98.50,99.00,84.15,0.00,0.47,0.00,none
2024-07-03T04:00:00Z,187.25,8.73,400.00,98.50,99.00,187.25,0.00,8.73,0.00,none
2024-07-03T05:00:00Z,142.61,22.35,400.00,98.50,99.00,142.61,0.00,22.35,0.00,none
2024-07-03T06:00:00Z,49.64,36.15,400.00,98.50,99.00,49.64,0.00,36.15,0.00,none
2024-07-03T07:00:00Z,7.36,46.92,400.00,98.50,99.00,7.36,0.00,46.92,0.00,none
2024-07-03T08:00:00Z,0.14,54.09,400.00,98.50,99.00,0.14,0.00,54.09,0.00,none
2024-07-03T09:00:00Z,0.00,56.80,400.00,98.50,99.00,0.00,0.00,56.80,0.00,none
2024-07-03T10:00:00Z,0.00,55.00,400.00,98.50,99.00,0.00,0.00,55.00,0.00,none
2024-07-03T11:00:00Z,0.00,46.48,400.00,98.50,99.00,0.00,0.00,46.48,0.00,none
2024-07-03T12:00:00Z,0.00,38.46,400.00,98.50,99.00,0.00,0.00,38.46,0.00,none
2024-07-03T13:00:00Z,0.00,25.58,400.00,98.50,99.00,0.00,0.00,25.58,0.00,none
2024-07-03T14:00:00Z,0.06,11.87,400.00,98.50,99.00,0.06,0.00,11.87,0.00,none
2024-07-03T15:00:00Z,1.23,1.41,400.00,98.50,99.00,1.23,0.00,1.41,0.00,none
2024-07-03T16:00:00Z,6.70,0.00,400.00,98.50,99.00,6.70,0.00,0.00,0.00,none
2024-07-03T17:00:00Z,24.97,0.00,400.00,98.50,99.00,24.97,0.00,0.00,0.00,none
2024-07-03T18:00:00Z,58.67,0.00,400.00,98.50,99.00,58.67,0.00,0.00,0.00,none
2024-07-03T19:00:00Z,177.10,0.00,400.00,98.50,99.00,177.10,0.00,0.00,0.00,none
2024-07-03T20:00:00Z,305.60,0.00,400.00,98.50,99.00,305.60,0.00,0.00,0.00,none
2024-07-03T21:00:00Z,305.60,0.00,400.00,98.50,99.00,305.60,0.00,0.00,0.00,none
2024-07-03T22:00:00Z,305.60,0.00,400.00,98.50,99.00,305.60,0.00,0.00,0.00,none
2024-07-03T23:00:00Z,305.60,0.00,400.00,98.50,99.00,305.60,0.00,0.00,0.00,none
2024-07-04T00:00:00Z,305.60,0.00,400.00,98.50,99.00,305.60,0.00,0.00,0.00,none
2024-07-04T01:00:00Z,305.60,0.00,400.00,98.50,99.00,305.60,0.00,0.00,0.00,none
2024-07-04T02:00:00Z,305.60,0.00,400.00,98.50,99.00,305.60,0.00,0.00,0.00,none
2024-07-04T03:00:00Z,305.60,0.45,400.00,98.50,99.00,305.60,0.00,0.45,0.00,none
2024-07-04T04:00:00Z,305.60,9.23,400.00,98.50,99.00,305.60,0.00,4.40,4.82,wind_priority_shared_poi_headroom
2024-07-04T05:00:00Z,305.60,22.58,400.00,98.50,99.00,305.60,0.00,4.40,18.18,wind_priority_shared_poi_headroom
2024-07-04T06:00:00Z,305.60,35.76,400.00,98.50,99.00,305.60,0.00,4.40,31.35,wind_priority_shared_poi_headroom
2024-07-04T07:00:00Z,223.32,46.69,400.00,98.50,99.00,223.32,0.00,46.69,0.00,none
2024-07-04T08:00:00Z,131.81,54.42,400.00,98.50,99.00,131.81,0.00,54.42,0.00,none
2024-07-04T09:00:00Z,80.73,56.50,400.00,98.50,99.00,80.73,0.00,56.50,0.00,none
2024-07-04T10:00:00Z,59.35,54.80,400.00,98.50,99.00,59.35,0.00,54.80,0.00,none
2024-07-04T11:00:00Z,65.75,46.95,400.00,98.50,99.00,65.75,0.00,46.95,0.00,none
2024-07-04T12:00:00Z,106.71,38.24,400.00,98.50,99.00,106.71,0.00,38.24,0.00,none
2024-07-04T13:00:00Z,210.29,25.54,400.00,98.50,99.00,210.29,0.00,25.54,0.00,none
2024-07-04T14:00:00Z,305.60,11.74,400.00,98.50,99.00,305.60,0.00,4.40,7.33,wind_priority_shared_poi_headroom
2024-07-04T15:00:00Z,305.60,1.39,400.00,98.50,99.00,305.60,0.00,1.39,0.00,none
2024-07-04T16:00:00Z,305.60,0.00,400.00,98.50,99.00,305.60,0.00,0.00,0.00,none
2024-07-04T17:00:00Z,194.73,0.00,400.00,98.50,99.00,194.73,0.00,0.00,0.00,none
2024-07-04T18:00:00Z,260.05,0.00,400.00,98.50,99.00,260.05,0.00,0.00,0.00,none
2024-07-04T19:00:00Z,305.60,0.00,400.00,98.50,99.00,305.60,0.00,0.00,0.00,none
2024-07-04T20:00:00Z,305.60,0.00,400.00,98.50,99.00,305.60,0.00,0.00,0.00,none
2024-07-04T21:00:00Z,305.60,0.00,400.00,98.50,99.00,305.60,0.00,0.00,0.00,none
2024-07-04T22:00:00Z,305.60,0.00,400.00,98.50,99.00,305.60,0.00,0.00,0.00,none
2024-07-04T23:00:00Z,305.60,0.00,400.00,98.50,99.00,305.60,0.00,0.00,0.00,none
2024-07-05T00:00:00Z,305.60,0.00,400.00,98.50,99.00,305.60,0.00,0.00,0.00,none
2024-07-05T01:00:00Z,305.60,0.00,400.00,98.50,99.00,305.60,0.00,0.00,0.00,none
2024-07-05T02:00:00Z,305.60,0.00,400.00,98.50,99.00,305.60,0.00,0.00,0.00,none
2024-07-05T03:00:00Z,208.70,0.43,400.00,98.50,99.00,208.70,0.00,0.43,0.00,none
2024-07-05T04:00:00Z,300.61,8.17,400.00,98.50,99.00,300.61,0.00,8.17,0.00,none
2024-07-05T05:00:00Z,305.60,21.46,400.00,98.50,99.00,305.60,0.00,4.40,17.06,wind_priority_shared_poi_headroom
2024-07-05T06:00:00Z,302.64,35.02,400.00,98.50,99.00,302.64,0.00,7.36,27.66,wind_priority_shared_poi_headroom
2024-07-05T07:00:00Z,160.56,46.66,400.00,98.50,99.00,160.56,0.00,46.66,0.00,none
2024-07-05T08:00:00Z,73.38,53.99,400.00,98.50,99.00,73.38,0.00,53.99,0.00,none
2024-07-05T09:00:00Z,35.90,55.09,400.00,98.50,99.00,35.90,0.00,55.09,0.00,none
2024-07-05T10:00:00Z,24.97,48.13,400.00,98.50,99.00,24.97,0.00,48.13,0.00,none
2024-07-05T11:00:00Z,22.37,47.65,400.00,98.50,99.00,22.37,0.00,47.65,0.00,none
2024-07-05T12:00:00Z,43.23,37.49,400.00,98.50,99.00,43.23,0.00,37.49,0.00,none
2024-07-05T13:00:00Z,161.90,24.86,400.00,98.50,99.00,161.90,0.00,24.86,0.00,none
2024-07-05T14:00:00Z,305.60,12.08,400.00,98.50,99.00,305.60,0.00,4.40,7.68,wind_priority_shared_poi_headroom
2024-07-05T15:00:00Z,305.60,1.38,400.00,98.50,99.00,305.60,0.00,1.38,0.00,none
2024-07-05T16:00:00Z,220.01,0.00,400.00,98.50,99.00,220.01,0.00,0.00,0.00,none
2024-07-05T17:00:00Z,185.78,0.00,400.00,98.50,99.00,185.78,0.00,0.00,0.00,none
2024-07-05T18:00:00Z,203.97,0.00,400.00,98.50,99.00,203.97,0.00,0.00,0.00,none
2024-07-05T19:00:00Z,221.66,0.00,400.00,98.50,99.00,221.66,0.00,0.00,0.00,none
2024-07-05T20:00:00Z,258.22,0.00,400.00,98.50,99.00,258.22,0.00,0.00,0.00,none
2024-07-05T21:00:00Z,305.60,0.00,400.00,98.50,99.00,305.60,0.00,0.00,0.00,none
2024-07-05T22:00:00Z,305.60,0.00,400.00,98.50,99.00,305.60,0.00,0.00,0.00,none
2024-07-05T23:00:00Z,305.60,0.00,400.00,98.50,99.00,305.60,0.00,0.00,0.00,none
2024-07-06T00:00:00Z,305.60,0.00,400.00,98.50,99.00,305.60,0.00,0.00,0.00,none
2024-07-06T01:00:00Z,305.60,0.00,400.00,98.50,99.00,305.60,0.00,0.00,0.00,none
2024-07-06T02:00:00Z,261.90,0.00,400.00,98.50,99.00,261.90,0.00,0.00,0.00,none
2024-07-06T03:00:00Z,172.86,0.40,400.00,98.50,99.00,172.86,0.00,0.40,0.00,none
2024-07-06T04:00:00Z,305.60,7.48,400.00,98.50,99.00,305.60,0.00,4.40,3.07,wind_priority_shared_poi_headroom
2024-07-06T05:00:00Z,296.58,19.50,400.00,98.50,99.00,296.58,0.00,13.42,6.08,wind_priority_shared_poi_headroom
2024-07-06T06:00:00Z,70.26,32.32,400.00,98.50,99.00,70.26,0.00,32.32,0.00,none
2024-07-06T07:00:00Z,4.82,41.39,400.00,98.50,99.00,4.82,0.00,41.39,0.00,none
2024-07-06T08:00:00Z,0.00,46.77,400.00,98.50,99.00,0.00,0.00,46.77,0.00,none
2024-07-06T09:00:00Z,0.00,49.73,400.00,98.50,99.00,0.00,0.00,49.73,0.00,none
2024-07-06T10:00:00Z,0.00,51.35,400.00,98.50,99.00,0.00,0.00,51.35,0.00,none
2024-07-06T11:00:00Z,0.00,44.98,400.00,98.50,99.00,0.00,0.00,44.98,0.00,none
2024-07-06T12:00:00Z,0.00,31.91,400.00,98.50,99.00,0.00,0.00,31.91,0.00,none
2024-07-06T13:00:00Z,0.00,21.17,400.00,98.50,99.00,0.00,0.00,21.17,0.00,none
2024-07-06T14:00:00Z,0.00,10.31,400.00,98.50,99.00,0.00,0.00,10.31,0.00,none
2024-07-06T15:00:00Z,0.00,1.38,400.00,98.50,99.00,0.00,0.00,1.38,0.00,none
2024-07-06T16:00:00Z,0.00,0.00,400.00,98.50,99.00,0.00,0.00,0.00,0.00,none
2024-07-06T17:00:00Z,0.00,0.00,400.00,98.50,99.00,0.00,0.00,0.00,0.00,none
2024-07-06T18:00:00Z,0.36,0.00,400.00,98.50,99.00,0.36,0.00,0.00,0.00,none
2024-07-06T19:00:00Z,1.34,0.00,400.00,98.50,99.00,1.34,0.00,0.00,0.00,none
2024-07-06T20:00:00Z,0.08,0.00,400.00,98.50,99.00,0.08,0.00,0.00,0.00,none
2024-07-06T21:00:00Z,4.32,0.00,400.00,98.50,99.00,4.32,0.00,0.00,0.00,none
2024-07-06T22:00:00Z,16.23,0.00,400.00,98.50,99.00,16.23,0.00,0.00,0.00,none
2024-07-06T23:00:00Z,17.72,0.00,400.00,98.50,99.00,17.72,0.00,0.00,0.00,none
2024-07-07T00:00:00Z,12.02,0.00,400.00,98.50,99.00,12.02,0.00,0.00,0.00,none
2024-07-07T01:00:00Z,9.81,0.00,400.00,98.50,99.00,9.81,0.00,0.00,0.00,none
2024-07-07T02:00:00Z,13.76,0.00,400.00,98.50,99.00,13.76,0.00,0.00,0.00,none
2024-07-07T03:00:00Z,21.66,0.33,400.00,98.50,99.00,21.66,0.00,0.33,0.00,none
2024-07-07T04:00:00Z,52.75,6.53,400.00,98.50,99.00,52.75,0.00,6.53,0.00,none
2024-07-07T05:00:00Z,10.44,17.02,400.00,98.50,99.00,10.44,0.00,17.02,0.00,none
2024-07-07T06:00:00Z,0.00,28.91,400.00,98.50,99.00,0.00,0.00,28.91,0.00,none
2024-07-07T07:00:00Z,0.00,41.61,400.00,98.50,99.00,0.00,0.00,41.61,0.00,none
2024-07-07T08:00:00Z,0.00,44.34,400.00,98.50,99.00,0.00,0.00,44.34,0.00,none
2024-07-07T09:00:00Z,0.00,49.38,400.00,98.50,99.00,0.00,0.00,49.38,0.00,none
2024-07-07T10:00:00Z,0.00,44.76,400.00,98.50,99.00,0.00,0.00,44.76,0.00,none
2024-07-07T11:00:00Z,0.00,41.07,400.00,98.50,99.00,0.00,0.00,41.07,0.00,none
2024-07-07T12:00:00Z,2.26,33.22,400.00,98.50,99.00,2.26,0.00,33.22,0.00,none
2024-07-07T13:00:00Z,27.36,23.20,400.00,98.50,99.00,27.36,0.00,23.20,0.00,none
2024-07-07T14:00:00Z,102.70,11.09,400.00,98.50,99.00,102.70,0.00,11.09,0.00,none
2024-07-07T15:00:00Z,181.40,1.40,400.00,98.50,99.00,181.40,0.00,1.40,0.00,none
2024-07-07T16:00:00Z,177.10,0.00,400.00,98.50,99.00,177.10,0.00,0.00,0.00,none
2024-07-07T17:00:00Z,90.36,0.00,400.00,98.50,99.00,90.36,0.00,0.00,0.00,none
2024-07-07T18:00:00Z,22.37,0.00,400.00,98.50,99.00,22.37,0.00,0.00,0.00,none
2024-07-07T19:00:00Z,2.04,0.00,400.00,98.50,99.00,2.04,0.00,0.00,0.00,none
2024-07-07T20:00:00Z,0.00,0.00,400.00,98.50,99.00,0.00,0.00,0.00,0.00,none
2024-07-07T21:00:00Z,0.00,0.00,400.00,98.50,99.00,0.00,0.00,0.00,0.00,none
2024-07-07T22:00:00Z,0.00,0.00,400.00,98.50,99.00,0.00,0.00,0.00,0.00,none
2024-07-07T23:00:00Z,0.00,0.00,400.00,98.50,99.00,0.00,0.00,0.00,0.00,none
2024-07-08T00:00:00Z,0.00,0.00,400.00,98.50,99.00,0.00,0.00,0.00,0.00,none
2024-07-08T01:00:00Z,0.00,0.00,400.00,98.50,99.00,0.00,0.00,0.00,0.00,none
2024-07-08T02:00:00Z,0.00,0.00,400.00,98.50,99.00,0.00,0.00,0.00,0.00,none
2024-07-08T03:00:00Z,0.00,0.35,400.00,98.50,99.00,0.00,0.00,0.35,0.00,none
2024-07-08T04:00:00Z,0.00,6.33,400.00,98.50,99.00,0.00,0.00,6.33,0.00,none
2024-07-08T05:00:00Z,0.00,16.08,400.00,98.50,99.00,0.00,0.00,16.08,0.00,none
2024-07-08T06:00:00Z,0.00,28.45,400.00,98.50,99.00,0.00,0.00,28.45,0.00,none
2024-07-08T07:00:00Z,0.00,38.16,400.00,98.50,99.00,0.00,0.00,38.16,0.00,none
2024-07-08T08:00:00Z,0.00,44.32,400.00,98.50,99.00,0.00,0.00,44.32,0.00,none
2024-07-08T09:00:00Z,0.00,48.46,400.00,98.50,99.00,0.00,0.00,48.46,0.00,none
2024-07-08T10:00:00Z,0.00,48.62,400.00,98.50,99.00,0.00,0.00,48.62,0.00,none
2024-07-08T11:00:00Z,0.00,39.59,400.00,98.50,99.00,0.00,0.00,39.59,0.00,none
2024-07-08T12:00:00Z,0.00,33.15,400.00,98.50,99.00,0.00,0.00,33.15,0.00,none
2024-07-08T13:00:00Z,0.00,22.71,400.00,98.50,99.00,0.00,0.00,22.71,0.00,none
2024-07-08T14:00:00Z,0.00,10.40,400.00,98.50,99.00,0.00,0.00,10.40,0.00,none
2024-07-08T15:00:00Z,0.00,1.32,400.00,98.50,99.00,0.00,0.00,1.32,0.00,none
2024-07-08T16:00:00Z,0.00,0.00,400.00,98.50,99.00,0.00,0.00,0.00,0.00,none
2024-07-08T17:00:00Z,0.00,0.00,400.00,98.50,99.00,0.00,0.00,0.00,0.00,none
2024-07-08T18:00:00Z,0.00,0.00,400.00,98.50,99.00,0.00,0.00,0.00,0.00,none
2024-07-08T19:00:00Z,0.00,0.00,400.00,98.50,99.00,0.00,0.00,0.00,0.00,none
2024-07-08T20:00:00Z,0.00,0.00,400.00,98.50,99.00,0.00,0.00,0.00,0.00,none
2024-07-08T21:00:00Z,0.00,0.00,400.00,98.50,99.00,0.00,0.00,0.00,0.00,none
2024-07-08T22:00:00Z,0.99,0.00,400.00,98.50,99.00,0.99,0.00,0.00,0.00,none
2024-07-08T23:00:00Z,3.04,0.00,400.00,98.50,99.00,3.04,0.00,0.00,0.00,none
2024-07-09T00:00:00Z,2.59,0.00,400.00,98.50,99.00,2.59,0.00,0.00,0.00,none
2024-07-09T01:00:00Z,5.93,0.00,400.00,98.50,99.00,5.93,0.00,0.00,0.00,none
2024-07-09T02:00:00Z,4.44,0.00,400.00,98.50,99.00,4.44,0.00,0.00,0.00,none
2024-07-09T03:00:00Z,1.97,0.37,400.00,98.50,99.00,1.97,0.00,0.37,0.00,none
2024-07-09T04:00:00Z,11.33,7.22,400.00,98.50,99.00,11.33,0.00,7.22,0.00,none
2024-07-09T05:00:00Z,9.81,19.67,400.00,98.50,99.00,9.81,0.00,19.67,0.00,none
2024-07-09T06:00:00Z,0.71,33.47,400.00,98.50,99.00,0.71,0.00,33.47,0.00,none
2024-07-09T07:00:00Z,0.00,44.66,400.00,98.50,99.00,0.00,0.00,44.66,0.00,none
2024-07-09T08:00:00Z,0.00,50.59,400.00,98.50,99.00,0.00,0.00,50.59,0.00,none
2024-07-09T09:00:00Z,0.00,52.22,400.00,98.50,99.00,0.00,0.00,52.22,0.00,none
2024-07-09T10:00:00Z,0.00,52.18,400.00,98.50,99.00,0.00,0.00,52.18,0.00,none
2024-07-09T11:00:00Z,0.00,43.72,400.00,98.50,99.00,0.00,0.00,43.72,0.00,none
2024-07-09T12:00:00Z,0.00,33.37,400.00,98.50,99.00,0.00,0.00,33.37,0.00,none
2024-07-09T13:00:00Z,0.00,20.76,400.00,98.50,99.00,0.00,0.00,20.76,0.00,none
2024-07-09T14:00:00Z,0.00,10.31,400.00,98.50,99.00,0.00,0.00,10.31,0.00,none
2024-07-09T15:00:00Z,0.24,1.35,400.00,98.50,99.00,0.24,0.00,1.35,0.00,none
2024-07-09T16:00:00Z,3.14,0.00,400.00,98.50,99.00,3.14,0.00,0.00,0.00,none
2024-07-09T17:00:00Z,12.50,0.00,400.00,98.50,99.00,12.50,0.00,0.00,0.00,none
2024-07-09T18:00:00Z,33.50,0.00,400.00,98.50,99.00,33.50,0.00,0.00,0.00,none
2024-07-09T19:00:00Z,62.14,0.00,400.00,98.50,99.00,62.14,0.00,0.00,0.00,none
2024-07-09T20:00:00Z,79.89,0.00,400.00,98.50,99.00,79.89,0.00,0.00,0.00,none
2024-07-09T21:00:00Z,49.03,0.00,400.00,98.50,99.00,49.03,0.00,0.00,0.00,none
2024-07-09T22:00:00Z,66.49,0.00,400.00,98.50,99.00,66.49,0.00,0.00,0.00,none
2024-07-09T23:00:00Z,92.19,0.00,400.00,98.50,99.00,92.19,0.00,0.00,0.00,none
2024-07-10T00:00:00Z,152.69,0.00,400.00,98.50,99.00,152.69,0.00,0.00,0.00,none
2024-07-10T01:00:00Z,130.64,0.00,400.00,98.50,99.00,130.64,0.00,0.00,0.00,none
2024-07-10T02:00:00Z,128.33,0.00,400.00,98.50,99.00,128.33,0.00,0.00,0.00,none
2024-07-10T03:00:00Z,153.99,0.40,400.00,98.50,99.00,153.99,0.00,0.40,0.00,none
2024-07-10T04:00:00Z,305.60,7.93,400.00,98.50,99.00,305.60,0.00,4.40,3.53,wind_priority_shared_poi_headroom
2024-07-10T05:00:00Z,305.60,20.94,400.00,98.50,99.00,305.60,0.00,4.40,16.53,wind_priority_shared_poi_headroom
2024-07-10T06:00:00Z,305.60,34.30,400.00,98.50,99.00,305.60,0.00,4.40,29.90,wind_priority_shared_poi_headroom
2024-07-10T07:00:00Z,305.60,46.26,400.00,98.50,99.00,305.60,0.00,4.40,41.85,wind_priority_shared_poi_headroom
2024-07-10T08:00:00Z,236.87,53.01,400.00,98.50,99.00,236.87,0.00,53.01,0.00,none
2024-07-10T09:00:00Z,191.72,55.38,400.00,98.50,99.00,191.72,0.00,55.38,0.00,none
2024-07-10T10:00:00Z,194.73,54.36,400.00,98.50,99.00,194.73,0.00,54.36,0.00,none
2024-07-10T11:00:00Z,230.03,45.18,400.00,98.50,99.00,230.03,0.00,45.18,0.00,none
2024-07-10T12:00:00Z,278.88,35.01,400.00,98.50,99.00,278.88,0.00,31.12,3.89,wind_priority_shared_poi_headroom
2024-07-10T13:00:00Z,305.60,24.27,400.00,98.50,99.00,305.60,0.00,4.40,19.87,wind_priority_shared_poi_headroom
2024-07-10T14:00:00Z,305.60,11.28,400.00,98.50,99.00,305.60,0.00,4.40,6.88,wind_priority_shared_poi_headroom
2024-07-10T15:00:00Z,305.60,1.43,400.00,98.50,99.00,305.60,0.00,1.43,0.00,none
2024-07-10T16:00:00Z,292.58,0.00,400.00,98.50,99.00,292.58,0.00,0.00,0.00,none
2024-07-10T17:00:00Z,300.61,0.00,400.00,98.50,99.00,300.61,0.00,0.00,0.00,none
2024-07-10T18:00:00Z,185.78,0.00,400.00,98.50,99.00,185.78,0.00,0.00,0.00,none
2024-07-10T19:00:00Z,185.78,0.00,400.00,98.50,99.00,185.78,0.00,0.00,0.00,none
2024-07-10T20:00:00Z,249.18,0.00,400.00,98.50,99.00,249.18,0.00,0.00,0.00,none
2024-07-10T21:00:00Z,305.60,0.00,400.00,98.50,99.00,305.60,0.00,0.00,0.00,none
2024-07-10T22:00:00Z,305.60,0.00,400.00,98.50,99.00,305.60,0.00,0.00,0.00,none
2024-07-10T23:00:00Z,271.24,0.00,400.00,98.50,99.00,271.24,0.00,0.00,0.00,none
2024-07-11T00:00:00Z,235.15,0.00,400.00,98.50,99.00,235.15,0.00,0.00,0.00,none
2024-07-11T01:00:00Z,203.97,0.00,400.00,98.50,99.00,203.97,0.00,0.00,0.00,none
2024-07-11T02:00:00Z,181.40,0.00,400.00,98.50,99.00,181.40,0.00,0.00,0.00,none
2024-07-11T03:00:00Z,178.52,0.38,400.00,98.50,99.00,178.52,0.00,0.38,0.00,none
2024-07-11T04:00:00Z,305.60,7.34,400.00,98.50,99.00,305.60,0.00,4.40,2.94,wind_priority_shared_poi_headroom
2024-07-11T05:00:00Z,305.60,19.52,400.00,98.50,99.00,305.60,0.00,4.40,15.12,wind_priority_shared_poi_headroom
2024-07-11T06:00:00Z,305.60,32.58,400.00,98.50,99.00,305.60,0.00,4.40,28.18,wind_priority_shared_poi_headroom
2024-07-11T07:00:00Z,178.52,44.15,400.00,98.50,99.00,178.52,0.00,44.15,0.00,none
2024-07-11T08:00:00Z,87.66,50.15,400.00,98.50,99.00,87.66,0.00,50.15,0.00,none
2024-07-11T09:00:00Z,60.74,52.98,400.00,98.50,99.00,60.74,0.00,52.98,0.00,none
2024-07-11T10:00:00Z,66.49,46.12,400.00,98.50,99.00,66.49,0.00,46.12,0.00,none
2024-07-11T11:00:00Z,89.46,42.08,400.00,98.50,99.00,89.46,0.00,42.08,0.00,none
2024-07-11T12:00:00Z,126.05,33.07,400.00,98.50,99.00,126.05,0.00,33.07,0.00,none
2024-07-11T13:00:00Z,190.22,20.84,400.00,98.50,99.00,190.22,0.00,20.84,0.00,none
2024-07-11T14:00:00Z,271.24,10.20,400.00,98.50,99.00,271.24,0.00,10.20,0.00,none
2024-07-11T15:00:00Z,292.58,1.36,400.00,98.50,99.00,292.58,0.00,1.36,0.00,none
2024-07-11T16:00:00Z,164.59,0.00,400.00,98.50,99.00,164.59,0.00,0.00,0.00,none
2024-07-11T17:00:00Z,118.27,0.00,400.00,98.50,99.00,118.27,0.00,0.00,0.00,none
2024-07-11T18:00:00Z,138.95,0.00,400.00,98.50,99.00,138.95,0.00,0.00,0.00,none
2024-07-11T19:00:00Z,184.31,0.00,400.00,98.50,99.00,184.31,0.00,0.00,0.00,none
2024-07-11T20:00:00Z,221.66,0.00,400.00,98.50,99.00,221.66,0.00,0.00,0.00,none
2024-07-11T21:00:00Z,258.22,0.00,400.00,98.50,99.00,258.22,0.00,0.00,0.00,none
2024-07-11T22:00:00Z,282.75,0.00,400.00,98.50,99.00,282.75,0.00,0.00,0.00,none
2024-07-11T23:00:00Z,280.81,0.00,400.00,98.50,99.00,280.81,0.00,0.00,0.00,none
2024-07-12T00:00:00Z,265.61,0.00,400.00,98.50,99.00,265.61,0.00,0.00,0.00,none
2024-07-12T01:00:00Z,205.54,0.00,400.00,98.50,99.00,205.54,0.00,0.00,0.00,none
2024-07-12T02:00:00Z,305.60,0.00,400.00,98.50,99.00,305.60,0.00,0.00,0.00,none
2024-07-12T03:00:00Z,305.60,0.36,400.00,98.50,99.00,305.60,0.00,0.36,0.00,none
2024-07-12T04:00:00Z,305.60,7.29,400.00,98.50,99.00,305.60,0.00,4.40,2.89,wind_priority_shared_poi_headroom
2024-07-12T05:00:00Z,305.60,20.17,400.00,98.50,99.00,305.60,0.00,4.40,15.76,wind_priority_shared_poi_headroom
2024-07-12T06:00:00Z,273.14,34.15,400.00,98.50,99.00,273.14,0.00,34.15,0.00,none
2024-07-12T07:00:00Z,102.70,45.15,400.00,98.50,99.00,102.70,0.00,45.15,0.00,none
2024-07-12T08:00:00Z,24.59,52.76,400.00,98.50,99.00,24.59,0.00,52.76,0.00,none
2024-07-12T09:00:00Z,6.23,57.60,400.00,98.50,99.00,6.23,0.00,57.60,0.00,none
2024-07-12T10:00:00Z,2.68,55.45,400.00,98.50,99.00,2.68,0.00,55.45,0.00,none
2024-07-12T11:00:00Z,2.76,49.45,400.00,98.50,99.00,2.76,0.00,49.45,0.00,none
2024-07-12T12:00:00Z,6.54,38.91,400.00,98.50,99.00,6.54,0.00,38.91,0.00,none
2024-07-12T13:00:00Z,23.83,26.29,400.00,98.50,99.00,23.83,0.00,26.29,0.00,none
2024-07-12T14:00:00Z,82.43,12.41,400.00,98.50,99.00,82.43,0.00,12.41,0.00,none
2024-07-12T15:00:00Z,159.23,1.55,400.00,98.50,99.00,159.23,0.00,1.55,0.00,none
2024-07-12T16:00:00Z,174.27,0.00,400.00,98.50,99.00,174.27,0.00,0.00,0.00,none
2024-07-12T17:00:00Z,260.05,0.00,400.00,98.50,99.00,260.05,0.00,0.00,0.00,none
2024-07-12T18:00:00Z,305.60,0.00,400.00,98.50,99.00,305.60,0.00,0.00,0.00,none
2024-07-12T19:00:00Z,305.60,0.00,400.00,98.50,99.00,305.60,0.00,0.00,0.00,none
2024-07-12T20:00:00Z,305.60,0.00,400.00,98.50,99.00,305.60,0.00,0.00,0.00,none
2024-07-12T21:00:00Z,305.60,0.00,400.00,98.50,99.00,305.60,0.00,0.00,0.00,none
2024-07-12T22:00:00Z,305.60,0.00,400.00,98.50,99.00,305.60,0.00,0.00,0.00,none
2024-07-12T23:00:00Z,305.60,0.00,400.00,98.50,99.00,305.60,0.00,0.00,0.00,none
2024-07-13T00:00:00Z,305.60,0.00,400.00,98.50,99.00,305.60,0.00,0.00,0.00,none
2024-07-13T01:00:00Z,305.60,0.00,400.00,98.50,99.00,305.60,0.00,0.00,0.00,none
2024-07-13T02:00:00Z,305.60,0.00,400.00,98.50,99.00,305.60,0.00,0.00,0.00,none
2024-07-13T03:00:00Z,305.60,0.39,400.00,98.50,99.00,305.60,0.00,0.39,0.00,none
2024-07-13T04:00:00Z,305.60,8.88,400.00,98.50,99.00,305.60,0.00,4.40,4.48,wind_priority_shared_poi_headroom
2024-07-13T05:00:00Z,305.60,22.21,400.00,98.50,99.00,305.60,0.00,4.40,17.81,wind_priority_shared_poi_headroom
2024-07-13T06:00:00Z,177.10,35.75,400.00,98.50,99.00,177.10,0.00,35.75,0.00,none
2024-07-13T07:00:00Z,57.31,46.86,400.00,98.50,99.00,57.31,0.00,46.86,0.00,none
2024-07-13T08:00:00Z,16.81,54.20,400.00,98.50,99.00,16.81,0.00,54.20,0.00,none
2024-07-13T09:00:00Z,6.23,57.99,400.00,98.50,99.00,6.23,0.00,57.99,0.00,none
2024-07-13T10:00:00Z,4.09,55.14,400.00,98.50,99.00,4.09,0.00,55.14,0.00,none
2024-07-13T11:00:00Z,6.07,49.82,400.00,98.50,99.00,6.07,0.00,49.82,0.00,none
2024-07-13T12:00:00Z,13.76,39.84,400.00,98.50,99.00,13.76,0.00,39.84,0.00,none
2024-07-13T13:00:00Z,37.40,27.14,400.00,98.50,99.00,37.40,0.00,27.14,0.00,none
2024-07-13T14:00:00Z,94.05,12.75,400.00,98.50,99.00,94.05,0.00,12.75,0.00,none
2024-07-13T15:00:00Z,156.59,1.57,400.00,98.50,99.00,156.59,0.00,1.57,0.00,none
2024-07-13T16:00:00Z,159.23,0.00,400.00,98.50,99.00,159.23,0.00,0.00,0.00,none
2024-07-13T17:00:00Z,200.86,0.00,400.00,98.50,99.00,200.86,0.00,0.00,0.00,none
2024-07-13T18:00:00Z,250.97,0.00,400.00,98.50,99.00,250.97,0.00,0.00,0.00,none
2024-07-13T19:00:00Z,305.60,0.00,400.00,98.50,99.00,305.60,0.00,0.00,0.00,none
2024-07-13T20:00:00Z,305.60,0.00,400.00,98.50,99.00,305.60,0.00,0.00,0.00,none
2024-07-13T21:00:00Z,305.60,0.00,400.00,98.50,99.00,305.60,0.00,0.00,0.00,none
2024-07-13T22:00:00Z,305.60,0.00,400.00,98.50,99.00,305.60,0.00,0.00,0.00,none
2024-07-13T23:00:00Z,305.60,0.00,400.00,98.50,99.00,305.60,0.00,0.00,0.00,none
2024-07-14T00:00:00Z,305.60,0.00,400.00,98.50,99.00,305.60,0.00,0.00,0.00,none
2024-07-14T01:00:00Z,305.60,0.00,400.00,98.50,99.00,305.60,0.00,0.00,0.00,none
2024-07-14T02:00:00Z,305.60,0.00,400.00,98.50,99.00,305.60,0.00,0.00,0.00,none
2024-07-14T03:00:00Z,305.60,0.34,400.00,98.50,99.00,305.60,0.00,0.34,0.00,none
2024-07-14T04:00:00Z,305.60,7.56,400.00,98.50,99.00,305.60,0.00,4.40,3.15,wind_priority_shared_poi_headroom
2024-07-14T05:00:00Z,305.60,20.90,400.00,98.50,99.00,305.60,0.00,4.40,16.49,wind_priority_shared_poi_headroom
2024-07-14T06:00:00Z,147.59,34.90,400.00,98.50,99.00,147.59,0.00,34.90,0.00,none
2024-07-14T07:00:00Z,15.37,46.52,400.00,98.50,99.00,15.37,0.00,46.52,0.00,none
2024-07-14T08:00:00Z,0.00,53.86,400.00,98.50,99.00,0.00,0.00,53.86,0.00,none
2024-07-14T09:00:00Z,0.00,55.57,400.00,98.50,99.00,0.00,0.00,55.57,0.00,none
2024-07-14T10:00:00Z,0.00,53.64,400.00,98.50,99.00,0.00,0.00,53.64,0.00,none
2024-07-14T11:00:00Z,0.00,45.67,400.00,98.50,99.00,0.00,0.00,45.67,0.00,none
2024-07-14T12:00:00Z,0.00,38.38,400.00,98.50,99.00,0.00,0.00,38.38,0.00,none
2024-07-14T13:00:00Z,0.00,26.03,400.00,98.50,99.00,0.00,0.00,26.03,0.00,none
2024-07-14T14:00:00Z,0.00,12.64,400.00,98.50,99.00,0.00,0.00,12.64,0.00,none
2024-07-14T15:00:00Z,0.07,1.52,400.00,98.50,99.00,0.07,0.00,1.52,0.00,none
2024-07-14T16:00:00Z,3.54,0.00,400.00,98.50,99.00,3.54,0.00,0.00,0.00,none
2024-07-14T17:00:00Z,28.18,0.00,400.00,98.50,99.00,28.18,0.00,0.00,0.00,none
2024-07-14T18:00:00Z,120.46,0.00,400.00,98.50,99.00,120.46,0.00,0.00,0.00,none
2024-07-14T19:00:00Z,305.60,0.00,400.00,98.50,99.00,305.60,0.00,0.00,0.00,none
2024-07-14T20:00:00Z,305.60,0.00,400.00,98.50,99.00,305.60,0.00,0.00,0.00,none
2024-07-14T21:00:00Z,305.60,0.00,400.00,98.50,99.00,305.60,0.00,0.00,0.00,none
2024-07-14T22:00:00Z,305.60,0.00,400.00,98.50,99.00,305.60,0.00,0.00,0.00,none
2024-07-14T23:00:00Z,305.60,0.00,400.00,98.50,99.00,305.60,0.00,0.00,0.00,none
2024-07-15T00:00:00Z,305.60,0.00,400.00,98.50,99.00,305.60,0.00,0.00,0.00,none
2024-07-15T01:00:00Z,305.60,0.00,400.00,98.50,99.00,305.60,0.00,0.00,0.00,none
2024-07-15T02:00:00Z,305.60,0.00,400.00,98.50,99.00,305.60,0.00,0.00,0.00,none
2024-07-15T03:00:00Z,302.64,0.35,400.00,98.50,99.00,302.64,0.00,0.35,0.00,none
2024-07-15T04:00:00Z,305.60,7.56,400.00,98.50,99.00,305.60,0.00,4.40,3.16,wind_priority_shared_poi_headroom
2024-07-15T05:00:00Z,305.60,20.83,400.00,98.50,99.00,305.60,0.00,4.40,16.43,wind_priority_shared_poi_headroom
2024-07-15T06:00:00Z,210.29,34.04,400.00,98.50,99.00,210.29,0.00,34.04,0.00,none
2024-07-15T07:00:00Z,33.04,44.99,400.00,98.50,99.00,33.04,0.00,44.99,0.00,none
2024-07-15T08:00:00Z,1.18,49.64,400.00,98.50,99.00,1.18,0.00,49.64,0.00,none
2024-07-15T09:00:00Z,0.00,43.75,400.00,98.50,99.00,0.00,0.00,43.75,0.00,none
2024-07-15T10:00:00Z,0.00,44.85,400.00,98.50,99.00,0.00,0.00,44.85,0.00,none
2024-07-15T11:00:00Z,0.00,36.19,400.00,98.50,99.00,0.00,0.00,36.19,0.00,none
2024-07-15T12:00:00Z,0.00,31.57,400.00,98.50,99.00,0.00,0.00,31.57,0.00,none
2024-07-15T13:00:00Z,0.00,22.79,400.00,98.50,99.00,0.00,0.00,22.79,0.00,none
2024-07-15T14:00:00Z,0.00,10.80,400.00,98.50,99.00,0.00,0.00,10.80,0.00,none
2024-07-15T15:00:00Z,0.00,1.39,400.00,98.50,99.00,0.00,0.00,1.39,0.00,none
2024-07-15T16:00:00Z,4.44,0.00,400.00,98.50,99.00,4.44,0.00,0.00,0.00,none
2024-07-15T17:00:00Z,19.95,0.00,400.00,98.50,99.00,19.95,0.00,0.00,0.00,none
2024-07-15T18:00:00Z,57.99,0.00,400.00,98.50,99.00,57.99,0.00,0.00,0.00,none
2024-07-15T19:00:00Z,126.05,0.00,400.00,98.50,99.00,126.05,0.00,0.00,0.00,none
2024-07-15T20:00:00Z,211.89,0.00,400.00,98.50,99.00,211.89,0.00,0.00,0.00,none
2024-07-15T21:00:00Z,305.60,0.00,400.00,98.50,99.00,305.60,0.00,0.00,0.00,none
2024-07-15T22:00:00Z,305.60,0.00,400.00,98.50,99.00,305.60,0.00,0.00,0.00,none
2024-07-15T23:00:00Z,305.60,0.00,400.00,98.50,99.00,305.60,0.00,0.00,0.00,none
2024-07-16T00:00:00Z,305.60,0.00,400.00,98.50,99.00,305.60,0.00,0.00,0.00,none
2024-07-16T01:00:00Z,305.60,0.00,400.00,98.50,99.00,305.60,0.00,0.00,0.00,none
2024-07-16T02:00:00Z,305.60,0.00,400.00,98.50,99.00,305.60,0.00,0.00,0.00,none
2024-07-16T03:00:00Z,305.60,0.29,400.00,98.50,99.00,305.60,0.00,0.29,0.00,none
2024-07-16T04:00:00Z,305.60,5.50,400.00,98.50,99.00,305.60,0.00,4.40,1.10,wind_priority_shared_poi_headroom
2024-07-16T05:00:00Z,245.62,14.43,400.00,98.50,99.00,245.62,0.00,14.43,0.00,none
2024-07-16T06:00:00Z,82.43,25.04,400.00,98.50,99.00,82.43,0.00,25.04,0.00,none
2024-07-16T07:00:00Z,9.40,36.53,400.00,98.50,99.00,9.40,0.00,36.53,0.00,none
2024-07-16T08:00:00Z,0.03,46.48,400.00,98.50,99.00,0.03,0.00,46.48,0.00,none
2024-07-16T09:00:00Z,0.00,47.01,400.00,98.50,99.00,0.00,0.00,47.01,0.00,none
2024-07-16T10:00:00Z,0.00,43.69,400.00,98.50,99.00,0.00,0.00,43.69,0.00,none
2024-07-16T11:00:00Z,0.00,39.30,400.00,98.50,99.00,0.00,0.00,39.30,0.00,none
2024-07-16T12:00:00Z,0.00,31.70,400.00,98.50,99.00,0.00,0.00,31.70,0.00,none
2024-07-16T13:00:00Z,0.00,19.72,400.00,98.50,99.00,0.00,0.00,19.72,0.00,none
2024-07-16T14:00:00Z,0.00,9.71,400.00,98.50,99.00,0.00,0.00,9.71,0.00,none
2024-07-16T15:00:00Z,0.00,1.22,400.00,98.50,99.00,0.00,0.00,1.22,0.00,none
2024-07-16T16:00:00Z,0.09,0.00,400.00,98.50,99.00,0.09,0.00,0.00,0.00,none
2024-07-16T17:00:00Z,3.54,0.00,400.00,98.50,99.00,3.54,0.00,0.00,0.00,none
2024-07-16T18:00:00Z,9.81,0.00,400.00,98.50,99.00,9.81,0.00,0.00,0.00,none
2024-07-16T19:00:00Z,14.29,0.00,400.00,98.50,99.00,14.29,0.00,0.00,0.00,none
2024-07-16T20:00:00Z,26.14,0.00,400.00,98.50,99.00,26.14,0.00,0.00,0.00,none
2024-07-16T21:00:00Z,83.29,0.00,400.00,98.50,99.00,83.29,0.00,0.00,0.00,none
2024-07-16T22:00:00Z,151.41,0.00,400.00,98.50,99.00,151.41,0.00,0.00,0.00,none
2024-07-16T23:00:00Z,256.39,0.00,400.00,98.50,99.00,256.39,0.00,0.00,0.00,none
2024-07-17T00:00:00Z,305.60,0.00,400.00,98.50,99.00,305.60,0.00,0.00,0.00,none
2024-07-17T01:00:00Z,265.61,0.00,400.00,98.50,99.00,265.61,0.00,0.00,0.00,none
2024-07-17T02:00:00Z,213.50,0.00,400.00,98.50,99.00,213.50,0.00,0.00,0.00,none
2024-07-17T03:00:00Z,174.27,0.29,400.00,98.50,99.00,174.27,0.00,0.29,0.00,none
2024-07-17T04:00:00Z,235.15,5.34,400.00,98.50,99.00,235.15,0.00,5.34,0.00,none
2024-07-17T05:00:00Z,273.14,13.53,400.00,98.50,99.00,273.14,0.00,13.53,0.00,none
2024-07-17T06:00:00Z,245.62,21.94,400.00,98.50,99.00,245.62,0.00,21.94,0.00,none
2024-07-17T07:00:00Z,160.56,34.10,400.00,98.50,99.00,160.56,0.00,34.10,0.00,none
2024-07-17T08:00:00Z,74.17,42.95,400.00,98.50,99.00,74.17,0.00,42.95,0.00,none
2024-07-17T09:00:00Z,31.66,45.93,400.00,98.50,99.00,31.66,0.00,45.93,0.00,none
2024-07-17T10:00:00Z,23.46,37.91,400.00,98.50,99.00,23.46,0.00,37.91,0.00,none
2024-07-17T11:00:00Z,28.60,33.32,400.00,98.50,99.00,28.60,0.00,33.32,0.00,none
2024-07-17T12:00:00Z,32.57,25.52,400.00,98.50,99.00,32.57,0.00,25.52,0.00,none
2024-07-17T13:00:00Z,32.57,15.90,400.00,98.50,99.00,32.57,0.00,15.90,0.00,none
2024-07-17T14:00:00Z,33.97,7.69,400.00,98.50,99.00,33.97,0.00,7.69,0.00,none
2024-07-17T15:00:00Z,31.66,1.05,400.00,98.50,99.00,31.66,0.00,1.05,0.00,none
2024-07-17T16:00:00Z,23.83,0.00,400.00,98.50,99.00,23.83,0.00,0.00,0.00,none
2024-07-17T17:00:00Z,19.30,0.00,400.00,98.50,99.00,19.30,0.00,0.00,0.00,none
2024-07-17T18:00:00Z,18.65,0.00,400.00,98.50,99.00,18.65,0.00,0.00,0.00,none
2024-07-17T19:00:00Z,21.31,0.00,400.00,98.50,99.00,21.31,0.00,0.00,0.00,none
2024-07-17T20:00:00Z,46.07,0.00,400.00,98.50,99.00,46.07,0.00,0.00,0.00,none
2024-07-17T21:00:00Z,100.73,0.00,400.00,98.50,99.00,100.73,0.00,0.00,0.00,none
2024-07-17T22:00:00Z,106.71,0.00,400.00,98.50,99.00,106.71,0.00,0.00,0.00,none
2024-07-17T23:00:00Z,119.36,0.00,400.00,98.50,99.00,119.36,0.00,0.00,0.00,none
2024-07-18T00:00:00Z,129.48,0.00,400.00,98.50,99.00,129.48,0.00,0.00,0.00,none
2024-07-18T01:00:00Z,163.24,0.00,400.00,98.50,99.00,163.24,0.00,0.00,0.00,none
2024-07-18T02:00:00Z,215.12,0.00,400.00,98.50,99.00,215.12,0.00,0.00,0.00,none
2024-07-18T03:00:00Z,171.47,0.15,400.00,98.50,99.00,171.47,0.00,0.15,0.00,none
2024-07-18T04:00:00Z,288.62,2.93,400.00,98.50,99.00,288.62,0.00,2.93,0.00,none
2024-07-18T05:00:00Z,261.90,9.12,400.00,98.50,99.00,261.90,0.00,9.12,0.00,none
2024-07-18T06:00:00Z,164.59,15.96,400.00,98.50,99.00,164.59,0.00,15.96,0.00,none
2024-07-18T07:00:00Z,81.58,21.79,400.00,98.50,99.00,81.58,0.00,21.79,0.00,none
2024-07-18T08:00:00Z,23.46,26.79,400.00,98.50,99.00,23.46,0.00,26.79,0.00,none
2024-07-18T09:00:00Z,1.51,31.43,400.00,98.50,99.00,1.51,0.00,31.43,0.00,none
2024-07-18T10:00:00Z,0.00,34.73,400.00,98.50,99.00,0.00,0.00,34.73,0.00,none
2024-07-18T11:00:00Z,0.00,28.76,400.00,98.50,99.00,0.00,0.00,28.76,0.00,none
2024-07-18T12:00:00Z,0.00,24.25,400.00,98.50,99.00,0.00,0.00,24.25,0.00,none
2024-07-18T13:00:00Z,0.00,16.44,400.00,98.50,99.00,0.00,0.00,16.44,0.00,none
2024-07-18T14:00:00Z,0.00,7.66,400.00,98.50,99.00,0.00,0.00,7.66,0.00,none
2024-07-18T15:00:00Z,0.00,0.94,400.00,98.50,99.00,0.00,0.00,0.94,0.00,none
2024-07-18T16:00:00Z,0.58,0.00,400.00,98.50,99.00,0.58,0.00,0.00,0.00,none
2024-07-18T17:00:00Z,5.49,0.00,400.00,98.50,99.00,5.49,0.00,0.00,0.00,none
2024-07-18T18:00:00Z,22.37,0.00,400.00,98.50,99.00,22.37,0.00,0.00,0.00,none
2024-07-18T19:00:00Z,38.93,0.00,400.00,98.50,99.00,38.93,0.00,0.00,0.00,none
2024-07-18T20:00:00Z,39.45,0.00,400.00,98.50,99.00,39.45,0.00,0.00,0.00,none
2024-07-18T21:00:00Z,70.26,0.00,400.00,98.50,99.00,70.26,0.00,0.00,0.00,none
2024-07-18T22:00:00Z,126.05,0.00,400.00,98.50,99.00,126.05,0.00,0.00,0.00,none
2024-07-18T23:00:00Z,249.18,0.00,400.00,98.50,99.00,249.18,0.00,0.00,0.00,none
2024-07-19T00:00:00Z,305.60,0.00,400.00,98.50,99.00,305.60,0.00,0.00,0.00,none
2024-07-19T01:00:00Z,305.60,0.00,400.00,98.50,99.00,305.60,0.00,0.00,0.00,none
2024-07-19T02:00:00Z,271.24,0.00,400.00,98.50,99.00,271.24,0.00,0.00,0.00,none
2024-07-19T03:00:00Z,211.89,0.23,400.00,98.50,99.00,211.89,0.00,0.23,0.00,none
2024-07-19T04:00:00Z,305.60,5.72,400.00,98.50,99.00,305.60,0.00,4.40,1.32,wind_priority_shared_poi_headroom
2024-07-19T05:00:00Z,260.05,15.98,400.00,98.50,99.00,260.05,0.00,15.98,0.00,none
2024-07-19T06:00:00Z,55.98,28.94,400.00,98.50,99.00,55.98,0.00,28.94,0.00,none
2024-07-19T07:00:00Z,1.57,39.79,400.00,98.50,99.00,1.57,0.00,39.79,0.00,none
2024-07-19T08:00:00Z,0.00,47.84,400.00,98.50,99.00,0.00,0.00,47.84,0.00,none
2024-07-19T09:00:00Z,0.00,50.41,400.00,98.50,99.00,0.00,0.00,50.41,0.00,none
2024-07-19T10:00:00Z,0.00,44.33,400.00,98.50,99.00,0.00,0.00,44.33,0.00,none
2024-07-19T11:00:00Z,0.00,27.54,400.00,98.50,99.00,0.00,0.00,27.54,0.00,none
2024-07-19T12:00:00Z,0.00,27.05,400.00,98.50,99.00,0.00,0.00,27.05,0.00,none
2024-07-19T13:00:00Z,1.29,19.17,400.00,98.50,99.00,1.29,0.00,19.17,0.00,none
2024-07-19T14:00:00Z,10.23,8.86,400.00,98.50,99.00,10.23,0.00,8.86,0.00,none
2024-07-19T15:00:00Z,30.33,1.20,400.00,98.50,99.00,30.33,0.00,1.20,0.00,none
2024-07-19T16:00:00Z,60.04,0.00,400.00,98.50,99.00,60.04,0.00,0.00,0.00,none
2024-07-19T17:00:00Z,85.02,0.00,400.00,98.50,99.00,85.02,0.00,0.00,0.00,none
2024-07-19T18:00:00Z,74.97,0.00,400.00,98.50,99.00,74.97,0.00,0.00,0.00,none
2024-07-19T19:00:00Z,83.29,0.00,400.00,98.50,99.00,83.29,0.00,0.00,0.00,none
2024-07-19T20:00:00Z,96.87,0.00,400.00,98.50,99.00,96.87,0.00,0.00,0.00,none
2024-07-19T21:00:00Z,120.46,0.00,400.00,98.50,99.00,120.46,0.00,0.00,0.00,none
2024-07-19T22:00:00Z,143.85,0.00,400.00,98.50,99.00,143.85,0.00,0.00,0.00,none
2024-07-19T23:00:00Z,140.16,0.00,400.00,98.50,99.00,140.16,0.00,0.00,0.00,none
2024-07-20T00:00:00Z,101.71,0.00,400.00,98.50,99.00,101.71,0.00,0.00,0.00,none
2024-07-20T01:00:00Z,58.67,0.00,400.00,98.50,99.00,58.67,0.00,0.00,0.00,none
2024-07-20T02:00:00Z,52.75,0.00,400.00,98.50,99.00,52.75,0.00,0.00,0.00,none
2024-07-20T03:00:00Z,75.78,0.16,400.00,98.50,99.00,75.78,0.00,0.16,0.00,none
2024-07-20T04:00:00Z,159.23,4.38,400.00,98.50,99.00,159.23,0.00,4.38,0.00,none
2024-07-20T05:00:00Z,115.04,12.63,400.00,98.50,99.00,115.04,0.00,12.63,0.00,none
2024-07-20T06:00:00Z,30.33,22.98,400.00,98.50,99.00,30.33,0.00,22.98,0.00,none
2024-07-20T07:00:00Z,0.71,34.90,400.00,98.50,99.00,0.71,0.00,34.90,0.00,none
2024-07-20T08:00:00Z,0.00,41.83,400.00,98.50,99.00,0.00,0.00,41.83,0.00,none
2024-07-20T09:00:00Z,0.00,48.25,400.00,98.50,99.00,0.00,0.00,48.25,0.00,none
2024-07-20T10:00:00Z,0.00,43.99,400.00,98.50,99.00,0.00,0.00,43.99,0.00,none
2024-07-20T11:00:00Z,0.00,31.54,400.00,98.50,99.00,0.00,0.00,31.54,0.00,none
2024-07-20T12:00:00Z,0.00,26.41,400.00,98.50,99.00,0.00,0.00,26.41,0.00,none
2024-07-20T13:00:00Z,0.00,18.88,400.00,98.50,99.00,0.00,0.00,18.88,0.00,none
2024-07-20T14:00:00Z,0.00,9.38,400.00,98.50,99.00,0.00,0.00,9.38,0.00,none
2024-07-20T15:00:00Z,0.00,1.29,400.00,98.50,99.00,0.00,0.00,1.29,0.00,none
2024-07-20T16:00:00Z,0.00,0.00,400.00,98.50,99.00,0.00,0.00,0.00,0.00,none
2024-07-20T17:00:00Z,0.00,0.00,400.00,98.50,99.00,0.00,0.00,0.00,0.00,none
2024-07-20T18:00:00Z,0.00,0.00,400.00,98.50,99.00,0.00,0.00,0.00,0.00,none
2024-07-20T19:00:00Z,0.00,0.00,400.00,98.50,99.00,0.00,0.00,0.00,0.00,none
2024-07-20T20:00:00Z,0.13,0.00,400.00,98.50,99.00,0.13,0.00,0.00,0.00,none
2024-07-20T21:00:00Z,0.32,0.00,400.00,98.50,99.00,0.32,0.00,0.00,0.00,none
2024-07-20T22:00:00Z,6.23,0.00,400.00,98.50,99.00,6.23,0.00,0.00,0.00,none
2024-07-20T23:00:00Z,15.94,0.00,400.00,98.50,99.00,15.94,0.00,0.00,0.00,none
2024-07-21T00:00:00Z,15.94,0.00,400.00,98.50,99.00,15.94,0.00,0.00,0.00,none
2024-07-21T01:00:00Z,16.23,0.00,400.00,98.50,99.00,16.23,0.00,0.00,0.00,none
2024-07-21T02:00:00Z,15.37,0.00,400.00,98.50,99.00,15.37,0.00,0.00,0.00,none
2024-07-21T03:00:00Z,13.50,0.30,400.00,98.50,99.00,13.50,0.00,0.30,0.00,none
2024-07-21T04:00:00Z,41.04,6.05,400.00,98.50,99.00,41.04,0.00,6.05,0.00,none
2024-07-21T05:00:00Z,27.36,15.39,400.00,98.50,99.00,27.36,0.00,15.39,0.00,none
2024-07-21T06:00:00Z,6.54,27.19,400.00,98.50,99.00,6.54,0.00,27.19,0.00,none
2024-07-21T07:00:00Z,0.75,44.97,400.00,98.50,99.00,0.75,0.00,44.97,0.00,none
2024-07-21T08:00:00Z,0.00,53.17,400.00,98.50,99.00,0.00,0.00,53.17,0.00,none
2024-07-21T09:00:00Z,0.00,55.15,400.00,98.50,99.00,0.00,0.00,55.15,0.00,none
2024-07-21T10:00:00Z,0.00,47.65,400.00,98.50,99.00,0.00,0.00,47.65,0.00,none
2024-07-21T11:00:00Z,0.00,44.68,400.00,98.50,99.00,0.00,0.00,44.68,0.00,none
2024-07-21T12:00:00Z,0.00,36.55,400.00,98.50,99.00,0.00,0.00,36.55,0.00,none
2024-07-21T13:00:00Z,0.00,24.02,400.00,98.50,99.00,0.00,0.00,24.02,0.00,none
2024-07-21T14:00:00Z,0.00,11.35,400.00,98.50,99.00,0.00,0.00,11.35,0.00,none
2024-07-21T15:00:00Z,0.06,1.45,400.00,98.50,99.00,0.06,0.00,1.45,0.00,none
2024-07-21T16:00:00Z,1.90,0.00,400.00,98.50,99.00,1.90,0.00,0.00,0.00,none
2024-07-21T17:00:00Z,8.81,0.00,400.00,98.50,99.00,8.81,0.00,0.00,0.00,none
2024-07-21T18:00:00Z,20.29,0.00,400.00,98.50,99.00,20.29,0.00,0.00,0.00,none
2024-07-21T19:00:00Z,34.93,0.00,400.00,98.50,99.00,34.93,0.00,0.00,0.00,none
2024-07-21T20:00:00Z,62.14,0.00,400.00,98.50,99.00,62.14,0.00,0.00,0.00,none
2024-07-21T21:00:00Z,94.05,0.00,400.00,98.50,99.00,94.05,0.00,0.00,0.00,none
2024-07-21T22:00:00Z,235.15,0.00,400.00,98.50,99.00,235.15,0.00,0.00,0.00,none
2024-07-21T23:00:00Z,223.32,0.00,400.00,98.50,99.00,223.32,0.00,0.00,0.00,none
2024-07-22T00:00:00Z,187.25,0.00,400.00,98.50,99.00,187.25,0.00,0.00,0.00,none
2024-07-22T01:00:00Z,172.86,0.00,400.00,98.50,99.00,172.86,0.00,0.00,0.00,none
2024-07-22T02:00:00Z,168.69,0.00,400.00,98.50,99.00,168.69,0.00,0.00,0.00,none
2024-07-22T03:00:00Z,150.13,0.27,400.00,98.50,99.00,150.13,0.00,0.27,0.00,none
2024-07-22T04:00:00Z,193.22,5.55,400.00,98.50,99.00,193.22,0.00,5.55,0.00,none
2024-07-22T05:00:00Z,137.74,14.56,400.00,98.50,99.00,137.74,0.00,14.56,0.00,none
2024-07-22T06:00:00Z,53.38,25.99,400.00,98.50,99.00,53.38,0.00,25.99,0.00,none
2024-07-22T07:00:00Z,17.11,39.19,400.00,98.50,99.00,17.11,0.00,39.19,0.00,none
2024-07-22T08:00:00Z,7.70,44.85,400.00,98.50,99.00,7.70,0.00,44.85,0.00,none
2024-07-22T09:00:00Z,5.78,50.29,400.00,98.50,99.00,5.78,0.00,50.29,0.00,none
2024-07-22T10:00:00Z,5.64,49.90,400.00,98.50,99.00,5.64,0.00,49.90,0.00,none
2024-07-22T11:00:00Z,7.36,43.68,400.00,98.50,99.00,7.36,0.00,43.68,0.00,none
2024-07-22T12:00:00Z,13.50,31.64,400.00,98.50,99.00,13.50,0.00,31.64,0.00,none
2024-07-22T13:00:00Z,27.36,21.01,400.00,98.50,99.00,27.36,0.00,21.01,0.00,none
2024-07-22T14:00:00Z,46.65,9.68,400.00,98.50,99.00,46.65,0.00,9.68,0.00,none
2024-07-22T15:00:00Z,67.23,1.08,400.00,98.50,99.00,67.23,0.00,1.08,0.00,none
2024-07-22T16:00:00Z,80.73,0.00,400.00,98.50,99.00,80.73,0.00,0.00,0.00,none
2024-07-22T17:00:00Z,129.48,0.00,400.00,98.50,99.00,129.48,0.00,0.00,0.00,none
2024-07-22T18:00:00Z,175.68,0.00,400.00,98.50,99.00,175.68,0.00,0.00,0.00,none
2024-07-22T19:00:00Z,263.75,0.00,400.00,98.50,99.00,263.75,0.00,0.00,0.00,none
2024-07-22T20:00:00Z,305.60,0.00,400.00,98.50,99.00,305.60,0.00,0.00,0.00,none
2024-07-22T21:00:00Z,305.60,0.00,400.00,98.50,99.00,305.60,0.00,0.00,0.00,none
2024-07-22T22:00:00Z,305.60,0.00,400.00,98.50,99.00,305.60,0.00,0.00,0.00,none
2024-07-22T23:00:00Z,305.60,0.00,400.00,98.50,99.00,305.60,0.00,0.00,0.00,none
2024-07-23T00:00:00Z,305.60,0.00,400.00,98.50,99.00,305.60,0.00,0.00,0.00,none
2024-07-23T01:00:00Z,252.77,0.00,400.00,98.50,99.00,252.77,0.00,0.00,0.00,none
2024-07-23T02:00:00Z,207.12,0.00,400.00,98.50,99.00,207.12,0.00,0.00,0.00,none
2024-07-23T03:00:00Z,191.72,0.25,400.00,98.50,99.00,191.72,0.00,0.25,0.00,none
2024-07-23T04:00:00Z,256.39,6.36,400.00,98.50,99.00,256.39,0.00,6.36,0.00,none
2024-07-23T05:00:00Z,284.70,16.88,400.00,98.50,99.00,284.70,0.00,16.88,0.00,none
2024-07-23T06:00:00Z,187.25,29.35,400.00,98.50,99.00,187.25,0.00,29.35,0.00,none
2024-07-23T07:00:00Z,67.23,42.22,400.00,98.50,99.00,67.23,0.00,42.22,0.00,none
2024-07-23T08:00:00Z,14.55,49.33,400.00,98.50,99.00,14.55,0.00,49.33,0.00,none
2024-07-23T09:00:00Z,2.04,53.69,400.00,98.50,99.00,2.04,0.00,53.69,0.00,none
2024-07-23T10:00:00Z,0.54,51.33,400.00,98.50,99.00,0.54,0.00,51.33,0.00,none
2024-07-23T11:00:00Z,0.78,43.88,400.00,98.50,99.00,0.78,0.00,43.88,0.00,none
2024-07-23T12:00:00Z,2.04,34.57,400.00,98.50,99.00,2.04,0.00,34.57,0.00,none
2024-07-23T13:00:00Z,6.23,22.91,400.00,98.50,99.00,6.23,0.00,22.91,0.00,none
2024-07-23T14:00:00Z,18.03,11.39,400.00,98.50,99.00,18.03,0.00,11.39,0.00,none
2024-07-23T15:00:00Z,36.89,1.66,400.00,98.50,99.00,36.89,0.00,1.66,0.00,none
2024-07-23T16:00:00Z,79.89,0.00,400.00,98.50,99.00,79.89,0.00,0.00,0.00,none
2024-07-23T17:00:00Z,136.54,0.00,400.00,98.50,99.00,136.54,0.00,0.00,0.00,none
2024-07-23T18:00:00Z,202.41,0.00,400.00,98.50,99.00,202.41,0.00,0.00,0.00,none
2024-07-23T19:00:00Z,178.52,0.00,400.00,98.50,99.00,178.52,0.00,0.00,0.00,none
2024-07-23T20:00:00Z,128.33,0.00,400.00,98.50,99.00,128.33,0.00,0.00,0.00,none
2024-07-23T21:00:00Z,155.29,0.00,400.00,98.50,99.00,155.29,0.00,0.00,0.00,none
2024-07-23T22:00:00Z,215.12,0.00,400.00,98.50,99.00,215.12,0.00,0.00,0.00,none
2024-07-23T23:00:00Z,247.39,0.00,400.00,98.50,99.00,247.39,0.00,0.00,0.00,none
2024-07-24T00:00:00Z,305.60,0.00,400.00,98.50,99.00,305.60,0.00,0.00,0.00,none
2024-07-24T01:00:00Z,305.60,0.00,400.00,98.50,99.00,305.60,0.00,0.00,0.00,none
2024-07-24T02:00:00Z,305.60,0.00,400.00,98.50,99.00,305.60,0.00,0.00,0.00,none
2024-07-24T03:00:00Z,282.75,0.32,400.00,98.50,99.00,282.75,0.00,0.32,0.00,none
2024-07-24T04:00:00Z,284.70,7.47,400.00,98.50,99.00,284.70,0.00,7.47,0.00,none
2024-07-24T05:00:00Z,224.98,19.55,400.00,98.50,99.00,224.98,0.00,19.55,0.00,none
2024-07-24T06:00:00Z,88.56,31.97,400.00,98.50,99.00,88.56,0.00,31.97,0.00,none
2024-07-24T07:00:00Z,16.81,46.43,400.00,98.50,99.00,16.81,0.00,46.43,0.00,none
2024-07-24T08:00:00Z,0.99,54.77,400.00,98.50,99.00,0.99,0.00,54.77,0.00,none
2024-07-24T09:00:00Z,0.00,57.99,400.00,98.50,99.00,0.00,0.00,57.99,0.00,none
2024-07-24T10:00:00Z,0.00,55.92,400.00,98.50,99.00,0.00,0.00,55.92,0.00,none
2024-07-24T11:00:00Z,0.00,37.36,400.00,98.50,99.00,0.00,0.00,37.36,0.00,none
2024-07-24T12:00:00Z,0.00,37.82,400.00,98.50,99.00,0.00,0.00,37.82,0.00,none
2024-07-24T13:00:00Z,0.00,25.68,400.00,98.50,99.00,0.00,0.00,25.68,0.00,none
2024-07-24T14:00:00Z,0.00,12.06,400.00,98.50,99.00,0.00,0.00,12.06,0.00,none
2024-07-24T15:00:00Z,0.02,1.55,400.00,98.50,99.00,0.02,0.00,1.55,0.00,none
2024-07-24T16:00:00Z,2.34,0.00,400.00,98.50,99.00,2.34,0.00,0.00,0.00,none
2024-07-24T17:00:00Z,8.81,0.00,400.00,98.50,99.00,8.81,0.00,0.00,0.00,none
2024-07-24T18:00:00Z,18.34,0.00,400.00,98.50,99.00,18.34,0.00,0.00,0.00,none
2024-07-24T19:00:00Z,31.21,0.00,400.00,98.50,99.00,31.21,0.00,0.00,0.00,none
2024-07-24T20:00:00Z,58.67,0.00,400.00,98.50,99.00,58.67,0.00,0.00,0.00,none
2024-07-24T21:00:00Z,105.70,0.00,400.00,98.50,99.00,105.70,0.00,0.00,0.00,none
2024-07-24T22:00:00Z,151.41,0.00,400.00,98.50,99.00,151.41,0.00,0.00,0.00,none
2024-07-24T23:00:00Z,230.03,0.00,400.00,98.50,99.00,230.03,0.00,0.00,0.00,none
2024-07-25T00:00:00Z,305.60,0.00,400.00,98.50,99.00,305.60,0.00,0.00,0.00,none
2024-07-25T01:00:00Z,300.61,0.00,400.00,98.50,99.00,300.61,0.00,0.00,0.00,none
2024-07-25T02:00:00Z,191.72,0.00,400.00,98.50,99.00,191.72,0.00,0.00,0.00,none
2024-07-25T03:00:00Z,106.71,0.23,400.00,98.50,99.00,106.71,0.00,0.23,0.00,none
2024-07-25T04:00:00Z,85.02,7.20,400.00,98.50,99.00,85.02,0.00,7.20,0.00,none
2024-07-25T05:00:00Z,31.21,19.61,400.00,98.50,99.00,31.21,0.00,19.61,0.00,none
2024-07-25T06:00:00Z,0.03,33.32,400.00,98.50,99.00,0.03,0.00,33.32,0.00,none
2024-07-25T07:00:00Z,0.00,46.12,400.00,98.50,99.00,0.00,0.00,46.12,0.00,none
2024-07-25T08:00:00Z,0.00,53.35,400.00,98.50,99.00,0.00,0.00,53.35,0.00,none
2024-07-25T09:00:00Z,0.00,55.98,400.00,98.50,99.00,0.00,0.00,55.98,0.00,none
2024-07-25T10:00:00Z,0.00,54.47,400.00,98.50,99.00,0.00,0.00,54.47,0.00,none
2024-07-25T11:00:00Z,0.00,45.75,400.00,98.50,99.00,0.00,0.00,45.75,0.00,none
2024-07-25T12:00:00Z,0.00,37.04,400.00,98.50,99.00,0.00,0.00,37.04,0.00,none
2024-07-25T13:00:00Z,0.00,24.99,400.00,98.50,99.00,0.00,0.00,24.99,0.00,none
2024-07-25T14:00:00Z,0.00,11.67,400.00,98.50,99.00,0.00,0.00,11.67,0.00,none
2024-07-25T15:00:00Z,0.00,1.48,400.00,98.50,99.00,0.00,0.00,1.48,0.00,none
2024-07-25T16:00:00Z,0.00,0.00,400.00,98.50,99.00,0.00,0.00,0.00,0.00,none
2024-07-25T17:00:00Z,0.00,0.00,400.00,98.50,99.00,0.00,0.00,0.00,0.00,none
2024-07-25T18:00:00Z,0.00,0.00,400.00,98.50,99.00,0.00,0.00,0.00,0.00,none
2024-07-25T19:00:00Z,0.00,0.00,400.00,98.50,99.00,0.00,0.00,0.00,0.00,none
2024-07-25T20:00:00Z,0.82,0.00,400.00,98.50,99.00,0.82,0.00,0.00,0.00,none
2024-07-25T21:00:00Z,11.33,0.00,400.00,98.50,99.00,11.33,0.00,0.00,0.00,none
2024-07-25T22:00:00Z,52.75,0.00,400.00,98.50,99.00,52.75,0.00,0.00,0.00,none
2024-07-25T23:00:00Z,128.33,0.00,400.00,98.50,99.00,128.33,0.00,0.00,0.00,none
2024-07-26T00:00:00Z,187.25,0.00,400.00,98.50,99.00,187.25,0.00,0.00,0.00,none
2024-07-26T01:00:00Z,193.22,0.00,400.00,98.50,99.00,193.22,0.00,0.00,0.00,none
2024-07-26T02:00:00Z,148.86,0.00,400.00,98.50,99.00,148.86,0.00,0.00,0.00,none
2024-07-26T03:00:00Z,111.87,0.31,400.00,98.50,99.00,111.87,0.00,0.31,0.00,none
2024-07-26T04:00:00Z,110.82,6.16,400.00,98.50,99.00,110.82,0.00,6.16,0.00,none
2024-07-26T05:00:00Z,35.90,15.89,400.00,98.50,99.00,35.90,0.00,15.89,0.00,none
2024-07-26T06:00:00Z,0.09,27.67,400.00,98.50,99.00,0.09,0.00,27.67,0.00,none
2024-07-26T07:00:00Z,0.00,38.70,400.00,98.50,99.00,0.00,0.00,38.70,0.00,none
2024-07-26T08:00:00Z,0.00,46.34,400.00,98.50,99.00,0.00,0.00,46.34,0.00,none
2024-07-26T09:00:00Z,0.00,45.02,400.00,98.50,99.00,0.00,0.00,45.02,0.00,none
2024-07-26T10:00:00Z,0.00,40.03,400.00,98.50,99.00,0.00,0.00,40.03,0.00,none
2024-07-26T11:00:00Z,0.00,32.86,400.00,98.50,99.00,0.00,0.00,32.86,0.00,none
2024-07-26T12:00:00Z,0.00,28.21,400.00,98.50,99.00,0.00,0.00,28.21,0.00,none
2024-07-26T13:00:00Z,0.00,16.19,400.00,98.50,99.00,0.00,0.00,16.19,0.00,none
2024-07-26T14:00:00Z,0.00,8.26,400.00,98.50,99.00,0.00,0.00,8.26,0.00,none
2024-07-26T15:00:00Z,0.00,1.20,400.00,98.50,99.00,0.00,0.00,1.20,0.00,none
2024-07-26T16:00:00Z,0.04,0.00,400.00,98.50,99.00,0.04,0.00,0.00,0.00,none
2024-07-26T17:00:00Z,0.46,0.00,400.00,98.50,99.00,0.46,0.00,0.00,0.00,none
2024-07-26T18:00:00Z,0.41,0.00,400.00,98.50,99.00,0.41,0.00,0.00,0.00,none
2024-07-26T19:00:00Z,0.14,0.00,400.00,98.50,99.00,0.14,0.00,0.00,0.00,none
2024-07-26T20:00:00Z,3.86,0.00,400.00,98.50,99.00,3.86,0.00,0.00,0.00,none
2024-07-26T21:00:00Z,27.36,0.00,400.00,98.50,99.00,27.36,0.00,0.00,0.00,none
2024-07-26T22:00:00Z,67.98,0.00,400.00,98.50,99.00,67.98,0.00,0.00,0.00,none
2024-07-26T23:00:00Z,129.48,0.00,400.00,98.50,99.00,129.48,0.00,0.00,0.00,none
2024-07-27T00:00:00Z,141.38,0.00,400.00,98.50,99.00,141.38,0.00,0.00,0.00,none
2024-07-27T01:00:00Z,145.09,0.00,400.00,98.50,99.00,145.09,0.00,0.00,0.00,none
2024-07-27T02:00:00Z,111.87,0.00,400.00,98.50,99.00,111.87,0.00,0.00,0.00,none
2024-07-27T03:00:00Z,71.81,0.25,400.00,98.50,99.00,71.81,0.00,0.25,0.00,none
2024-07-27T04:00:00Z,110.82,6.79,400.00,98.50,99.00,110.82,0.00,6.79,0.00,none
2024-07-27T05:00:00Z,136.54,18.69,400.00,98.50,99.00,136.54,0.00,18.69,0.00,none
2024-07-27T06:00:00Z,77.40,32.86,400.00,98.50,99.00,77.40,0.00,32.86,0.00,none
2024-07-27T07:00:00Z,30.33,45.52,400.00,98.50,99.00,30.33,0.00,45.52,0.00,none
2024-07-27T08:00:00Z,9.60,53.05,400.00,98.50,99.00,9.60,0.00,53.05,0.00,none
2024-07-27T09:00:00Z,1.08,54.73,400.00,98.50,99.00,1.08,0.00,54.73,0.00,none
2024-07-27T10:00:00Z,0.01,50.11,400.00,98.50,99.00,0.01,0.00,50.11,0.00,none
2024-07-27T11:00:00Z,0.00,42.65,400.00,98.50,99.00,0.00,0.00,42.65,0.00,none
2024-07-27T12:00:00Z,0.00,32.31,400.00,98.50,99.00,0.00,0.00,32.31,0.00,none
2024-07-27T13:00:00Z,0.03,23.95,400.00,98.50,99.00,0.03,0.00,23.95,0.00,none
2024-07-27T14:00:00Z,0.15,11.50,400.00,98.50,99.00,0.15,0.00,11.50,0.00,none
2024-07-27T15:00:00Z,0.46,1.48,400.00,98.50,99.00,0.46,0.00,1.48,0.00,none
2024-07-27T16:00:00Z,2.04,0.00,400.00,98.50,99.00,2.04,0.00,0.00,0.00,none
2024-07-27T17:00:00Z,9.60,0.00,400.00,98.50,99.00,9.60,0.00,0.00,0.00,none
2024-07-27T18:00:00Z,23.46,0.00,400.00,98.50,99.00,23.46,0.00,0.00,0.00,none
2024-07-27T19:00:00Z,47.24,0.00,400.00,98.50,99.00,47.24,0.00,0.00,0.00,none
2024-07-27T20:00:00Z,141.38,0.00,400.00,98.50,99.00,141.38,0.00,0.00,0.00,none
2024-07-27T21:00:00Z,171.47,0.00,400.00,98.50,99.00,171.47,0.00,0.00,0.00,none
2024-07-27T22:00:00Z,172.86,0.00,400.00,98.50,99.00,172.86,0.00,0.00,0.00,none
2024-07-27T23:00:00Z,128.33,0.00,400.00,98.50,99.00,128.33,0.00,0.00,0.00,none
2024-07-28T00:00:00Z,104.69,0.00,400.00,98.50,99.00,104.69,0.00,0.00,0.00,none
2024-07-28T01:00:00Z,78.23,0.00,400.00,98.50,99.00,78.23,0.00,0.00,0.00,none
2024-07-28T02:00:00Z,37.40,0.00,400.00,98.50,99.00,37.40,0.00,0.00,0.00,none
2024-07-28T03:00:00Z,18.97,0.24,400.00,98.50,99.00,18.97,0.00,0.24,0.00,none
2024-07-28T04:00:00Z,37.40,6.36,400.00,98.50,99.00,37.40,0.00,6.36,0.00,none
2024-07-28T05:00:00Z,43.79,17.90,400.00,98.50,99.00,43.79,0.00,17.90,0.00,none
2024-07-28T06:00:00Z,16.81,30.98,400.00,98.50,99.00,16.81,0.00,30.98,0.00,none
2024-07-28T07:00:00Z,3.86,44.04,400.00,98.50,99.00,3.86,0.00,44.04,0.00,none
2024-07-28T08:00:00Z,0.22,48.77,400.00,98.50,99.00,0.22,0.00,48.77,0.00,none
2024-07-28T09:00:00Z,0.00,46.33,400.00,98.50,99.00,0.00,0.00,46.33,0.00,none
2024-07-28T10:00:00Z,0.00,48.39,400.00,98.50,99.00,0.00,0.00,48.39,0.00,none
2024-07-28T11:00:00Z,0.00,40.35,400.00,98.50,99.00,0.00,0.00,40.35,0.00,none
2024-07-28T12:00:00Z,0.00,32.89,400.00,98.50,99.00,0.00,0.00,32.89,0.00,none
2024-07-28T13:00:00Z,0.00,21.94,400.00,98.50,99.00,0.00,0.00,21.94,0.00,none
2024-07-28T14:00:00Z,0.00,10.73,400.00,98.50,99.00,0.00,0.00,10.73,0.00,none
2024-07-28T15:00:00Z,0.00,1.37,400.00,98.50,99.00,0.00,0.00,1.37,0.00,none
2024-07-28T16:00:00Z,0.00,0.00,400.00,98.50,99.00,0.00,0.00,0.00,0.00,none
2024-07-28T17:00:00Z,0.00,0.00,400.00,98.50,99.00,0.00,0.00,0.00,0.00,none
2024-07-28T18:00:00Z,0.00,0.00,400.00,98.50,99.00,0.00,0.00,0.00,0.00,none
2024-07-28T19:00:00Z,0.00,0.00,400.00,98.50,99.00,0.00,0.00,0.00,0.00,none
2024-07-28T20:00:00Z,0.00,0.00,400.00,98.50,99.00,0.00,0.00,0.00,0.00,none
2024-07-28T21:00:00Z,0.00,0.00,400.00,98.50,99.00,0.00,0.00,0.00,0.00,none
2024-07-28T22:00:00Z,0.00,0.00,400.00,98.50,99.00,0.00,0.00,0.00,0.00,none
2024-07-28T23:00:00Z,0.00,0.00,400.00,98.50,99.00,0.00,0.00,0.00,0.00,none
2024-07-29T00:00:00Z,0.00,0.00,400.00,98.50,99.00,0.00,0.00,0.00,0.00,none
2024-07-29T01:00:00Z,0.00,0.00,400.00,98.50,99.00,0.00,0.00,0.00,0.00,none
2024-07-29T02:00:00Z,0.00,0.00,400.00,98.50,99.00,0.00,0.00,0.00,0.00,none
2024-07-29T03:00:00Z,0.00,0.32,400.00,98.50,99.00,0.00,0.00,0.32,0.00,none
2024-07-29T04:00:00Z,0.00,7.13,400.00,98.50,99.00,0.00,0.00,7.13,0.00,none
2024-07-29T05:00:00Z,0.00,19.81,400.00,98.50,99.00,0.00,0.00,19.81,0.00,none
2024-07-29T06:00:00Z,0.00,33.56,400.00,98.50,99.00,0.00,0.00,33.56,0.00,none
2024-07-29T07:00:00Z,0.00,45.43,400.00,98.50,99.00,0.00,0.00,45.43,0.00,none
2024-07-29T08:00:00Z,0.00,51.83,400.00,98.50,99.00,0.00,0.00,51.83,0.00,none
2024-07-29T09:00:00Z,0.00,47.69,400.00,98.50,99.00,0.00,0.00,47.69,0.00,none
2024-07-29T10:00:00Z,0.00,43.35,400.00,98.50,99.00,0.00,0.00,43.35,0.00,none
2024-07-29T11:00:00Z,0.00,37.63,400.00,98.50,99.00,0.00,0.00,37.63,0.00,none
2024-07-29T12:00:00Z,0.00,29.77,400.00,98.50,99.00,0.00,0.00,29.77,0.00,none
2024-07-29T13:00:00Z,0.00,20.12,400.00,98.50,99.00,0.00,0.00,20.12,0.00,none
2024-07-29T14:00:00Z,0.00,9.44,400.00,98.50,99.00,0.00,0.00,9.44,0.00,none
2024-07-29T15:00:00Z,0.00,1.21,400.00,98.50,99.00,0.00,0.00,1.21,0.00,none
2024-07-29T16:00:00Z,0.00,0.00,400.00,98.50,99.00,0.00,0.00,0.00,0.00,none
2024-07-29T17:00:00Z,0.00,0.00,400.00,98.50,99.00,0.00,0.00,0.00,0.00,none
2024-07-29T18:00:00Z,0.00,0.00,400.00,98.50,99.00,0.00,0.00,0.00,0.00,none
2024-07-29T19:00:00Z,0.05,0.00,400.00,98.50,99.00,0.05,0.00,0.00,0.00,none
2024-07-29T20:00:00Z,0.52,0.00,400.00,98.50,99.00,0.52,0.00,0.00,0.00,none
2024-07-29T21:00:00Z,1.45,0.00,400.00,98.50,99.00,1.45,0.00,0.00,0.00,none
2024-07-29T22:00:00Z,1.76,0.00,400.00,98.50,99.00,1.76,0.00,0.00,0.00,none
2024-07-29T23:00:00Z,0.64,0.00,400.00,98.50,99.00,0.64,0.00,0.00,0.00,none
2024-07-30T00:00:00Z,0.41,0.00,400.00,98.50,99.00,0.41,0.00,0.00,0.00,none
2024-07-30T01:00:00Z,0.64,0.00,400.00,98.50,99.00,0.64,0.00,0.00,0.00,none
2024-07-30T02:00:00Z,1.29,0.00,400.00,98.50,99.00,1.29,0.00,0.00,0.00,none
2024-07-30T03:00:00Z,2.59,0.18,400.00,98.50,99.00,2.59,0.00,0.18,0.00,none
2024-07-30T04:00:00Z,11.33,3.96,400.00,98.50,99.00,11.33,0.00,3.96,0.00,none
2024-07-30T05:00:00Z,6.70,11.92,400.00,98.50,99.00,6.70,0.00,11.92,0.00,none
2024-07-30T06:00:00Z,0.46,21.56,400.00,98.50,99.00,0.46,0.00,21.56,0.00,none
2024-07-30T07:00:00Z,0.00,30.61,400.00,98.50,99.00,0.00,0.00,30.61,0.00,none
2024-07-30T08:00:00Z,0.00,35.71,400.00,98.50,99.00,0.00,0.00,35.71,0.00,none
2024-07-30T09:00:00Z,0.00,41.45,400.00,98.50,99.00,0.00,0.00,41.45,0.00,none
2024-07-30T10:00:00Z,0.00,40.02,400.00,98.50,99.00,0.00,0.00,40.02,0.00,none
2024-07-30T11:00:00Z,0.00,34.07,400.00,98.50,99.00,0.00,0.00,34.07,0.00,none
2024-07-30T12:00:00Z,0.00,25.76,400.00,98.50,99.00,0.00,0.00,25.76,0.00,none
2024-07-30T13:00:00Z,0.00,14.56,400.00,98.50,99.00,0.00,0.00,14.56,0.00,none
2024-07-30T14:00:00Z,0.00,6.66,400.00,98.50,99.00,0.00,0.00,6.66,0.00,none
2024-07-30T15:00:00Z,0.02,0.86,400.00,98.50,99.00,0.02,0.00,0.86,0.00,none
2024-07-30T16:00:00Z,0.54,0.00,400.00,98.50,99.00,0.54,0.00,0.00,0.00,none
2024-07-30T17:00:00Z,1.83,0.00,400.00,98.50,99.00,1.83,0.00,0.00,0.00,none
2024-07-30T18:00:00Z,2.51,0.00,400.00,98.50,99.00,2.51,0.00,0.00,0.00,none
2024-07-30T19:00:00Z,3.04,0.00,400.00,98.50,99.00,3.04,0.00,0.00,0.00,none
2024-07-30T20:00:00Z,3.14,0.00,400.00,98.50,99.00,3.14,0.00,0.00,0.00,none
2024-07-30T21:00:00Z,4.20,0.00,400.00,98.50,99.00,4.20,0.00,0.00,0.00,none
2024-07-30T22:00:00Z,25.75,0.00,400.00,98.50,99.00,25.75,0.00,0.00,0.00,none
2024-07-30T23:00:00Z,70.26,0.00,400.00,98.50,99.00,70.26,0.00,0.00,0.00,none
2024-07-31T00:00:00Z,77.40,0.00,400.00,98.50,99.00,77.40,0.00,0.00,0.00,none
2024-07-31T01:00:00Z,59.35,0.00,400.00,98.50,99.00,59.35,0.00,0.00,0.00,none
2024-07-31T02:00:00Z,58.67,0.00,400.00,98.50,99.00,58.67,0.00,0.00,0.00,none
2024-07-31T03:00:00Z,67.98,0.29,400.00,98.50,99.00,67.98,0.00,0.29,0.00,none
2024-07-31T04:00:00Z,110.82,6.27,400.00,98.50,99.00,110.82,0.00,6.27,0.00,none
2024-07-31T05:00:00Z,138.95,16.55,400.00,98.50,99.00,138.95,0.00,16.55,0.00,none
2024-07-31T06:00:00Z,138.95,29.25,400.00,98.50,99.00,138.95,0.00,29.25,0.00,none
2024-07-31T07:00:00Z,132.98,37.10,400.00,98.50,99.00,132.98,0.00,37.10,0.00,none
2024-07-31T08:00:00Z,117.19,41.95,400.00,98.50,99.00,117.19,0.00,41.95,0.00,none
2024-07-31T09:00:00Z,83.29,42.03,400.00,98.50,99.00,83.29,0.00,42.03,0.00,none
2024-07-31T10:00:00Z,42.67,43.98,400.00,98.50,99.00,42.67,0.00,43.98,0.00,none
2024-07-31T11:00:00Z,15.66,38.40,400.00,98.50,99.00,15.66,0.00,38.40,0.00,none
2024-07-31T12:00:00Z,3.54,28.86,400.00,98.50,99.00,3.54,0.00,28.86,0.00,none
2024-07-31T13:00:00Z,0.64,20.37,400.00,98.50,99.00,0.64,0.00,20.37,0.00,none
2024-07-31T14:00:00Z,0.03,9.38,400.00,98.50,99.00,0.03,0.00,9.38,0.00,none
2024-07-31T15:00:00Z,0.00,1.15,400.00,98.50,99.00,0.00,0.00,1.15,0.00,none
2024-07-31T16:00:00Z,0.00,0.00,400.00,98.50,99.00,0.00,0.00,0.00,0.00,none
2024-07-31T17:00:00Z,1.76,0.00,400.00,98.50,99.00,1.76,0.00,0.00,0.00,none
2024-07-31T18:00:00Z,21.66,0.00,400.00,98.50,99.00,21.66,0.00,0.00,0.00,none
2024-07-31T19:00:00Z,57.99,0.00,400.00,98.50,99.00,57.99,0.00,0.00,0.00,none
2024-07-31T20:00:00Z,38.42,0.00,400.00,98.50,99.00,38.42,0.00,0.00,0.00,none
2024-07-31T21:00:00Z,53.38,0.00,400.00,98.50,99.00,53.38,0.00,0.00,0.00,none
2024-07-31T22:00:00Z,108.75,0.00,400.00,98.50,99.00,108.75,0.00,0.00,0.00,none
2024-07-31T23:00:00Z,182.85,0.00,400.00,98.50,99.00,182.85,0.00,0.00,0.00,none
2024-08-01T00:00:00Z,211.89,0.00,400.00,98.50,99.00,211.89,0.00,0.00,0.00,none
2024-08-01T01:00:00Z,196.25,0.00,400.00,98.50,99.00,196.25,0.00,0.00,0.00,none
2024-08-01T02:00:00Z,157.91,0.00,400.00,98.50,99.00,157.91,0.00,0.00,0.00,none
2024-08-01T03:00:00Z,113.98,0.33,400.00,98.50,99.00,113.98,0.00,0.33,0.00,none
2024-08-01T04:00:00Z,164.59,7.02,400.00,98.50,99.00,164.59,0.00,7.02,0.00,none
2024-08-01T05:00:00Z,305.60,17.69,400.00,98.50,99.00,305.60,0.00,4.40,13.28,wind_priority_shared_poi_headroom
2024-08-01T06:00:00Z,250.97,30.21,400.00,98.50,99.00,250.97,0.00,30.21,0.00,none
2024-08-01T07:00:00Z,135.35,39.83,400.00,98.50,99.00,135.35,0.00,39.83,0.00,none
2024-08-01T08:00:00Z,62.85,47.82,400.00,98.50,99.00,62.85,0.00,47.82,0.00,none
2024-08-01T09:00:00Z,23.46,44.50,400.00,98.50,99.00,23.46,0.00,44.50,0.00,none
2024-08-01T10:00:00Z,9.60,43.91,400.00,98.50,99.00,9.60,0.00,43.91,0.00,none
2024-08-01T11:00:00Z,8.06,39.08,400.00,98.50,99.00,8.06,0.00,39.08,0.00,none
2024-08-01T12:00:00Z,15.66,33.86,400.00,98.50,99.00,15.66,0.00,33.86,0.00,none
2024-08-01T13:00:00Z,42.13,21.40,400.00,98.50,99.00,42.13,0.00,21.40,0.00,none
2024-08-01T14:00:00Z,88.56,10.98,400.00,98.50,99.00,88.56,0.00,10.98,0.00,none
2024-08-01T15:00:00Z,126.05,1.42,400.00,98.50,99.00,126.05,0.00,1.42,0.00,none
2024-08-01T16:00:00Z,131.81,0.00,400.00,98.50,99.00,131.81,0.00,0.00,0.00,none
2024-08-01T17:00:00Z,122.68,0.00,400.00,98.50,99.00,122.68,0.00,0.00,0.00,none
2024-08-01T18:00:00Z,155.29,0.00,400.00,98.50,99.00,155.29,0.00,0.00,0.00,none
2024-08-01T19:00:00Z,165.95,0.00,400.00,98.50,99.00,165.95,0.00,0.00,0.00,none
2024-08-01T20:00:00Z,160.56,0.00,400.00,98.50,99.00,160.56,0.00,0.00,0.00,none
2024-08-01T21:00:00Z,197.78,0.00,400.00,98.50,99.00,197.78,0.00,0.00,0.00,none
2024-08-01T22:00:00Z,305.60,0.00,400.00,98.50,99.00,305.60,0.00,0.00,0.00,none
2024-08-01T23:00:00Z,305.60,0.00,400.00,98.50,99.00,305.60,0.00,0.00,0.00,none
2024-08-02T00:00:00Z,305.60,0.00,400.00,98.50,99.00,305.60,0.00,0.00,0.00,none
2024-08-02T01:00:00Z,305.60,0.00,400.00,98.50,99.00,305.60,0.00,0.00,0.00,none
2024-08-02T02:00:00Z,305.60,0.00,400.00,98.50,99.00,305.60,0.00,0.00,0.00,none
2024-08-02T03:00:00Z,305.60,0.35,400.00,98.50,99.00,305.60,0.00,0.35,0.00,none
2024-08-02T04:00:00Z,305.60,8.08,400.00,98.50,99.00,305.60,0.00,4.40,3.68,wind_priority_shared_poi_headroom
2024-08-02T05:00:00Z,305.60,21.72,400.00,98.50,99.00,305.60,0.00,4.40,17.31,wind_priority_shared_poi_headroom
2024-08-02T06:00:00Z,305.60,36.18,400.00,98.50,99.00,305.60,0.00,4.40,31.77,wind_priority_shared_poi_headroom
2024-08-02T07:00:00Z,146.34,47.77,400.00,98.50,99.00,146.34,0.00,47.77,0.00,none
2024-08-02T08:00:00Z,55.98,53.98,400.00,98.50,99.00,55.98,0.00,53.98,0.00,none
2024-08-02T09:00:00Z,18.34,53.44,400.00,98.50,99.00,18.34,0.00,53.44,0.00,none
2024-08-02T10:00:00Z,3.23,46.87,400.00,98.50,99.00,3.23,0.00,46.87,0.00,none
2024-08-02T11:00:00Z,0.21,43.09,400.00,98.50,99.00,0.21,0.00,43.09,0.00,none
2024-08-02T12:00:00Z,0.06,34.47,400.00,98.50,99.00,0.06,0.00,34.47,0.00,none
2024-08-02T13:00:00Z,0.71,23.68,400.00,98.50,99.00,0.71,0.00,23.68,0.00,none
2024-08-02T14:00:00Z,4.09,11.64,400.00,98.50,99.00,4.09,0.00,11.64,0.00,none
2024-08-02T15:00:00Z,8.62,1.43,400.00,98.50,99.00,8.62,0.00,1.43,0.00,none
2024-08-02T16:00:00Z,22.37,0.00,400.00,98.50,99.00,22.37,0.00,0.00,0.00,none
2024-08-02T17:00:00Z,52.75,0.00,400.00,98.50,99.00,52.75,0.00,0.00,0.00,none
2024-08-02T18:00:00Z,69.49,0.00,400.00,98.50,99.00,69.49,0.00,0.00,0.00,none
2024-08-02T19:00:00Z,56.65,0.00,400.00,98.50,99.00,56.65,0.00,0.00,0.00,none
2024-08-02T20:00:00Z,137.74,0.00,400.00,98.50,99.00,137.74,0.00,0.00,0.00,none
2024-08-02T21:00:00Z,247.39,0.00,400.00,98.50,99.00,247.39,0.00,0.00,0.00,none
2024-08-02T22:00:00Z,271.24,0.00,400.00,98.50,99.00,271.24,0.00,0.00,0.00,none
2024-08-02T23:00:00Z,305.60,0.00,400.00,98.50,99.00,305.60,0.00,0.00,0.00,none
2024-08-03T00:00:00Z,305.60,0.00,400.00,98.50,99.00,305.60,0.00,0.00,0.00,none
2024-08-03T01:00:00Z,305.60,0.00,400.00,98.50,99.00,305.60,0.00,0.00,0.00,none
2024-08-03T02:00:00Z,305.60,0.00,400.00,98.50,99.00,305.60,0.00,0.00,0.00,none
2024-08-03T03:00:00Z,305.60,0.34,400.00,98.50,99.00,305.60,0.00,0.34,0.00,none
2024-08-03T04:00:00Z,305.60,8.08,400.00,98.50,99.00,305.60,0.00,4.40,3.67,wind_priority_shared_poi_headroom
2024-08-03T05:00:00Z,305.60,21.70,400.00,98.50,99.00,305.60,0.00,4.40,17.29,wind_priority_shared_poi_headroom
2024-08-03T06:00:00Z,276.96,35.77,400.00,98.50,99.00,276.96,0.00,33.04,2.72,wind_priority_shared_poi_headroom
2024-08-03T07:00:00Z,177.10,47.56,400.00,98.50,99.00,177.10,0.00,47.56,0.00,none
2024-08-03T08:00:00Z,92.19,55.24,400.00,98.50,99.00,92.19,0.00,55.24,0.00,none
2024-08-03T09:00:00Z,36.89,56.30,400.00,98.50,99.00,36.89,0.00,56.30,0.00,none
2024-08-03T10:00:00Z,10.23,48.78,400.00,98.50,99.00,10.23,0.00,48.78,0.00,none
2024-08-03T11:00:00Z,5.93,44.77,400.00,98.50,99.00,5.93,0.00,44.77,0.00,none
2024-08-03T12:00:00Z,9.40,35.95,400.00,98.50,99.00,9.40,0.00,35.95,0.00,none
2024-08-03T13:00:00Z,25.75,23.56,400.00,98.50,99.00,25.75,0.00,23.56,0.00,none
2024-08-03T14:00:00Z,69.49,11.29,400.00,98.50,99.00,69.49,0.00,11.29,0.00,none
2024-08-03T15:00:00Z,122.68,1.39,400.00,98.50,99.00,122.68,0.00,1.39,0.00,none
2024-08-03T16:00:00Z,151.41,0.00,400.00,98.50,99.00,151.41,0.00,0.00,0.00,none
2024-08-03T17:00:00Z,134.16,0.00,400.00,98.50,99.00,134.16,0.00,0.00,0.00,none
2024-08-03T18:00:00Z,168.69,0.00,400.00,98.50,99.00,168.69,0.00,0.00,0.00,none
2024-08-03T19:00:00Z,200.86,0.00,400.00,98.50,99.00,200.86,0.00,0.00,0.00,none
2024-08-03T20:00:00Z,305.60,0.00,400.00,98.50,99.00,305.60,0.00,0.00,0.00,none
2024-08-03T21:00:00Z,305.60,0.00,400.00,98.50,99.00,305.60,0.00,0.00,0.00,none
2024-08-03T22:00:00Z,305.60,0.00,400.00,98.50,99.00,305.60,0.00,0.00,0.00,none
2024-08-03T23:00:00Z,305.60,0.00,400.00,98.50,99.00,305.60,0.00,0.00,0.00,none
2024-08-04T00:00:00Z,305.60,0.00,400.00,98.50,99.00,305.60,0.00,0.00,0.00,none
2024-08-04T01:00:00Z,305.60,0.00,400.00,98.50,99.00,305.60,0.00,0.00,0.00,none
2024-08-04T02:00:00Z,305.60,0.00,400.00,98.50,99.00,305.60,0.00,0.00,0.00,none
2024-08-04T03:00:00Z,305.60,0.31,400.00,98.50,99.00,305.60,0.00,0.31,0.00,none
2024-08-04T04:00:00Z,305.60,7.18,400.00,98.50,99.00,305.60,0.00,4.40,2.78,wind_priority_shared_poi_headroom
2024-08-04T05:00:00Z,292.58,20.27,400.00,98.50,99.00,292.58,0.00,17.42,2.85,wind_priority_shared_poi_headroom
2024-08-04T06:00:00Z,161.90,34.22,400.00,98.50,99.00,161.90,0.00,34.22,0.00,none
2024-08-04T07:00:00Z,55.98,45.83,400.00,98.50,99.00,55.98,0.00,45.83,0.00,none
2024-08-04T08:00:00Z,11.10,53.14,400.00,98.50,99.00,11.10,0.00,53.14,0.00,none
2024-08-04T09:00:00Z,0.54,55.33,400.00,98.50,99.00,0.54,0.00,55.33,0.00,none
2024-08-04T10:00:00Z,0.00,51.03,400.00,98.50,99.00,0.00,0.00,51.03,0.00,none
2024-08-04T11:00:00Z,0.00,37.10,400.00,98.50,99.00,0.00,0.00,37.10,0.00,none
2024-08-04T12:00:00Z,0.00,35.24,400.00,98.50,99.00,0.00,0.00,35.24,0.00,none
2024-08-04T13:00:00Z,0.04,23.45,400.00,98.50,99.00,0.04,0.00,23.45,0.00,none
2024-08-04T14:00:00Z,1.63,11.58,400.00,98.50,99.00,1.63,0.00,11.58,0.00,none
2024-08-04T15:00:00Z,10.02,1.44,400.00,98.50,99.00,10.02,0.00,1.44,0.00,none
2024-08-04T16:00:00Z,39.45,0.00,400.00,98.50,99.00,39.45,0.00,0.00,0.00,none
2024-08-04T17:00:00Z,87.66,0.00,400.00,98.50,99.00,87.66,0.00,0.00,0.00,none
2024-08-04T18:00:00Z,89.46,0.00,400.00,98.50,99.00,89.46,0.00,0.00,0.00,none
2024-08-04T19:00:00Z,91.27,0.00,400.00,98.50,99.00,91.27,0.00,0.00,0.00,none
2024-08-04T20:00:00Z,175.68,0.00,400.00,98.50,99.00,175.68,0.00,0.00,0.00,none
2024-08-04T21:00:00Z,292.58,0.00,400.00,98.50,99.00,292.58,0.00,0.00,0.00,none
2024-08-04T22:00:00Z,305.60,0.00,400.00,98.50,99.00,305.60,0.00,0.00,0.00,none
2024-08-04T23:00:00Z,273.14,0.00,400.00,98.50,99.00,273.14,0.00,0.00,0.00,none
2024-08-05T00:00:00Z,305.60,0.00,400.00,98.50,99.00,305.60,0.00,0.00,0.00,none
2024-08-05T01:00:00Z,305.60,0.00,400.00,98.50,99.00,305.60,0.00,0.00,0.00,none
2024-08-05T02:00:00Z,305.60,0.00,400.00,98.50,99.00,305.60,0.00,0.00,0.00,none
2024-08-05T03:00:00Z,305.60,0.33,400.00,98.50,99.00,305.60,0.00,0.33,0.00,none
2024-08-05T04:00:00Z,305.60,6.91,400.00,98.50,99.00,305.60,0.00,4.40,2.51,wind_priority_shared_poi_headroom
2024-08-05T05:00:00Z,305.60,17.46,400.00,98.50,99.00,305.60,0.00,4.40,13.05,wind_priority_shared_poi_headroom
2024-08-05T06:00:00Z,160.56,28.61,400.00,98.50,99.00,160.56,0.00,28.61,0.00,none
2024-08-05T07:00:00Z,26.14,42.56,400.00,98.50,99.00,26.14,0.00,42.56,0.00,none
2024-08-05T08:00:00Z,0.67,51.67,400.00,98.50,99.00,0.67,0.00,51.67,0.00,none
2024-08-05T09:00:00Z,0.00,48.04,400.00,98.50,99.00,0.00,0.00,48.04,0.00,none
2024-08-05T10:00:00Z,0.00,42.74,400.00,98.50,99.00,0.00,0.00,42.74,0.00,none
2024-08-05T11:00:00Z,0.00,35.68,400.00,98.50,99.00,0.00,0.00,35.68,0.00,none
2024-08-05T12:00:00Z,0.00,31.05,400.00,98.50,99.00,0.00,0.00,31.05,0.00,none
2024-08-05T13:00:00Z,0.00,21.81,400.00,98.50,99.00,0.00,0.00,21.81,0.00,none
2024-08-05T14:00:00Z,0.00,11.01,400.00,98.50,99.00,0.00,0.00,11.01,0.00,none
2024-08-05T15:00:00Z,0.00,1.36,400.00,98.50,99.00,0.00,0.00,1.36,0.00,none
2024-08-05T16:00:00Z,0.00,0.00,400.00,98.50,99.00,0.00,0.00,0.00,0.00,none
2024-08-05T17:00:00Z,0.99,0.00,400.00,98.50,99.00,0.99,0.00,0.00,0.00,none
2024-08-05T18:00:00Z,8.81,0.00,400.00,98.50,99.00,8.81,0.00,0.00,0.00,none
2024-08-05T19:00:00Z,23.09,0.00,400.00,98.50,99.00,23.09,0.00,0.00,0.00,none
2024-08-05T20:00:00Z,71.03,0.00,400.00,98.50,99.00,71.03,0.00,0.00,0.00,none
2024-08-05T21:00:00Z,128.33,0.00,400.00,98.50,99.00,128.33,0.00,0.00,0.00,none
2024-08-05T22:00:00Z,305.60,0.00,400.00,98.50,99.00,305.60,0.00,0.00,0.00,none
2024-08-05T23:00:00Z,305.60,0.00,400.00,98.50,99.00,305.60,0.00,0.00,0.00,none
2024-08-06T00:00:00Z,213.50,0.00,400.00,98.50,99.00,213.50,0.00,0.00,0.00,none
2024-08-06T01:00:00Z,121.57,0.00,400.00,98.50,99.00,121.57,0.00,0.00,0.00,none
2024-08-06T02:00:00Z,58.67,0.00,400.00,98.50,99.00,58.67,0.00,0.00,0.00,none
2024-08-06T03:00:00Z,26.54,0.22,400.00,98.50,99.00,26.54,0.00,0.22,0.00,none
2024-08-06T04:00:00Z,20.62,3.85,400.00,98.50,99.00,20.62,0.00,3.85,0.00,none
2024-08-06T05:00:00Z,2.95,11.87,400.00,98.50,99.00,2.95,0.00,11.87,0.00,none
2024-08-06T06:00:00Z,0.00,19.43,400.00,98.50,99.00,0.00,0.00,19.43,0.00,none
2024-08-06T07:00:00Z,0.00,30.33,400.00,98.50,99.00,0.00,0.00,30.33,0.00,none
2024-08-06T08:00:00Z,0.00,43.37,400.00,98.50,99.00,0.00,0.00,43.37,0.00,none
2024-08-06T09:00:00Z,0.00,45.79,400.00,98.50,99.00,0.00,0.00,45.79,0.00,none
2024-08-06T10:00:00Z,0.00,29.77,400.00,98.50,99.00,0.00,0.00,29.77,0.00,none
2024-08-06T11:00:00Z,0.34,27.78,400.00,98.50,99.00,0.34,0.00,27.78,0.00,none
2024-08-06T12:00:00Z,3.86,28.64,400.00,98.50,99.00,3.86,0.00,28.64,0.00,none
2024-08-06T13:00:00Z,9.81,19.36,400.00,98.50,99.00,9.81,0.00,19.36,0.00,none
2024-08-06T14:00:00Z,14.02,8.52,400.00,98.50,99.00,14.02,0.00,8.52,0.00,none
2024-08-06T15:00:00Z,15.37,0.94,400.00,98.50,99.00,15.37,0.00,0.94,0.00,none
2024-08-06T16:00:00Z,15.66,0.00,400.00,98.50,99.00,15.66,0.00,0.00,0.00,none
2024-08-06T17:00:00Z,11.56,0.00,400.00,98.50,99.00,11.56,0.00,0.00,0.00,none
2024-08-06T18:00:00Z,2.68,0.00,400.00,98.50,99.00,2.68,0.00,0.00,0.00,none
2024-08-06T19:00:00Z,0.00,0.00,400.00,98.50,99.00,0.00,0.00,0.00,0.00,none
2024-08-06T20:00:00Z,0.00,0.00,400.00,98.50,99.00,0.00,0.00,0.00,0.00,none
2024-08-06T21:00:00Z,0.00,0.00,400.00,98.50,99.00,0.00,0.00,0.00,0.00,none
2024-08-06T22:00:00Z,0.00,0.00,400.00,98.50,99.00,0.00,0.00,0.00,0.00,none
2024-08-06T23:00:00Z,0.00,0.00,400.00,98.50,99.00,0.00,0.00,0.00,0.00,none
2024-08-07T00:00:00Z,0.00,0.00,400.00,98.50,99.00,0.00,0.00,0.00,0.00,none
2024-08-07T01:00:00Z,0.00,0.00,400.00,98.50,99.00,0.00,0.00,0.00,0.00,none
2024-08-07T02:00:00Z,0.00,0.00,400.00,98.50,99.00,0.00,0.00,0.00,0.00,none
2024-08-07T03:00:00Z,0.02,0.35,400.00,98.50,99.00,0.02,0.00,0.35,0.00,none
2024-08-07T04:00:00Z,0.36,8.41,400.00,98.50,99.00,0.36,0.00,8.41,0.00,none
2024-08-07T05:00:00Z,2.34,22.53,400.00,98.50,99.00,2.34,0.00,22.53,0.00,none
2024-08-07T06:00:00Z,10.88,37.38,400.00,98.50,99.00,10.88,0.00,37.38,0.00,none
2024-08-07T07:00:00Z,23.83,48.58,400.00,98.50,99.00,23.83,0.00,48.58,0.00,none
2024-08-07T08:00:00Z,18.97,52.35,400.00,98.50,99.00,18.97,0.00,52.35,0.00,none
2024-08-07T09:00:00Z,6.23,52.78,400.00,98.50,99.00,6.23,0.00,52.78,0.00,none
2024-08-07T10:00:00Z,1.57,49.59,400.00,98.50,99.00,1.57,0.00,49.59,0.00,none
2024-08-07T11:00:00Z,0.71,43.35,400.00,98.50,99.00,0.71,0.00,43.35,0.00,none
2024-08-07T12:00:00Z,0.95,35.42,400.00,98.50,99.00,0.95,0.00,35.42,0.00,none
2024-08-07T13:00:00Z,3.86,24.50,400.00,98.50,99.00,3.86,0.00,24.50,0.00,none
2024-08-07T14:00:00Z,10.66,12.31,400.00,98.50,99.00,10.66,0.00,12.31,0.00,none
2024-08-07T15:00:00Z,11.56,1.50,400.00,98.50,99.00,11.56,0.00,1.50,0.00,none
2024-08-07T16:00:00Z,14.29,0.00,400.00,98.50,99.00,14.29,0.00,0.00,0.00,none
2024-08-07T17:00:00Z,31.21,0.00,400.00,98.50,99.00,31.21,0.00,0.00,0.00,none
2024-08-07T18:00:00Z,65.75,0.00,400.00,98.50,99.00,65.75,0.00,0.00,0.00,none
2024-08-07T19:00:00Z,113.98,0.00,400.00,98.50,99.00,113.98,0.00,0.00,0.00,none
2024-08-07T20:00:00Z,305.60,0.00,400.00,98.50,99.00,305.60,0.00,0.00,0.00,none
2024-08-07T21:00:00Z,305.60,0.00,400.00,98.50,99.00,305.60,0.00,0.00,0.00,none
2024-08-07T22:00:00Z,305.60,0.00,400.00,98.50,99.00,305.60,0.00,0.00,0.00,none
2024-08-07T23:00:00Z,305.60,0.00,400.00,98.50,99.00,305.60,0.00,0.00,0.00,none
2024-08-08T00:00:00Z,305.60,0.00,400.00,98.50,99.00,305.60,0.00,0.00,0.00,none
2024-08-08T01:00:00Z,305.60,0.00,400.00,98.50,99.00,305.60,0.00,0.00,0.00,none
2024-08-08T02:00:00Z,305.60,0.00,400.00,98.50,99.00,305.60,0.00,0.00,0.00,none
2024-08-08T03:00:00Z,305.60,0.37,400.00,98.50,99.00,305.60,0.00,0.37,0.00,none
2024-08-08T04:00:00Z,305.60,8.36,400.00,98.50,99.00,305.60,0.00,4.40,3.96,wind_priority_shared_poi_headroom
2024-08-08T05:00:00Z,305.60,22.54,400.00,98.50,99.00,305.60,0.00,4.40,18.13,wind_priority_shared_poi_headroom
2024-08-08T06:00:00Z,305.60,36.58,400.00,98.50,99.00,305.60,0.00,4.40,32.18,wind_priority_shared_poi_headroom
2024-08-08T07:00:00Z,305.60,48.30,400.00,98.50,99.00,305.60,0.00,4.40,43.90,wind_priority_shared_poi_headroom
2024-08-08T08:00:00Z,260.05,54.45,400.00,98.50,99.00,260.05,0.00,49.95,4.50,wind_priority_shared_poi_headroom
2024-08-08T09:00:00Z,123.79,52.61,400.00,98.50,99.00,123.79,0.00,52.61,0.00,none
2024-08-08T10:00:00Z,62.85,46.82,400.00,98.50,99.00,62.85,0.00,46.82,0.00,none
2024-08-08T11:00:00Z,43.23,43.83,400.00,98.50,99.00,43.23,0.00,43.83,0.00,none
2024-08-08T12:00:00Z,39.98,36.37,400.00,98.50,99.00,39.98,0.00,36.37,0.00,none
2024-08-08T13:00:00Z,57.99,25.79,400.00,98.50,99.00,57.99,0.00,25.79,0.00,none
2024-08-08T14:00:00Z,110.82,12.31,400.00,98.50,99.00,110.82,0.00,12.31,0.00,none
2024-08-08T15:00:00Z,178.52,1.47,400.00,98.50,99.00,178.52,0.00,1.47,0.00,none
2024-08-08T16:00:00Z,199.32,0.00,400.00,98.50,99.00,199.32,0.00,0.00,0.00,none
2024-08-08T17:00:00Z,177.10,0.00,400.00,98.50,99.00,177.10,0.00,0.00,0.00,none
2024-08-08T18:00:00Z,185.78,0.00,400.00,98.50,99.00,185.78,0.00,0.00,0.00,none
2024-08-08T19:00:00Z,305.60,0.00,400.00,98.50,99.00,305.60,0.00,0.00,0.00,none
2024-08-08T20:00:00Z,305.60,0.00,400.00,98.50,99.00,305.60,0.00,0.00,0.00,none
2024-08-08T21:00:00Z,305.60,0.00,400.00,98.50,99.00,305.60,0.00,0.00,0.00,none
2024-08-08T22:00:00Z,305.60,0.00,400.00,98.50,99.00,305.60,0.00,0.00,0.00,none
2024-08-08T23:00:00Z,305.60,0.00,400.00,98.50,99.00,305.60,0.00,0.00,0.00,none
2024-08-09T00:00:00Z,305.60,0.00,400.00,98.50,99.00,305.60,0.00,0.00,0.00,none
2024-08-09T01:00:00Z,305.60,0.00,400.00,98.50,99.00,305.60,0.00,0.00,0.00,none
2024-08-09T02:00:00Z,305.60,0.00,400.00,98.50,99.00,305.60,0.00,0.00,0.00,none
2024-08-09T03:00:00Z,305.60,0.36,400.00,98.50,99.00,305.60,0.00,0.36,0.00,none
2024-08-09T04:00:00Z,305.60,8.49,400.00,98.50,99.00,305.60,0.00,4.40,4.09,wind_priority_shared_poi_headroom
2024-08-09T05:00:00Z,305.60,23.34,400.00,98.50,99.00,305.60,0.00,4.40,18.94,wind_priority_shared_poi_headroom
2024-08-09T06:00:00Z,305.60,37.70,400.00,98.50,99.00,305.60,0.00,4.40,33.30,wind_priority_shared_poi_headroom
2024-08-09T07:00:00Z,269.36,49.43,400.00,98.50,99.00,269.36,0.00,40.64,8.78,wind_priority_shared_poi_headroom
2024-08-09T08:00:00Z,95.93,56.58,400.00,98.50,99.00,95.93,0.00,56.58,0.00,none
2024-08-09T09:00:00Z,38.42,55.04,400.00,98.50,99.00,38.42,0.00,55.04,0.00,none
2024-08-09T10:00:00Z,19.30,52.26,400.00,98.50,99.00,19.30,0.00,52.26,0.00,none
2024-08-09T11:00:00Z,12.50,47.79,400.00,98.50,99.00,12.50,0.00,47.79,0.00,none
2024-08-09T12:00:00Z,12.26,37.44,400.00,98.50,99.00,12.26,0.00,37.44,0.00,none
2024-08-09T13:00:00Z,21.66,26.45,400.00,98.50,99.00,21.66,0.00,26.45,0.00,none
2024-08-09T14:00:00Z,49.64,12.77,400.00,98.50,99.00,49.64,0.00,12.77,0.00,none
2024-08-09T15:00:00Z,99.76,1.51,400.00,98.50,99.00,99.76,0.00,1.51,0.00,none
2024-08-09T16:00:00Z,110.82,0.00,400.00,98.50,99.00,110.82,0.00,0.00,0.00,none
2024-08-09T17:00:00Z,118.27,0.00,400.00,98.50,99.00,118.27,0.00,0.00,0.00,none
2024-08-09T18:00:00Z,143.85,0.00,400.00,98.50,99.00,143.85,0.00,0.00,0.00,none
2024-08-09T19:00:00Z,150.13,0.00,400.00,98.50,99.00,150.13,0.00,0.00,0.00,none
2024-08-09T20:00:00Z,208.70,0.00,400.00,98.50,99.00,208.70,0.00,0.00,0.00,none
2024-08-09T21:00:00Z,305.60,0.00,400.00,98.50,99.00,305.60,0.00,0.00,0.00,none
2024-08-09T22:00:00Z,305.60,0.00,400.00,98.50,99.00,305.60,0.00,0.00,0.00,none
2024-08-09T23:00:00Z,305.60,0.00,400.00,98.50,99.00,305.60,0.00,0.00,0.00,none
2024-08-10T00:00:00Z,305.60,0.00,400.00,98.50,99.00,305.60,0.00,0.00,0.00,none
2024-08-10T01:00:00Z,305.60,0.00,400.00,98.50,99.00,305.60,0.00,0.00,0.00,none
2024-08-10T02:00:00Z,305.60,0.00,400.00,98.50,99.00,305.60,0.00,0.00,0.00,none
2024-08-10T03:00:00Z,305.60,0.34,400.00,98.50,99.00,305.60,0.00,0.34,0.00,none
2024-08-10T04:00:00Z,305.60,8.08,400.00,98.50,99.00,305.60,0.00,4.40,3.68,wind_priority_shared_poi_headroom
2024-08-10T05:00:00Z,305.60,21.86,400.00,98.50,99.00,305.60,0.00,4.40,17.46,wind_priority_shared_poi_headroom
2024-08-10T06:00:00Z,305.60,36.14,400.00,98.50,99.00,305.60,0.00,4.40,31.73,wind_priority_shared_poi_headroom
2024-08-10T07:00:00Z,210.29,48.10,400.00,98.50,99.00,210.29,0.00,48.10,0.00,none
2024-08-10T08:00:00Z,107.73,55.43,400.00,98.50,99.00,107.73,0.00,55.43,0.00,none
2024-08-10T09:00:00Z,63.57,57.36,400.00,98.50,99.00,63.57,0.00,57.36,0.00,none
2024-08-10T10:00:00Z,47.83,55.92,400.00,98.50,99.00,47.83,0.00,55.92,0.00,none
2024-08-10T11:00:00Z,41.58,46.77,400.00,98.50,99.00,41.58,0.00,46.77,0.00,none
2024-08-10T12:00:00Z,46.65,37.54,400.00,98.50,99.00,46.65,0.00,37.54,0.00,none
2024-08-10T13:00:00Z,69.49,26.04,400.00,98.50,99.00,69.49,0.00,26.04,0.00,none
2024-08-10T14:00:00Z,121.57,12.16,400.00,98.50,99.00,121.57,0.00,12.16,0.00,none
2024-08-10T15:00:00Z,199.32,1.43,400.00,98.50,99.00,199.32,0.00,1.43,0.00,none
2024-08-10T16:00:00Z,238.61,0.00,400.00,98.50,99.00,238.61,0.00,0.00,0.00,none
2024-08-10T17:00:00Z,156.59,0.00,400.00,98.50,99.00,156.59,0.00,0.00,0.00,none
2024-08-10T18:00:00Z,142.61,0.00,400.00,98.50,99.00,142.61,0.00,0.00,0.00,none
2024-08-10T19:00:00Z,197.78,0.00,400.00,98.50,99.00,197.78,0.00,0.00,0.00,none
2024-08-10T20:00:00Z,256.39,0.00,400.00,98.50,99.00,256.39,0.00,0.00,0.00,none
2024-08-10T21:00:00Z,288.62,0.00,400.00,98.50,99.00,288.62,0.00,0.00,0.00,none
2024-08-10T22:00:00Z,305.60,0.00,400.00,98.50,99.00,305.60,0.00,0.00,0.00,none
2024-08-10T23:00:00Z,305.60,0.00,400.00,98.50,99.00,305.60,0.00,0.00,0.00,none
2024-08-11T00:00:00Z,305.60,0.00,400.00,98.50,99.00,305.60,0.00,0.00,0.00,none
2024-08-11T01:00:00Z,305.60,0.00,400.00,98.50,99.00,305.60,0.00,0.00,0.00,none
2024-08-11T02:00:00Z,305.60,0.00,400.00,98.50,99.00,305.60,0.00,0.00,0.00,none
2024-08-11T03:00:00Z,305.60,0.36,400.00,98.50,99.00,305.60,0.00,0.36,0.00,none
2024-08-11T04:00:00Z,305.60,7.77,400.00,98.50,99.00,305.60,0.00,4.40,3.37,wind_priority_shared_poi_headroom
2024-08-11T05:00:00Z,305.60,22.17,400.00,98.50,99.00,305.60,0.00,4.40,17.76,wind_priority_shared_poi_headroom
2024-08-11T06:00:00Z,305.60,36.68,400.00,98.50,99.00,305.60,0.00,4.40,32.28,wind_priority_shared_poi_headroom
2024-08-11T07:00:00Z,296.58,48.51,400.00,98.50,99.00,296.58,0.00,13.42,35.09,wind_priority_shared_poi_headroom
2024-08-11T08:00:00Z,94.05,56.23,400.00,98.50,99.00,94.05,0.00,56.23,0.00,none
2024-08-11T09:00:00Z,31.21,58.34,400.00,98.50,99.00,31.21,0.00,58.34,0.00,none
2024-08-11T10:00:00Z,18.97,56.45,400.00,98.50,99.00,18.97,0.00,56.45,0.00,none
2024-08-11T11:00:00Z,20.29,48.87,400.00,98.50,99.00,20.29,0.00,48.87,0.00,none
2024-08-11T12:00:00Z,29.03,39.57,400.00,98.50,99.00,29.03,0.00,39.57,0.00,none
2024-08-11T13:00:00Z,54.03,26.61,400.00,98.50,99.00,54.03,0.00,26.61,0.00,none
2024-08-11T14:00:00Z,103.69,12.38,400.00,98.50,99.00,103.69,0.00,12.38,0.00,none
2024-08-11T15:00:00Z,165.95,1.43,400.00,98.50,99.00,165.95,0.00,1.43,0.00,none
2024-08-11T16:00:00Z,188.73,0.00,400.00,98.50,99.00,188.73,0.00,0.00,0.00,none
2024-08-11T17:00:00Z,202.41,0.00,400.00,98.50,99.00,202.41,0.00,0.00,0.00,none
2024-08-11T18:00:00Z,243.85,0.00,400.00,98.50,99.00,243.85,0.00,0.00,0.00,none
2024-08-11T19:00:00Z,305.60,0.00,400.00,98.50,99.00,305.60,0.00,0.00,0.00,none
2024-08-11T20:00:00Z,305.60,0.00,400.00,98.50,99.00,305.60,0.00,0.00,0.00,none
2024-08-11T21:00:00Z,305.60,0.00,400.00,98.50,99.00,305.60,0.00,0.00,0.00,none
2024-08-11T22:00:00Z,305.60,0.00,400.00,98.50,99.00,305.60,0.00,0.00,0.00,none
2024-08-11T23:00:00Z,305.60,0.00,400.00,98.50,99.00,305.60,0.00,0.00,0.00,none
2024-08-12T00:00:00Z,305.60,0.00,400.00,98.50,99.00,305.60,0.00,0.00,0.00,none
2024-08-12T01:00:00Z,305.60,0.00,400.00,98.50,99.00,305.60,0.00,0.00,0.00,none
2024-08-12T02:00:00Z,305.60,0.00,400.00,98.50,99.00,305.60,0.00,0.00,0.00,none
2024-08-12T03:00:00Z,305.60,0.37,400.00,98.50,99.00,305.60,0.00,0.37,0.00,none
2024-08-12T04:00:00Z,305.60,7.93,400.00,98.50,99.00,305.60,0.00,4.40,3.53,wind_priority_shared_poi_headroom
2024-08-12T05:00:00Z,305.60,21.24,400.00,98.50,99.00,305.60,0.00,4.40,16.83,wind_priority_shared_poi_headroom
2024-08-12T06:00:00Z,305.60,34.85,400.00,98.50,99.00,305.60,0.00,4.40,30.45,wind_priority_shared_poi_headroom
2024-08-12T07:00:00Z,151.41,47.55,400.00,98.50,99.00,151.41,0.00,47.55,0.00,none
2024-08-12T08:00:00Z,55.98,55.64,400.00,98.50,99.00,55.98,0.00,55.64,0.00,none
2024-08-12T09:00:00Z,24.21,56.69,400.00,98.50,99.00,24.21,0.00,56.69,0.00,none
2024-08-12T10:00:00Z,9.81,50.49,400.00,98.50,99.00,9.81,0.00,50.49,0.00,none
2024-08-12T11:00:00Z,3.64,48.47,400.00,98.50,99.00,3.64,0.00,48.47,0.00,none
2024-08-12T12:00:00Z,2.11,38.22,400.00,98.50,99.00,2.11,0.00,38.22,0.00,none
2024-08-12T13:00:00Z,2.76,27.41,400.00,98.50,99.00,2.76,0.00,27.41,0.00,none
2024-08-12T14:00:00Z,6.38,12.89,400.00,98.50,99.00,6.38,0.00,12.89,0.00,none
2024-08-12T15:00:00Z,16.23,1.48,400.00,98.50,99.00,16.23,0.00,1.48,0.00,none
2024-08-12T16:00:00Z,39.98,0.00,400.00,98.50,99.00,39.98,0.00,0.00,0.00,none
2024-08-12T17:00:00Z,91.27,0.00,400.00,98.50,99.00,91.27,0.00,0.00,0.00,none
2024-08-12T18:00:00Z,160.56,0.00,400.00,98.50,99.00,160.56,0.00,0.00,0.00,none
2024-08-12T19:00:00Z,252.77,0.00,400.00,98.50,99.00,252.77,0.00,0.00,0.00,none
2024-08-12T20:00:00Z,228.34,0.00,400.00,98.50,99.00,228.34,0.00,0.00,0.00,none
2024-08-12T21:00:00Z,193.22,0.00,400.00,98.50,99.00,193.22,0.00,0.00,0.00,none
2024-08-12T22:00:00Z,177.10,0.00,400.00,98.50,99.00,177.10,0.00,0.00,0.00,none
2024-08-12T23:00:00Z,168.69,0.00,400.00,98.50,99.00,168.69,0.00,0.00,0.00,none
2024-08-13T00:00:00Z,194.73,0.00,400.00,98.50,99.00,194.73,0.00,0.00,0.00,none
2024-08-13T01:00:00Z,152.69,0.00,400.00,98.50,99.00,152.69,0.00,0.00,0.00,none
2024-08-13T02:00:00Z,101.71,0.00,400.00,98.50,99.00,101.71,0.00,0.00,0.00,none
2024-08-13T03:00:00Z,111.87,0.41,400.00,98.50,99.00,111.87,0.00,0.41,0.00,none
2024-08-13T04:00:00Z,267.48,8.79,400.00,98.50,99.00,267.48,0.00,8.79,0.00,none
2024-08-13T05:00:00Z,305.60,23.50,400.00,98.50,99.00,305.60,0.00,4.40,19.10,wind_priority_shared_poi_headroom
2024-08-13T06:00:00Z,196.25,37.84,400.00,98.50,99.00,196.25,0.00,37.84,0.00,none
2024-08-13T07:00:00Z,73.38,49.44,400.00,98.50,99.00,73.38,0.00,49.44,0.00,none
2024-08-13T08:00:00Z,18.65,56.55,400.00,98.50,99.00,18.65,0.00,56.55,0.00,none
2024-08-13T09:00:00Z,2.95,57.07,400.00,98.50,99.00,2.95,0.00,57.07,0.00,none
2024-08-13T10:00:00Z,0.36,56.74,400.00,98.50,99.00,0.36,0.00,56.74,0.00,none
2024-08-13T11:00:00Z,0.03,48.35,400.00,98.50,99.00,0.03,0.00,48.35,0.00,none
2024-08-13T12:00:00Z,0.06,39.38,400.00,98.50,99.00,0.06,0.00,39.38,0.00,none
2024-08-13T13:00:00Z,0.78,26.79,400.00,98.50,99.00,0.78,0.00,26.79,0.00,none
2024-08-13T14:00:00Z,6.23,12.65,400.00,98.50,99.00,6.23,0.00,12.65,0.00,none
2024-08-13T15:00:00Z,24.59,1.44,400.00,98.50,99.00,24.59,0.00,1.44,0.00,none
2024-08-13T16:00:00Z,73.38,0.00,400.00,98.50,99.00,73.38,0.00,0.00,0.00,none
2024-08-13T17:00:00Z,102.70,0.00,400.00,98.50,99.00,102.70,0.00,0.00,0.00,none
2024-08-13T18:00:00Z,117.19,0.00,400.00,98.50,99.00,117.19,0.00,0.00,0.00,none
2024-08-13T19:00:00Z,126.05,0.00,400.00,98.50,99.00,126.05,0.00,0.00,0.00,none
2024-08-13T20:00:00Z,136.54,0.00,400.00,98.50,99.00,136.54,0.00,0.00,0.00,none
2024-08-13T21:00:00Z,150.13,0.00,400.00,98.50,99.00,150.13,0.00,0.00,0.00,none
2024-08-13T22:00:00Z,182.85,0.00,400.00,98.50,99.00,182.85,0.00,0.00,0.00,none
2024-08-13T23:00:00Z,220.01,0.00,400.00,98.50,99.00,220.01,0.00,0.00,0.00,none
2024-08-14T00:00:00Z,205.54,0.00,400.00,98.50,99.00,205.54,0.00,0.00,0.00,none
2024-08-14T01:00:00Z,236.87,0.00,400.00,98.50,99.00,236.87,0.00,0.00,0.00,none
2024-08-14T02:00:00Z,305.60,0.00,400.00,98.50,99.00,305.60,0.00,0.00,0.00,none
2024-08-14T03:00:00Z,226.66,0.41,400.00,98.50,99.00,226.66,0.00,0.41,0.00,none
2024-08-14T04:00:00Z,220.01,8.98,400.00,98.50,99.00,220.01,0.00,8.98,0.00,none
2024-08-14T05:00:00Z,116.11,23.84,400.00,98.50,99.00,116.11,0.00,23.84,0.00,none
2024-08-14T06:00:00Z,15.94,38.43,400.00,98.50,99.00,15.94,0.00,38.43,0.00,none
2024-08-14T07:00:00Z,0.00,50.16,400.00,98.50,99.00,0.00,0.00,50.16,0.00,none
2024-08-14T08:00:00Z,0.00,57.53,400.00,98.50,99.00,0.00,0.00,57.53,0.00,none
2024-08-14T09:00:00Z,0.00,59.55,400.00,98.50,99.00,0.00,0.00,59.55,0.00,none
2024-08-14T10:00:00Z,0.00,51.02,400.00,98.50,99.00,0.00,0.00,51.02,0.00,none
2024-08-14T11:00:00Z,0.00,46.28,400.00,98.50,99.00,0.00,0.00,46.28,0.00,none
2024-08-14T12:00:00Z,0.00,36.44,400.00,98.50,99.00,0.00,0.00,36.44,0.00,none
2024-08-14T13:00:00Z,0.00,25.62,400.00,98.50,99.00,0.00,0.00,25.62,0.00,none
2024-08-14T14:00:00Z,0.00,12.02,400.00,98.50,99.00,0.00,0.00,12.02,0.00,none
2024-08-14T15:00:00Z,0.00,1.37,400.00,98.50,99.00,0.00,0.00,1.37,0.00,none
2024-08-14T16:00:00Z,0.32,0.00,400.00,98.50,99.00,0.32,0.00,0.00,0.00,none
2024-08-14T17:00:00Z,4.20,0.00,400.00,98.50,99.00,4.20,0.00,0.00,0.00,none
2024-08-14T18:00:00Z,14.55,0.00,400.00,98.50,99.00,14.55,0.00,0.00,0.00,none
2024-08-14T19:00:00Z,37.90,0.00,400.00,98.50,99.00,37.90,0.00,0.00,0.00,none
2024-08-14T20:00:00Z,44.35,0.00,400.00,98.50,99.00,44.35,0.00,0.00,0.00,none
2024-08-14T21:00:00Z,69.49,0.00,400.00,98.50,99.00,69.49,0.00,0.00,0.00,none
2024-08-14T22:00:00Z,220.01,0.00,400.00,98.50,99.00,220.01,0.00,0.00,0.00,none
2024-08-14T23:00:00Z,150.13,0.00,400.00,98.50,99.00,150.13,0.00,0.00,0.00,none
2024-08-15T00:00:00Z,89.46,0.00,400.00,98.50,99.00,89.46,0.00,0.00,0.00,none
2024-08-15T01:00:00Z,44.35,0.00,400.00,98.50,99.00,44.35,0.00,0.00,0.00,none
2024-08-15T02:00:00Z,14.02,0.00,400.00,98.50,99.00,14.02,0.00,0.00,0.00,none
2024-08-15T03:00:00Z,4.69,0.37,400.00,98.50,99.00,4.69,0.00,0.37,0.00,none
2024-08-15T04:00:00Z,6.38,8.00,400.00,98.50,99.00,6.38,0.00,8.00,0.00,none
2024-08-15T05:00:00Z,0.52,21.58,400.00,98.50,99.00,0.52,0.00,21.58,0.00,none
2024-08-15T06:00:00Z,0.00,35.68,400.00,98.50,99.00,0.00,0.00,35.68,0.00,none
2024-08-15T07:00:00Z,0.00,41.74,400.00,98.50,99.00,0.00,0.00,41.74,0.00,none
2024-08-15T08:00:00Z,0.00,47.12,400.00,98.50,99.00,0.00,0.00,47.12,0.00,none
2024-08-15T09:00:00Z,0.00,48.50,400.00,98.50,99.00,0.00,0.00,48.50,0.00,none
2024-08-15T10:00:00Z,0.00,51.97,400.00,98.50,99.00,0.00,0.00,51.97,0.00,none
2024-08-15T11:00:00Z,0.00,43.24,400.00,98.50,99.00,0.00,0.00,43.24,0.00,none
2024-08-15T12:00:00Z,0.00,31.36,400.00,98.50,99.00,0.00,0.00,31.36,0.00,none
2024-08-15T13:00:00Z,0.00,21.14,400.00,98.50,99.00,0.00,0.00,21.14,0.00,none
2024-08-15T14:00:00Z,0.00,9.43,400.00,98.50,99.00,0.00,0.00,9.43,0.00,none
2024-08-15T15:00:00Z,0.00,0.91,400.00,98.50,99.00,0.00,0.00,0.91,0.00,none
2024-08-15T16:00:00Z,0.00,0.00,400.00,98.50,99.00,0.00,0.00,0.00,0.00,none
2024-08-15T17:00:00Z,0.71,0.00,400.00,98.50,99.00,0.71,0.00,0.00,0.00,none
2024-08-15T18:00:00Z,18.03,0.00,400.00,98.50,99.00,18.03,0.00,0.00,0.00,none
2024-08-15T19:00:00Z,75.78,0.00,400.00,98.50,99.00,75.78,0.00,0.00,0.00,none
2024-08-15T20:00:00Z,181.40,0.00,400.00,98.50,99.00,181.40,0.00,0.00,0.00,none
2024-08-15T21:00:00Z,296.58,0.00,400.00,98.50,99.00,296.58,0.00,0.00,0.00,none
2024-08-15T22:00:00Z,305.60,0.00,400.00,98.50,99.00,305.60,0.00,0.00,0.00,none
2024-08-15T23:00:00Z,305.60,0.00,400.00,98.50,99.00,305.60,0.00,0.00,0.00,none
2024-08-16T00:00:00Z,305.60,0.00,400.00,98.50,99.00,305.60,0.00,0.00,0.00,none
2024-08-16T01:00:00Z,305.60,0.00,400.00,98.50,99.00,305.60,0.00,0.00,0.00,none
2024-08-16T02:00:00Z,242.10,0.00,400.00,98.50,99.00,242.10,0.00,0.00,0.00,none
2024-08-16T03:00:00Z,170.08,0.28,400.00,98.50,99.00,170.08,0.00,0.28,0.00,none
2024-08-16T04:00:00Z,218.37,5.16,400.00,98.50,99.00,218.37,0.00,5.16,0.00,none
2024-08-16T05:00:00Z,235.15,15.05,400.00,98.50,99.00,235.15,0.00,15.05,0.00,none
2024-08-16T06:00:00Z,146.34,26.10,400.00,98.50,99.00,146.34,0.00,26.10,0.00,none
2024-08-16T07:00:00Z,54.67,32.12,400.00,98.50,99.00,54.67,0.00,32.12,0.00,none
2024-08-16T08:00:00Z,10.88,41.40,400.00,98.50,99.00,10.88,0.00,41.40,0.00,none
2024-08-16T09:00:00Z,0.28,49.77,400.00,98.50,99.00,0.28,0.00,49.77,0.00,none
2024-08-16T10:00:00Z,0.00,50.32,400.00,98.50,99.00,0.00,0.00,50.32,0.00,none
2024-08-16T11:00:00Z,0.00,37.55,400.00,98.50,99.00,0.00,0.00,37.55,0.00,none
2024-08-16T12:00:00Z,0.00,35.16,400.00,98.50,99.00,0.00,0.00,35.16,0.00,none
2024-08-16T13:00:00Z,0.00,22.96,400.00,98.50,99.00,0.00,0.00,22.96,0.00,none
2024-08-16T14:00:00Z,0.00,11.01,400.00,98.50,99.00,0.00,0.00,11.01,0.00,none
2024-08-16T15:00:00Z,0.00,1.25,400.00,98.50,99.00,0.00,0.00,1.25,0.00,none
2024-08-16T16:00:00Z,0.00,0.00,400.00,98.50,99.00,0.00,0.00,0.00,0.00,none
2024-08-16T17:00:00Z,0.00,0.00,400.00,98.50,99.00,0.00,0.00,0.00,0.00,none
2024-08-16T18:00:00Z,0.00,0.00,400.00,98.50,99.00,0.00,0.00,0.00,0.00,none
2024-08-16T19:00:00Z,0.00,0.00,400.00,98.50,99.00,0.00,0.00,0.00,0.00,none
2024-08-16T20:00:00Z,0.00,0.00,400.00,98.50,99.00,0.00,0.00,0.00,0.00,none
2024-08-16T21:00:00Z,0.00,0.00,400.00,98.50,99.00,0.00,0.00,0.00,0.00,none
2024-08-16T22:00:00Z,0.00,0.00,400.00,98.50,99.00,0.00,0.00,0.00,0.00,none
2024-08-16T23:00:00Z,0.64,0.00,400.00,98.50,99.00,0.64,0.00,0.00,0.00,none
2024-08-17T00:00:00Z,4.20,0.00,400.00,98.50,99.00,4.20,0.00,0.00,0.00,none
2024-08-17T01:00:00Z,10.44,0.00,400.00,98.50,99.00,10.44,0.00,0.00,0.00,none
2024-08-17T02:00:00Z,12.02,0.00,400.00,98.50,99.00,12.02,0.00,0.00,0.00,none
2024-08-17T03:00:00Z,13.25,0.38,400.00,98.50,99.00,13.25,0.00,0.38,0.00,none
2024-08-17T04:00:00Z,15.94,8.27,400.00,98.50,99.00,15.94,0.00,8.27,0.00,none
2024-08-17T05:00:00Z,2.68,21.38,400.00,98.50,99.00,2.68,0.00,21.38,0.00,none
2024-08-17T06:00:00Z,0.00,34.83,400.00,98.50,99.00,0.00,0.00,34.83,0.00,none
2024-08-17T07:00:00Z,0.00,47.73,400.00,98.50,99.00,0.00,0.00,47.73,0.00,none
2024-08-17T08:00:00Z,0.00,55.61,400.00,98.50,99.00,0.00,0.00,55.61,0.00,none
2024-08-17T09:00:00Z,0.00,56.68,400.00,98.50,99.00,0.00,0.00,56.68,0.00,none
2024-08-17T10:00:00Z,0.00,52.33,400.00,98.50,99.00,0.00,0.00,52.33,0.00,none
2024-08-17T11:00:00Z,0.00,47.77,400.00,98.50,99.00,0.00,0.00,47.77,0.00,none
2024-08-17T12:00:00Z,0.00,38.40,400.00,98.50,99.00,0.00,0.00,38.40,0.00,none
2024-08-17T13:00:00Z,0.00,25.13,400.00,98.50,99.00,0.00,0.00,25.13,0.00,none
2024-08-17T14:00:00Z,0.00,11.67,400.00,98.50,99.00,0.00,0.00,11.67,0.00,none
2024-08-17T15:00:00Z,0.00,1.23,400.00,98.50,99.00,0.00,0.00,1.23,0.00,none
2024-08-17T16:00:00Z,0.00,0.00,400.00,98.50,99.00,0.00,0.00,0.00,0.00,none
2024-08-17T17:00:00Z,0.00,0.00,400.00,98.50,99.00,0.00,0.00,0.00,0.00,none
2024-08-17T18:00:00Z,0.00,0.00,400.00,98.50,99.00,0.00,0.00,0.00,0.00,none
2024-08-17T19:00:00Z,0.00,0.00,400.00,98.50,99.00,0.00,0.00,0.00,0.00,none
2024-08-17T20:00:00Z,0.00,0.00,400.00,98.50,99.00,0.00,0.00,0.00,0.00,none
2024-08-17T21:00:00Z,3.33,0.00,400.00,98.50,99.00,3.33,0.00,0.00,0.00,none
2024-08-17T22:00:00Z,31.21,0.00,400.00,98.50,99.00,31.21,0.00,0.00,0.00,none
2024-08-17T23:00:00Z,64.29,0.00,400.00,98.50,99.00,64.29,0.00,0.00,0.00,none
2024-08-18T00:00:00Z,141.38,0.00,400.00,98.50,99.00,141.38,0.00,0.00,0.00,none
2024-08-18T01:00:00Z,151.41,0.00,400.00,98.50,99.00,151.41,0.00,0.00,0.00,none
2024-08-18T02:00:00Z,102.70,0.00,400.00,98.50,99.00,102.70,0.00,0.00,0.00,none
2024-08-18T03:00:00Z,116.11,0.33,400.00,98.50,99.00,116.11,0.00,0.33,0.00,none
2024-08-18T04:00:00Z,167.32,6.71,400.00,98.50,99.00,167.32,0.00,6.71,0.00,none
2024-08-18T05:00:00Z,101.71,17.22,400.00,98.50,99.00,101.71,0.00,17.22,0.00,none
2024-08-18T06:00:00Z,11.10,29.62,400.00,98.50,99.00,11.10,0.00,29.62,0.00,none
2024-08-18T07:00:00Z,0.00,34.49,400.00,98.50,99.00,0.00,0.00,34.49,0.00,none
2024-08-18T08:00:00Z,0.00,38.06,400.00,98.50,99.00,0.00,0.00,38.06,0.00,none
2024-08-18T09:00:00Z,0.00,36.82,400.00,98.50,99.00,0.00,0.00,36.82,0.00,none
2024-08-18T10:00:00Z,0.00,33.40,400.00,98.50,99.00,0.00,0.00,33.40,0.00,none
2024-08-18T11:00:00Z,0.00,35.27,400.00,98.50,99.00,0.00,0.00,35.27,0.00,none
2024-08-18T12:00:00Z,0.00,30.40,400.00,98.50,99.00,0.00,0.00,30.40,0.00,none
2024-08-18T13:00:00Z,0.00,18.23,400.00,98.50,99.00,0.00,0.00,18.23,0.00,none
2024-08-18T14:00:00Z,0.00,8.33,400.00,98.50,99.00,0.00,0.00,8.33,0.00,none
2024-08-18T15:00:00Z,0.00,0.85,400.00,98.50,99.00,0.00,0.00,0.85,0.00,none
2024-08-18T16:00:00Z,0.00,0.00,400.00,98.50,99.00,0.00,0.00,0.00,0.00,none
2024-08-18T17:00:00Z,1.08,0.00,400.00,98.50,99.00,1.08,0.00,0.00,0.00,none
2024-08-18T18:00:00Z,10.02,0.00,400.00,98.50,99.00,10.02,0.00,0.00,0.00,none
2024-08-18T19:00:00Z,61.44,0.00,400.00,98.50,99.00,61.44,0.00,0.00,0.00,none
2024-08-18T20:00:00Z,199.32,0.00,400.00,98.50,99.00,199.32,0.00,0.00,0.00,none
2024-08-18T21:00:00Z,305.60,0.00,400.00,98.50,99.00,305.60,0.00,0.00,0.00,none
2024-08-18T22:00:00Z,305.60,0.00,400.00,98.50,99.00,305.60,0.00,0.00,0.00,none
2024-08-18T23:00:00Z,305.60,0.00,400.00,98.50,99.00,305.60,0.00,0.00,0.00,none
2024-08-19T00:00:00Z,305.60,0.00,400.00,98.50,99.00,305.60,0.00,0.00,0.00,none
2024-08-19T01:00:00Z,305.60,0.00,400.00,98.50,99.00,305.60,0.00,0.00,0.00,none
2024-08-19T02:00:00Z,305.60,0.00,400.00,98.50,99.00,305.60,0.00,0.00,0.00,none
2024-08-19T03:00:00Z,305.60,0.31,400.00,98.50,99.00,305.60,0.00,0.31,0.00,none
2024-08-19T04:00:00Z,305.60,4.91,400.00,98.50,99.00,305.60,0.00,4.40,0.51,wind_priority_shared_poi_headroom
2024-08-19T05:00:00Z,305.60,13.36,400.00,98.50,99.00,305.60,0.00,4.40,8.95,wind_priority_shared_poi_headroom
2024-08-19T06:00:00Z,254.58,22.62,400.00,98.50,99.00,254.58,0.00,22.62,0.00,none
2024-08-19T07:00:00Z,151.41,28.67,400.00,98.50,99.00,151.41,0.00,28.67,0.00,none
2024-08-19T08:00:00Z,99.76,28.37,400.00,98.50,99.00,99.76,0.00,28.37,0.00,none
2024-08-19T09:00:00Z,37.40,26.00,400.00,98.50,99.00,37.40,0.00,26.00,0.00,none
2024-08-19T10:00:00Z,5.78,21.33,400.00,98.50,99.00,5.78,0.00,21.33,0.00,none
2024-08-19T11:00:00Z,0.24,26.23,400.00,98.50,99.00,0.24,0.00,26.23,0.00,none
2024-08-19T12:00:00Z,0.00,25.37,400.00,98.50,99.00,0.00,0.00,25.37,0.00,none
2024-08-19T13:00:00Z,0.00,18.03,400.00,98.50,99.00,0.00,0.00,18.03,0.00,none
2024-08-19T14:00:00Z,0.00,7.61,400.00,98.50,99.00,0.00,0.00,7.61,0.00,none
2024-08-19T15:00:00Z,0.00,0.72,400.00,98.50,99.00,0.00,0.00,0.72,0.00,none
2024-08-19T16:00:00Z,0.00,0.00,400.00,98.50,99.00,0.00,0.00,0.00,0.00,none
2024-08-19T17:00:00Z,0.00,0.00,400.00,98.50,99.00,0.00,0.00,0.00,0.00,none
2024-08-19T18:00:00Z,0.00,0.00,400.00,98.50,99.00,0.00,0.00,0.00,0.00,none
2024-08-19T19:00:00Z,0.49,0.00,400.00,98.50,99.00,0.49,0.00,0.00,0.00,none
2024-08-19T20:00:00Z,2.95,0.00,400.00,98.50,99.00,2.95,0.00,0.00,0.00,none
2024-08-19T21:00:00Z,16.81,0.00,400.00,98.50,99.00,16.81,0.00,0.00,0.00,none
2024-08-19T22:00:00Z,39.98,0.00,400.00,98.50,99.00,39.98,0.00,0.00,0.00,none
2024-08-19T23:00:00Z,91.27,0.00,400.00,98.50,99.00,91.27,0.00,0.00,0.00,none
2024-08-20T00:00:00Z,145.09,0.00,400.00,98.50,99.00,145.09,0.00,0.00,0.00,none
2024-08-20T01:00:00Z,182.85,0.00,400.00,98.50,99.00,182.85,0.00,0.00,0.00,none
2024-08-20T02:00:00Z,124.92,0.00,400.00,98.50,99.00,124.92,0.00,0.00,0.00,none
2024-08-20T03:00:00Z,79.89,0.29,400.00,98.50,99.00,79.89,0.00,0.29,0.00,none
2024-08-20T04:00:00Z,72.59,5.08,400.00,98.50,99.00,72.59,0.00,5.08,0.00,none
2024-08-20T05:00:00Z,35.90,12.07,400.00,98.50,99.00,35.90,0.00,12.07,0.00,none
2024-08-20T06:00:00Z,2.26,20.64,400.00,98.50,99.00,2.26,0.00,20.64,0.00,none
2024-08-20T07:00:00Z,0.00,27.07,400.00,98.50,99.00,0.00,0.00,27.07,0.00,none
2024-08-20T08:00:00Z,0.00,23.28,400.00,98.50,99.00,0.00,0.00,23.28,0.00,none
2024-08-20T09:00:00Z,0.00,10.03,400.00,98.50,99.00,0.00,0.00,10.03,0.00,none
2024-08-20T10:00:00Z,0.00,21.20,400.00,98.50,99.00,0.00,0.00,21.20,0.00,none
2024-08-20T11:00:00Z,0.00,26.22,400.00,98.50,99.00,0.00,0.00,26.22,0.00,none
2024-08-20T12:00:00Z,0.00,24.18,400.00,98.50,99.00,0.00,0.00,24.18,0.00,none
2024-08-20T13:00:00Z,0.82,15.70,400.00,98.50,99.00,0.82,0.00,15.70,0.00,none
2024-08-20T14:00:00Z,8.43,6.85,400.00,98.50,99.00,8.43,0.00,6.85,0.00,none
2024-08-20T15:00:00Z,9.60,0.72,400.00,98.50,99.00,9.60,0.00,0.72,0.00,none
2024-08-20T16:00:00Z,7.70,0.00,400.00,98.50,99.00,7.70,0.00,0.00,0.00,none
2024-08-20T17:00:00Z,7.02,0.00,400.00,98.50,99.00,7.02,0.00,0.00,0.00,none
2024-08-20T18:00:00Z,4.32,0.00,400.00,98.50,99.00,4.32,0.00,0.00,0.00,none
2024-08-20T19:00:00Z,1.23,0.00,400.00,98.50,99.00,1.23,0.00,0.00,0.00,none
2024-08-20T20:00:00Z,0.00,0.00,400.00,98.50,99.00,0.00,0.00,0.00,0.00,none
2024-08-20T21:00:00Z,0.00,0.00,400.00,98.50,99.00,0.00,0.00,0.00,0.00,none
2024-08-20T22:00:00Z,0.00,0.00,400.00,98.50,99.00,0.00,0.00,0.00,0.00,none
2024-08-20T23:00:00Z,0.00,0.00,400.00,98.50,99.00,0.00,0.00,0.00,0.00,none
2024-08-21T00:00:00Z,0.00,0.00,400.00,98.50,99.00,0.00,0.00,0.00,0.00,none
2024-08-21T01:00:00Z,1.57,0.00,400.00,98.50,99.00,1.57,0.00,0.00,0.00,none
2024-08-21T02:00:00Z,16.23,0.00,400.00,98.50,99.00,16.23,0.00,0.00,0.00,none
2024-08-21T03:00:00Z,11.79,0.23,400.00,98.50,99.00,11.79,0.00,0.23,0.00,none
2024-08-21T04:00:00Z,20.96,4.21,400.00,98.50,99.00,20.96,0.00,4.21,0.00,none
2024-08-21T05:00:00Z,26.54,11.29,400.00,98.50,99.00,26.54,0.00,11.29,0.00,none
2024-08-21T06:00:00Z,7.19,19.20,400.00,98.50,99.00,7.19,0.00,19.20,0.00,none
2024-08-21T07:00:00Z,0.01,28.10,400.00,98.50,99.00,0.01,0.00,28.10,0.00,none
2024-08-21T08:00:00Z,0.00,29.80,400.00,98.50,99.00,0.00,0.00,29.80,0.00,none
2024-08-21T09:00:00Z,0.00,38.07,400.00,98.50,99.00,0.00,0.00,38.07,0.00,none
2024-08-21T10:00:00Z,0.00,41.73,400.00,98.50,99.00,0.00,0.00,41.73,0.00,none
2024-08-21T11:00:00Z,0.00,31.32,400.00,98.50,99.00,0.00,0.00,31.32,0.00,none
2024-08-21T12:00:00Z,0.00,24.86,400.00,98.50,99.00,0.00,0.00,24.86,0.00,none
2024-08-21T13:00:00Z,0.00,14.21,400.00,98.50,99.00,0.00,0.00,14.21,0.00,none
2024-08-21T14:00:00Z,0.00,5.94,400.00,98.50,99.00,0.00,0.00,5.94,0.00,none
2024-08-21T15:00:00Z,0.00,0.60,400.00,98.50,99.00,0.00,0.00,0.60,0.00,none
2024-08-21T16:00:00Z,0.00,0.00,400.00,98.50,99.00,0.00,0.00,0.00,0.00,none
2024-08-21T17:00:00Z,0.00,0.00,400.00,98.50,99.00,0.00,0.00,0.00,0.00,none
2024-08-21T18:00:00Z,0.49,0.00,400.00,98.50,99.00,0.49,0.00,0.00,0.00,none
2024-08-21T19:00:00Z,3.14,0.00,400.00,98.50,99.00,3.14,0.00,0.00,0.00,none
2024-08-21T20:00:00Z,7.70,0.00,400.00,98.50,99.00,7.70,0.00,0.00,0.00,none
2024-08-21T21:00:00Z,14.29,0.00,400.00,98.50,99.00,14.29,0.00,0.00,0.00,none
2024-08-21T22:00:00Z,41.04,0.00,400.00,98.50,99.00,41.04,0.00,0.00,0.00,none
2024-08-21T23:00:00Z,79.06,0.00,400.00,98.50,99.00,79.06,0.00,0.00,0.00,none
2024-08-22T00:00:00Z,107.73,0.00,400.00,98.50,99.00,107.73,0.00,0.00,0.00,none
2024-08-22T01:00:00Z,110.82,0.00,400.00,98.50,99.00,110.82,0.00,0.00,0.00,none
2024-08-22T02:00:00Z,91.27,0.00,400.00,98.50,99.00,91.27,0.00,0.00,0.00,none
2024-08-22T03:00:00Z,74.97,0.16,400.00,98.50,99.00,74.97,0.00,0.16,0.00,none
2024-08-22T04:00:00Z,81.58,2.16,400.00,98.50,99.00,81.58,0.00,2.16,0.00,none
2024-08-22T05:00:00Z,62.85,7.49,400.00,98.50,99.00,62.85,0.00,7.49,0.00,none
2024-08-22T06:00:00Z,21.66,12.56,400.00,98.50,99.00,21.66,0.00,12.56,0.00,none
2024-08-22T07:00:00Z,2.85,14.22,400.00,98.50,99.00,2.85,0.00,14.22,0.00,none
2024-08-22T08:00:00Z,0.00,17.65,400.00,98.50,99.00,0.00,0.00,17.65,0.00,none
2024-08-22T09:00:00Z,0.00,24.78,400.00,98.50,99.00,0.00,0.00,24.78,0.00,none
2024-08-22T10:00:00Z,0.00,26.48,400.00,98.50,99.00,0.00,0.00,26.48,0.00,none
2024-08-22T11:00:00Z,0.00,26.66,400.00,98.50,99.00,0.00,0.00,26.66,0.00,none
2024-08-22T12:00:00Z,0.00,22.18,400.00,98.50,99.00,0.00,0.00,22.18,0.00,none
2024-08-22T13:00:00Z,0.00,15.65,400.00,98.50,99.00,0.00,0.00,15.65,0.00,none
2024-08-22T14:00:00Z,0.00,7.44,400.00,98.50,99.00,0.00,0.00,7.44,0.00,none
2024-08-22T15:00:00Z,0.00,0.98,400.00,98.50,99.00,0.00,0.00,0.98,0.00,none
2024-08-22T16:00:00Z,0.00,0.00,400.00,98.50,99.00,0.00,0.00,0.00,0.00,none
2024-08-22T17:00:00Z,0.09,0.00,400.00,98.50,99.00,0.09,0.00,0.00,0.00,none
2024-08-22T18:00:00Z,0.05,0.00,400.00,98.50,99.00,0.05,0.00,0.00,0.00,none
2024-08-22T19:00:00Z,0.11,0.00,400.00,98.50,99.00,0.11,0.00,0.00,0.00,none
2024-08-22T20:00:00Z,0.49,0.00,400.00,98.50,99.00,0.49,0.00,0.00,0.00,none
2024-08-22T21:00:00Z,0.95,0.00,400.00,98.50,99.00,0.95,0.00,0.00,0.00,none
2024-08-22T22:00:00Z,2.19,0.00,400.00,98.50,99.00,2.19,0.00,0.00,0.00,none
2024-08-22T23:00:00Z,4.44,0.00,400.00,98.50,99.00,4.44,0.00,0.00,0.00,none
2024-08-23T00:00:00Z,6.38,0.00,400.00,98.50,99.00,6.38,0.00,0.00,0.00,none
2024-08-23T01:00:00Z,10.23,0.00,400.00,98.50,99.00,10.23,0.00,0.00,0.00,none
2024-08-23T02:00:00Z,15.66,0.00,400.00,98.50,99.00,15.66,0.00,0.00,0.00,none
2024-08-23T03:00:00Z,22.73,0.37,400.00,98.50,99.00,22.73,0.00,0.37,0.00,none
2024-08-23T04:00:00Z,130.64,7.46,400.00,98.50,99.00,130.64,0.00,7.46,0.00,none
2024-08-23T05:00:00Z,168.69,18.77,400.00,98.50,99.00,168.69,0.00,18.77,0.00,none
2024-08-23T06:00:00Z,69.49,32.40,400.00,98.50,99.00,69.49,0.00,32.40,0.00,none
2024-08-23T07:00:00Z,15.66,43.49,400.00,98.50,99.00,15.66,0.00,43.49,0.00,none
2024-08-23T08:00:00Z,1.29,50.64,400.00,98.50,99.00,1.29,0.00,50.64,0.00,none
2024-08-23T09:00:00Z,0.00,47.81,400.00,98.50,99.00,0.00,0.00,47.81,0.00,none
2024-08-23T10:00:00Z,0.00,37.16,400.00,98.50,99.00,0.00,0.00,37.16,0.00,none
2024-08-23T11:00:00Z,0.00,36.67,400.00,98.50,99.00,0.00,0.00,36.67,0.00,none
2024-08-23T12:00:00Z,0.00,30.85,400.00,98.50,99.00,0.00,0.00,30.85,0.00,none
2024-08-23T13:00:00Z,0.00,21.30,400.00,98.50,99.00,0.00,0.00,21.30,0.00,none
2024-08-23T14:00:00Z,0.04,8.84,400.00,98.50,99.00,0.04,0.00,8.84,0.00,none
2024-08-23T15:00:00Z,0.22,0.97,400.00,98.50,99.00,0.22,0.00,0.97,0.00,none
2024-08-23T16:00:00Z,0.16,0.00,400.00,98.50,99.00,0.16,0.00,0.00,0.00,none
2024-08-23T17:00:00Z,1.45,0.00,400.00,98.50,99.00,1.45,0.00,0.00,0.00,none
2024-08-23T18:00:00Z,9.60,0.00,400.00,98.50,99.00,9.60,0.00,0.00,0.00,none
2024-08-23T19:00:00Z,24.97,0.00,400.00,98.50,99.00,24.97,0.00,0.00,0.00,none
2024-08-23T20:00:00Z,35.41,0.00,400.00,98.50,99.00,35.41,0.00,0.00,0.00,none
2024-08-23T21:00:00Z,39.45,0.00,400.00,98.50,99.00,39.45,0.00,0.00,0.00,none
2024-08-23T22:00:00Z,66.49,0.00,400.00,98.50,99.00,66.49,0.00,0.00,0.00,none
2024-08-23T23:00:00Z,88.56,0.00,400.00,98.50,99.00,88.56,0.00,0.00,0.00,none
2024-08-24T00:00:00Z,89.46,0.00,400.00,98.50,99.00,89.46,0.00,0.00,0.00,none
2024-08-24T01:00:00Z,76.59,0.00,400.00,98.50,99.00,76.59,0.00,0.00,0.00,none
2024-08-24T02:00:00Z,119.36,0.00,400.00,98.50,99.00,119.36,0.00,0.00,0.00,none
2024-08-24T03:00:00Z,160.56,0.32,400.00,98.50,99.00,160.56,0.00,0.32,0.00,none
2024-08-24T04:00:00Z,276.96,6.85,400.00,98.50,99.00,276.96,0.00,6.85,0.00,none
2024-08-24T05:00:00Z,305.60,18.17,400.00,98.50,99.00,305.60,0.00,4.40,13.77,wind_priority_shared_poi_headroom
2024-08-24T06:00:00Z,305.60,26.89,400.00,98.50,99.00,305.60,0.00,4.40,22.49,wind_priority_shared_poi_headroom
2024-08-24T07:00:00Z,250.97,46.96,400.00,98.50,99.00,250.97,0.00,46.96,0.00,none
2024-08-24T08:00:00Z,167.32,56.07,400.00,98.50,99.00,167.32,0.00,56.07,0.00,none
2024-08-24T09:00:00Z,94.05,56.66,400.00,98.50,99.00,94.05,0.00,56.66,0.00,none
2024-08-24T10:00:00Z,50.86,52.74,400.00,98.50,99.00,50.86,0.00,52.74,0.00,none
2024-08-24T11:00:00Z,29.03,45.94,400.00,98.50,99.00,29.03,0.00,45.94,0.00,none
2024-08-24T12:00:00Z,23.09,33.59,400.00,98.50,99.00,23.09,0.00,33.59,0.00,none
2024-08-24T13:00:00Z,26.54,22.67,400.00,98.50,99.00,26.54,0.00,22.67,0.00,none
2024-08-24T14:00:00Z,34.45,10.95,400.00,98.50,99.00,34.45,0.00,10.95,0.00,none
2024-08-24T15:00:00Z,31.21,1.12,400.00,98.50,99.00,31.21,0.00,1.12,0.00,none
2024-08-24T16:00:00Z,25.75,0.00,400.00,98.50,99.00,25.75,0.00,0.00,0.00,none
2024-08-24T17:00:00Z,26.95,0.00,400.00,98.50,99.00,26.95,0.00,0.00,0.00,none
2024-08-24T18:00:00Z,42.13,0.00,400.00,98.50,99.00,42.13,0.00,0.00,0.00,none
2024-08-24T19:00:00Z,86.78,0.00,400.00,98.50,99.00,86.78,0.00,0.00,0.00,none
2024-08-24T20:00:00Z,109.78,0.00,400.00,98.50,99.00,109.78,0.00,0.00,0.00,none
2024-08-24T21:00:00Z,122.68,0.00,400.00,98.50,99.00,122.68,0.00,0.00,0.00,none
2024-08-24T22:00:00Z,193.22,0.00,400.00,98.50,99.00,193.22,0.00,0.00,0.00,none
2024-08-24T23:00:00Z,261.90,0.00,400.00,98.50,99.00,261.90,0.00,0.00,0.00,none
2024-08-25T00:00:00Z,305.60,0.00,400.00,98.50,99.00,305.60,0.00,0.00,0.00,none
2024-08-25T01:00:00Z,305.60,0.00,400.00,98.50,99.00,305.60,0.00,0.00,0.00,none
2024-08-25T02:00:00Z,305.60,0.00,400.00,98.50,99.00,305.60,0.00,0.00,0.00,none
2024-08-25T03:00:00Z,305.60,0.37,400.00,98.50,99.00,305.60,0.00,0.37,0.00,none
2024-08-25T04:00:00Z,305.60,7.01,400.00,98.50,99.00,305.60,0.00,4.40,2.61,wind_priority_shared_poi_headroom
2024-08-25T05:00:00Z,305.60,17.43,400.00,98.50,99.00,305.60,0.00,4.40,13.03,wind_priority_shared_poi_headroom
2024-08-25T06:00:00Z,305.60,30.55,400.00,98.50,99.00,305.60,0.00,4.40,26.15,wind_priority_shared_poi_headroom
2024-08-25T07:00:00Z,305.60,46.01,400.00,98.50,99.00,305.60,0.00,4.40,41.60,wind_priority_shared_poi_headroom
2024-08-25T08:00:00Z,305.60,57.32,400.00,98.50,99.00,305.60,0.00,4.40,52.91,wind_priority_shared_poi_headroom
2024-08-25T09:00:00Z,269.36,58.23,400.00,98.50,99.00,269.36,0.00,40.64,17.59,wind_priority_shared_poi_headroom
2024-08-25T10:00:00Z,226.66,53.02,400.00,98.50,99.00,226.66,0.00,53.02,0.00,none
2024-08-25T11:00:00Z,224.98,47.16,400.00,98.50,99.00,224.98,0.00,47.16,0.00,none
2024-08-25T12:00:00Z,245.62,34.12,400.00,98.50,99.00,245.62,0.00,34.12,0.00,none
2024-08-25T13:00:00Z,276.96,22.29,400.00,98.50,99.00,276.96,0.00,22.29,0.00,none
2024-08-25T14:00:00Z,305.60,10.34,400.00,98.50,99.00,305.60,0.00,4.40,5.93,wind_priority_shared_poi_headroom
2024-08-25T15:00:00Z,305.60,1.01,400.00,98.50,99.00,305.60,0.00,1.01,0.00,none
2024-08-25T16:00:00Z,236.87,0.00,400.00,98.50,99.00,236.87,0.00,0.00,0.00,none
2024-08-25T17:00:00Z,151.41,0.00,400.00,98.50,99.00,151.41,0.00,0.00,0.00,none
2024-08-25T18:00:00Z,200.86,0.00,400.00,98.50,99.00,200.86,0.00,0.00,0.00,none
2024-08-25T19:00:00Z,247.39,0.00,400.00,98.50,99.00,247.39,0.00,0.00,0.00,none
2024-08-25T20:00:00Z,245.62,0.00,400.00,98.50,99.00,245.62,0.00,0.00,0.00,none
2024-08-25T21:00:00Z,286.65,0.00,400.00,98.50,99.00,286.65,0.00,0.00,0.00,none
2024-08-25T22:00:00Z,305.60,0.00,400.00,98.50,99.00,305.60,0.00,0.00,0.00,none
2024-08-25T23:00:00Z,305.60,0.00,400.00,98.50,99.00,305.60,0.00,0.00,0.00,none
2024-08-26T00:00:00Z,305.60,0.00,400.00,98.50,99.00,305.60,0.00,0.00,0.00,none
2024-08-26T01:00:00Z,305.60,0.00,400.00,98.50,99.00,305.60,0.00,0.00,0.00,none
2024-08-26T02:00:00Z,280.81,0.00,400.00,98.50,99.00,280.81,0.00,0.00,0.00,none
2024-08-26T03:00:00Z,254.58,0.39,400.00,98.50,99.00,254.58,0.00,0.39,0.00,none
2024-08-26T04:00:00Z,305.60,8.51,400.00,98.50,99.00,305.60,0.00,4.40,4.11,wind_priority_shared_poi_headroom
2024-08-26T05:00:00Z,305.60,22.65,400.00,98.50,99.00,305.60,0.00,4.40,18.25,wind_priority_shared_poi_headroom
2024-08-26T06:00:00Z,305.60,37.44,400.00,98.50,99.00,305.60,0.00,4.40,33.04,wind_priority_shared_poi_headroom
2024-08-26T07:00:00Z,305.60,49.75,400.00,98.50,99.00,305.60,0.00,4.40,45.35,wind_priority_shared_poi_headroom
2024-08-26T08:00:00Z,305.60,57.64,400.00,98.50,99.00,305.60,0.00,4.40,53.24,wind_priority_shared_poi_headroom
2024-08-26T09:00:00Z,282.75,61.65,400.00,98.50,99.00,282.75,0.00,27.25,34.40,wind_priority_shared_poi_headroom
2024-08-26T10:00:00Z,174.27,58.86,400.00,98.50,99.00,174.27,0.00,58.86,0.00,none
2024-08-26T11:00:00Z,108.75,50.25,400.00,98.50,99.00,108.75,0.00,50.25,0.00,none
2024-08-26T12:00:00Z,83.29,39.38,400.00,98.50,99.00,83.29,0.00,39.38,0.00,none
2024-08-26T13:00:00Z,87.66,26.31,400.00,98.50,99.00,87.66,0.00,26.31,0.00,none
2024-08-26T14:00:00Z,115.04,12.14,400.00,98.50,99.00,115.04,0.00,12.14,0.00,none
2024-08-26T15:00:00Z,140.16,1.16,400.00,98.50,99.00,140.16,0.00,1.16,0.00,none
2024-08-26T16:00:00Z,127.19,0.00,400.00,98.50,99.00,127.19,0.00,0.00,0.00,none
2024-08-26T17:00:00Z,126.05,0.00,400.00,98.50,99.00,126.05,0.00,0.00,0.00,none
2024-08-26T18:00:00Z,126.05,0.00,400.00,98.50,99.00,126.05,0.00,0.00,0.00,none
2024-08-26T19:00:00Z,131.81,0.00,400.00,98.50,99.00,131.81,0.00,0.00,0.00,none
2024-08-26T20:00:00Z,147.59,0.00,400.00,98.50,99.00,147.59,0.00,0.00,0.00,none
2024-08-26T21:00:00Z,221.66,0.00,400.00,98.50,99.00,221.66,0.00,0.00,0.00,none
2024-08-26T22:00:00Z,305.60,0.00,400.00,98.50,99.00,305.60,0.00,0.00,0.00,none
2024-08-26T23:00:00Z,305.60,0.00,400.00,98.50,99.00,305.60,0.00,0.00,0.00,none
2024-08-27T00:00:00Z,305.60,0.00,400.00,98.50,99.00,305.60,0.00,0.00,0.00,none
2024-08-27T01:00:00Z,305.60,0.00,400.00,98.50,99.00,305.60,0.00,0.00,0.00,none
2024-08-27T02:00:00Z,305.60,0.00,400.00,98.50,99.00,305.60,0.00,0.00,0.00,none
2024-08-27T03:00:00Z,305.60,0.51,400.00,98.50,99.00,305.60,0.00,0.51,0.00,none
2024-08-27T04:00:00Z,305.60,9.49,400.00,98.50,99.00,305.60,0.00,4.40,5.08,wind_priority_shared_poi_headroom
2024-08-27T05:00:00Z,305.60,24.53,400.00,98.50,99.00,305.60,0.00,4.40,20.13,wind_priority_shared_poi_headroom
2024-08-27T06:00:00Z,305.60,39.23,400.00,98.50,99.00,305.60,0.00,4.40,34.83,wind_priority_shared_poi_headroom
2024-08-27T07:00:00Z,305.60,51.06,400.00,98.50,99.00,305.60,0.00,4.40,46.65,wind_priority_shared_poi_headroom
2024-08-27T08:00:00Z,250.97,58.15,400.00,98.50,99.00,250.97,0.00,58.15,0.00,none
2024-08-27T09:00:00Z,135.35,60.26,400.00,98.50,99.00,135.35,0.00,60.26,0.00,none
2024-08-27T10:00:00Z,94.05,56.39,400.00,98.50,99.00,94.05,0.00,56.39,0.00,none
2024-08-27T11:00:00Z,84.15,47.40,400.00,98.50,99.00,84.15,0.00,47.40,0.00,none
2024-08-27T12:00:00Z,94.98,37.25,400.00,98.50,99.00,94.98,0.00,37.25,0.00,none
2024-08-27T13:00:00Z,148.86,24.51,400.00,98.50,99.00,148.86,0.00,24.51,0.00,none
2024-08-27T14:00:00Z,247.39,11.12,400.00,98.50,99.00,247.39,0.00,11.12,0.00,none
2024-08-27T15:00:00Z,304.68,1.04,400.00,98.50,99.00,304.68,0.00,1.04,0.00,none
2024-08-27T16:00:00Z,305.60,0.00,400.00,98.50,99.00,305.60,0.00,0.00,0.00,none
2024-08-27T17:00:00Z,305.60,0.00,400.00,98.50,99.00,305.60,0.00,0.00,0.00,none
2024-08-27T18:00:00Z,305.60,0.00,400.00,98.50,99.00,305.60,0.00,0.00,0.00,none
2024-08-27T19:00:00Z,305.60,0.00,400.00,98.50,99.00,305.60,0.00,0.00,0.00,none
2024-08-27T20:00:00Z,305.60,0.00,400.00,98.50,99.00,305.60,0.00,0.00,0.00,none
2024-08-27T21:00:00Z,305.60,0.00,400.00,98.50,99.00,305.60,0.00,0.00,0.00,none
2024-08-27T22:00:00Z,305.60,0.00,400.00,98.50,99.00,305.60,0.00,0.00,0.00,none
2024-08-27T23:00:00Z,305.60,0.00,400.00,98.50,99.00,305.60,0.00,0.00,0.00,none
2024-08-28T00:00:00Z,305.60,0.00,400.00,98.50,99.00,305.60,0.00,0.00,0.00,none
2024-08-28T01:00:00Z,305.60,0.00,400.00,98.50,99.00,305.60,0.00,0.00,0.00,none
2024-08-28T02:00:00Z,305.60,0.00,400.00,98.50,99.00,305.60,0.00,0.00,0.00,none
2024-08-28T03:00:00Z,305.60,0.49,400.00,98.50,99.00,305.60,0.00,0.49,0.00,none
2024-08-28T04:00:00Z,305.60,9.15,400.00,98.50,99.00,305.60,0.00,4.40,4.74,wind_priority_shared_poi_headroom
2024-08-28T05:00:00Z,305.60,24.09,400.00,98.50,99.00,305.60,0.00,4.40,19.69,wind_priority_shared_poi_headroom
2024-08-28T06:00:00Z,305.60,38.73,400.00,98.50,99.00,305.60,0.00,4.40,34.33,wind_priority_shared_poi_headroom
2024-08-28T07:00:00Z,305.60,50.52,400.00,98.50,99.00,305.60,0.00,4.40,46.11,wind_priority_shared_poi_headroom
2024-08-28T08:00:00Z,305.60,58.02,400.00,98.50,99.00,305.60,0.00,4.40,53.61,wind_priority_shared_poi_headroom
2024-08-28T09:00:00Z,305.60,61.85,400.00,98.50,99.00,305.60,0.00,4.40,57.45,wind_priority_shared_poi_headroom
2024-08-28T10:00:00Z,305.60,54.51,400.00,98.50,99.00,305.60,0.00,4.40,50.11,wind_priority_shared_poi_headroom
2024-08-28T11:00:00Z,305.60,49.59,400.00,98.50,99.00,305.60,0.00,4.40,45.18,wind_priority_shared_poi_headroom
2024-08-28T12:00:00Z,305.60,38.40,400.00,98.50,99.00,305.60,0.00,4.40,34.00,wind_priority_shared_poi_headroom
2024-08-28T13:00:00Z,305.60,26.30,400.00,98.50,99.00,305.60,0.00,4.40,21.89,wind_priority_shared_poi_headroom
2024-08-28T14:00:00Z,305.60,12.02,400.00,98.50,99.00,305.60,0.00,4.40,7.62,wind_priority_shared_poi_headroom
2024-08-28T15:00:00Z,305.60,1.10,400.00,98.50,99.00,305.60,0.00,1.10,0.00,none
2024-08-28T16:00:00Z,305.60,0.00,400.00,98.50,99.00,305.60,0.00,0.00,0.00,none
2024-08-28T17:00:00Z,305.60,0.00,400.00,98.50,99.00,305.60,0.00,0.00,0.00,none
2024-08-28T18:00:00Z,305.60,0.00,400.00,98.50,99.00,305.60,0.00,0.00,0.00,none
2024-08-28T19:00:00Z,305.60,0.00,400.00,98.50,99.00,305.60,0.00,0.00,0.00,none
2024-08-28T20:00:00Z,305.60,0.00,400.00,98.50,99.00,305.60,0.00,0.00,0.00,none
2024-08-28T21:00:00Z,305.60,0.00,400.00,98.50,99.00,305.60,0.00,0.00,0.00,none
2024-08-28T22:00:00Z,305.60,0.00,400.00,98.50,99.00,305.60,0.00,0.00,0.00,none
2024-08-28T23:00:00Z,305.60,0.00,400.00,98.50,99.00,305.60,0.00,0.00,0.00,none
2024-08-29T00:00:00Z,305.60,0.00,400.00,98.50,99.00,305.60,0.00,0.00,0.00,none
2024-08-29T01:00:00Z,305.60,0.00,400.00,98.50,99.00,305.60,0.00,0.00,0.00,none
2024-08-29T02:00:00Z,305.60,0.00,400.00,98.50,99.00,305.60,0.00,0.00,0.00,none
2024-08-29T03:00:00Z,305.60,0.50,400.00,98.50,99.00,305.60,0.00,0.50,0.00,none
2024-08-29T04:00:00Z,305.60,9.43,400.00,98.50,99.00,305.60,0.00,4.40,5.03,wind_priority_shared_poi_headroom
2024-08-29T05:00:00Z,305.60,24.59,400.00,98.50,99.00,305.60,0.00,4.40,20.19,wind_priority_shared_poi_headroom
2024-08-29T06:00:00Z,305.60,39.61,400.00,98.50,99.00,305.60,0.00,4.40,35.21,wind_priority_shared_poi_headroom
2024-08-29T07:00:00Z,305.60,51.51,400.00,98.50,99.00,305.60,0.00,4.40,47.11,wind_priority_shared_poi_headroom
2024-08-29T08:00:00Z,269.36,59.00,400.00,98.50,99.00,269.36,0.00,40.64,18.36,wind_priority_shared_poi_headroom
2024-08-29T09:00:00Z,216.74,62.18,400.00,98.50,99.00,216.74,0.00,62.18,0.00,none
2024-08-29T10:00:00Z,199.32,59.61,400.00,98.50,99.00,199.32,0.00,59.61,0.00,none
2024-08-29T11:00:00Z,230.03,52.35,400.00,98.50,99.00,230.03,0.00,52.35,0.00,none
2024-08-29T12:00:00Z,292.58,39.25,400.00,98.50,99.00,292.58,0.00,17.42,21.84,wind_priority_shared_poi_headroom
2024-08-29T13:00:00Z,305.60,25.84,400.00,98.50,99.00,305.60,0.00,4.40,21.44,wind_priority_shared_poi_headroom
2024-08-29T14:00:00Z,305.60,12.15,400.00,98.50,99.00,305.60,0.00,4.40,7.75,wind_priority_shared_poi_headroom
2024-08-29T15:00:00Z,305.60,1.14,400.00,98.50,99.00,305.60,0.00,1.14,0.00,none
2024-08-29T16:00:00Z,305.60,0.00,400.00,98.50,99.00,305.60,0.00,0.00,0.00,none
2024-08-29T17:00:00Z,305.60,0.00,400.00,98.50,99.00,305.60,0.00,0.00,0.00,none
2024-08-29T18:00:00Z,305.60,0.00,400.00,98.50,99.00,305.60,0.00,0.00,0.00,none
2024-08-29T19:00:00Z,305.60,0.00,400.00,98.50,99.00,305.60,0.00,0.00,0.00,none
2024-08-29T20:00:00Z,305.60,0.00,400.00,98.50,99.00,305.60,0.00,0.00,0.00,none
2024-08-29T21:00:00Z,305.60,0.00,400.00,98.50,99.00,305.60,0.00,0.00,0.00,none
2024-08-29T22:00:00Z,305.60,0.00,400.00,98.50,99.00,305.60,0.00,0.00,0.00,none
2024-08-29T23:00:00Z,305.60,0.00,400.00,98.50,99.00,305.60,0.00,0.00,0.00,none
2024-08-30T00:00:00Z,305.60,0.00,400.00,98.50,99.00,305.60,0.00,0.00,0.00,none
2024-08-30T01:00:00Z,305.60,0.00,400.00,98.50,99.00,305.60,0.00,0.00,0.00,none
2024-08-30T02:00:00Z,252.77,0.00,400.00,98.50,99.00,252.77,0.00,0.00,0.00,none
2024-08-30T03:00:00Z,258.22,0.57,400.00,98.50,99.00,258.22,0.00,0.57,0.00,none
2024-08-30T04:00:00Z,305.60,10.29,400.00,98.50,99.00,305.60,0.00,4.40,5.89,wind_priority_shared_poi_headroom
2024-08-30T05:00:00Z,305.60,25.83,400.00,98.50,99.00,305.60,0.00,4.40,21.43,wind_priority_shared_poi_headroom
2024-08-30T06:00:00Z,305.60,40.62,400.00,98.50,99.00,305.60,0.00,4.40,36.22,wind_priority_shared_poi_headroom
2024-08-30T07:00:00Z,305.60,52.42,400.00,98.50,99.00,305.60,0.00,4.40,48.02,wind_priority_shared_poi_headroom
2024-08-30T08:00:00Z,305.60,59.74,400.00,98.50,99.00,305.60,0.00,4.40,55.34,wind_priority_shared_poi_headroom
2024-08-30T09:00:00Z,305.60,63.56,400.00,98.50,99.00,305.60,0.00,4.40,59.15,wind_priority_shared_poi_headroom
2024-08-30T10:00:00Z,263.75,61.31,400.00,98.50,99.00,263.75,0.00,46.25,15.06,wind_priority_shared_poi_headroom
2024-08-30T11:00:00Z,236.87,54.03,400.00,98.50,99.00,236.87,0.00,54.03,0.00,none
2024-08-30T12:00:00Z,249.18,41.61,400.00,98.50,99.00,249.18,0.00,41.61,0.00,none
2024-08-30T13:00:00Z,292.58,28.38,400.00,98.50,99.00,292.58,0.00,17.42,10.96,wind_priority_shared_poi_headroom
2024-08-30T14:00:00Z,305.60,13.24,400.00,98.50,99.00,305.60,0.00,4.40,8.83,wind_priority_shared_poi_headroom
2024-08-30T15:00:00Z,305.60,1.23,400.00,98.50,99.00,305.60,0.00,1.23,0.00,none
2024-08-30T16:00:00Z,305.60,0.00,400.00,98.50,99.00,305.60,0.00,0.00,0.00,none
2024-08-30T17:00:00Z,305.60,0.00,400.00,98.50,99.00,305.60,0.00,0.00,0.00,none
2024-08-30T18:00:00Z,290.60,0.00,400.00,98.50,99.00,290.60,0.00,0.00,0.00,none
2024-08-30T19:00:00Z,305.60,0.00,400.00,98.50,99.00,305.60,0.00,0.00,0.00,none
2024-08-30T20:00:00Z,305.60,0.00,400.00,98.50,99.00,305.60,0.00,0.00,0.00,none
2024-08-30T21:00:00Z,305.60,0.00,400.00,98.50,99.00,305.60,0.00,0.00,0.00,none
2024-08-30T22:00:00Z,305.60,0.00,400.00,98.50,99.00,305.60,0.00,0.00,0.00,none
2024-08-30T23:00:00Z,305.60,0.00,400.00,98.50,99.00,305.60,0.00,0.00,0.00,none
2024-08-31T00:00:00Z,305.60,0.00,400.00,98.50,99.00,305.60,0.00,0.00,0.00,none
2024-08-31T01:00:00Z,305.60,0.00,400.00,98.50,99.00,305.60,0.00,0.00,0.00,none
2024-08-31T02:00:00Z,305.60,0.00,400.00,98.50,99.00,305.60,0.00,0.00,0.00,none
2024-08-31T03:00:00Z,305.60,0.52,400.00,98.50,99.00,305.60,0.00,0.52,0.00,none
2024-08-31T04:00:00Z,305.60,9.12,400.00,98.50,99.00,305.60,0.00,4.40,4.71,wind_priority_shared_poi_headroom
2024-08-31T05:00:00Z,305.60,21.63,400.00,98.50,99.00,305.60,0.00,4.40,17.23,wind_priority_shared_poi_headroom
2024-08-31T06:00:00Z,305.60,34.78,400.00,98.50,99.00,305.60,0.00,4.40,30.38,wind_priority_shared_poi_headroom
2024-08-31T07:00:00Z,305.60,52.42,400.00,98.50,99.00,305.60,0.00,4.40,48.01,wind_priority_shared_poi_headroom
2024-08-31T08:00:00Z,164.59,59.66,400.00,98.50,99.00,164.59,0.00,59.66,0.00,none
2024-08-31T09:00:00Z,72.59,61.46,400.00,98.50,99.00,72.59,0.00,61.46,0.00,none
2024-08-31T10:00:00Z,42.13,59.11,400.00,98.50,99.00,42.13,0.00,59.11,0.00,none
2024-08-31T11:00:00Z,42.13,50.24,400.00,98.50,99.00,42.13,0.00,50.24,0.00,none
2024-08-31T12:00:00Z,59.35,34.67,400.00,98.50,99.00,59.35,0.00,34.67,0.00,none
2024-08-31T13:00:00Z,103.69,23.71,400.00,98.50,99.00,103.69,0.00,23.71,0.00,none
2024-08-31T14:00:00Z,193.22,10.72,400.00,98.50,99.00,193.22,0.00,10.72,0.00,none
2024-08-31T15:00:00Z,278.88,0.96,400.00,98.50,99.00,278.88,0.00,0.96,0.00,none
2024-08-31T16:00:00Z,226.66,0.00,400.00,98.50,99.00,226.66,0.00,0.00,0.00,none
2024-08-31T17:00:00Z,197.78,0.00,400.00,98.50,99.00,197.78,0.00,0.00,0.00,none
2024-08-31T18:00:00Z,216.74,0.00,400.00,98.50,99.00,216.74,0.00,0.00,0.00,none
2024-08-31T19:00:00Z,298.59,0.00,400.00,98.50,99.00,298.59,0.00,0.00,0.00,none
2024-08-31T20:00:00Z,305.60,0.00,400.00,98.50,99.00,305.60,0.00,0.00,0.00,none
2024-08-31T21:00:00Z,305.60,0.00,400.00,98.50,99.00,305.60,0.00,0.00,0.00,none
2024-08-31T22:00:00Z,305.60,0.00,400.00,98.50,99.00,305.60,0.00,0.00,0.00,none
2024-08-31T23:00:00Z,305.60,0.00,400.00,98.50,99.00,305.60,0.00,0.00,0.00,none
2024-09-01T00:00:00Z,305.60,0.00,400.00,98.50,99.00,305.60,0.00,0.00,0.00,none
2024-09-01T01:00:00Z,305.60,0.00,400.00,98.50,99.00,305.60,0.00,0.00,0.00,none
2024-09-01T02:00:00Z,305.60,0.00,400.00,98.50,99.00,305.60,0.00,0.00,0.00,none
2024-09-01T03:00:00Z,305.60,0.50,400.00,98.50,99.00,305.60,0.00,0.50,0.00,none
2024-09-01T04:00:00Z,305.60,9.36,400.00,98.50,99.00,305.60,0.00,4.40,4.95,wind_priority_shared_poi_headroom
2024-09-01T05:00:00Z,305.60,23.46,400.00,98.50,99.00,305.60,0.00,4.40,19.06,wind_priority_shared_poi_headroom
2024-09-01T06:00:00Z,305.60,38.25,400.00,98.50,99.00,305.60,0.00,4.40,33.85,wind_priority_shared_poi_headroom
2024-09-01T07:00:00Z,294.58,50.05,400.00,98.50,99.00,294.58,0.00,15.42,34.63,wind_priority_shared_poi_headroom
2024-09-01T08:00:00Z,113.98,53.93,400.00,98.50,99.00,113.98,0.00,53.93,0.00,none
2024-09-01T09:00:00Z,48.43,50.79,400.00,98.50,99.00,48.43,0.00,50.79,0.00,none
2024-09-01T10:00:00Z,30.77,48.47,400.00,98.50,99.00,30.77,0.00,48.47,0.00,none
2024-09-01T11:00:00Z,27.36,36.45,400.00,98.50,99.00,27.36,0.00,36.45,0.00,none
2024-09-01T12:00:00Z,35.41,34.61,400.00,98.50,99.00,35.41,0.00,34.61,0.00,none
2024-09-01T13:00:00Z,50.86,22.96,400.00,98.50,99.00,50.86,0.00,22.96,0.00,none
2024-09-01T14:00:00Z,67.23,9.88,400.00,98.50,99.00,67.23,0.00,9.88,0.00,none
2024-09-01T15:00:00Z,74.97,0.84,400.00,98.50,99.00,74.97,0.00,0.84,0.00,none
2024-09-01T16:00:00Z,88.56,0.00,400.00,98.50,99.00,88.56,0.00,0.00,0.00,none
2024-09-01T17:00:00Z,97.83,0.00,400.00,98.50,99.00,97.83,0.00,0.00,0.00,none
2024-09-01T18:00:00Z,218.37,0.00,400.00,98.50,99.00,218.37,0.00,0.00,0.00,none
2024-09-01T19:00:00Z,305.60,0.00,400.00,98.50,99.00,305.60,0.00,0.00,0.00,none
2024-09-01T20:00:00Z,305.60,0.00,400.00,98.50,99.00,305.60,0.00,0.00,0.00,none
2024-09-01T21:00:00Z,305.60,0.00,400.00,98.50,99.00,305.60,0.00,0.00,0.00,none
2024-09-01T22:00:00Z,305.60,0.00,400.00,98.50,99.00,305.60,0.00,0.00,0.00,none
2024-09-01T23:00:00Z,305.60,0.00,400.00,98.50,99.00,305.60,0.00,0.00,0.00,none
2024-09-02T00:00:00Z,305.60,0.00,400.00,98.50,99.00,305.60,0.00,0.00,0.00,none
2024-09-02T01:00:00Z,305.60,0.00,400.00,98.50,99.00,305.60,0.00,0.00,0.00,none
2024-09-02T02:00:00Z,305.60,0.00,400.00,98.50,99.00,305.60,0.00,0.00,0.00,none
2024-09-02T03:00:00Z,305.60,0.36,400.00,98.50,99.00,305.60,0.00,0.36,0.00,none
2024-09-02T04:00:00Z,305.60,5.92,400.00,98.50,99.00,305.60,0.00,4.40,1.52,wind_priority_shared_poi_headroom
2024-09-02T05:00:00Z,305.60,13.85,400.00,98.50,99.00,305.60,0.00,4.40,9.44,wind_priority_shared_poi_headroom
2024-09-02T06:00:00Z,305.60,22.20,400.00,98.50,99.00,305.60,0.00,4.40,17.79,wind_priority_shared_poi_headroom
2024-09-02T07:00:00Z,305.60,29.91,400.00,98.50,99.00,305.60,0.00,4.40,25.50,wind_priority_shared_poi_headroom
2024-09-02T08:00:00Z,243.85,45.79,400.00,98.50,99.00,243.85,0.00,45.79,0.00,none
2024-09-02T09:00:00Z,101.71,54.24,400.00,98.50,99.00,101.71,0.00,54.24,0.00,none
2024-09-02T10:00:00Z,41.04,50.73,400.00,98.50,99.00,41.04,0.00,50.73,0.00,none
2024-09-02T11:00:00Z,15.37,46.73,400.00,98.50,99.00,15.37,0.00,46.73,0.00,none
2024-09-02T12:00:00Z,8.81,34.93,400.00,98.50,99.00,8.81,0.00,34.93,0.00,none
2024-09-02T13:00:00Z,12.02,24.36,400.00,98.50,99.00,12.02,0.00,24.36,0.00,none
2024-09-02T14:00:00Z,25.75,10.39,400.00,98.50,99.00,25.75,0.00,10.39,0.00,none
2024-09-02T15:00:00Z,43.23,0.88,400.00,98.50,99.00,43.23,0.00,0.88,0.00,none
2024-09-02T16:00:00Z,57.31,0.00,400.00,98.50,99.00,57.31,0.00,0.00,0.00,none
2024-09-02T17:00:00Z,122.68,0.00,400.00,98.50,99.00,122.68,0.00,0.00,0.00,none
2024-09-02T18:00:00Z,175.68,0.00,400.00,98.50,99.00,175.68,0.00,0.00,0.00,none
2024-09-02T19:00:00Z,196.25,0.00,400.00,98.50,99.00,196.25,0.00,0.00,0.00,none
2024-09-02T20:00:00Z,226.66,0.00,400.00,98.50,99.00,226.66,0.00,0.00,0.00,none
2024-09-02T21:00:00Z,305.60,0.00,400.00,98.50,99.00,305.60,0.00,0.00,0.00,none
2024-09-02T22:00:00Z,305.60,0.00,400.00,98.50,99.00,305.60,0.00,0.00,0.00,none
2024-09-02T23:00:00Z,305.60,0.00,400.00,98.50,99.00,305.60,0.00,0.00,0.00,none
2024-09-03T00:00:00Z,305.60,0.00,400.00,98.50,99.00,305.60,0.00,0.00,0.00,none
2024-09-03T01:00:00Z,260.05,0.00,400.00,98.50,99.00,260.05,0.00,0.00,0.00,none
2024-09-03T02:00:00Z,203.97,0.00,400.00,98.50,99.00,203.97,0.00,0.00,0.00,none
2024-09-03T03:00:00Z,211.89,0.60,400.00,98.50,99.00,211.89,0.00,0.60,0.00,none
2024-09-03T04:00:00Z,305.60,10.08,400.00,98.50,99.00,305.60,0.00,4.40,5.67,wind_priority_shared_poi_headroom
2024-09-03T05:00:00Z,305.60,25.53,400.00,98.50,99.00,305.60,0.00,4.40,21.13,wind_priority_shared_poi_headroom
2024-09-03T06:00:00Z,305.60,40.30,400.00,98.50,99.00,305.60,0.00,4.40,35.89,wind_priority_shared_poi_headroom
2024-09-03T07:00:00Z,305.60,52.13,400.00,98.50,99.00,305.60,0.00,4.40,47.72,wind_priority_shared_poi_headroom
2024-09-03T08:00:00Z,305.60,59.21,400.00,98.50,99.00,305.60,0.00,4.40,54.81,wind_priority_shared_poi_headroom
2024-09-03T09:00:00Z,236.87,60.08,400.00,98.50,99.00,236.87,0.00,60.08,0.00,none
2024-09-03T10:00:00Z,165.95,54.42,400.00,98.50,99.00,165.95,0.00,54.42,0.00,none
2024-09-03T11:00:00Z,124.92,47.55,400.00,98.50,99.00,124.92,0.00,47.55,0.00,none
2024-09-03T12:00:00Z,118.27,36.55,400.00,98.50,99.00,118.27,0.00,36.55,0.00,none
2024-09-03T13:00:00Z,148.86,25.33,400.00,98.50,99.00,148.86,0.00,25.33,0.00,none
2024-09-03T14:00:00Z,213.50,10.95,400.00,98.50,99.00,213.50,0.00,10.95,0.00,none
2024-09-03T15:00:00Z,261.90,0.91,400.00,98.50,99.00,261.90,0.00,0.91,0.00,none
2024-09-03T16:00:00Z,223.32,0.00,400.00,98.50,99.00,223.32,0.00,0.00,0.00,none
2024-09-03T17:00:00Z,178.52,0.00,400.00,98.50,99.00,178.52,0.00,0.00,0.00,none
2024-09-03T18:00:00Z,216.74,0.00,400.00,98.50,99.00,216.74,0.00,0.00,0.00,none
2024-09-03T19:00:00Z,282.75,0.00,400.00,98.50,99.00,282.75,0.00,0.00,0.00,none
2024-09-03T20:00:00Z,305.60,0.00,400.00,98.50,99.00,305.60,0.00,0.00,0.00,none
2024-09-03T21:00:00Z,305.60,0.00,400.00,98.50,99.00,305.60,0.00,0.00,0.00,none
2024-09-03T22:00:00Z,305.60,0.00,400.00,98.50,99.00,305.60,0.00,0.00,0.00,none
2024-09-03T23:00:00Z,305.60,0.00,400.00,98.50,99.00,305.60,0.00,0.00,0.00,none
2024-09-04T00:00:00Z,305.60,0.00,400.00,98.50,99.00,305.60,0.00,0.00,0.00,none
2024-09-04T01:00:00Z,305.60,0.00,400.00,98.50,99.00,305.60,0.00,0.00,0.00,none
2024-09-04T02:00:00Z,305.60,0.00,400.00,98.50,99.00,305.60,0.00,0.00,0.00,none
2024-09-04T03:00:00Z,305.60,0.54,400.00,98.50,99.00,305.60,0.00,0.54,0.00,none
2024-09-04T04:00:00Z,305.60,9.83,400.00,98.50,99.00,305.60,0.00,4.40,5.43,wind_priority_shared_poi_headroom
2024-09-04T05:00:00Z,305.60,24.88,400.00,98.50,99.00,305.60,0.00,4.40,20.48,wind_priority_shared_poi_headroom
2024-09-04T06:00:00Z,305.60,39.70,400.00,98.50,99.00,305.60,0.00,4.40,35.30,wind_priority_shared_poi_headroom
2024-09-04T07:00:00Z,305.60,51.58,400.00,98.50,99.00,305.60,0.00,4.40,47.17,wind_priority_shared_poi_headroom
2024-09-04T08:00:00Z,305.60,58.90,400.00,98.50,99.00,305.60,0.00,4.40,54.50,wind_priority_shared_poi_headroom
2024-09-04T09:00:00Z,305.60,58.79,400.00,98.50,99.00,305.60,0.00,4.40,54.39,wind_priority_shared_poi_headroom
2024-09-04T10:00:00Z,305.60,53.64,400.00,98.50,99.00,305.60,0.00,4.40,49.24,wind_priority_shared_poi_headroom
2024-09-04T11:00:00Z,305.60,45.66,400.00,98.50,99.00,305.60,0.00,4.40,41.26,wind_priority_shared_poi_headroom
2024-09-04T12:00:00Z,305.60,35.14,400.00,98.50,99.00,305.60,0.00,4.40,30.74,wind_priority_shared_poi_headroom
2024-09-04T13:00:00Z,305.60,23.60,400.00,98.50,99.00,305.60,0.00,4.40,19.20,wind_priority_shared_poi_headroom
2024-09-04T14:00:00Z,305.60,10.14,400.00,98.50,99.00,305.60,0.00,4.40,5.74,wind_priority_shared_poi_headroom
2024-09-04T15:00:00Z,305.60,0.85,400.00,98.50,99.00,305.60,0.00,0.85,0.00,none
2024-09-04T16:00:00Z,305.60,0.00,400.00,98.50,99.00,305.60,0.00,0.00,0.00,none
2024-09-04T17:00:00Z,242.10,0.00,400.00,98.50,99.00,242.10,0.00,0.00,0.00,none
2024-09-04T18:00:00Z,233.44,0.00,400.00,98.50,99.00,233.44,0.00,0.00,0.00,none
2024-09-04T19:00:00Z,290.60,0.00,400.00,98.50,99.00,290.60,0.00,0.00,0.00,none
2024-09-04T20:00:00Z,305.60,0.00,400.00,98.50,99.00,305.60,0.00,0.00,0.00,none
2024-09-04T21:00:00Z,305.60,0.00,400.00,98.50,99.00,305.60,0.00,0.00,0.00,none
2024-09-04T22:00:00Z,305.60,0.00,400.00,98.50,99.00,305.60,0.00,0.00,0.00,none
2024-09-04T23:00:00Z,305.60,0.00,400.00,98.50,99.00,305.60,0.00,0.00,0.00,none
2024-09-05T00:00:00Z,305.60,0.00,400.00,98.50,99.00,305.60,0.00,0.00,0.00,none
2024-09-05T01:00:00Z,305.60,0.00,400.00,98.50,99.00,305.60,0.00,0.00,0.00,none
2024-09-05T02:00:00Z,305.60,0.00,400.00,98.50,99.00,305.60,0.00,0.00,0.00,none
2024-09-05T03:00:00Z,305.60,0.56,400.00,98.50,99.00,305.60,0.00,0.56,0.00,none
2024-09-05T04:00:00Z,305.60,10.10,400.00,98.50,99.00,305.60,0.00,4.40,5.70,wind_priority_shared_poi_headroom
2024-09-05T05:00:00Z,305.60,24.72,400.00,98.50,99.00,305.60,0.00,4.40,20.32,wind_priority_shared_poi_headroom
2024-09-05T06:00:00Z,305.60,39.69,400.00,98.50,99.00,305.60,0.00,4.40,35.28,wind_priority_shared_poi_headroom
2024-09-05T07:00:00Z,305.60,51.11,400.00,98.50,99.00,305.60,0.00,4.40,46.71,wind_priority_shared_poi_headroom
2024-09-05T08:00:00Z,305.60,58.86,400.00,98.50,99.00,305.60,0.00,4.40,54.45,wind_priority_shared_poi_headroom
2024-09-05T09:00:00Z,305.60,60.24,400.00,98.50,99.00,305.60,0.00,4.40,55.83,wind_priority_shared_poi_headroom
2024-09-05T10:00:00Z,305.60,56.19,400.00,98.50,99.00,305.60,0.00,4.40,51.78,wind_priority_shared_poi_headroom
2024-09-05T11:00:00Z,305.60,45.68,400.00,98.50,99.00,305.60,0.00,4.40,41.27,wind_priority_shared_poi_headroom
2024-09-05T12:00:00Z,305.60,37.81,400.00,98.50,99.00,305.60,0.00,4.40,33.41,wind_priority_shared_poi_headroom
2024-09-05T13:00:00Z,305.60,24.73,400.00,98.50,99.00,305.60,0.00,4.40,20.32,wind_priority_shared_poi_headroom
2024-09-05T14:00:00Z,305.60,10.58,400.00,98.50,99.00,305.60,0.00,4.40,6.18,wind_priority_shared_poi_headroom
2024-09-05T15:00:00Z,305.60,0.87,400.00,98.50,99.00,305.60,0.00,0.87,0.00,none
2024-09-05T16:00:00Z,305.60,0.00,400.00,98.50,99.00,305.60,0.00,0.00,0.00,none
2024-09-05T17:00:00Z,305.60,0.00,400.00,98.50,99.00,305.60,0.00,0.00,0.00,none
2024-09-05T18:00:00Z,290.60,0.00,400.00,98.50,99.00,290.60,0.00,0.00,0.00,none
2024-09-05T19:00:00Z,305.60,0.00,400.00,98.50,99.00,305.60,0.00,0.00,0.00,none
2024-09-05T20:00:00Z,305.60,0.00,400.00,98.50,99.00,305.60,0.00,0.00,0.00,none
2024-09-05T21:00:00Z,305.60,0.00,400.00,98.50,99.00,305.60,0.00,0.00,0.00,none
2024-09-05T22:00:00Z,305.60,0.00,400.00,98.50,99.00,305.60,0.00,0.00,0.00,none
2024-09-05T23:00:00Z,305.60,0.00,400.00,98.50,99.00,305.60,0.00,0.00,0.00,none
2024-09-06T00:00:00Z,305.60,0.00,400.00,98.50,99.00,305.60,0.00,0.00,0.00,none
2024-09-06T01:00:00Z,305.60,0.00,400.00,98.50,99.00,305.60,0.00,0.00,0.00,none
2024-09-06T02:00:00Z,305.60,0.00,400.00,98.50,99.00,305.60,0.00,0.00,0.00,none
2024-09-06T03:00:00Z,305.60,0.62,400.00,98.50,99.00,305.60,0.00,0.62,0.00,none
2024-09-06T04:00:00Z,305.60,10.40,400.00,98.50,99.00,305.60,0.00,4.40,5.99,wind_priority_shared_poi_headroom
2024-09-06T05:00:00Z,305.60,26.26,400.00,98.50,99.00,305.60,0.00,4.40,21.86,wind_priority_shared_poi_headroom
2024-09-06T06:00:00Z,305.60,41.12,400.00,98.50,99.00,305.60,0.00,4.40,36.72,wind_priority_shared_poi_headroom
2024-09-06T07:00:00Z,305.60,53.01,400.00,98.50,99.00,305.60,0.00,4.40,48.61,wind_priority_shared_poi_headroom
2024-09-06T08:00:00Z,305.60,60.38,400.00,98.50,99.00,305.60,0.00,4.40,55.98,wind_priority_shared_poi_headroom
2024-09-06T09:00:00Z,305.60,60.44,400.00,98.50,99.00,305.60,0.00,4.40,56.04,wind_priority_shared_poi_headroom
2024-09-06T10:00:00Z,305.60,55.71,400.00,98.50,99.00,305.60,0.00,4.40,51.31,wind_priority_shared_poi_headroom
2024-09-06T11:00:00Z,305.60,48.26,400.00,98.50,99.00,305.60,0.00,4.40,43.86,wind_priority_shared_poi_headroom
2024-09-06T12:00:00Z,305.60,38.88,400.00,98.50,99.00,305.60,0.00,4.40,34.47,wind_priority_shared_poi_headroom
2024-09-06T13:00:00Z,305.60,25.20,400.00,98.50,99.00,305.60,0.00,4.40,20.80,wind_priority_shared_poi_headroom
2024-09-06T14:00:00Z,305.60,11.11,400.00,98.50,99.00,305.60,0.00,4.40,6.70,wind_priority_shared_poi_headroom
2024-09-06T15:00:00Z,305.60,0.85,400.00,98.50,99.00,305.60,0.00,0.85,0.00,none
2024-09-06T16:00:00Z,305.60,0.00,400.00,98.50,99.00,305.60,0.00,0.00,0.00,none
2024-09-06T17:00:00Z,305.60,0.00,400.00,98.50,99.00,305.60,0.00,0.00,0.00,none
2024-09-06T18:00:00Z,263.75,0.00,400.00,98.50,99.00,263.75,0.00,0.00,0.00,none
2024-09-06T19:00:00Z,275.04,0.00,400.00,98.50,99.00,275.04,0.00,0.00,0.00,none
2024-09-06T20:00:00Z,256.39,0.00,400.00,98.50,99.00,256.39,0.00,0.00,0.00,none
2024-09-06T21:00:00Z,282.75,0.00,400.00,98.50,99.00,282.75,0.00,0.00,0.00,none
2024-09-06T22:00:00Z,305.60,0.00,400.00,98.50,99.00,305.60,0.00,0.00,0.00,none
2024-09-06T23:00:00Z,305.60,0.00,400.00,98.50,99.00,305.60,0.00,0.00,0.00,none
2024-09-07T00:00:00Z,305.60,0.00,400.00,98.50,99.00,305.60,0.00,0.00,0.00,none
2024-09-07T01:00:00Z,305.60,0.00,400.00,98.50,99.00,305.60,0.00,0.00,0.00,none
2024-09-07T02:00:00Z,305.60,0.00,400.00,98.50,99.00,305.60,0.00,0.00,0.00,none
2024-09-07T03:00:00Z,284.70,0.67,400.00,98.50,99.00,284.70,0.00,0.67,0.00,none
2024-09-07T04:00:00Z,305.60,10.90,400.00,98.50,99.00,305.60,0.00,4.40,6.50,wind_priority_shared_poi_headroom
2024-09-07T05:00:00Z,305.60,26.90,400.00,98.50,99.00,305.60,0.00,4.40,22.50,wind_priority_shared_poi_headroom
2024-09-07T06:00:00Z,305.60,41.83,400.00,98.50,99.00,305.60,0.00,4.40,37.43,wind_priority_shared_poi_headroom
2024-09-07T07:00:00Z,305.60,53.62,400.00,98.50,99.00,305.60,0.00,4.40,49.22,wind_priority_shared_poi_headroom
2024-09-07T08:00:00Z,305.60,60.71,400.00,98.50,99.00,305.60,0.00,4.40,56.31,wind_priority_shared_poi_headroom
2024-09-07T09:00:00Z,305.60,63.22,400.00,98.50,99.00,305.60,0.00,4.40,58.82,wind_priority_shared_poi_headroom
2024-09-07T10:00:00Z,300.61,59.98,400.00,98.50,99.00,300.61,0.00,9.39,50.59,wind_priority_shared_poi_headroom
2024-09-07T11:00:00Z,250.97,53.39,400.00,98.50,99.00,250.97,0.00,53.39,0.00,none
2024-09-07T12:00:00Z,265.61,41.49,400.00,98.50,99.00,265.61,0.00,41.49,0.00,none
2024-09-07T13:00:00Z,305.60,27.37,400.00,98.50,99.00,305.60,0.00,4.40,22.97,wind_priority_shared_poi_headroom
2024-09-07T14:00:00Z,305.60,11.84,400.00,98.50,99.00,305.60,0.00,4.40,7.44,wind_priority_shared_poi_headroom
2024-09-07T15:00:00Z,305.60,0.89,400.00,98.50,99.00,305.60,0.00,0.89,0.00,none
2024-09-07T16:00:00Z,305.60,0.00,400.00,98.50,99.00,305.60,0.00,0.00,0.00,none
2024-09-07T17:00:00Z,302.64,0.00,400.00,98.50,99.00,302.64,0.00,0.00,0.00,none
2024-09-07T18:00:00Z,305.60,0.00,400.00,98.50,99.00,305.60,0.00,0.00,0.00,none
2024-09-07T19:00:00Z,305.60,0.00,400.00,98.50,99.00,305.60,0.00,0.00,0.00,none
2024-09-07T20:00:00Z,305.60,0.00,400.00,98.50,99.00,305.60,0.00,0.00,0.00,none
2024-09-07T21:00:00Z,305.60,0.00,400.00,98.50,99.00,305.60,0.00,0.00,0.00,none
2024-09-07T22:00:00Z,305.60,0.00,400.00,98.50,99.00,305.60,0.00,0.00,0.00,none
2024-09-07T23:00:00Z,305.60,0.00,400.00,98.50,99.00,305.60,0.00,0.00,0.00,none
2024-09-08T00:00:00Z,305.60,0.00,400.00,98.50,99.00,305.60,0.00,0.00,0.00,none
2024-09-08T01:00:00Z,305.60,0.00,400.00,98.50,99.00,305.60,0.00,0.00,0.00,none
2024-09-08T02:00:00Z,305.60,0.00,400.00,98.50,99.00,305.60,0.00,0.00,0.00,none
2024-09-08T03:00:00Z,305.60,0.69,400.00,98.50,99.00,305.60,0.00,0.69,0.00,none
2024-09-08T04:00:00Z,305.60,11.04,400.00,98.50,99.00,305.60,0.00,4.40,6.64,wind_priority_shared_poi_headroom
2024-09-08T05:00:00Z,305.60,26.97,400.00,98.50,99.00,305.60,0.00,4.40,22.57,wind_priority_shared_poi_headroom
2024-09-08T06:00:00Z,305.60,41.77,400.00,98.50,99.00,305.60,0.00,4.40,37.36,wind_priority_shared_poi_headroom
2024-09-08T07:00:00Z,305.60,53.53,400.00,98.50,99.00,305.60,0.00,4.40,49.13,wind_priority_shared_poi_headroom
2024-09-08T08:00:00Z,245.62,60.40,400.00,98.50,99.00,245.62,0.00,60.40,0.00,none
2024-09-08T09:00:00Z,115.04,63.18,400.00,98.50,99.00,115.04,0.00,63.18,0.00,none
2024-09-08T10:00:00Z,74.97,56.92,400.00,98.50,99.00,74.97,0.00,56.92,0.00,none
2024-09-08T11:00:00Z,93.12,52.29,400.00,98.50,99.00,93.12,0.00,52.29,0.00,none
2024-09-08T12:00:00Z,163.24,39.70,400.00,98.50,99.00,163.24,0.00,39.70,0.00,none
2024-09-08T13:00:00Z,294.58,25.31,400.00,98.50,99.00,294.58,0.00,15.42,9.89,wind_priority_shared_poi_headroom
2024-09-08T14:00:00Z,305.60,11.04,400.00,98.50,99.00,305.60,0.00,4.40,6.64,wind_priority_shared_poi_headroom
2024-09-08T15:00:00Z,305.60,0.82,400.00,98.50,99.00,305.60,0.00,0.82,0.00,none
2024-09-08T16:00:00Z,305.60,0.00,400.00,98.50,99.00,305.60,0.00,0.00,0.00,none
2024-09-08T17:00:00Z,250.97,0.00,400.00,98.50,99.00,250.97,0.00,0.00,0.00,none
2024-09-08T18:00:00Z,233.44,0.00,400.00,98.50,99.00,233.44,0.00,0.00,0.00,none
2024-09-08T19:00:00Z,258.22,0.00,400.00,98.50,99.00,258.22,0.00,0.00,0.00,none
2024-09-08T20:00:00Z,305.60,0.00,400.00,98.50,99.00,305.60,0.00,0.00,0.00,none
2024-09-08T21:00:00Z,305.60,0.00,400.00,98.50,99.00,305.60,0.00,0.00,0.00,none
2024-09-08T22:00:00Z,305.60,0.00,400.00,98.50,99.00,305.60,0.00,0.00,0.00,none
2024-09-08T23:00:00Z,305.60,0.00,400.00,98.50,99.00,305.60,0.00,0.00,0.00,none
2024-09-09T00:00:00Z,305.60,0.00,400.00,98.50,99.00,305.60,0.00,0.00,0.00,none
2024-09-09T01:00:00Z,305.60,0.00,400.00,98.50,99.00,305.60,0.00,0.00,0.00,none
2024-09-09T02:00:00Z,200.86,0.00,400.00,98.50,99.00,200.86,0.00,0.00,0.00,none
2024-09-09T03:00:00Z,160.56,0.68,400.00,98.50,99.00,160.56,0.00,0.68,0.00,none
2024-09-09T04:00:00Z,305.60,10.74,400.00,98.50,99.00,305.60,0.00,4.40,6.33,wind_priority_shared_poi_headroom
2024-09-09T05:00:00Z,305.60,26.60,400.00,98.50,99.00,305.60,0.00,4.40,22.19,wind_priority_shared_poi_headroom
2024-09-09T06:00:00Z,175.68,41.47,400.00,98.50,99.00,175.68,0.00,41.47,0.00,none
2024-09-09T07:00:00Z,49.64,53.26,400.00,98.50,99.00,49.64,0.00,53.26,0.00,none
2024-09-09T08:00:00Z,12.50,60.26,400.00,98.50,99.00,12.50,0.00,60.26,0.00,none
2024-09-09T09:00:00Z,3.43,62.82,400.00,98.50,99.00,3.43,0.00,62.82,0.00,none
2024-09-09T10:00:00Z,3.14,59.64,400.00,98.50,99.00,3.14,0.00,59.64,0.00,none
2024-09-09T11:00:00Z,7.36,52.10,400.00,98.50,99.00,7.36,0.00,52.10,0.00,none
2024-09-09T12:00:00Z,19.95,40.13,400.00,98.50,99.00,19.95,0.00,40.13,0.00,none
2024-09-09T13:00:00Z,55.33,26.32,400.00,98.50,99.00,55.33,0.00,26.32,0.00,none
2024-09-09T14:00:00Z,123.79,11.30,400.00,98.50,99.00,123.79,0.00,11.30,0.00,none
2024-09-09T15:00:00Z,194.73,0.83,400.00,98.50,99.00,194.73,0.00,0.83,0.00,none
2024-09-09T16:00:00Z,178.52,0.00,400.00,98.50,99.00,178.52,0.00,0.00,0.00,none
2024-09-09T17:00:00Z,155.29,0.00,400.00,98.50,99.00,155.29,0.00,0.00,0.00,none
2024-09-09T18:00:00Z,132.98,0.00,400.00,98.50,99.00,132.98,0.00,0.00,0.00,none
2024-09-09T19:00:00Z,145.09,0.00,400.00,98.50,99.00,145.09,0.00,0.00,0.00,none
2024-09-09T20:00:00Z,187.25,0.00,400.00,98.50,99.00,187.25,0.00,0.00,0.00,none
2024-09-09T21:00:00Z,242.10,0.00,400.00,98.50,99.00,242.10,0.00,0.00,0.00,none
2024-09-09T22:00:00Z,286.65,0.00,400.00,98.50,99.00,286.65,0.00,0.00,0.00,none
2024-09-09T23:00:00Z,300.61,0.00,400.00,98.50,99.00,300.61,0.00,0.00,0.00,none
2024-09-10T00:00:00Z,305.60,0.00,400.00,98.50,99.00,305.60,0.00,0.00,0.00,none
2024-09-10T01:00:00Z,305.60,0.00,400.00,98.50,99.00,305.60,0.00,0.00,0.00,none
2024-09-10T02:00:00Z,305.60,0.00,400.00,98.50,99.00,305.60,0.00,0.00,0.00,none
2024-09-10T03:00:00Z,305.60,0.75,400.00,98.50,99.00,305.60,0.00,0.75,0.00,none
2024-09-10T04:00:00Z,305.60,11.53,400.00,98.50,99.00,305.60,0.00,4.40,7.12,wind_priority_shared_poi_headroom
2024-09-10T05:00:00Z,305.60,27.57,400.00,98.50,99.00,305.60,0.00,4.40,23.17,wind_priority_shared_poi_headroom
2024-09-10T06:00:00Z,305.60,42.35,400.00,98.50,99.00,305.60,0.00,4.40,37.95,wind_priority_shared_poi_headroom
2024-09-10T07:00:00Z,292.58,54.05,400.00,98.50,99.00,292.58,0.00,17.42,36.63,wind_priority_shared_poi_headroom
2024-09-10T08:00:00Z,101.71,61.27,400.00,98.50,99.00,101.71,0.00,61.27,0.00,none
2024-09-10T09:00:00Z,24.59,64.15,400.00,98.50,99.00,24.59,0.00,64.15,0.00,none
2024-09-10T10:00:00Z,8.25,61.45,400.00,98.50,99.00,8.25,0.00,61.45,0.00,none
2024-09-10T11:00:00Z,7.19,52.69,400.00,98.50,99.00,7.19,0.00,52.69,0.00,none
2024-09-10T12:00:00Z,18.34,40.20,400.00,98.50,99.00,18.34,0.00,40.20,0.00,none
2024-09-10T13:00:00Z,58.67,27.23,400.00,98.50,99.00,58.67,0.00,27.23,0.00,none
2024-09-10T14:00:00Z,150.13,11.89,400.00,98.50,99.00,150.13,0.00,11.89,0.00,none
2024-09-10T15:00:00Z,267.48,0.86,400.00,98.50,99.00,267.48,0.00,0.86,0.00,none
2024-09-10T16:00:00Z,235.15,0.00,400.00,98.50,99.00,235.15,0.00,0.00,0.00,none
2024-09-10T17:00:00Z,218.37,0.00,400.00,98.50,99.00,218.37,0.00,0.00,0.00,none
2024-09-10T18:00:00Z,200.86,0.00,400.00,98.50,99.00,200.86,0.00,0.00,0.00,none
2024-09-10T19:00:00Z,172.86,0.00,400.00,98.50,99.00,172.86,0.00,0.00,0.00,none
2024-09-10T20:00:00Z,273.14,0.00,400.00,98.50,99.00,273.14,0.00,0.00,0.00,none
2024-09-10T21:00:00Z,305.60,0.00,400.00,98.50,99.00,305.60,0.00,0.00,0.00,none
2024-09-10T22:00:00Z,305.60,0.00,400.00,98.50,99.00,305.60,0.00,0.00,0.00,none
2024-09-10T23:00:00Z,305.60,0.00,400.00,98.50,99.00,305.60,0.00,0.00,0.00,none
2024-09-11T00:00:00Z,305.60,0.00,400.00,98.50,99.00,305.60,0.00,0.00,0.00,none
2024-09-11T01:00:00Z,305.60,0.00,400.00,98.50,99.00,305.60,0.00,0.00,0.00,none
2024-09-11T02:00:00Z,305.60,0.00,400.00,98.50,99.00,305.60,0.00,0.00,0.00,none
2024-09-11T03:00:00Z,305.60,0.78,400.00,98.50,99.00,305.60,0.00,0.78,0.00,none
2024-09-11T04:00:00Z,305.60,11.80,400.00,98.50,99.00,305.60,0.00,4.40,7.39,wind_priority_shared_poi_headroom
2024-09-11T05:00:00Z,305.60,27.97,400.00,98.50,99.00,305.60,0.00,4.40,23.56,wind_priority_shared_poi_headroom
2024-09-11T06:00:00Z,305.60,42.87,400.00,98.50,99.00,305.60,0.00,4.40,38.47,wind_priority_shared_poi_headroom
2024-09-11T07:00:00Z,305.60,54.53,400.00,98.50,99.00,305.60,0.00,4.40,50.12,wind_priority_shared_poi_headroom
2024-09-11T08:00:00Z,221.66,61.48,400.00,98.50,99.00,221.66,0.00,61.48,0.00,none
2024-09-11T09:00:00Z,156.59,63.32,400.00,98.50,99.00,156.59,0.00,63.32,0.00,none
2024-09-11T10:00:00Z,146.34,60.22,400.00,98.50,99.00,146.34,0.00,60.22,0.00,none
2024-09-11T11:00:00Z,179.96,51.74,400.00,98.50,99.00,179.96,0.00,51.74,0.00,none
2024-09-11T12:00:00Z,240.35,39.20,400.00,98.50,99.00,240.35,0.00,39.20,0.00,none
2024-09-11T13:00:00Z,296.58,26.15,400.00,98.50,99.00,296.58,0.00,13.42,12.73,wind_priority_shared_poi_headroom
2024-09-11T14:00:00Z,305.60,11.36,400.00,98.50,99.00,305.60,0.00,4.40,6.96,wind_priority_shared_poi_headroom
2024-09-11T15:00:00Z,305.60,0.76,400.00,98.50,99.00,305.60,0.00,0.76,0.00,none
2024-09-11T16:00:00Z,304.68,0.00,400.00,98.50,99.00,304.68,0.00,0.00,0.00,none
2024-09-11T17:00:00Z,292.58,0.00,400.00,98.50,99.00,292.58,0.00,0.00,0.00,none
2024-09-11T18:00:00Z,305.60,0.00,400.00,98.50,99.00,305.60,0.00,0.00,0.00,none
2024-09-11T19:00:00Z,305.60,0.00,400.00,98.50,99.00,305.60,0.00,0.00,0.00,none
2024-09-11T20:00:00Z,305.60,0.00,400.00,98.50,99.00,305.60,0.00,0.00,0.00,none
2024-09-11T21:00:00Z,305.60,0.00,400.00,98.50,99.00,305.60,0.00,0.00,0.00,none
2024-09-11T22:00:00Z,305.60,0.00,400.00,98.50,99.00,305.60,0.00,0.00,0.00,none
2024-09-11T23:00:00Z,305.60,0.00,400.00,98.50,99.00,305.60,0.00,0.00,0.00,none
2024-09-12T00:00:00Z,305.60,0.00,400.00,98.50,99.00,305.60,0.00,0.00,0.00,none
2024-09-12T01:00:00Z,305.60,0.00,400.00,98.50,99.00,305.60,0.00,0.00,0.00,none
2024-09-12T02:00:00Z,305.60,0.00,400.00,98.50,99.00,305.60,0.00,0.00,0.00,none
2024-09-12T03:00:00Z,305.60,0.79,400.00,98.50,99.00,305.60,0.00,0.79,0.00,none
2024-09-12T04:00:00Z,305.60,11.73,400.00,98.50,99.00,305.60,0.00,4.40,7.33,wind_priority_shared_poi_headroom
2024-09-12T05:00:00Z,305.60,27.77,400.00,98.50,99.00,305.60,0.00,4.40,23.37,wind_priority_shared_poi_headroom
2024-09-12T06:00:00Z,305.60,42.62,400.00,98.50,99.00,305.60,0.00,4.40,38.21,wind_priority_shared_poi_headroom
2024-09-12T07:00:00Z,305.60,54.29,400.00,98.50,99.00,305.60,0.00,4.40,49.88,wind_priority_shared_poi_headroom
2024-09-12T08:00:00Z,305.60,61.23,400.00,98.50,99.00,305.60,0.00,4.40,56.83,wind_priority_shared_poi_headroom
2024-09-12T09:00:00Z,305.60,63.52,400.00,98.50,99.00,305.60,0.00,4.40,59.12,wind_priority_shared_poi_headroom
2024-09-12T10:00:00Z,286.65,61.03,400.00,98.50,99.00,286.65,0.00,23.35,37.68,wind_priority_shared_poi_headroom
2024-09-12T11:00:00Z,223.32,52.87,400.00,98.50,99.00,223.32,0.00,52.87,0.00,none
2024-09-12T12:00:00Z,242.10,41.58,400.00,98.50,99.00,242.10,0.00,41.58,0.00,none
2024-09-12T13:00:00Z,305.60,27.00,400.00,98.50,99.00,305.60,0.00,4.40,22.60,wind_priority_shared_poi_headroom
2024-09-12T14:00:00Z,305.60,11.66,400.00,98.50,99.00,305.60,0.00,4.40,7.25,wind_priority_shared_poi_headroom
2024-09-12T15:00:00Z,305.60,0.76,400.00,98.50,99.00,305.60,0.00,0.76,0.00,none
2024-09-12T16:00:00Z,305.60,0.00,400.00,98.50,99.00,305.60,0.00,0.00,0.00,none
2024-09-12T17:00:00Z,305.60,0.00,400.00,98.50,99.00,305.60,0.00,0.00,0.00,none
2024-09-12T18:00:00Z,305.60,0.00,400.00,98.50,99.00,305.60,0.00,0.00,0.00,none
2024-09-12T19:00:00Z,305.60,0.00,400.00,98.50,99.00,305.60,0.00,0.00,0.00,none
2024-09-12T20:00:00Z,305.60,0.00,400.00,98.50,99.00,305.60,0.00,0.00,0.00,none
2024-09-12T21:00:00Z,305.60,0.00,400.00,98.50,99.00,305.60,0.00,0.00,0.00,none
2024-09-12T22:00:00Z,305.60,0.00,400.00,98.50,99.00,305.60,0.00,0.00,0.00,none
2024-09-12T23:00:00Z,305.60,0.00,400.00,98.50,99.00,305.60,0.00,0.00,0.00,none
2024-09-13T00:00:00Z,305.60,0.00,400.00,98.50,99.00,305.60,0.00,0.00,0.00,none
2024-09-13T01:00:00Z,305.60,0.00,400.00,98.50,99.00,305.60,0.00,0.00,0.00,none
2024-09-13T02:00:00Z,305.60,0.00,400.00,98.50,99.00,305.60,0.00,0.00,0.00,none
2024-09-13T03:00:00Z,305.60,0.77,400.00,98.50,99.00,305.60,0.00,0.77,0.00,none
2024-09-13T04:00:00Z,305.60,11.47,400.00,98.50,99.00,305.60,0.00,4.40,7.07,wind_priority_shared_poi_headroom
2024-09-13T05:00:00Z,305.60,27.37,400.00,98.50,99.00,305.60,0.00,4.40,22.96,wind_priority_shared_poi_headroom
2024-09-13T06:00:00Z,305.60,42.18,400.00,98.50,99.00,305.60,0.00,4.40,37.78,wind_priority_shared_poi_headroom
2024-09-13T07:00:00Z,305.60,53.81,400.00,98.50,99.00,305.60,0.00,4.40,49.41,wind_priority_shared_poi_headroom
2024-09-13T08:00:00Z,258.22,60.87,400.00,98.50,99.00,258.22,0.00,51.78,9.09,wind_priority_shared_poi_headroom
2024-09-13T09:00:00Z,196.25,63.19,400.00,98.50,99.00,196.25,0.00,63.19,0.00,none
2024-09-13T10:00:00Z,188.73,55.17,400.00,98.50,99.00,188.73,0.00,55.17,0.00,none
2024-09-13T11:00:00Z,235.15,52.36,400.00,98.50,99.00,235.15,0.00,52.36,0.00,none
2024-09-13T12:00:00Z,305.60,40.83,400.00,98.50,99.00,305.60,0.00,4.40,36.43,wind_priority_shared_poi_headroom
2024-09-13T13:00:00Z,305.60,26.45,400.00,98.50,99.00,305.60,0.00,4.40,22.05,wind_priority_shared_poi_headroom
2024-09-13T14:00:00Z,305.60,11.18,400.00,98.50,99.00,305.60,0.00,4.40,6.77,wind_priority_shared_poi_headroom
2024-09-13T15:00:00Z,305.60,0.74,400.00,98.50,99.00,305.60,0.00,0.74,0.00,none
2024-09-13T16:00:00Z,305.60,0.00,400.00,98.50,99.00,305.60,0.00,0.00,0.00,none
2024-09-13T17:00:00Z,260.05,0.00,400.00,98.50,99.00,260.05,0.00,0.00,0.00,none
2024-09-13T18:00:00Z,278.88,0.00,400.00,98.50,99.00,278.88,0.00,0.00,0.00,none
2024-09-13T19:00:00Z,275.04,0.00,400.00,98.50,99.00,275.04,0.00,0.00,0.00,none
2024-09-13T20:00:00Z,250.97,0.00,400.00,98.50,99.00,250.97,0.00,0.00,0.00,none
2024-09-13T21:00:00Z,254.58,0.00,400.00,98.50,99.00,254.58,0.00,0.00,0.00,none
2024-09-13T22:00:00Z,269.36,0.00,400.00,98.50,99.00,269.36,0.00,0.00,0.00,none
2024-09-13T23:00:00Z,254.58,0.00,400.00,98.50,99.00,254.58,0.00,0.00,0.00,none
2024-09-14T00:00:00Z,260.05,0.00,400.00,98.50,99.00,260.05,0.00,0.00,0.00,none
2024-09-14T01:00:00Z,233.44,0.00,400.00,98.50,99.00,233.44,0.00,0.00,0.00,none
2024-09-14T02:00:00Z,211.89,0.00,400.00,98.50,99.00,211.89,0.00,0.00,0.00,none
2024-09-14T03:00:00Z,223.32,0.79,400.00,98.50,99.00,223.32,0.00,0.79,0.00,none
2024-09-14T04:00:00Z,305.60,11.44,400.00,98.50,99.00,305.60,0.00,4.40,7.03,wind_priority_shared_poi_headroom
2024-09-14T05:00:00Z,305.60,26.75,400.00,98.50,99.00,305.60,0.00,4.40,22.34,wind_priority_shared_poi_headroom
2024-09-14T06:00:00Z,305.60,41.17,400.00,98.50,99.00,305.60,0.00,4.40,36.76,wind_priority_shared_poi_headroom
2024-09-14T07:00:00Z,305.60,53.85,400.00,98.50,99.00,305.60,0.00,4.40,49.44,wind_priority_shared_poi_headroom
2024-09-14T08:00:00Z,265.61,60.55,400.00,98.50,99.00,265.61,0.00,44.39,16.15,wind_priority_shared_poi_headroom
2024-09-14T09:00:00Z,185.78,61.63,400.00,98.50,99.00,185.78,0.00,61.63,0.00,none
2024-09-14T10:00:00Z,155.29,54.83,400.00,98.50,99.00,155.29,0.00,54.83,0.00,none
2024-09-14T11:00:00Z,178.52,50.17,400.00,98.50,99.00,178.52,0.00,50.17,0.00,none
2024-09-14T12:00:00Z,254.58,38.76,400.00,98.50,99.00,254.58,0.00,38.76,0.00,none
2024-09-14T13:00:00Z,305.60,25.59,400.00,98.50,99.00,305.60,0.00,4.40,21.19,wind_priority_shared_poi_headroom
2024-09-14T14:00:00Z,305.60,10.93,400.00,98.50,99.00,305.60,0.00,4.40,6.53,wind_priority_shared_poi_headroom
2024-09-14T15:00:00Z,305.60,0.72,400.00,98.50,99.00,305.60,0.00,0.72,0.00,none
2024-09-14T16:00:00Z,305.60,0.00,400.00,98.50,99.00,305.60,0.00,0.00,0.00,none
2024-09-14T17:00:00Z,305.60,0.00,400.00,98.50,99.00,305.60,0.00,0.00,0.00,none
2024-09-14T18:00:00Z,305.60,0.00,400.00,98.50,99.00,305.60,0.00,0.00,0.00,none
2024-09-14T19:00:00Z,305.60,0.00,400.00,98.50,99.00,305.60,0.00,0.00,0.00,none
2024-09-14T20:00:00Z,305.60,0.00,400.00,98.50,99.00,305.60,0.00,0.00,0.00,none
2024-09-14T21:00:00Z,305.60,0.00,400.00,98.50,99.00,305.60,0.00,0.00,0.00,none
2024-09-14T22:00:00Z,305.60,0.00,400.00,98.50,99.00,305.60,0.00,0.00,0.00,none
2024-09-14T23:00:00Z,305.60,0.00,400.00,98.50,99.00,305.60,0.00,0.00,0.00,none
2024-09-15T00:00:00Z,305.60,0.00,400.00,98.50,99.00,305.60,0.00,0.00,0.00,none
2024-09-15T01:00:00Z,305.60,0.00,400.00,98.50,99.00,305.60,0.00,0.00,0.00,none
2024-09-15T02:00:00Z,305.60,0.00,400.00,98.50,99.00,305.60,0.00,0.00,0.00,none
2024-09-15T03:00:00Z,305.60,0.82,400.00,98.50,99.00,305.60,0.00,0.82,0.00,none
2024-09-15T04:00:00Z,305.60,11.90,400.00,98.50,99.00,305.60,0.00,4.40,7.50,wind_priority_shared_poi_headroom
2024-09-15T05:00:00Z,305.60,27.93,400.00,98.50,99.00,305.60,0.00,4.40,23.53,wind_priority_shared_poi_headroom
2024-09-15T06:00:00Z,305.60,42.66,400.00,98.50,99.00,305.60,0.00,4.40,38.26,wind_priority_shared_poi_headroom
2024-09-15T07:00:00Z,305.60,54.26,400.00,98.50,99.00,305.60,0.00,4.40,49.85,wind_priority_shared_poi_headroom
2024-09-15T08:00:00Z,252.77,61.14,400.00,98.50,99.00,252.77,0.00,57.23,3.91,wind_priority_shared_poi_headroom
2024-09-15T09:00:00Z,119.36,64.25,400.00,98.50,99.00,119.36,0.00,64.25,0.00,none
2024-09-15T10:00:00Z,69.49,60.63,400.00,98.50,99.00,69.49,0.00,60.63,0.00,none
2024-09-15T11:00:00Z,64.29,53.94,400.00,98.50,99.00,64.29,0.00,53.94,0.00,none
2024-09-15T12:00:00Z,89.46,42.20,400.00,98.50,99.00,89.46,0.00,42.20,0.00,none
2024-09-15T13:00:00Z,153.99,27.30,400.00,98.50,99.00,153.99,0.00,27.30,0.00,none
2024-09-15T14:00:00Z,243.85,11.49,400.00,98.50,99.00,243.85,0.00,11.49,0.00,none
2024-09-15T15:00:00Z,294.58,0.70,400.00,98.50,99.00,294.58,0.00,0.70,0.00,none
2024-09-15T16:00:00Z,258.22,0.00,400.00,98.50,99.00,258.22,0.00,0.00,0.00,none
2024-09-15T17:00:00Z,160.56,0.00,400.00,98.50,99.00,160.56,0.00,0.00,0.00,none
2024-09-15T18:00:00Z,181.40,0.00,400.00,98.50,99.00,181.40,0.00,0.00,0.00,none
2024-09-15T19:00:00Z,224.98,0.00,400.00,98.50,99.00,224.98,0.00,0.00,0.00,none
2024-09-15T20:00:00Z,273.14,0.00,400.00,98.50,99.00,273.14,0.00,0.00,0.00,none
2024-09-15T21:00:00Z,305.60,0.00,400.00,98.50,99.00,305.60,0.00,0.00,0.00,none
2024-09-15T22:00:00Z,305.60,0.00,400.00,98.50,99.00,305.60,0.00,0.00,0.00,none
2024-09-15T23:00:00Z,305.60,0.00,400.00,98.50,99.00,305.60,0.00,0.00,0.00,none
2024-09-16T00:00:00Z,305.60,0.00,400.00,98.50,99.00,305.60,0.00,0.00,0.00,none
2024-09-16T01:00:00Z,305.60,0.00,400.00,98.50,99.00,305.60,0.00,0.00,0.00,none
2024-09-16T02:00:00Z,305.60,0.00,400.00,98.50,99.00,305.60,0.00,0.00,0.00,none
2024-09-16T03:00:00Z,305.60,0.84,400.00,98.50,99.00,305.60,0.00,0.84,0.00,none
2024-09-16T04:00:00Z,305.60,11.93,400.00,98.50,99.00,305.60,0.00,4.40,7.52,wind_priority_shared_poi_headroom
2024-09-16T05:00:00Z,305.60,28.07,400.00,98.50,99.00,305.60,0.00,4.40,23.67,wind_priority_shared_poi_headroom
2024-09-16T06:00:00Z,305.60,42.90,400.00,98.50,99.00,305.60,0.00,4.40,38.49,wind_priority_shared_poi_headroom
2024-09-16T07:00:00Z,305.60,54.58,400.00,98.50,99.00,305.60,0.00,4.40,50.17,wind_priority_shared_poi_headroom
2024-09-16T08:00:00Z,305.60,61.62,400.00,98.50,99.00,305.60,0.00,4.40,57.21,wind_priority_shared_poi_headroom
2024-09-16T09:00:00Z,305.60,63.73,400.00,98.50,99.00,305.60,0.00,4.40,59.33,wind_priority_shared_poi_headroom
2024-09-16T10:00:00Z,305.60,60.79,400.00,98.50,99.00,305.60,0.00,4.40,56.39,wind_priority_shared_poi_headroom
2024-09-16T11:00:00Z,305.60,51.79,400.00,98.50,99.00,305.60,0.00,4.40,47.39,wind_priority_shared_poi_headroom
2024-09-16T12:00:00Z,305.60,41.11,400.00,98.50,99.00,305.60,0.00,4.40,36.71,wind_priority_shared_poi_headroom
2024-09-16T13:00:00Z,305.60,26.38,400.00,98.50,99.00,305.60,0.00,4.40,21.98,wind_priority_shared_poi_headroom
2024-09-16T14:00:00Z,305.60,11.22,400.00,98.50,99.00,305.60,0.00,4.40,6.81,wind_priority_shared_poi_headroom
2024-09-16T15:00:00Z,305.60,0.67,400.00,98.50,99.00,305.60,0.00,0.67,0.00,none
2024-09-16T16:00:00Z,305.60,0.00,400.00,98.50,99.00,305.60,0.00,0.00,0.00,none
2024-09-16T17:00:00Z,282.75,0.00,400.00,98.50,99.00,282.75,0.00,0.00,0.00,none
2024-09-16T18:00:00Z,305.60,0.00,400.00,98.50,99.00,305.60,0.00,0.00,0.00,none
2024-09-16T19:00:00Z,305.60,0.00,400.00,98.50,99.00,305.60,0.00,0.00,0.00,none
2024-09-16T20:00:00Z,305.60,0.00,400.00,98.50,99.00,305.60,0.00,0.00,0.00,none
2024-09-16T21:00:00Z,305.60,0.00,400.00,98.50,99.00,305.60,0.00,0.00,0.00,none
2024-09-16T22:00:00Z,305.60,0.00,400.00,98.50,99.00,305.60,0.00,0.00,0.00,none
2024-09-16T23:00:00Z,305.60,0.00,400.00,98.50,99.00,305.60,0.00,0.00,0.00,none
2024-09-17T00:00:00Z,305.60,0.00,400.00,98.50,99.00,305.60,0.00,0.00,0.00,none
2024-09-17T01:00:00Z,305.60,0.00,400.00,98.50,99.00,305.60,0.00,0.00,0.00,none
2024-09-17T02:00:00Z,288.62,0.00,400.00,98.50,99.00,288.62,0.00,0.00,0.00,none
2024-09-17T03:00:00Z,260.05,0.88,400.00,98.50,99.00,260.05,0.00,0.88,0.00,none
2024-09-17T04:00:00Z,305.60,12.27,400.00,98.50,99.00,305.60,0.00,4.40,7.87,wind_priority_shared_poi_headroom
2024-09-17T05:00:00Z,305.60,28.44,400.00,98.50,99.00,305.60,0.00,4.40,24.03,wind_priority_shared_poi_headroom
2024-09-17T06:00:00Z,305.60,43.26,400.00,98.50,99.00,305.60,0.00,4.40,38.86,wind_priority_shared_poi_headroom
2024-09-17T07:00:00Z,305.60,54.95,400.00,98.50,99.00,305.60,0.00,4.40,50.55,wind_priority_shared_poi_headroom
2024-09-17T08:00:00Z,305.60,61.84,400.00,98.50,99.00,305.60,0.00,4.40,57.44,wind_priority_shared_poi_headroom
2024-09-17T09:00:00Z,305.60,61.54,400.00,98.50,99.00,305.60,0.00,4.40,57.13,wind_priority_shared_poi_headroom
2024-09-17T10:00:00Z,305.60,58.80,400.00,98.50,99.00,305.60,0.00,4.40,54.40,wind_priority_shared_poi_headroom
2024-09-17T11:00:00Z,305.60,48.69,400.00,98.50,99.00,305.60,0.00,4.40,44.28,wind_priority_shared_poi_headroom
2024-09-17T12:00:00Z,305.60,38.07,400.00,98.50,99.00,305.60,0.00,4.40,33.67,wind_priority_shared_poi_headroom
2024-09-17T13:00:00Z,305.60,23.31,400.00,98.50,99.00,305.60,0.00,4.40,18.91,wind_priority_shared_poi_headroom
2024-09-17T14:00:00Z,305.60,9.22,400.00,98.50,99.00,305.60,0.00,4.40,4.82,wind_priority_shared_poi_headroom
2024-09-17T15:00:00Z,305.60,0.56,400.00,98.50,99.00,305.60,0.00,0.56,0.00,none
2024-09-17T16:00:00Z,305.60,0.00,400.00,98.50,99.00,305.60,0.00,0.00,0.00,none
2024-09-17T17:00:00Z,305.60,0.00,400.00,98.50,99.00,305.60,0.00,0.00,0.00,none
2024-09-17T18:00:00Z,305.60,0.00,400.00,98.50,99.00,305.60,0.00,0.00,0.00,none
2024-09-17T19:00:00Z,305.60,0.00,400.00,98.50,99.00,305.60,0.00,0.00,0.00,none
2024-09-17T20:00:00Z,305.60,0.00,400.00,98.50,99.00,305.60,0.00,0.00,0.00,none
2024-09-17T21:00:00Z,305.60,0.00,400.00,98.50,99.00,305.60,0.00,0.00,0.00,none
2024-09-17T22:00:00Z,305.60,0.00,400.00,98.50,99.00,305.60,0.00,0.00,0.00,none
2024-09-17T23:00:00Z,305.60,0.00,400.00,98.50,99.00,305.60,0.00,0.00,0.00,none
2024-09-18T00:00:00Z,305.60,0.00,400.00,98.50,99.00,305.60,0.00,0.00,0.00,none
2024-09-18T01:00:00Z,305.60,0.00,400.00,98.50,99.00,305.60,0.00,0.00,0.00,none
2024-09-18T02:00:00Z,305.60,0.00,400.00,98.50,99.00,305.60,0.00,0.00,0.00,none
2024-09-18T03:00:00Z,305.60,0.79,400.00,98.50,99.00,305.60,0.00,0.79,0.00,none
2024-09-18T04:00:00Z,305.60,10.86,400.00,98.50,99.00,305.60,0.00,4.40,6.46,wind_priority_shared_poi_headroom
2024-09-18T05:00:00Z,305.60,26.41,400.00,98.50,99.00,305.60,0.00,4.40,22.01,wind_priority_shared_poi_headroom
2024-09-18T06:00:00Z,305.60,41.33,400.00,98.50,99.00,305.60,0.00,4.40,36.92,wind_priority_shared_poi_headroom
2024-09-18T07:00:00Z,305.60,53.11,400.00,98.50,99.00,305.60,0.00,4.40,48.71,wind_priority_shared_poi_headroom
2024-09-18T08:00:00Z,208.70,60.47,400.00,98.50,99.00,208.70,0.00,60.47,0.00,none
2024-09-18T09:00:00Z,100.73,63.20,400.00,98.50,99.00,100.73,0.00,63.20,0.00,none
2024-09-18T10:00:00Z,57.31,55.11,400.00,98.50,99.00,57.31,0.00,55.11,0.00,none
2024-09-18T11:00:00Z,46.07,50.77,400.00,98.50,99.00,46.07,0.00,50.77,0.00,none
2024-09-18T12:00:00Z,54.67,38.96,400.00,98.50,99.00,54.67,0.00,38.96,0.00,none
2024-09-18T13:00:00Z,71.81,25.08,400.00,98.50,99.00,71.81,0.00,25.08,0.00,none
2024-09-18T14:00:00Z,98.79,10.31,400.00,98.50,99.00,98.79,0.00,10.31,0.00,none
2024-09-18T15:00:00Z,137.74,0.61,400.00,98.50,99.00,137.74,0.00,0.61,0.00,none
2024-09-18T16:00:00Z,167.32,0.00,400.00,98.50,99.00,167.32,0.00,0.00,0.00,none
2024-09-18T17:00:00Z,141.38,0.00,400.00,98.50,99.00,141.38,0.00,0.00,0.00,none
2024-09-18T18:00:00Z,143.85,0.00,400.00,98.50,99.00,143.85,0.00,0.00,0.00,none
2024-09-18T19:00:00Z,223.32,0.00,400.00,98.50,99.00,223.32,0.00,0.00,0.00,none
2024-09-18T20:00:00Z,305.60,0.00,400.00,98.50,99.00,305.60,0.00,0.00,0.00,none
2024-09-18T21:00:00Z,305.60,0.00,400.00,98.50,99.00,305.60,0.00,0.00,0.00,none
2024-09-18T22:00:00Z,305.60,0.00,400.00,98.50,99.00,305.60,0.00,0.00,0.00,none
2024-09-18T23:00:00Z,305.60,0.00,400.00,98.50,99.00,305.60,0.00,0.00,0.00,none
2024-09-19T00:00:00Z,305.60,0.00,400.00,98.50,99.00,305.60,0.00,0.00,0.00,none
2024-09-19T01:00:00Z,305.60,0.00,400.00,98.50,99.00,305.60,0.00,0.00,0.00,none
2024-09-19T02:00:00Z,305.60,0.00,400.00,98.50,99.00,305.60,0.00,0.00,0.00,none
2024-09-19T03:00:00Z,275.04,0.90,400.00,98.50,99.00,275.04,0.00,0.90,0.00,none
2024-09-19T04:00:00Z,305.60,12.18,400.00,98.50,99.00,305.60,0.00,4.40,7.77,wind_priority_shared_poi_headroom
2024-09-19T05:00:00Z,305.60,28.23,400.00,98.50,99.00,305.60,0.00,4.40,23.83,wind_priority_shared_poi_headroom
2024-09-19T06:00:00Z,305.60,43.11,400.00,98.50,99.00,305.60,0.00,4.40,38.70,wind_priority_shared_poi_headroom
2024-09-19T07:00:00Z,286.65,54.74,400.00,98.50,99.00,286.65,0.00,23.35,31.39,wind_priority_shared_poi_headroom
2024-09-19T08:00:00Z,175.68,61.77,400.00,98.50,99.00,175.68,0.00,61.77,0.00,none
2024-09-19T09:00:00Z,102.70,64.88,400.00,98.50,99.00,102.70,0.00,64.88,0.00,none
2024-09-19T10:00:00Z,66.49,61.40,400.00,98.50,99.00,66.49,0.00,61.40,0.00,none
2024-09-19T11:00:00Z,54.03,54.12,400.00,98.50,99.00,54.03,0.00,54.12,0.00,none
2024-09-19T12:00:00Z,47.24,41.71,400.00,98.50,99.00,47.24,0.00,41.71,0.00,none
2024-09-19T13:00:00Z,46.65,26.82,400.00,98.50,99.00,46.65,0.00,26.82,0.00,none
2024-09-19T14:00:00Z,53.38,11.19,400.00,98.50,99.00,53.38,0.00,11.19,0.00,none
2024-09-19T15:00:00Z,64.29,0.64,400.00,98.50,99.00,64.29,0.00,0.64,0.00,none
2024-09-19T16:00:00Z,88.56,0.00,400.00,98.50,99.00,88.56,0.00,0.00,0.00,none
2024-09-19T17:00:00Z,136.54,0.00,400.00,98.50,99.00,136.54,0.00,0.00,0.00,none
2024-09-19T18:00:00Z,199.32,0.00,400.00,98.50,99.00,199.32,0.00,0.00,0.00,none
2024-09-19T19:00:00Z,233.44,0.00,400.00,98.50,99.00,233.44,0.00,0.00,0.00,none
2024-09-19T20:00:00Z,250.97,0.00,400.00,98.50,99.00,250.97,0.00,0.00,0.00,none
2024-09-19T21:00:00Z,261.90,0.00,400.00,98.50,99.00,261.90,0.00,0.00,0.00,none
2024-09-19T22:00:00Z,238.61,0.00,400.00,98.50,99.00,238.61,0.00,0.00,0.00,none
2024-09-19T23:00:00Z,273.14,0.00,400.00,98.50,99.00,273.14,0.00,0.00,0.00,none
2024-09-20T00:00:00Z,305.60,0.00,400.00,98.50,99.00,305.60,0.00,0.00,0.00,none
2024-09-20T01:00:00Z,305.60,0.00,400.00,98.50,99.00,305.60,0.00,0.00,0.00,none
2024-09-20T02:00:00Z,305.60,0.00,400.00,98.50,99.00,305.60,0.00,0.00,0.00,none
2024-09-20T03:00:00Z,305.60,0.92,400.00,98.50,99.00,305.60,0.00,0.92,0.00,none
2024-09-20T04:00:00Z,305.60,11.86,400.00,98.50,99.00,305.60,0.00,4.40,7.46,wind_priority_shared_poi_headroom
2024-09-20T05:00:00Z,305.60,26.24,400.00,98.50,99.00,305.60,0.00,4.40,21.84,wind_priority_shared_poi_headroom
2024-09-20T06:00:00Z,305.60,39.83,400.00,98.50,99.00,305.60,0.00,4.40,35.42,wind_priority_shared_poi_headroom
2024-09-20T07:00:00Z,305.60,51.34,400.00,98.50,99.00,305.60,0.00,4.40,46.94,wind_priority_shared_poi_headroom
2024-09-20T08:00:00Z,305.60,59.75,400.00,98.50,99.00,305.60,0.00,4.40,55.34,wind_priority_shared_poi_headroom
2024-09-20T09:00:00Z,240.35,59.69,400.00,98.50,99.00,240.35,0.00,59.69,0.00,none
2024-09-20T10:00:00Z,182.85,54.20,400.00,98.50,99.00,182.85,0.00,54.20,0.00,none
2024-09-20T11:00:00Z,159.23,47.86,400.00,98.50,99.00,159.23,0.00,47.86,0.00,none
2024-09-20T12:00:00Z,151.41,37.16,400.00,98.50,99.00,151.41,0.00,37.16,0.00,none
2024-09-20T13:00:00Z,152.69,22.78,400.00,98.50,99.00,152.69,0.00,22.78,0.00,none
2024-09-20T14:00:00Z,170.08,9.53,400.00,98.50,99.00,170.08,0.00,9.53,0.00,none
2024-09-20T15:00:00Z,152.69,0.60,400.00,98.50,99.00,152.69,0.00,0.60,0.00,none
2024-09-20T16:00:00Z,163.24,0.00,400.00,98.50,99.00,163.24,0.00,0.00,0.00,none
2024-09-20T17:00:00Z,150.13,0.00,400.00,98.50,99.00,150.13,0.00,0.00,0.00,none
2024-09-20T18:00:00Z,161.90,0.00,400.00,98.50,99.00,161.90,0.00,0.00,0.00,none
2024-09-20T19:00:00Z,172.86,0.00,400.00,98.50,99.00,172.86,0.00,0.00,0.00,none
2024-09-20T20:00:00Z,175.68,0.00,400.00,98.50,99.00,175.68,0.00,0.00,0.00,none
2024-09-20T21:00:00Z,143.85,0.00,400.00,98.50,99.00,143.85,0.00,0.00,0.00,none
2024-09-20T22:00:00Z,118.27,0.00,400.00,98.50,99.00,118.27,0.00,0.00,0.00,none
2024-09-20T23:00:00Z,111.87,0.00,400.00,98.50,99.00,111.87,0.00,0.00,0.00,none
2024-09-21T00:00:00Z,130.64,0.00,400.00,98.50,99.00,130.64,0.00,0.00,0.00,none
2024-09-21T01:00:00Z,120.46,0.00,400.00,98.50,99.00,120.46,0.00,0.00,0.00,none
2024-09-21T02:00:00Z,107.73,0.00,400.00,98.50,99.00,107.73,0.00,0.00,0.00,none
2024-09-21T03:00:00Z,71.81,0.98,400.00,98.50,99.00,71.81,0.00,0.98,0.00,none
2024-09-21T04:00:00Z,249.18,12.79,400.00,98.50,99.00,249.18,0.00,12.79,0.00,none
2024-09-21T05:00:00Z,305.60,29.05,400.00,98.50,99.00,305.60,0.00,4.40,24.65,wind_priority_shared_poi_headroom
2024-09-21T06:00:00Z,305.60,43.79,400.00,98.50,99.00,305.60,0.00,4.40,39.38,wind_priority_shared_poi_headroom
2024-09-21T07:00:00Z,243.85,55.21,400.00,98.50,99.00,243.85,0.00,55.21,0.00,none
2024-09-21T08:00:00Z,191.72,61.90,400.00,98.50,99.00,191.72,0.00,61.90,0.00,none
2024-09-21T09:00:00Z,159.23,60.53,400.00,98.50,99.00,159.23,0.00,60.53,0.00,none
2024-09-21T10:00:00Z,159.23,55.50,400.00,98.50,99.00,159.23,0.00,55.50,0.00,none
2024-09-21T11:00:00Z,187.25,44.48,400.00,98.50,99.00,187.25,0.00,44.48,0.00,none
2024-09-21T12:00:00Z,224.98,35.61,400.00,98.50,99.00,224.98,0.00,35.61,0.00,none
2024-09-21T13:00:00Z,267.48,22.63,400.00,98.50,99.00,267.48,0.00,22.63,0.00,none
2024-09-21T14:00:00Z,304.68,9.30,400.00,98.50,99.00,304.68,0.00,5.32,3.98,wind_priority_shared_poi_headroom
2024-09-21T15:00:00Z,282.75,0.52,400.00,98.50,99.00,282.75,0.00,0.52,0.00,none
2024-09-21T16:00:00Z,250.97,0.00,400.00,98.50,99.00,250.97,0.00,0.00,0.00,none
2024-09-21T17:00:00Z,213.50,0.00,400.00,98.50,99.00,213.50,0.00,0.00,0.00,none
2024-09-21T18:00:00Z,191.72,0.00,400.00,98.50,99.00,191.72,0.00,0.00,0.00,none
2024-09-21T19:00:00Z,185.78,0.00,400.00,98.50,99.00,185.78,0.00,0.00,0.00,none
2024-09-21T20:00:00Z,172.86,0.00,400.00,98.50,99.00,172.86,0.00,0.00,0.00,none
2024-09-21T21:00:00Z,150.13,0.00,400.00,98.50,99.00,150.13,0.00,0.00,0.00,none
2024-09-21T22:00:00Z,220.01,0.00,400.00,98.50,99.00,220.01,0.00,0.00,0.00,none
2024-09-21T23:00:00Z,305.60,0.00,400.00,98.50,99.00,305.60,0.00,0.00,0.00,none
2024-09-22T00:00:00Z,305.60,0.00,400.00,98.50,99.00,305.60,0.00,0.00,0.00,none
2024-09-22T01:00:00Z,260.05,0.00,400.00,98.50,99.00,260.05,0.00,0.00,0.00,none
2024-09-22T02:00:00Z,200.86,0.00,400.00,98.50,99.00,200.86,0.00,0.00,0.00,none
2024-09-22T03:00:00Z,242.10,0.91,400.00,98.50,99.00,242.10,0.00,0.91,0.00,none
2024-09-22T04:00:00Z,305.60,11.75,400.00,98.50,99.00,305.60,0.00,4.40,7.34,wind_priority_shared_poi_headroom
2024-09-22T05:00:00Z,305.60,27.46,400.00,98.50,99.00,305.60,0.00,4.40,23.05,wind_priority_shared_poi_headroom
2024-09-22T06:00:00Z,305.60,42.39,400.00,98.50,99.00,305.60,0.00,4.40,37.99,wind_priority_shared_poi_headroom
2024-09-22T07:00:00Z,305.60,53.89,400.00,98.50,99.00,305.60,0.00,4.40,49.48,wind_priority_shared_poi_headroom
2024-09-22T08:00:00Z,305.60,60.93,400.00,98.50,99.00,305.60,0.00,4.40,56.52,wind_priority_shared_poi_headroom
2024-09-22T09:00:00Z,305.60,62.84,400.00,98.50,99.00,305.60,0.00,4.40,58.44,wind_priority_shared_poi_headroom
2024-09-22T10:00:00Z,304.68,59.74,400.00,98.50,99.00,304.68,0.00,5.32,54.42,wind_priority_shared_poi_headroom
2024-09-22T11:00:00Z,288.62,51.24,400.00,98.50,99.00,288.62,0.00,21.38,29.86,wind_priority_shared_poi_headroom
2024-09-22T12:00:00Z,300.61,39.29,400.00,98.50,99.00,300.61,0.00,9.39,29.90,wind_priority_shared_poi_headroom
2024-09-22T13:00:00Z,305.60,24.65,400.00,98.50,99.00,305.60,0.00,4.40,20.25,wind_priority_shared_poi_headroom
2024-09-22T14:00:00Z,305.60,9.78,400.00,98.50,99.00,305.60,0.00,4.40,5.38,wind_priority_shared_poi_headroom
2024-09-22T15:00:00Z,305.60,0.52,400.00,98.50,99.00,305.60,0.00,0.52,0.00,none
2024-09-22T16:00:00Z,305.60,0.00,400.00,98.50,99.00,305.60,0.00,0.00,0.00,none
2024-09-22T17:00:00Z,305.60,0.00,400.00,98.50,99.00,305.60,0.00,0.00,0.00,none
2024-09-22T18:00:00Z,252.77,0.00,400.00,98.50,99.00,252.77,0.00,0.00,0.00,none
2024-09-22T19:00:00Z,305.60,0.00,400.00,98.50,99.00,305.60,0.00,0.00,0.00,none
2024-09-22T20:00:00Z,305.60,0.00,400.00,98.50,99.00,305.60,0.00,0.00,0.00,none
2024-09-22T21:00:00Z,305.60,0.00,400.00,98.50,99.00,305.60,0.00,0.00,0.00,none
2024-09-22T22:00:00Z,305.60,0.00,400.00,98.50,99.00,305.60,0.00,0.00,0.00,none
2024-09-22T23:00:00Z,305.60,0.00,400.00,98.50,99.00,305.60,0.00,0.00,0.00,none
2024-09-23T00:00:00Z,305.60,0.00,400.00,98.50,99.00,305.60,0.00,0.00,0.00,none
2024-09-23T01:00:00Z,305.60,0.00,400.00,98.50,99.00,305.60,0.00,0.00,0.00,none
2024-09-23T02:00:00Z,305.60,0.00,400.00,98.50,99.00,305.60,0.00,0.00,0.00,none
2024-09-23T03:00:00Z,305.60,0.90,400.00,98.50,99.00,305.60,0.00,0.90,0.00,none
2024-09-23T04:00:00Z,305.60,11.72,400.00,98.50,99.00,305.60,0.00,4.40,7.31,wind_priority_shared_poi_headroom
2024-09-23T05:00:00Z,305.60,27.19,400.00,98.50,99.00,305.60,0.00,4.40,22.78,wind_priority_shared_poi_headroom
2024-09-23T06:00:00Z,305.60,41.31,400.00,98.50,99.00,305.60,0.00,4.40,36.90,wind_priority_shared_poi_headroom
2024-09-23T07:00:00Z,305.60,52.72,400.00,98.50,99.00,305.60,0.00,4.40,48.32,wind_priority_shared_poi_headroom
2024-09-23T08:00:00Z,305.60,59.13,400.00,98.50,99.00,305.60,0.00,4.40,54.73,wind_priority_shared_poi_headroom
2024-09-23T09:00:00Z,305.60,60.31,400.00,98.50,99.00,305.60,0.00,4.40,55.90,wind_priority_shared_poi_headroom
2024-09-23T10:00:00Z,305.60,55.32,400.00,98.50,99.00,305.60,0.00,4.40,50.92,wind_priority_shared_poi_headroom
2024-09-23T11:00:00Z,305.60,48.84,400.00,98.50,99.00,305.60,0.00,4.40,44.44,wind_priority_shared_poi_headroom
2024-09-23T12:00:00Z,305.60,39.26,400.00,98.50,99.00,305.60,0.00,4.40,34.85,wind_priority_shared_poi_headroom
2024-09-23T13:00:00Z,305.60,25.17,400.00,98.50,99.00,305.60,0.00,4.40,20.77,wind_priority_shared_poi_headroom
2024-09-23T14:00:00Z,305.60,10.01,400.00,98.50,99.00,305.60,0.00,4.40,5.61,wind_priority_shared_poi_headroom
2024-09-23T15:00:00Z,305.60,0.53,400.00,98.50,99.00,305.60,0.00,0.53,0.00,none
2024-09-23T16:00:00Z,305.60,0.00,400.00,98.50,99.00,305.60,0.00,0.00,0.00,none
2024-09-23T17:00:00Z,305.60,0.00,400.00,98.50,99.00,305.60,0.00,0.00,0.00,none
2024-09-23T18:00:00Z,305.60,0.00,400.00,98.50,99.00,305.60,0.00,0.00,0.00,none
2024-09-23T19:00:00Z,305.60,0.00,400.00,98.50,99.00,305.60,0.00,0.00,0.00,none
2024-09-23T20:00:00Z,305.60,0.00,400.00,98.50,99.00,305.60,0.00,0.00,0.00,none
2024-09-23T21:00:00Z,305.60,0.00,400.00,98.50,99.00,305.60,0.00,0.00,0.00,none
2024-09-23T22:00:00Z,305.60,0.00,400.00,98.50,99.00,305.60,0.00,0.00,0.00,none
2024-09-23T23:00:00Z,305.60,0.00,400.00,98.50,99.00,305.60,0.00,0.00,0.00,none
2024-09-24T00:00:00Z,305.60,0.00,400.00,98.50,99.00,305.60,0.00,0.00,0.00,none
2024-09-24T01:00:00Z,305.60,0.00,400.00,98.50,99.00,305.60,0.00,0.00,0.00,none
2024-09-24T02:00:00Z,305.60,0.00,400.00,98.50,99.00,305.60,0.00,0.00,0.00,none
2024-09-24T03:00:00Z,305.60,0.94,400.00,98.50,99.00,305.60,0.00,0.94,0.00,none
2024-09-24T04:00:00Z,305.60,11.95,400.00,98.50,99.00,305.60,0.00,4.40,7.55,wind_priority_shared_poi_headroom
2024-09-24T05:00:00Z,305.60,28.03,400.00,98.50,99.00,305.60,0.00,4.40,23.63,wind_priority_shared_poi_headroom
2024-09-24T06:00:00Z,305.60,42.67,400.00,98.50,99.00,305.60,0.00,4.40,38.27,wind_priority_shared_poi_headroom
2024-09-24T07:00:00Z,305.60,54.21,400.00,98.50,99.00,305.60,0.00,4.40,49.80,wind_priority_shared_poi_headroom
2024-09-24T08:00:00Z,305.60,61.17,400.00,98.50,99.00,305.60,0.00,4.40,56.77,wind_priority_shared_poi_headroom
2024-09-24T09:00:00Z,305.60,64.17,400.00,98.50,99.00,305.60,0.00,4.40,59.76,wind_priority_shared_poi_headroom
2024-09-24T10:00:00Z,305.60,60.21,400.00,98.50,99.00,305.60,0.00,4.40,55.81,wind_priority_shared_poi_headroom
2024-09-24T11:00:00Z,305.60,52.73,400.00,98.50,99.00,305.60,0.00,4.40,48.33,wind_priority_shared_poi_headroom
2024-09-24T12:00:00Z,305.60,40.64,400.00,98.50,99.00,305.60,0.00,4.40,36.24,wind_priority_shared_poi_headroom
2024-09-24T13:00:00Z,305.60,26.18,400.00,98.50,99.00,305.60,0.00,4.40,21.77,wind_priority_shared_poi_headroom
2024-09-24T14:00:00Z,305.60,10.65,400.00,98.50,99.00,305.60,0.00,4.40,6.25,wind_priority_shared_poi_headroom
2024-09-24T15:00:00Z,305.60,0.53,400.00,98.50,99.00,305.60,0.00,0.53,0.00,none
2024-09-24T16:00:00Z,305.60,0.00,400.00,98.50,99.00,305.60,0.00,0.00,0.00,none
2024-09-24T17:00:00Z,292.58,0.00,400.00,98.50,99.00,292.58,0.00,0.00,0.00,none
2024-09-24T18:00:00Z,305.60,0.00,400.00,98.50,99.00,305.60,0.00,0.00,0.00,none
2024-09-24T19:00:00Z,305.60,0.00,400.00,98.50,99.00,305.60,0.00,0.00,0.00,none
2024-09-24T20:00:00Z,305.60,0.00,400.00,98.50,99.00,305.60,0.00,0.00,0.00,none
2024-09-24T21:00:00Z,305.60,0.00,400.00,98.50,99.00,305.60,0.00,0.00,0.00,none
2024-09-24T22:00:00Z,305.60,0.00,400.00,98.50,99.00,305.60,0.00,0.00,0.00,none
2024-09-24T23:00:00Z,305.60,0.00,400.00,98.50,99.00,305.60,0.00,0.00,0.00,none
2024-09-25T00:00:00Z,305.60,0.00,400.00,98.50,99.00,305.60,0.00,0.00,0.00,none
2024-09-25T01:00:00Z,305.60,0.00,400.00,98.50,99.00,305.60,0.00,0.00,0.00,none
2024-09-25T02:00:00Z,305.60,0.00,400.00,98.50,99.00,305.60,0.00,0.00,0.00,none
2024-09-25T03:00:00Z,305.60,1.02,400.00,98.50,99.00,305.60,0.00,1.02,0.00,none
2024-09-25T04:00:00Z,305.60,12.68,400.00,98.50,99.00,305.60,0.00,4.40,8.27,wind_priority_shared_poi_headroom
2024-09-25T05:00:00Z,305.60,28.83,400.00,98.50,99.00,305.60,0.00,4.40,24.42,wind_priority_shared_poi_headroom
2024-09-25T06:00:00Z,305.60,43.60,400.00,98.50,99.00,305.60,0.00,4.40,39.20,wind_priority_shared_poi_headroom
2024-09-25T07:00:00Z,305.60,55.02,400.00,98.50,99.00,305.60,0.00,4.40,50.61,wind_priority_shared_poi_headroom
2024-09-25T08:00:00Z,305.60,61.95,400.00,98.50,99.00,305.60,0.00,4.40,57.55,wind_priority_shared_poi_headroom
2024-09-25T09:00:00Z,168.69,64.10,400.00,98.50,99.00,168.69,0.00,64.10,0.00,none
2024-09-25T10:00:00Z,111.87,60.82,400.00,98.50,99.00,111.87,0.00,60.82,0.00,none
2024-09-25T11:00:00Z,107.73,52.80,400.00,98.50,99.00,107.73,0.00,52.80,0.00,none
2024-09-25T12:00:00Z,141.38,40.36,400.00,98.50,99.00,141.38,0.00,40.36,0.00,none
2024-09-25T13:00:00Z,216.74,25.42,400.00,98.50,99.00,216.74,0.00,25.42,0.00,none
2024-09-25T14:00:00Z,305.60,10.02,400.00,98.50,99.00,305.60,0.00,4.40,5.62,wind_priority_shared_poi_headroom
2024-09-25T15:00:00Z,305.60,0.49,400.00,98.50,99.00,305.60,0.00,0.49,0.00,none
2024-09-25T16:00:00Z,305.60,0.00,400.00,98.50,99.00,305.60,0.00,0.00,0.00,none
2024-09-25T17:00:00Z,187.25,0.00,400.00,98.50,99.00,187.25,0.00,0.00,0.00,none
2024-09-25T18:00:00Z,163.24,0.00,400.00,98.50,99.00,163.24,0.00,0.00,0.00,none
2024-09-25T19:00:00Z,207.12,0.00,400.00,98.50,99.00,207.12,0.00,0.00,0.00,none
2024-09-25T20:00:00Z,276.96,0.00,400.00,98.50,99.00,276.96,0.00,0.00,0.00,none
2024-09-25T21:00:00Z,305.60,0.00,400.00,98.50,99.00,305.60,0.00,0.00,0.00,none
2024-09-25T22:00:00Z,305.60,0.00,400.00,98.50,99.00,305.60,0.00,0.00,0.00,none
2024-09-25T23:00:00Z,305.60,0.00,400.00,98.50,99.00,305.60,0.00,0.00,0.00,none
2024-09-26T00:00:00Z,305.60,0.00,400.00,98.50,99.00,305.60,0.00,0.00,0.00,none
2024-09-26T01:00:00Z,305.60,0.00,400.00,98.50,99.00,305.60,0.00,0.00,0.00,none
2024-09-26T02:00:00Z,305.60,0.00,400.00,98.50,99.00,305.60,0.00,0.00,0.00,none
2024-09-26T03:00:00Z,305.60,1.00,400.00,98.50,99.00,305.60,0.00,1.00,0.00,none
2024-09-26T04:00:00Z,305.60,12.89,400.00,98.50,99.00,305.60,0.00,4.40,8.48,wind_priority_shared_poi_headroom
2024-09-26T05:00:00Z,305.60,29.14,400.00,98.50,99.00,305.60,0.00,4.40,24.74,wind_priority_shared_poi_headroom
2024-09-26T06:00:00Z,305.60,43.85,400.00,98.50,99.00,305.60,0.00,4.40,39.45,wind_priority_shared_poi_headroom
2024-09-26T07:00:00Z,305.60,55.33,400.00,98.50,99.00,305.60,0.00,4.40,50.92,wind_priority_shared_poi_headroom
2024-09-26T08:00:00Z,218.37,62.03,400.00,98.50,99.00,218.37,0.00,62.03,0.00,none
2024-09-26T09:00:00Z,103.69,63.59,400.00,98.50,99.00,103.69,0.00,63.59,0.00,none
2024-09-26T10:00:00Z,60.04,60.13,400.00,98.50,99.00,60.04,0.00,60.13,0.00,none
2024-09-26T11:00:00Z,55.98,45.61,400.00,98.50,99.00,55.98,0.00,45.61,0.00,none
2024-09-26T12:00:00Z,79.89,39.96,400.00,98.50,99.00,79.89,0.00,39.96,0.00,none
2024-09-26T13:00:00Z,124.92,25.05,400.00,98.50,99.00,124.92,0.00,25.05,0.00,none
2024-09-26T14:00:00Z,185.78,9.65,400.00,98.50,99.00,185.78,0.00,9.65,0.00,none
2024-09-26T15:00:00Z,240.35,0.46,400.00,98.50,99.00,240.35,0.00,0.46,0.00,none
2024-09-26T16:00:00Z,231.73,0.00,400.00,98.50,99.00,231.73,0.00,0.00,0.00,none
2024-09-26T17:00:00Z,111.87,0.00,400.00,98.50,99.00,111.87,0.00,0.00,0.00,none
2024-09-26T18:00:00Z,74.97,0.00,400.00,98.50,99.00,74.97,0.00,0.00,0.00,none
2024-09-26T19:00:00Z,74.17,0.00,400.00,98.50,99.00,74.17,0.00,0.00,0.00,none
2024-09-26T20:00:00Z,78.23,0.00,400.00,98.50,99.00,78.23,0.00,0.00,0.00,none
2024-09-26T21:00:00Z,79.06,0.00,400.00,98.50,99.00,79.06,0.00,0.00,0.00,none
2024-09-26T22:00:00Z,122.68,0.00,400.00,98.50,99.00,122.68,0.00,0.00,0.00,none
2024-09-26T23:00:00Z,280.81,0.00,400.00,98.50,99.00,280.81,0.00,0.00,0.00,none
2024-09-27T00:00:00Z,305.60,0.00,400.00,98.50,99.00,305.60,0.00,0.00,0.00,none
2024-09-27T01:00:00Z,302.64,0.00,400.00,98.50,99.00,302.64,0.00,0.00,0.00,none
2024-09-27T02:00:00Z,278.88,0.00,400.00,98.50,99.00,278.88,0.00,0.00,0.00,none
2024-09-27T03:00:00Z,265.61,1.00,400.00,98.50,99.00,265.61,0.00,1.00,0.00,none
2024-09-27T04:00:00Z,305.60,12.28,400.00,98.50,99.00,305.60,0.00,4.40,7.88,wind_priority_shared_poi_headroom
2024-09-27T05:00:00Z,305.60,28.36,400.00,98.50,99.00,305.60,0.00,4.40,23.96,wind_priority_shared_poi_headroom
2024-09-27T06:00:00Z,305.60,43.16,400.00,98.50,99.00,305.60,0.00,4.40,38.76,wind_priority_shared_poi_headroom
2024-09-27T07:00:00Z,243.85,54.52,400.00,98.50,99.00,243.85,0.00,54.52,0.00,none
2024-09-27T08:00:00Z,129.48,61.35,400.00,98.50,99.00,129.48,0.00,61.35,0.00,none
2024-09-27T09:00:00Z,66.49,60.31,400.00,98.50,99.00,66.49,0.00,60.31,0.00,none
2024-09-27T10:00:00Z,35.90,56.40,400.00,98.50,99.00,35.90,0.00,56.40,0.00,none
2024-09-27T11:00:00Z,23.46,41.91,400.00,98.50,99.00,23.46,0.00,41.91,0.00,none
2024-09-27T12:00:00Z,21.31,38.13,400.00,98.50,99.00,21.31,0.00,38.13,0.00,none
2024-09-27T13:00:00Z,24.97,23.46,400.00,98.50,99.00,24.97,0.00,23.46,0.00,none
2024-09-27T14:00:00Z,31.66,8.65,400.00,98.50,99.00,31.66,0.00,8.65,0.00,none
2024-09-27T15:00:00Z,38.93,0.41,400.00,98.50,99.00,38.93,0.00,0.41,0.00,none
2024-09-27T16:00:00Z,43.23,0.00,400.00,98.50,99.00,43.23,0.00,0.00,0.00,none
2024-09-27T17:00:00Z,57.99,0.00,400.00,98.50,99.00,57.99,0.00,0.00,0.00,none
2024-09-27T18:00:00Z,85.02,0.00,400.00,98.50,99.00,85.02,0.00,0.00,0.00,none
2024-09-27T19:00:00Z,78.23,0.00,400.00,98.50,99.00,78.23,0.00,0.00,0.00,none
2024-09-27T20:00:00Z,97.83,0.00,400.00,98.50,99.00,97.83,0.00,0.00,0.00,none
2024-09-27T21:00:00Z,113.98,0.00,400.00,98.50,99.00,113.98,0.00,0.00,0.00,none
2024-09-27T22:00:00Z,146.34,0.00,400.00,98.50,99.00,146.34,0.00,0.00,0.00,none
2024-09-27T23:00:00Z,200.86,0.00,400.00,98.50,99.00,200.86,0.00,0.00,0.00,none
2024-09-28T00:00:00Z,267.48,0.00,400.00,98.50,99.00,267.48,0.00,0.00,0.00,none
2024-09-28T01:00:00Z,305.60,0.00,400.00,98.50,99.00,305.60,0.00,0.00,0.00,none
2024-09-28T02:00:00Z,305.60,0.00,400.00,98.50,99.00,305.60,0.00,0.00,0.00,none
2024-09-28T03:00:00Z,275.04,0.93,400.00,98.50,99.00,275.04,0.00,0.93,0.00,none
2024-09-28T04:00:00Z,305.60,11.33,400.00,98.50,99.00,305.60,0.00,4.40,6.93,wind_priority_shared_poi_headroom
2024-09-28T05:00:00Z,305.60,26.68,400.00,98.50,99.00,305.60,0.00,4.40,22.28,wind_priority_shared_poi_headroom
2024-09-28T06:00:00Z,163.24,41.36,400.00,98.50,99.00,163.24,0.00,41.36,0.00,none
2024-09-28T07:00:00Z,42.67,52.74,400.00,98.50,99.00,42.67,0.00,52.74,0.00,none
2024-09-28T08:00:00Z,12.26,59.79,400.00,98.50,99.00,12.26,0.00,59.79,0.00,none
2024-09-28T09:00:00Z,6.86,62.28,400.00,98.50,99.00,6.86,0.00,62.28,0.00,none
2024-09-28T10:00:00Z,5.35,59.31,400.00,98.50,99.00,5.35,0.00,59.31,0.00,none
2024-09-28T11:00:00Z,3.86,49.98,400.00,98.50,99.00,3.86,0.00,49.98,0.00,none
2024-09-28T12:00:00Z,3.54,39.17,400.00,98.50,99.00,3.54,0.00,39.17,0.00,none
2024-09-28T13:00:00Z,4.95,24.06,400.00,98.50,99.00,4.95,0.00,24.06,0.00,none
2024-09-28T14:00:00Z,9.00,8.93,400.00,98.50,99.00,9.00,0.00,8.93,0.00,none
2024-09-28T15:00:00Z,11.33,0.40,400.00,98.50,99.00,11.33,0.00,0.40,0.00,none
2024-09-28T16:00:00Z,15.37,0.00,400.00,98.50,99.00,15.37,0.00,0.00,0.00,none
2024-09-28T17:00:00Z,30.33,0.00,400.00,98.50,99.00,30.33,0.00,0.00,0.00,none
2024-09-28T18:00:00Z,73.38,0.00,400.00,98.50,99.00,73.38,0.00,0.00,0.00,none
2024-09-28T19:00:00Z,124.92,0.00,400.00,98.50,99.00,124.92,0.00,0.00,0.00,none
2024-09-28T20:00:00Z,172.86,0.00,400.00,98.50,99.00,172.86,0.00,0.00,0.00,none
2024-09-28T21:00:00Z,177.10,0.00,400.00,98.50,99.00,177.10,0.00,0.00,0.00,none
2024-09-28T22:00:00Z,185.78,0.00,400.00,98.50,99.00,185.78,0.00,0.00,0.00,none
2024-09-28T23:00:00Z,282.75,0.00,400.00,98.50,99.00,282.75,0.00,0.00,0.00,none
2024-09-29T00:00:00Z,226.66,0.00,400.00,98.50,99.00,226.66,0.00,0.00,0.00,none
2024-09-29T01:00:00Z,163.24,0.00,400.00,98.50,99.00,163.24,0.00,0.00,0.00,none
2024-09-29T02:00:00Z,87.66,0.00,400.00,98.50,99.00,87.66,0.00,0.00,0.00,none
2024-09-29T03:00:00Z,55.33,0.92,400.00,98.50,99.00,55.33,0.00,0.92,0.00,none
2024-09-29T04:00:00Z,129.48,10.40,400.00,98.50,99.00,129.48,0.00,10.40,0.00,none
2024-09-29T05:00:00Z,202.41,23.52,400.00,98.50,99.00,202.41,0.00,23.52,0.00,none
2024-09-29T06:00:00Z,119.36,36.12,400.00,98.50,99.00,119.36,0.00,36.12,0.00,none
2024-09-29T07:00:00Z,64.29,50.71,400.00,98.50,99.00,64.29,0.00,50.71,0.00,none
2024-09-29T08:00:00Z,38.93,59.07,400.00,98.50,99.00,38.93,0.00,59.07,0.00,none
2024-09-29T09:00:00Z,24.97,60.91,400.00,98.50,99.00,24.97,0.00,60.91,0.00,none
2024-09-29T10:00:00Z,20.29,51.12,400.00,98.50,99.00,20.29,0.00,51.12,0.00,none
2024-09-29T11:00:00Z,24.21,46.96,400.00,98.50,99.00,24.21,0.00,46.96,0.00,none
2024-09-29T12:00:00Z,33.50,35.93,400.00,98.50,99.00,33.50,0.00,35.93,0.00,none
2024-09-29T13:00:00Z,57.31,22.51,400.00,98.50,99.00,57.31,0.00,22.51,0.00,none
2024-09-29T14:00:00Z,93.12,8.63,400.00,98.50,99.00,93.12,0.00,8.63,0.00,none
2024-09-29T15:00:00Z,120.46,0.40,400.00,98.50,99.00,120.46,0.00,0.40,0.00,none
2024-09-29T16:00:00Z,107.73,0.00,400.00,98.50,99.00,107.73,0.00,0.00,0.00,none
2024-09-29T17:00:00Z,79.06,0.00,400.00,98.50,99.00,79.06,0.00,0.00,0.00,none
2024-09-29T18:00:00Z,64.29,0.00,400.00,98.50,99.00,64.29,0.00,0.00,0.00,none
2024-09-29T19:00:00Z,51.49,0.00,400.00,98.50,99.00,51.49,0.00,0.00,0.00,none
2024-09-29T20:00:00Z,44.92,0.00,400.00,98.50,99.00,44.92,0.00,0.00,0.00,none
2024-09-29T21:00:00Z,48.43,0.00,400.00,98.50,99.00,48.43,0.00,0.00,0.00,none
2024-09-29T22:00:00Z,50.86,0.00,400.00,98.50,99.00,50.86,0.00,0.00,0.00,none
2024-09-29T23:00:00Z,47.24,0.00,400.00,98.50,99.00,47.24,0.00,0.00,0.00,none
2024-09-30T00:00:00Z,59.35,0.00,400.00,98.50,99.00,59.35,0.00,0.00,0.00,none
2024-09-30T01:00:00Z,95.93,0.00,400.00,98.50,99.00,95.93,0.00,0.00,0.00,none
2024-09-30T02:00:00Z,85.89,0.00,400.00,98.50,99.00,85.89,0.00,0.00,0.00,none
2024-09-30T03:00:00Z,69.49,0.89,400.00,98.50,99.00,69.49,0.00,0.89,0.00,none
2024-09-30T04:00:00Z,181.40,10.78,400.00,98.50,99.00,181.40,0.00,10.78,0.00,none
2024-09-30T05:00:00Z,211.89,24.85,400.00,98.50,99.00,211.89,0.00,24.85,0.00,none
2024-09-30T06:00:00Z,122.68,38.69,400.00,98.50,99.00,122.68,0.00,38.69,0.00,none
2024-09-30T07:00:00Z,85.02,49.08,400.00,98.50,99.00,85.02,0.00,49.08,0.00,none
2024-09-30T08:00:00Z,75.78,50.30,400.00,98.50,99.00,75.78,0.00,50.30,0.00,none
2024-09-30T09:00:00Z,60.04,55.81,400.00,98.50,99.00,60.04,0.00,55.81,0.00,none
2024-09-30T10:00:00Z,45.49,48.31,400.00,98.50,99.00,45.49,0.00,48.31,0.00,none
2024-09-30T11:00:00Z,37.40,46.59,400.00,98.50,99.00,37.40,0.00,46.59,0.00,none
2024-09-30T12:00:00Z,34.93,34.29,400.00,98.50,99.00,34.93,0.00,34.29,0.00,none
2024-09-30T13:00:00Z,40.51,19.80,400.00,98.50,99.00,40.51,0.00,19.80,0.00,none
2024-09-30T14:00:00Z,53.38,7.02,400.00,98.50,99.00,53.38,0.00,7.02,0.00,none
2024-09-30T15:00:00Z,65.02,0.30,400.00,98.50,99.00,65.02,0.00,0.30,0.00,none
2024-09-30T16:00:00Z,70.26,0.00,400.00,98.50,99.00,70.26,0.00,0.00,0.00,none
2024-09-30T17:00:00Z,91.27,0.00,400.00,98.50,99.00,91.27,0.00,0.00,0.00,none
2024-09-30T18:00:00Z,107.73,0.00,400.00,98.50,99.00,107.73,0.00,0.00,0.00,none
2024-09-30T19:00:00Z,81.58,0.00,400.00,98.50,99.00,81.58,0.00,0.00,0.00,none
2024-09-30T20:00:00Z,55.33,0.00,400.00,98.50,99.00,55.33,0.00,0.00,0.00,none
2024-09-30T21:00:00Z,41.04,0.00,400.00,98.50,99.00,41.04,0.00,0.00,0.00,none
2024-09-30T22:00:00Z,27.77,0.00,400.00,98.50,99.00,27.77,0.00,0.00,0.00,none
2024-09-30T23:00:00Z,16.81,0.00,400.00,98.50,99.00,16.81,0.00,0.00,0.00,none
2024-10-01T00:00:00Z,9.60,0.00,400.00,98.50,99.00,9.60,0.00,0.00,0.00,none
2024-10-01T01:00:00Z,5.08,0.00,400.00,98.50,99.00,5.08,0.00,0.00,0.00,none
2024-10-01T02:00:00Z,3.43,0.00,400.00,98.50,99.00,3.43,0.00,0.00,0.00,none
2024-10-01T03:00:00Z,1.23,0.96,400.00,98.50,99.00,1.23,0.00,0.96,0.00,none
2024-10-01T04:00:00Z,21.66,10.23,400.00,98.50,99.00,21.66,0.00,10.23,0.00,none
2024-10-01T05:00:00Z,47.83,22.69,400.00,98.50,99.00,47.83,0.00,22.69,0.00,none
2024-10-01T06:00:00Z,36.40,35.84,400.00,98.50,99.00,36.40,0.00,35.84,0.00,none
2024-10-01T07:00:00Z,42.67,45.06,400.00,98.50,99.00,42.67,0.00,45.06,0.00,none
2024-10-01T08:00:00Z,64.29,47.25,400.00,98.50,99.00,64.29,0.00,47.25,0.00,none
2024-10-01T09:00:00Z,85.02,43.65,400.00,98.50,99.00,85.02,0.00,43.65,0.00,none
2024-10-01T10:00:00Z,113.98,49.53,400.00,98.50,99.00,113.98,0.00,49.53,0.00,none
2024-10-01T11:00:00Z,147.59,44.03,400.00,98.50,99.00,147.59,0.00,44.03,0.00,none
2024-10-01T12:00:00Z,179.96,35.52,400.00,98.50,99.00,179.96,0.00,35.52,0.00,none
2024-10-01T13:00:00Z,174.27,21.14,400.00,98.50,99.00,174.27,0.00,21.14,0.00,none
2024-10-01T14:00:00Z,111.87,7.90,400.00,98.50,99.00,111.87,0.00,7.90,0.00,none
2024-10-01T15:00:00Z,42.67,0.34,400.00,98.50,99.00,42.67,0.00,0.34,0.00,none
2024-10-01T16:00:00Z,11.79,0.00,400.00,98.50,99.00,11.79,0.00,0.00,0.00,none
2024-10-01T17:00:00Z,4.95,0.00,400.00,98.50,99.00,4.95,0.00,0.00,0.00,none
2024-10-01T18:00:00Z,3.54,0.00,400.00,98.50,99.00,3.54,0.00,0.00,0.00,none
2024-10-01T19:00:00Z,2.68,0.00,400.00,98.50,99.00,2.68,0.00,0.00,0.00,none
2024-10-01T20:00:00Z,3.23,0.00,400.00,98.50,99.00,3.23,0.00,0.00,0.00,none
2024-10-01T21:00:00Z,2.04,0.00,400.00,98.50,99.00,2.04,0.00,0.00,0.00,none
2024-10-01T22:00:00Z,2.26,0.00,400.00,98.50,99.00,2.26,0.00,0.00,0.00,none
2024-10-01T23:00:00Z,14.55,0.00,400.00,98.50,99.00,14.55,0.00,0.00,0.00,none
2024-10-02T00:00:00Z,78.23,0.00,400.00,98.50,99.00,78.23,0.00,0.00,0.00,none
2024-10-02T01:00:00Z,300.61,0.00,400.00,98.50,99.00,300.61,0.00,0.00,0.00,none
2024-10-02T02:00:00Z,305.60,0.00,400.00,98.50,99.00,305.60,0.00,0.00,0.00,none
2024-10-02T03:00:00Z,305.60,1.06,400.00,98.50,99.00,305.60,0.00,1.06,0.00,none
2024-10-02T04:00:00Z,305.60,12.22,400.00,98.50,99.00,305.60,0.00,4.40,7.82,wind_priority_shared_poi_headroom
2024-10-02T05:00:00Z,305.60,27.32,400.00,98.50,99.00,305.60,0.00,4.40,22.92,wind_priority_shared_poi_headroom
2024-10-02T06:00:00Z,305.60,42.16,400.00,98.50,99.00,305.60,0.00,4.40,37.76,wind_priority_shared_poi_headroom
2024-10-02T07:00:00Z,305.60,54.27,400.00,98.50,99.00,305.60,0.00,4.40,49.86,wind_priority_shared_poi_headroom
2024-10-02T08:00:00Z,305.60,60.92,400.00,98.50,99.00,305.60,0.00,4.40,56.52,wind_priority_shared_poi_headroom
2024-10-02T09:00:00Z,305.60,61.71,400.00,98.50,99.00,305.60,0.00,4.40,57.30,wind_priority_shared_poi_headroom
2024-10-02T10:00:00Z,305.60,58.35,400.00,98.50,99.00,305.60,0.00,4.40,53.94,wind_priority_shared_poi_headroom
2024-10-02T11:00:00Z,305.60,42.44,400.00,98.50,99.00,305.60,0.00,4.40,38.03,wind_priority_shared_poi_headroom
2024-10-02T12:00:00Z,305.60,37.43,400.00,98.50,99.00,305.60,0.00,4.40,33.03,wind_priority_shared_poi_headroom
2024-10-02T13:00:00Z,305.60,23.24,400.00,98.50,99.00,305.60,0.00,4.40,18.84,wind_priority_shared_poi_headroom
2024-10-02T14:00:00Z,305.60,8.42,400.00,98.50,99.00,305.60,0.00,4.40,4.02,wind_priority_shared_poi_headroom
2024-10-02T15:00:00Z,305.60,0.36,400.00,98.50,99.00,305.60,0.00,0.36,0.00,none
2024-10-02T16:00:00Z,305.60,0.00,400.00,98.50,99.00,305.60,0.00,0.00,0.00,none
2024-10-02T17:00:00Z,305.60,0.00,400.00,98.50,99.00,305.60,0.00,0.00,0.00,none
2024-10-02T18:00:00Z,305.60,0.00,400.00,98.50,99.00,305.60,0.00,0.00,0.00,none
2024-10-02T19:00:00Z,305.60,0.00,400.00,98.50,99.00,305.60,0.00,0.00,0.00,none
2024-10-02T20:00:00Z,305.60,0.00,400.00,98.50,99.00,305.60,0.00,0.00,0.00,none
2024-10-02T21:00:00Z,305.60,0.00,400.00,98.50,99.00,305.60,0.00,0.00,0.00,none
2024-10-02T22:00:00Z,305.60,0.00,400.00,98.50,99.00,305.60,0.00,0.00,0.00,none
2024-10-02T23:00:00Z,305.60,0.00,400.00,98.50,99.00,305.60,0.00,0.00,0.00,none
2024-10-03T00:00:00Z,305.60,0.00,400.00,98.50,99.00,305.60,0.00,0.00,0.00,none
2024-10-03T01:00:00Z,305.60,0.00,400.00,98.50,99.00,305.60,0.00,0.00,0.00,none
2024-10-03T02:00:00Z,305.60,0.00,400.00,98.50,99.00,305.60,0.00,0.00,0.00,none
2024-10-03T03:00:00Z,305.60,1.08,400.00,98.50,99.00,305.60,0.00,1.08,0.00,none
2024-10-03T04:00:00Z,305.60,12.35,400.00,98.50,99.00,305.60,0.00,4.40,7.95,wind_priority_shared_poi_headroom
2024-10-03T05:00:00Z,305.60,28.52,400.00,98.50,99.00,305.60,0.00,4.40,24.12,wind_priority_shared_poi_headroom
2024-10-03T06:00:00Z,305.60,43.56,400.00,98.50,99.00,305.60,0.00,4.40,39.15,wind_priority_shared_poi_headroom
2024-10-03T07:00:00Z,305.60,55.19,400.00,98.50,99.00,305.60,0.00,4.40,50.78,wind_priority_shared_poi_headroom
2024-10-03T08:00:00Z,305.60,61.82,400.00,98.50,99.00,305.60,0.00,4.40,57.41,wind_priority_shared_poi_headroom
2024-10-03T09:00:00Z,305.60,62.61,400.00,98.50,99.00,305.60,0.00,4.40,58.21,wind_priority_shared_poi_headroom
2024-10-03T10:00:00Z,305.60,58.38,400.00,98.50,99.00,305.60,0.00,4.40,53.97,wind_priority_shared_poi_headroom
2024-10-03T11:00:00Z,305.60,48.02,400.00,98.50,99.00,305.60,0.00,4.40,43.61,wind_priority_shared_poi_headroom
2024-10-03T12:00:00Z,305.60,37.11,400.00,98.50,99.00,305.60,0.00,4.40,32.70,wind_priority_shared_poi_headroom
2024-10-03T13:00:00Z,305.60,22.39,400.00,98.50,99.00,305.60,0.00,4.40,17.99,wind_priority_shared_poi_headroom
2024-10-03T14:00:00Z,305.60,8.46,400.00,98.50,99.00,305.60,0.00,4.40,4.05,wind_priority_shared_poi_headroom
2024-10-03T15:00:00Z,305.60,0.34,400.00,98.50,99.00,305.60,0.00,0.34,0.00,none
2024-10-03T16:00:00Z,305.60,0.00,400.00,98.50,99.00,305.60,0.00,0.00,0.00,none
2024-10-03T17:00:00Z,305.60,0.00,400.00,98.50,99.00,305.60,0.00,0.00,0.00,none
2024-10-03T18:00:00Z,305.60,0.00,400.00,98.50,99.00,305.60,0.00,0.00,0.00,none
2024-10-03T19:00:00Z,305.60,0.00,400.00,98.50,99.00,305.60,0.00,0.00,0.00,none
2024-10-03T20:00:00Z,305.60,0.00,400.00,98.50,99.00,305.60,0.00,0.00,0.00,none
2024-10-03T21:00:00Z,305.60,0.00,400.00,98.50,99.00,305.60,0.00,0.00,0.00,none
2024-10-03T22:00:00Z,305.60,0.00,400.00,98.50,99.00,305.60,0.00,0.00,0.00,none
2024-10-03T23:00:00Z,305.60,0.00,400.00,98.50,99.00,305.60,0.00,0.00,0.00,none
2024-10-04T00:00:00Z,305.60,0.00,400.00,98.50,99.00,305.60,0.00,0.00,0.00,none
2024-10-04T01:00:00Z,305.60,0.00,400.00,98.50,99.00,305.60,0.00,0.00,0.00,none
2024-10-04T02:00:00Z,305.60,0.00,400.00,98.50,99.00,305.60,0.00,0.00,0.00,none
2024-10-04T03:00:00Z,224.98,1.09,400.00,98.50,99.00,224.98,0.00,1.09,0.00,none
2024-10-04T04:00:00Z,305.60,12.20,400.00,98.50,99.00,305.60,0.00,4.40,7.80,wind_priority_shared_poi_headroom
2024-10-04T05:00:00Z,305.60,28.14,400.00,98.50,99.00,305.60,0.00,4.40,23.74,wind_priority_shared_poi_headroom
2024-10-04T06:00:00Z,305.60,42.97,400.00,98.50,99.00,305.60,0.00,4.40,38.56,wind_priority_shared_poi_headroom
2024-10-04T07:00:00Z,305.60,54.35,400.00,98.50,99.00,305.60,0.00,4.40,49.95,wind_priority_shared_poi_headroom
2024-10-04T08:00:00Z,305.60,61.21,400.00,98.50,99.00,305.60,0.00,4.40,56.80,wind_priority_shared_poi_headroom
2024-10-04T09:00:00Z,256.39,62.55,400.00,98.50,99.00,256.39,0.00,53.61,8.94,wind_priority_shared_poi_headroom
2024-10-04T10:00:00Z,230.03,49.80,400.00,98.50,99.00,230.03,0.00,49.80,0.00,none
2024-10-04T11:00:00Z,254.58,48.91,400.00,98.50,99.00,254.58,0.00,48.91,0.00,none
2024-10-04T12:00:00Z,304.68,36.07,400.00,98.50,99.00,304.68,0.00,5.32,30.75,wind_priority_shared_poi_headroom
2024-10-04T13:00:00Z,305.60,22.11,400.00,98.50,99.00,305.60,0.00,4.40,17.71,wind_priority_shared_poi_headroom
2024-10-04T14:00:00Z,305.60,8.47,400.00,98.50,99.00,305.60,0.00,4.40,4.06,wind_priority_shared_poi_headroom
2024-10-04T15:00:00Z,305.60,0.33,400.00,98.50,99.00,305.60,0.00,0.33,0.00,none
2024-10-04T16:00:00Z,302.64,0.00,400.00,98.50,99.00,302.64,0.00,0.00,0.00,none
2024-10-04T17:00:00Z,160.56,0.00,400.00,98.50,99.00,160.56,0.00,0.00,0.00,none
2024-10-04T18:00:00Z,152.69,0.00,400.00,98.50,99.00,152.69,0.00,0.00,0.00,none
2024-10-04T19:00:00Z,196.25,0.00,400.00,98.50,99.00,196.25,0.00,0.00,0.00,none
2024-10-04T20:00:00Z,263.75,0.00,400.00,98.50,99.00,263.75,0.00,0.00,0.00,none
2024-10-04T21:00:00Z,305.60,0.00,400.00,98.50,99.00,305.60,0.00,0.00,0.00,none
2024-10-04T22:00:00Z,305.60,0.00,400.00,98.50,99.00,305.60,0.00,0.00,0.00,none
2024-10-04T23:00:00Z,305.60,0.00,400.00,98.50,99.00,305.60,0.00,0.00,0.00,none
2024-10-05T00:00:00Z,305.60,0.00,400.00,98.50,99.00,305.60,0.00,0.00,0.00,none
2024-10-05T01:00:00Z,305.60,0.00,400.00,98.50,99.00,305.60,0.00,0.00,0.00,none
2024-10-05T02:00:00Z,305.60,0.00,400.00,98.50,99.00,305.60,0.00,0.00,0.00,none
2024-10-05T03:00:00Z,305.60,1.10,400.00,98.50,99.00,305.60,0.00,1.10,0.00,none
2024-10-05T04:00:00Z,305.60,12.30,400.00,98.50,99.00,305.60,0.00,4.40,7.90,wind_priority_shared_poi_headroom
2024-10-05T05:00:00Z,305.60,28.16,400.00,98.50,99.00,305.60,0.00,4.40,23.76,wind_priority_shared_poi_headroom
2024-10-05T06:00:00Z,305.60,42.78,400.00,98.50,99.00,305.60,0.00,4.40,38.37,wind_priority_shared_poi_headroom
2024-10-05T07:00:00Z,305.60,54.08,400.00,98.50,99.00,305.60,0.00,4.40,49.68,wind_priority_shared_poi_headroom
2024-10-05T08:00:00Z,197.78,60.51,400.00,98.50,99.00,197.78,0.00,60.51,0.00,none
2024-10-05T09:00:00Z,122.68,62.93,400.00,98.50,99.00,122.68,0.00,62.93,0.00,none
2024-10-05T10:00:00Z,115.04,50.85,400.00,98.50,99.00,115.04,0.00,50.85,0.00,none
2024-10-05T11:00:00Z,159.23,50.20,400.00,98.50,99.00,159.23,0.00,50.20,0.00,none
2024-10-05T12:00:00Z,247.39,37.31,400.00,98.50,99.00,247.39,0.00,37.31,0.00,none
2024-10-05T13:00:00Z,305.60,22.89,400.00,98.50,99.00,305.60,0.00,4.40,18.49,wind_priority_shared_poi_headroom
2024-10-05T14:00:00Z,305.60,8.58,400.00,98.50,99.00,305.60,0.00,4.40,4.17,wind_priority_shared_poi_headroom
2024-10-05T15:00:00Z,305.60,0.33,400.00,98.50,99.00,305.60,0.00,0.33,0.00,none
2024-10-05T16:00:00Z,305.60,0.00,400.00,98.50,99.00,305.60,0.00,0.00,0.00,none
2024-10-05T17:00:00Z,167.32,0.00,400.00,98.50,99.00,167.32,0.00,0.00,0.00,none
2024-10-05T18:00:00Z,185.78,0.00,400.00,98.50,99.00,185.78,0.00,0.00,0.00,none
2024-10-05T19:00:00Z,249.18,0.00,400.00,98.50,99.00,249.18,0.00,0.00,0.00,none
2024-10-05T20:00:00Z,305.60,0.00,400.00,98.50,99.00,305.60,0.00,0.00,0.00,none
2024-10-05T21:00:00Z,305.60,0.00,400.00,98.50,99.00,305.60,0.00,0.00,0.00,none
2024-10-05T22:00:00Z,305.60,0.00,400.00,98.50,99.00,305.60,0.00,0.00,0.00,none
2024-10-05T23:00:00Z,305.60,0.00,400.00,98.50,99.00,305.60,0.00,0.00,0.00,none
2024-10-06T00:00:00Z,305.60,0.00,400.00,98.50,99.00,305.60,0.00,0.00,0.00,none
2024-10-06T01:00:00Z,305.60,0.00,400.00,98.50,99.00,305.60,0.00,0.00,0.00,none
2024-10-06T02:00:00Z,305.60,0.00,400.00,98.50,99.00,305.60,0.00,0.00,0.00,none
2024-10-06T03:00:00Z,305.60,1.15,400.00,98.50,99.00,305.60,0.00,1.15,0.00,none
2024-10-06T04:00:00Z,305.60,12.64,400.00,98.50,99.00,305.60,0.00,4.40,8.23,wind_priority_shared_poi_headroom
2024-10-06T05:00:00Z,305.60,27.34,400.00,98.50,99.00,305.60,0.00,4.40,22.94,wind_priority_shared_poi_headroom
2024-10-06T06:00:00Z,305.60,40.69,400.00,98.50,99.00,305.60,0.00,4.40,36.29,wind_priority_shared_poi_headroom
2024-10-06T07:00:00Z,305.60,51.88,400.00,98.50,99.00,305.60,0.00,4.40,47.47,wind_priority_shared_poi_headroom
2024-10-06T08:00:00Z,305.60,49.61,400.00,98.50,99.00,305.60,0.00,4.40,45.20,wind_priority_shared_poi_headroom
2024-10-06T09:00:00Z,305.60,44.89,400.00,98.50,99.00,305.60,0.00,4.40,40.49,wind_priority_shared_poi_headroom
2024-10-06T10:00:00Z,305.60,47.07,400.00,98.50,99.00,305.60,0.00,4.40,42.67,wind_priority_shared_poi_headroom
2024-10-06T11:00:00Z,305.60,34.16,400.00,98.50,99.00,305.60,0.00,4.40,29.75,wind_priority_shared_poi_headroom
2024-10-06T12:00:00Z,305.60,29.88,400.00,98.50,99.00,305.60,0.00,4.40,25.47,wind_priority_shared_poi_headroom
2024-10-06T13:00:00Z,305.60,19.45,400.00,98.50,99.00,305.60,0.00,4.40,15.04,wind_priority_shared_poi_headroom
2024-10-06T14:00:00Z,305.60,7.01,400.00,98.50,99.00,305.60,0.00,4.40,2.61,wind_priority_shared_poi_headroom
2024-10-06T15:00:00Z,305.60,0.27,400.00,98.50,99.00,305.60,0.00,0.27,0.00,none
2024-10-06T16:00:00Z,305.60,0.00,400.00,98.50,99.00,305.60,0.00,0.00,0.00,none
2024-10-06T17:00:00Z,267.48,0.00,400.00,98.50,99.00,267.48,0.00,0.00,0.00,none
2024-10-06T18:00:00Z,146.34,0.00,400.00,98.50,99.00,146.34,0.00,0.00,0.00,none
2024-10-06T19:00:00Z,118.27,0.00,400.00,98.50,99.00,118.27,0.00,0.00,0.00,none
2024-10-06T20:00:00Z,129.48,0.00,400.00,98.50,99.00,129.48,0.00,0.00,0.00,none
2024-10-06T21:00:00Z,157.91,0.00,400.00,98.50,99.00,157.91,0.00,0.00,0.00,none
2024-10-06T22:00:00Z,286.65,0.00,400.00,98.50,99.00,286.65,0.00,0.00,0.00,none
2024-10-06T23:00:00Z,305.60,0.00,400.00,98.50,99.00,305.60,0.00,0.00,0.00,none
2024-10-07T00:00:00Z,305.60,0.00,400.00,98.50,99.00,305.60,0.00,0.00,0.00,none
2024-10-07T01:00:00Z,305.60,0.00,400.00,98.50,99.00,305.60,0.00,0.00,0.00,none
2024-10-07T02:00:00Z,305.60,0.00,400.00,98.50,99.00,305.60,0.00,0.00,0.00,none
2024-10-07T03:00:00Z,305.60,1.17,400.00,98.50,99.00,305.60,0.00,1.17,0.00,none
2024-10-07T04:00:00Z,305.60,12.85,400.00,98.50,99.00,305.60,0.00,4.40,8.45,wind_priority_shared_poi_headroom
2024-10-07T05:00:00Z,305.60,28.57,400.00,98.50,99.00,305.60,0.00,4.40,24.17,wind_priority_shared_poi_headroom
2024-10-07T06:00:00Z,305.60,43.25,400.00,98.50,99.00,305.60,0.00,4.40,38.85,wind_priority_shared_poi_headroom
2024-10-07T07:00:00Z,305.60,54.60,400.00,98.50,99.00,305.60,0.00,4.40,50.20,wind_priority_shared_poi_headroom
2024-10-07T08:00:00Z,305.60,60.11,400.00,98.50,99.00,305.60,0.00,4.40,55.70,wind_priority_shared_poi_headroom
2024-10-07T09:00:00Z,305.60,56.03,400.00,98.50,99.00,305.60,0.00,4.40,51.62,wind_priority_shared_poi_headroom
2024-10-07T10:00:00Z,305.60,53.95,400.00,98.50,99.00,305.60,0.00,4.40,49.55,wind_priority_shared_poi_headroom
2024-10-07T11:00:00Z,305.60,48.75,400.00,98.50,99.00,305.60,0.00,4.40,44.35,wind_priority_shared_poi_headroom
2024-10-07T12:00:00Z,305.60,37.55,400.00,98.50,99.00,305.60,0.00,4.40,33.15,wind_priority_shared_poi_headroom
2024-10-07T13:00:00Z,305.60,23.84,400.00,98.50,99.00,305.60,0.00,4.40,19.44,wind_priority_shared_poi_headroom
2024-10-07T14:00:00Z,305.60,8.74,400.00,98.50,99.00,305.60,0.00,4.40,4.34,wind_priority_shared_poi_headroom
2024-10-07T15:00:00Z,305.60,0.31,400.00,98.50,99.00,305.60,0.00,0.31,0.00,none
2024-10-07T16:00:00Z,305.60,0.00,400.00,98.50,99.00,305.60,0.00,0.00,0.00,none
2024-10-07T17:00:00Z,305.60,0.00,400.00,98.50,99.00,305.60,0.00,0.00,0.00,none
2024-10-07T18:00:00Z,305.60,0.00,400.00,98.50,99.00,305.60,0.00,0.00,0.00,none
2024-10-07T19:00:00Z,305.60,0.00,400.00,98.50,99.00,305.60,0.00,0.00,0.00,none
2024-10-07T20:00:00Z,305.60,0.00,400.00,98.50,99.00,305.60,0.00,0.00,0.00,none
2024-10-07T21:00:00Z,305.60,0.00,400.00,98.50,99.00,305.60,0.00,0.00,0.00,none
2024-10-07T22:00:00Z,305.60,0.00,400.00,98.50,99.00,305.60,0.00,0.00,0.00,none
2024-10-07T23:00:00Z,305.60,0.00,400.00,98.50,99.00,305.60,0.00,0.00,0.00,none
2024-10-08T00:00:00Z,296.58,0.00,400.00,98.50,99.00,296.58,0.00,0.00,0.00,none
2024-10-08T01:00:00Z,235.15,0.00,400.00,98.50,99.00,235.15,0.00,0.00,0.00,none
2024-10-08T02:00:00Z,210.29,0.00,400.00,98.50,99.00,210.29,0.00,0.00,0.00,none
2024-10-08T03:00:00Z,230.03,1.27,400.00,98.50,99.00,230.03,0.00,1.27,0.00,none
2024-10-08T04:00:00Z,305.60,13.43,400.00,98.50,99.00,305.60,0.00,4.40,9.03,wind_priority_shared_poi_headroom
2024-10-08T05:00:00Z,305.60,29.60,400.00,98.50,99.00,305.60,0.00,4.40,25.20,wind_priority_shared_poi_headroom
2024-10-08T06:00:00Z,305.60,44.32,400.00,98.50,99.00,305.60,0.00,4.40,39.91,wind_priority_shared_poi_headroom
2024-10-08T07:00:00Z,305.60,55.36,400.00,98.50,99.00,305.60,0.00,4.40,50.95,wind_priority_shared_poi_headroom
2024-10-08T08:00:00Z,305.60,60.33,400.00,98.50,99.00,305.60,0.00,4.40,55.93,wind_priority_shared_poi_headroom
2024-10-08T09:00:00Z,305.60,60.56,400.00,98.50,99.00,305.60,0.00,4.40,56.16,wind_priority_shared_poi_headroom
2024-10-08T10:00:00Z,305.60,57.48,400.00,98.50,99.00,305.60,0.00,4.40,53.07,wind_priority_shared_poi_headroom
2024-10-08T11:00:00Z,305.60,47.69,400.00,98.50,99.00,305.60,0.00,4.40,43.29,wind_priority_shared_poi_headroom
2024-10-08T12:00:00Z,305.60,37.34,400.00,98.50,99.00,305.60,0.00,4.40,32.94,wind_priority_shared_poi_headroom
2024-10-08T13:00:00Z,305.60,23.17,400.00,98.50,99.00,305.60,0.00,4.40,18.77,wind_priority_shared_poi_headroom
2024-10-08T14:00:00Z,305.60,8.60,400.00,98.50,99.00,305.60,0.00,4.40,4.19,wind_priority_shared_poi_headroom
2024-10-08T15:00:00Z,305.60,0.30,400.00,98.50,99.00,305.60,0.00,0.30,0.00,none
2024-10-08T16:00:00Z,305.60,0.00,400.00,98.50,99.00,305.60,0.00,0.00,0.00,none
2024-10-08T17:00:00Z,160.56,0.00,400.00,98.50,99.00,160.56,0.00,0.00,0.00,none
2024-10-08T18:00:00Z,131.81,0.00,400.00,98.50,99.00,131.81,0.00,0.00,0.00,none
2024-10-08T19:00:00Z,134.16,0.00,400.00,98.50,99.00,134.16,0.00,0.00,0.00,none
2024-10-08T20:00:00Z,137.74,0.00,400.00,98.50,99.00,137.74,0.00,0.00,0.00,none
2024-10-08T21:00:00Z,132.98,0.00,400.00,98.50,99.00,132.98,0.00,0.00,0.00,none
2024-10-08T22:00:00Z,136.54,0.00,400.00,98.50,99.00,136.54,0.00,0.00,0.00,none
2024-10-08T23:00:00Z,182.85,0.00,400.00,98.50,99.00,182.85,0.00,0.00,0.00,none
2024-10-09T00:00:00Z,245.62,0.00,400.00,98.50,99.00,245.62,0.00,0.00,0.00,none
2024-10-09T01:00:00Z,230.03,0.00,400.00,98.50,99.00,230.03,0.00,0.00,0.00,none
2024-10-09T02:00:00Z,210.29,0.00,400.00,98.50,99.00,210.29,0.00,0.00,0.00,none
2024-10-09T03:00:00Z,181.40,1.19,400.00,98.50,99.00,181.40,0.00,1.19,0.00,none
2024-10-09T04:00:00Z,305.60,12.69,400.00,98.50,99.00,305.60,0.00,4.40,8.29,wind_priority_shared_poi_headroom
2024-10-09T05:00:00Z,305.60,28.60,400.00,98.50,99.00,305.60,0.00,4.40,24.20,wind_priority_shared_poi_headroom
2024-10-09T06:00:00Z,305.60,43.16,400.00,98.50,99.00,305.60,0.00,4.40,38.75,wind_priority_shared_poi_headroom
2024-10-09T07:00:00Z,305.60,54.10,400.00,98.50,99.00,305.60,0.00,4.40,49.69,wind_priority_shared_poi_headroom
2024-10-09T08:00:00Z,305.60,60.67,400.00,98.50,99.00,305.60,0.00,4.40,56.27,wind_priority_shared_poi_headroom
2024-10-09T09:00:00Z,305.60,60.99,400.00,98.50,99.00,305.60,0.00,4.40,56.59,wind_priority_shared_poi_headroom
2024-10-09T10:00:00Z,305.60,54.86,400.00,98.50,99.00,305.60,0.00,4.40,50.46,wind_priority_shared_poi_headroom
2024-10-09T11:00:00Z,305.60,49.21,400.00,98.50,99.00,305.60,0.00,4.40,44.81,wind_priority_shared_poi_headroom
2024-10-09T12:00:00Z,305.60,37.33,400.00,98.50,99.00,305.60,0.00,4.40,32.93,wind_priority_shared_poi_headroom
2024-10-09T13:00:00Z,305.60,23.22,400.00,98.50,99.00,305.60,0.00,4.40,18.82,wind_priority_shared_poi_headroom
2024-10-09T14:00:00Z,305.60,8.23,400.00,98.50,99.00,305.60,0.00,4.40,3.83,wind_priority_shared_poi_headroom
2024-10-09T15:00:00Z,305.60,0.28,400.00,98.50,99.00,305.60,0.00,0.28,0.00,none
2024-10-09T16:00:00Z,305.60,0.00,400.00,98.50,99.00,305.60,0.00,0.00,0.00,none
2024-10-09T17:00:00Z,205.54,0.00,400.00,98.50,99.00,205.54,0.00,0.00,0.00,none
2024-10-09T18:00:00Z,175.68,0.00,400.00,98.50,99.00,175.68,0.00,0.00,0.00,none
2024-10-09T19:00:00Z,170.08,0.00,400.00,98.50,99.00,170.08,0.00,0.00,0.00,none
2024-10-09T20:00:00Z,156.59,0.00,400.00,98.50,99.00,156.59,0.00,0.00,0.00,none
2024-10-09T21:00:00Z,172.86,0.00,400.00,98.50,99.00,172.86,0.00,0.00,0.00,none
2024-10-09T22:00:00Z,240.35,0.00,400.00,98.50,99.00,240.35,0.00,0.00,0.00,none
2024-10-09T23:00:00Z,305.60,0.00,400.00,98.50,99.00,305.60,0.00,0.00,0.00,none
2024-10-10T00:00:00Z,305.60,0.00,400.00,98.50,99.00,305.60,0.00,0.00,0.00,none
2024-10-10T01:00:00Z,305.60,0.00,400.00,98.50,99.00,305.60,0.00,0.00,0.00,none
2024-10-10T02:00:00Z,305.60,0.00,400.00,98.50,99.00,305.60,0.00,0.00,0.00,none
2024-10-10T03:00:00Z,305.60,1.20,400.00,98.50,99.00,305.60,0.00,1.20,0.00,none
2024-10-10T04:00:00Z,305.60,13.03,400.00,98.50,99.00,305.60,0.00,4.40,8.63,wind_priority_shared_poi_headroom
2024-10-10T05:00:00Z,305.60,28.96,400.00,98.50,99.00,305.60,0.00,4.40,24.56,wind_priority_shared_poi_headroom
2024-10-10T06:00:00Z,305.60,43.64,400.00,98.50,99.00,305.60,0.00,4.40,39.24,wind_priority_shared_poi_headroom
2024-10-10T07:00:00Z,305.60,54.83,400.00,98.50,99.00,305.60,0.00,4.40,50.43,wind_priority_shared_poi_headroom
2024-10-10T08:00:00Z,305.60,61.39,400.00,98.50,99.00,305.60,0.00,4.40,56.99,wind_priority_shared_poi_headroom
2024-10-10T09:00:00Z,181.40,62.70,400.00,98.50,99.00,181.40,0.00,62.70,0.00,none
2024-10-10T10:00:00Z,136.54,56.02,400.00,98.50,99.00,136.54,0.00,56.02,0.00,none
2024-10-10T11:00:00Z,153.99,46.24,400.00,98.50,99.00,153.99,0.00,46.24,0.00,none
2024-10-10T12:00:00Z,211.89,36.85,400.00,98.50,99.00,211.89,0.00,36.85,0.00,none
2024-10-10T13:00:00Z,292.58,22.96,400.00,98.50,99.00,292.58,0.00,17.42,5.54,wind_priority_shared_poi_headroom
2024-10-10T14:00:00Z,305.60,8.60,400.00,98.50,99.00,305.60,0.00,4.40,4.19,wind_priority_shared_poi_headroom
2024-10-10T15:00:00Z,305.60,0.28,400.00,98.50,99.00,305.60,0.00,0.28,0.00,none
2024-10-10T16:00:00Z,305.60,0.00,400.00,98.50,99.00,305.60,0.00,0.00,0.00,none
2024-10-10T17:00:00Z,305.60,0.00,400.00,98.50,99.00,305.60,0.00,0.00,0.00,none
2024-10-10T18:00:00Z,187.25,0.00,400.00,98.50,99.00,187.25,0.00,0.00,0.00,none
2024-10-10T19:00:00Z,216.74,0.00,400.00,98.50,99.00,216.74,0.00,0.00,0.00,none
2024-10-10T20:00:00Z,280.81,0.00,400.00,98.50,99.00,280.81,0.00,0.00,0.00,none
2024-10-10T21:00:00Z,305.60,0.00,400.00,98.50,99.00,305.60,0.00,0.00,0.00,none
2024-10-10T22:00:00Z,305.60,0.00,400.00,98.50,99.00,305.60,0.00,0.00,0.00,none
2024-10-10T23:00:00Z,305.60,0.00,400.00,98.50,99.00,305.60,0.00,0.00,0.00,none
2024-10-11T00:00:00Z,305.60,0.00,400.00,98.50,99.00,305.60,0.00,0.00,0.00,none
2024-10-11T01:00:00Z,305.60,0.00,400.00,98.50,99.00,305.60,0.00,0.00,0.00,none
2024-10-11T02:00:00Z,305.60,0.00,400.00,98.50,99.00,305.60,0.00,0.00,0.00,none
2024-10-11T03:00:00Z,305.60,1.32,400.00,98.50,99.00,305.60,0.00,1.32,0.00,none
2024-10-11T04:00:00Z,305.60,13.59,400.00,98.50,99.00,305.60,0.00,4.40,9.19,wind_priority_shared_poi_headroom
2024-10-11T05:00:00Z,305.60,29.83,400.00,98.50,99.00,305.60,0.00,4.40,25.43,wind_priority_shared_poi_headroom
2024-10-11T06:00:00Z,305.60,44.39,400.00,98.50,99.00,305.60,0.00,4.40,39.99,wind_priority_shared_poi_headroom
2024-10-11T07:00:00Z,305.60,55.57,400.00,98.50,99.00,305.60,0.00,4.40,51.17,wind_priority_shared_poi_headroom
2024-10-11T08:00:00Z,305.60,62.00,400.00,98.50,99.00,305.60,0.00,4.40,57.59,wind_priority_shared_poi_headroom
2024-10-11T09:00:00Z,220.01,64.11,400.00,98.50,99.00,220.01,0.00,64.11,0.00,none
2024-10-11T10:00:00Z,191.72,60.43,400.00,98.50,99.00,191.72,0.00,60.43,0.00,none
2024-10-11T11:00:00Z,220.01,52.50,400.00,98.50,99.00,220.01,0.00,52.50,0.00,none
2024-10-11T12:00:00Z,298.59,40.31,400.00,98.50,99.00,298.59,0.00,11.41,28.90,wind_priority_shared_poi_headroom
2024-10-11T13:00:00Z,305.60,25.10,400.00,98.50,99.00,305.60,0.00,4.40,20.70,wind_priority_shared_poi_headroom
2024-10-11T14:00:00Z,305.60,9.37,400.00,98.50,99.00,305.60,0.00,4.40,4.96,wind_priority_shared_poi_headroom
2024-10-11T15:00:00Z,305.60,0.29,400.00,98.50,99.00,305.60,0.00,0.29,0.00,none
2024-10-11T16:00:00Z,305.60,0.00,400.00,98.50,99.00,305.60,0.00,0.00,0.00,none
2024-10-11T17:00:00Z,305.60,0.00,400.00,98.50,99.00,305.60,0.00,0.00,0.00,none
2024-10-11T18:00:00Z,305.60,0.00,400.00,98.50,99.00,305.60,0.00,0.00,0.00,none
2024-10-11T19:00:00Z,305.60,0.00,400.00,98.50,99.00,305.60,0.00,0.00,0.00,none
2024-10-11T20:00:00Z,305.60,0.00,400.00,98.50,99.00,305.60,0.00,0.00,0.00,none
2024-10-11T21:00:00Z,305.60,0.00,400.00,98.50,99.00,305.60,0.00,0.00,0.00,none
2024-10-11T22:00:00Z,305.60,0.00,400.00,98.50,99.00,305.60,0.00,0.00,0.00,none
2024-10-11T23:00:00Z,305.60,0.00,400.00,98.50,99.00,305.60,0.00,0.00,0.00,none
2024-10-12T00:00:00Z,305.60,0.00,400.00,98.50,99.00,305.60,0.00,0.00,0.00,none
2024-10-12T01:00:00Z,305.60,0.00,400.00,98.50,99.00,305.60,0.00,0.00,0.00,none
2024-10-12T02:00:00Z,305.60,0.00,400.00,98.50,99.00,305.60,0.00,0.00,0.00,none
2024-10-12T03:00:00Z,305.60,1.39,400.00,98.50,99.00,305.60,0.00,1.39,0.00,none
2024-10-12T04:00:00Z,305.60,13.99,400.00,98.50,99.00,305.60,0.00,4.40,9.58,wind_priority_shared_poi_headroom
2024-10-12T05:00:00Z,305.60,30.28,400.00,98.50,99.00,305.60,0.00,4.40,25.87,wind_priority_shared_poi_headroom
2024-10-12T06:00:00Z,305.60,44.80,400.00,98.50,99.00,305.60,0.00,4.40,40.39,wind_priority_shared_poi_headroom
2024-10-12T07:00:00Z,305.60,55.99,400.00,98.50,99.00,305.60,0.00,4.40,51.59,wind_priority_shared_poi_headroom
2024-10-12T08:00:00Z,305.60,62.31,400.00,98.50,99.00,305.60,0.00,4.40,57.91,wind_priority_shared_poi_headroom
2024-10-12T09:00:00Z,256.39,63.61,400.00,98.50,99.00,256.39,0.00,53.61,10.00,wind_priority_shared_poi_headroom
2024-10-12T10:00:00Z,224.98,59.23,400.00,98.50,99.00,224.98,0.00,59.23,0.00,none
2024-10-12T11:00:00Z,288.62,50.57,400.00,98.50,99.00,288.62,0.00,21.38,29.19,wind_priority_shared_poi_headroom
2024-10-12T12:00:00Z,305.60,39.64,400.00,98.50,99.00,305.60,0.00,4.40,35.24,wind_priority_shared_poi_headroom
2024-10-12T13:00:00Z,305.60,24.51,400.00,98.50,99.00,305.60,0.00,4.40,20.10,wind_priority_shared_poi_headroom
2024-10-12T14:00:00Z,305.60,9.03,400.00,98.50,99.00,305.60,0.00,4.40,4.63,wind_priority_shared_poi_headroom
2024-10-12T15:00:00Z,305.60,0.28,400.00,98.50,99.00,305.60,0.00,0.28,0.00,none
2024-10-12T16:00:00Z,305.60,0.00,400.00,98.50,99.00,305.60,0.00,0.00,0.00,none
2024-10-12T17:00:00Z,305.60,0.00,400.00,98.50,99.00,305.60,0.00,0.00,0.00,none
2024-10-12T18:00:00Z,305.60,0.00,400.00,98.50,99.00,305.60,0.00,0.00,0.00,none
2024-10-12T19:00:00Z,305.60,0.00,400.00,98.50,99.00,305.60,0.00,0.00,0.00,none
2024-10-12T20:00:00Z,305.60,0.00,400.00,98.50,99.00,305.60,0.00,0.00,0.00,none
2024-10-12T21:00:00Z,305.60,0.00,400.00,98.50,99.00,305.60,0.00,0.00,0.00,none
2024-10-12T22:00:00Z,305.60,0.00,400.00,98.50,99.00,305.60,0.00,0.00,0.00,none
2024-10-12T23:00:00Z,305.60,0.00,400.00,98.50,99.00,305.60,0.00,0.00,0.00,none
2024-10-13T00:00:00Z,305.60,0.00,400.00,98.50,99.00,305.60,0.00,0.00,0.00,none
2024-10-13T01:00:00Z,305.60,0.00,400.00,98.50,99.00,305.60,0.00,0.00,0.00,none
2024-10-13T02:00:00Z,305.60,0.00,400.00,98.50,99.00,305.60,0.00,0.00,0.00,none
2024-10-13T03:00:00Z,305.60,1.40,400.00,98.50,99.00,305.60,0.00,1.40,0.00,none
2024-10-13T04:00:00Z,305.60,14.05,400.00,98.50,99.00,305.60,0.00,4.40,9.64,wind_priority_shared_poi_headroom
2024-10-13T05:00:00Z,305.60,30.18,400.00,98.50,99.00,305.60,0.00,4.40,25.78,wind_priority_shared_poi_headroom
2024-10-13T06:00:00Z,305.60,44.70,400.00,98.50,99.00,305.60,0.00,4.40,40.29,wind_priority_shared_poi_headroom
2024-10-13T07:00:00Z,305.60,55.74,400.00,98.50,99.00,305.60,0.00,4.40,51.33,wind_priority_shared_poi_headroom
2024-10-13T08:00:00Z,199.32,62.04,400.00,98.50,99.00,199.32,0.00,62.04,0.00,none
2024-10-13T09:00:00Z,102.70,62.40,400.00,98.50,99.00,102.70,0.00,62.40,0.00,none
2024-10-13T10:00:00Z,80.73,57.07,400.00,98.50,99.00,80.73,0.00,57.07,0.00,none
2024-10-13T11:00:00Z,104.69,47.53,400.00,98.50,99.00,104.69,0.00,47.53,0.00,none
2024-10-13T12:00:00Z,167.32,38.03,400.00,98.50,99.00,167.32,0.00,38.03,0.00,none
2024-10-13T13:00:00Z,265.61,23.37,400.00,98.50,99.00,265.61,0.00,23.37,0.00,none
2024-10-13T14:00:00Z,305.60,8.42,400.00,98.50,99.00,305.60,0.00,4.40,4.02,wind_priority_shared_poi_headroom
2024-10-13T15:00:00Z,305.60,0.25,400.00,98.50,99.00,305.60,0.00,0.25,0.00,none
2024-10-13T16:00:00Z,305.60,0.00,400.00,98.50,99.00,305.60,0.00,0.00,0.00,none
2024-10-13T17:00:00Z,194.73,0.00,400.00,98.50,99.00,194.73,0.00,0.00,0.00,none
2024-10-13T18:00:00Z,168.69,0.00,400.00,98.50,99.00,168.69,0.00,0.00,0.00,none
2024-10-13T19:00:00Z,196.25,0.00,400.00,98.50,99.00,196.25,0.00,0.00,0.00,none
2024-10-13T20:00:00Z,223.32,0.00,400.00,98.50,99.00,223.32,0.00,0.00,0.00,none
2024-10-13T21:00:00Z,233.44,0.00,400.00,98.50,99.00,233.44,0.00,0.00,0.00,none
2024-10-13T22:00:00Z,273.14,0.00,400.00,98.50,99.00,273.14,0.00,0.00,0.00,none
2024-10-13T23:00:00Z,282.75,0.00,400.00,98.50,99.00,282.75,0.00,0.00,0.00,none
2024-10-14T00:00:00Z,284.70,0.00,400.00,98.50,99.00,284.70,0.00,0.00,0.00,none
2024-10-14T01:00:00Z,305.60,0.00,400.00,98.50,99.00,305.60,0.00,0.00,0.00,none
2024-10-14T02:00:00Z,267.48,0.00,400.00,98.50,99.00,267.48,0.00,0.00,0.00,none
2024-10-14T03:00:00Z,226.66,1.38,400.00,98.50,99.00,226.66,0.00,1.38,0.00,none
2024-10-14T04:00:00Z,305.60,13.76,400.00,98.50,99.00,305.60,0.00,4.40,9.36,wind_priority_shared_poi_headroom
2024-10-14T05:00:00Z,305.60,29.88,400.00,98.50,99.00,305.60,0.00,4.40,25.48,wind_priority_shared_poi_headroom
2024-10-14T06:00:00Z,305.60,44.32,400.00,98.50,99.00,305.60,0.00,4.40,39.91,wind_priority_shared_poi_headroom
2024-10-14T07:00:00Z,223.32,55.16,400.00,98.50,99.00,223.32,0.00,55.16,0.00,none
2024-10-14T08:00:00Z,108.75,61.64,400.00,98.50,99.00,108.75,0.00,61.64,0.00,none
2024-10-14T09:00:00Z,62.14,62.55,400.00,98.50,99.00,62.14,0.00,62.55,0.00,none
2024-10-14T10:00:00Z,51.49,58.94,400.00,98.50,99.00,51.49,0.00,58.94,0.00,none
2024-10-14T11:00:00Z,57.99,46.39,400.00,98.50,99.00,57.99,0.00,46.39,0.00,none
2024-10-14T12:00:00Z,71.81,38.30,400.00,98.50,99.00,71.81,0.00,38.30,0.00,none
2024-10-14T13:00:00Z,94.05,23.54,400.00,98.50,99.00,94.05,0.00,23.54,0.00,none
2024-10-14T14:00:00Z,124.92,8.20,400.00,98.50,99.00,124.92,0.00,8.20,0.00,none
2024-10-14T15:00:00Z,147.59,0.24,400.00,98.50,99.00,147.59,0.00,0.24,0.00,none
2024-10-14T16:00:00Z,136.54,0.00,400.00,98.50,99.00,136.54,0.00,0.00,0.00,none
2024-10-14T17:00:00Z,106.71,0.00,400.00,98.50,99.00,106.71,0.00,0.00,0.00,none
2024-10-14T18:00:00Z,78.23,0.00,400.00,98.50,99.00,78.23,0.00,0.00,0.00,none
2024-10-14T19:00:00Z,55.33,0.00,400.00,98.50,99.00,55.33,0.00,0.00,0.00,none
2024-10-14T20:00:00Z,42.13,0.00,400.00,98.50,99.00,42.13,0.00,0.00,0.00,none
2024-10-14T21:00:00Z,37.40,0.00,400.00,98.50,99.00,37.40,0.00,0.00,0.00,none
2024-10-14T22:00:00Z,45.49,0.00,400.00,98.50,99.00,45.49,0.00,0.00,0.00,none
2024-10-14T23:00:00Z,77.40,0.00,400.00,98.50,99.00,77.40,0.00,0.00,0.00,none
2024-10-15T00:00:00Z,151.41,0.00,400.00,98.50,99.00,151.41,0.00,0.00,0.00,none
2024-10-15T01:00:00Z,305.60,0.00,400.00,98.50,99.00,305.60,0.00,0.00,0.00,none
2024-10-15T02:00:00Z,305.60,0.00,400.00,98.50,99.00,305.60,0.00,0.00,0.00,none
2024-10-15T03:00:00Z,305.60,1.31,400.00,98.50,99.00,305.60,0.00,1.31,0.00,none
2024-10-15T04:00:00Z,305.60,13.12,400.00,98.50,99.00,305.60,0.00,4.40,8.71,wind_priority_shared_poi_headroom
2024-10-15T05:00:00Z,305.60,28.44,400.00,98.50,99.00,305.60,0.00,4.40,24.03,wind_priority_shared_poi_headroom
2024-10-15T06:00:00Z,305.60,43.39,400.00,98.50,99.00,305.60,0.00,4.40,38.99,wind_priority_shared_poi_headroom
2024-10-15T07:00:00Z,305.60,54.57,400.00,98.50,99.00,305.60,0.00,4.40,50.17,wind_priority_shared_poi_headroom
2024-10-15T08:00:00Z,130.64,60.93,400.00,98.50,99.00,130.64,0.00,60.93,0.00,none
2024-10-15T09:00:00Z,43.79,61.82,400.00,98.50,99.00,43.79,0.00,61.82,0.00,none
2024-10-15T10:00:00Z,17.72,56.26,400.00,98.50,99.00,17.72,0.00,56.26,0.00,none
2024-10-15T11:00:00Z,13.00,49.06,400.00,98.50,99.00,13.00,0.00,49.06,0.00,none
2024-10-15T12:00:00Z,14.55,36.93,400.00,98.50,99.00,14.55,0.00,36.93,0.00,none
2024-10-15T13:00:00Z,23.09,22.20,400.00,98.50,99.00,23.09,0.00,22.20,0.00,none
2024-10-15T14:00:00Z,42.67,7.87,400.00,98.50,99.00,42.67,0.00,7.87,0.00,none
2024-10-15T15:00:00Z,66.49,0.23,400.00,98.50,99.00,66.49,0.00,0.23,0.00,none
2024-10-15T16:00:00Z,87.66,0.00,400.00,98.50,99.00,87.66,0.00,0.00,0.00,none
2024-10-15T17:00:00Z,77.40,0.00,400.00,98.50,99.00,77.40,0.00,0.00,0.00,none
2024-10-15T18:00:00Z,51.49,0.00,400.00,98.50,99.00,51.49,0.00,0.00,0.00,none
2024-10-15T19:00:00Z,35.90,0.00,400.00,98.50,99.00,35.90,0.00,0.00,0.00,none
2024-10-15T20:00:00Z,33.50,0.00,400.00,98.50,99.00,33.50,0.00,0.00,0.00,none
2024-10-15T21:00:00Z,46.65,0.00,400.00,98.50,99.00,46.65,0.00,0.00,0.00,none
2024-10-15T22:00:00Z,55.98,0.00,400.00,98.50,99.00,55.98,0.00,0.00,0.00,none
2024-10-15T23:00:00Z,49.64,0.00,400.00,98.50,99.00,49.64,0.00,0.00,0.00,none
2024-10-16T00:00:00Z,44.35,0.00,400.00,98.50,99.00,44.35,0.00,0.00,0.00,none
2024-10-16T01:00:00Z,72.59,0.00,400.00,98.50,99.00,72.59,0.00,0.00,0.00,none
2024-10-16T02:00:00Z,48.43,0.00,400.00,98.50,99.00,48.43,0.00,0.00,0.00,none
2024-10-16T03:00:00Z,24.97,1.30,400.00,98.50,99.00,24.97,0.00,1.30,0.00,none
2024-10-16T04:00:00Z,85.89,12.97,400.00,98.50,99.00,85.89,0.00,12.97,0.00,none
2024-10-16T05:00:00Z,137.74,28.64,400.00,98.50,99.00,137.74,0.00,28.64,0.00,none
2024-10-16T06:00:00Z,89.46,42.93,400.00,98.50,99.00,89.46,0.00,42.93,0.00,none
2024-10-16T07:00:00Z,42.67,53.33,400.00,98.50,99.00,42.67,0.00,53.33,0.00,none
2024-10-16T08:00:00Z,27.77,56.75,400.00,98.50,99.00,27.77,0.00,56.75,0.00,none
2024-10-16T09:00:00Z,22.37,55.68,400.00,98.50,99.00,22.37,0.00,55.68,0.00,none
2024-10-16T10:00:00Z,15.37,48.77,400.00,98.50,99.00,15.37,0.00,48.77,0.00,none
2024-10-16T11:00:00Z,5.64,38.33,400.00,98.50,99.00,5.64,0.00,38.33,0.00,none
2024-10-16T12:00:00Z,0.46,29.09,400.00,98.50,99.00,0.46,0.00,29.09,0.00,none
2024-10-16T13:00:00Z,0.00,16.61,400.00,98.50,99.00,0.00,0.00,16.61,0.00,none
2024-10-16T14:00:00Z,0.00,5.53,400.00,98.50,99.00,0.00,0.00,5.53,0.00,none
2024-10-16T15:00:00Z,0.00,0.17,400.00,98.50,99.00,0.00,0.00,0.17,0.00,none
2024-10-16T16:00:00Z,0.00,0.00,400.00,98.50,99.00,0.00,0.00,0.00,0.00,none
2024-10-16T17:00:00Z,0.00,0.00,400.00,98.50,99.00,0.00,0.00,0.00,0.00,none
2024-10-16T18:00:00Z,0.00,0.00,400.00,98.50,99.00,0.00,0.00,0.00,0.00,none
2024-10-16T19:00:00Z,0.00,0.00,400.00,98.50,99.00,0.00,0.00,0.00,0.00,none
2024-10-16T20:00:00Z,0.00,0.00,400.00,98.50,99.00,0.00,0.00,0.00,0.00,none
2024-10-16T21:00:00Z,0.00,0.00,400.00,98.50,99.00,0.00,0.00,0.00,0.00,none
2024-10-16T22:00:00Z,0.00,0.00,400.00,98.50,99.00,0.00,0.00,0.00,0.00,none
2024-10-16T23:00:00Z,0.00,0.00,400.00,98.50,99.00,0.00,0.00,0.00,0.00,none
2024-10-17T00:00:00Z,0.00,0.00,400.00,98.50,99.00,0.00,0.00,0.00,0.00,none
2024-10-17T01:00:00Z,0.00,0.00,400.00,98.50,99.00,0.00,0.00,0.00,0.00,none
2024-10-17T02:00:00Z,0.00,0.00,400.00,98.50,99.00,0.00,0.00,0.00,0.00,none
2024-10-17T03:00:00Z,0.00,1.27,400.00,98.50,99.00,0.00,0.00,1.27,0.00,none
2024-10-17T04:00:00Z,0.00,12.37,400.00,98.50,99.00,0.00,0.00,12.37,0.00,none
2024-10-17T05:00:00Z,0.00,25.63,400.00,98.50,99.00,0.00,0.00,25.63,0.00,none
2024-10-17T06:00:00Z,0.04,40.38,400.00,98.50,99.00,0.04,0.00,40.38,0.00,none
2024-10-17T07:00:00Z,0.54,51.31,400.00,98.50,99.00,0.54,0.00,51.31,0.00,none
2024-10-17T08:00:00Z,0.54,56.63,400.00,98.50,99.00,0.54,0.00,56.63,0.00,none
2024-10-17T09:00:00Z,0.01,49.31,400.00,98.50,99.00,0.01,0.00,49.31,0.00,none
2024-10-17T10:00:00Z,0.00,31.16,400.00,98.50,99.00,0.00,0.00,31.16,0.00,none
2024-10-17T11:00:00Z,0.00,34.24,400.00,98.50,99.00,0.00,0.00,34.24,0.00,none
2024-10-17T12:00:00Z,0.04,22.39,400.00,98.50,99.00,0.04,0.00,22.39,0.00,none
2024-10-17T13:00:00Z,0.61,15.84,400.00,98.50,99.00,0.61,0.00,15.84,0.00,none
2024-10-17T14:00:00Z,1.08,5.95,400.00,98.50,99.00,1.08,0.00,5.95,0.00,none
2024-10-17T15:00:00Z,1.70,0.20,400.00,98.50,99.00,1.70,0.00,0.20,0.00,none
2024-10-17T16:00:00Z,2.68,0.00,400.00,98.50,99.00,2.68,0.00,0.00,0.00,none
2024-10-17T17:00:00Z,1.45,0.00,400.00,98.50,99.00,1.45,0.00,0.00,0.00,none
2024-10-17T18:00:00Z,0.38,0.00,400.00,98.50,99.00,0.38,0.00,0.00,0.00,none
2024-10-17T19:00:00Z,0.30,0.00,400.00,98.50,99.00,0.30,0.00,0.00,0.00,none
2024-10-17T20:00:00Z,0.49,0.00,400.00,98.50,99.00,0.49,0.00,0.00,0.00,none
2024-10-17T21:00:00Z,0.00,0.00,400.00,98.50,99.00,0.00,0.00,0.00,0.00,none
2024-10-17T22:00:00Z,0.00,0.00,400.00,98.50,99.00,0.00,0.00,0.00,0.00,none
2024-10-17T23:00:00Z,0.00,0.00,400.00,98.50,99.00,0.00,0.00,0.00,0.00,none
2024-10-18T00:00:00Z,0.00,0.00,400.00,98.50,99.00,0.00,0.00,0.00,0.00,none
2024-10-18T01:00:00Z,0.00,0.00,400.00,98.50,99.00,0.00,0.00,0.00,0.00,none
2024-10-18T02:00:00Z,0.00,0.00,400.00,98.50,99.00,0.00,0.00,0.00,0.00,none
2024-10-18T03:00:00Z,0.00,1.30,400.00,98.50,99.00,0.00,0.00,1.30,0.00,none
2024-10-18T04:00:00Z,0.00,13.53,400.00,98.50,99.00,0.00,0.00,13.53,0.00,none
2024-10-18T05:00:00Z,0.00,28.79,400.00,98.50,99.00,0.00,0.00,28.79,0.00,none
2024-10-18T06:00:00Z,0.00,43.42,400.00,98.50,99.00,0.00,0.00,43.42,0.00,none
2024-10-18T07:00:00Z,0.00,54.64,400.00,98.50,99.00,0.00,0.00,54.64,0.00,none
2024-10-18T08:00:00Z,0.00,59.91,400.00,98.50,99.00,0.00,0.00,59.91,0.00,none
2024-10-18T09:00:00Z,0.00,59.85,400.00,98.50,99.00,0.00,0.00,59.85,0.00,none
2024-10-18T10:00:00Z,0.00,53.87,400.00,98.50,99.00,0.00,0.00,53.87,0.00,none
2024-10-18T11:00:00Z,0.00,45.09,400.00,98.50,99.00,0.00,0.00,45.09,0.00,none
2024-10-18T12:00:00Z,0.00,34.06,400.00,98.50,99.00,0.00,0.00,34.06,0.00,none
2024-10-18T13:00:00Z,0.00,19.13,400.00,98.50,99.00,0.00,0.00,19.13,0.00,none
2024-10-18T14:00:00Z,0.00,6.07,400.00,98.50,99.00,0.00,0.00,6.07,0.00,none
2024-10-18T15:00:00Z,0.00,0.15,400.00,98.50,99.00,0.00,0.00,0.15,0.00,none
2024-10-18T16:00:00Z,0.18,0.00,400.00,98.50,99.00,0.18,0.00,0.00,0.00,none
2024-10-18T17:00:00Z,0.86,0.00,400.00,98.50,99.00,0.86,0.00,0.00,0.00,none
2024-10-18T18:00:00Z,0.24,0.00,400.00,98.50,99.00,0.24,0.00,0.00,0.00,none
2024-10-18T19:00:00Z,0.00,0.00,400.00,98.50,99.00,0.00,0.00,0.00,0.00,none
2024-10-18T20:00:00Z,0.00,0.00,400.00,98.50,99.00,0.00,0.00,0.00,0.00,none
2024-10-18T21:00:00Z,0.00,0.00,400.00,98.50,99.00,0.00,0.00,0.00,0.00,none
2024-10-18T22:00:00Z,0.00,0.00,400.00,98.50,99.00,0.00,0.00,0.00,0.00,none
2024-10-18T23:00:00Z,0.19,0.00,400.00,98.50,99.00,0.19,0.00,0.00,0.00,none
2024-10-19T00:00:00Z,1.40,0.00,400.00,98.50,99.00,1.40,0.00,0.00,0.00,none
2024-10-19T01:00:00Z,4.69,0.00,400.00,98.50,99.00,4.69,0.00,0.00,0.00,none
2024-10-19T02:00:00Z,13.00,0.00,400.00,98.50,99.00,13.00,0.00,0.00,0.00,none
2024-10-19T03:00:00Z,22.73,1.37,400.00,98.50,99.00,22.73,0.00,1.37,0.00,none
2024-10-19T04:00:00Z,64.29,13.22,400.00,98.50,99.00,64.29,0.00,13.22,0.00,none
2024-10-19T05:00:00Z,145.09,28.13,400.00,98.50,99.00,145.09,0.00,28.13,0.00,none
2024-10-19T06:00:00Z,160.56,42.09,400.00,98.50,99.00,160.56,0.00,42.09,0.00,none
2024-10-19T07:00:00Z,124.92,48.68,400.00,98.50,99.00,124.92,0.00,48.68,0.00,none
2024-10-19T08:00:00Z,81.58,53.30,400.00,98.50,99.00,81.58,0.00,53.30,0.00,none
2024-10-19T09:00:00Z,50.25,55.64,400.00,98.50,99.00,50.25,0.00,55.64,0.00,none
2024-10-19T10:00:00Z,32.57,53.23,400.00,98.50,99.00,32.57,0.00,53.23,0.00,none
2024-10-19T11:00:00Z,30.33,43.90,400.00,98.50,99.00,30.33,0.00,43.90,0.00,none
2024-10-19T12:00:00Z,34.93,33.28,400.00,98.50,99.00,34.93,0.00,33.28,0.00,none
2024-10-19T13:00:00Z,53.38,20.30,400.00,98.50,99.00,53.38,0.00,20.30,0.00,none
2024-10-19T14:00:00Z,74.17,6.82,400.00,98.50,99.00,74.17,0.00,6.82,0.00,none
2024-10-19T15:00:00Z,67.98,0.19,400.00,98.50,99.00,67.98,0.00,0.19,0.00,none
2024-10-19T16:00:00Z,46.65,0.00,400.00,98.50,99.00,46.65,0.00,0.00,0.00,none
2024-10-19T17:00:00Z,33.50,0.00,400.00,98.50,99.00,33.50,0.00,0.00,0.00,none
2024-10-19T18:00:00Z,42.13,0.00,400.00,98.50,99.00,42.13,0.00,0.00,0.00,none
2024-10-19T19:00:00Z,75.78,0.00,400.00,98.50,99.00,75.78,0.00,0.00,0.00,none
2024-10-19T20:00:00Z,100.73,0.00,400.00,98.50,99.00,100.73,0.00,0.00,0.00,none
2024-10-19T21:00:00Z,66.49,0.00,400.00,98.50,99.00,66.49,0.00,0.00,0.00,none
2024-10-19T22:00:00Z,37.90,0.00,400.00,98.50,99.00,37.90,0.00,0.00,0.00,none
2024-10-19T23:00:00Z,26.95,0.00,400.00,98.50,99.00,26.95,0.00,0.00,0.00,none
2024-10-20T00:00:00Z,39.45,0.00,400.00,98.50,99.00,39.45,0.00,0.00,0.00,none
2024-10-20T01:00:00Z,80.73,0.00,400.00,98.50,99.00,80.73,0.00,0.00,0.00,none
2024-10-20T02:00:00Z,107.73,0.00,400.00,98.50,99.00,107.73,0.00,0.00,0.00,none
2024-10-20T03:00:00Z,103.69,1.29,400.00,98.50,99.00,103.69,0.00,1.29,0.00,none
2024-10-20T04:00:00Z,256.39,12.75,400.00,98.50,99.00,256.39,0.00,12.75,0.00,none
2024-10-20T05:00:00Z,305.60,28.09,400.00,98.50,99.00,305.60,0.00,4.40,23.68,wind_priority_shared_poi_headroom
2024-10-20T06:00:00Z,305.60,42.26,400.00,98.50,99.00,305.60,0.00,4.40,37.86,wind_priority_shared_poi_headroom
2024-10-20T07:00:00Z,305.60,53.61,400.00,98.50,99.00,305.60,0.00,4.40,49.20,wind_priority_shared_poi_headroom
2024-10-20T08:00:00Z,304.68,58.21,400.00,98.50,99.00,304.68,0.00,5.32,52.89,wind_priority_shared_poi_headroom
2024-10-20T09:00:00Z,305.60,57.76,400.00,98.50,99.00,305.60,0.00,4.40,53.35,wind_priority_shared_poi_headroom
2024-10-20T10:00:00Z,305.60,49.04,400.00,98.50,99.00,305.60,0.00,4.40,44.64,wind_priority_shared_poi_headroom
2024-10-20T11:00:00Z,296.58,43.96,400.00,98.50,99.00,296.58,0.00,13.42,30.54,wind_priority_shared_poi_headroom
2024-10-20T12:00:00Z,273.14,33.54,400.00,98.50,99.00,273.14,0.00,33.54,0.00,none
2024-10-20T13:00:00Z,267.48,20.76,400.00,98.50,99.00,267.48,0.00,20.76,0.00,none
2024-10-20T14:00:00Z,284.70,7.08,400.00,98.50,99.00,284.70,0.00,7.08,0.00,none
2024-10-20T15:00:00Z,252.77,0.19,400.00,98.50,99.00,252.77,0.00,0.19,0.00,none
2024-10-20T16:00:00Z,235.15,0.00,400.00,98.50,99.00,235.15,0.00,0.00,0.00,none
2024-10-20T17:00:00Z,155.29,0.00,400.00,98.50,99.00,155.29,0.00,0.00,0.00,none
2024-10-20T18:00:00Z,109.78,0.00,400.00,98.50,99.00,109.78,0.00,0.00,0.00,none
2024-10-20T19:00:00Z,100.73,0.00,400.00,98.50,99.00,100.73,0.00,0.00,0.00,none
2024-10-20T20:00:00Z,117.19,0.00,400.00,98.50,99.00,117.19,0.00,0.00,0.00,none
2024-10-20T21:00:00Z,150.13,0.00,400.00,98.50,99.00,150.13,0.00,0.00,0.00,none
2024-10-20T22:00:00Z,193.22,0.00,400.00,98.50,99.00,193.22,0.00,0.00,0.00,none
2024-10-20T23:00:00Z,156.59,0.00,400.00,98.50,99.00,156.59,0.00,0.00,0.00,none
2024-10-21T00:00:00Z,137.74,0.00,400.00,98.50,99.00,137.74,0.00,0.00,0.00,none
2024-10-21T01:00:00Z,182.85,0.00,400.00,98.50,99.00,182.85,0.00,0.00,0.00,none
2024-10-21T02:00:00Z,205.54,0.00,400.00,98.50,99.00,205.54,0.00,0.00,0.00,none
2024-10-21T03:00:00Z,194.73,0.96,400.00,98.50,99.00,194.73,0.00,0.96,0.00,none
2024-10-21T04:00:00Z,305.60,8.23,400.00,98.50,99.00,305.60,0.00,4.40,3.82,wind_priority_shared_poi_headroom
2024-10-21T05:00:00Z,305.60,17.11,400.00,98.50,99.00,305.60,0.00,4.40,12.70,wind_priority_shared_poi_headroom
2024-10-21T06:00:00Z,305.60,26.42,400.00,98.50,99.00,305.60,0.00,4.40,22.02,wind_priority_shared_poi_headroom
2024-10-21T07:00:00Z,305.60,37.33,400.00,98.50,99.00,305.60,0.00,4.40,32.93,wind_priority_shared_poi_headroom
2024-10-21T08:00:00Z,305.60,39.79,400.00,98.50,99.00,305.60,0.00,4.40,35.38,wind_priority_shared_poi_headroom
2024-10-21T09:00:00Z,292.58,39.78,400.00,98.50,99.00,292.58,0.00,17.42,22.36,wind_priority_shared_poi_headroom
2024-10-21T10:00:00Z,250.97,47.93,400.00,98.50,99.00,250.97,0.00,47.93,0.00,none
2024-10-21T11:00:00Z,235.15,39.00,400.00,98.50,99.00,235.15,0.00,39.00,0.00,none
2024-10-21T12:00:00Z,231.73,32.71,400.00,98.50,99.00,231.73,0.00,32.71,0.00,none
2024-10-21T13:00:00Z,235.15,20.70,400.00,98.50,99.00,235.15,0.00,20.70,0.00,none
2024-10-21T14:00:00Z,249.18,7.99,400.00,98.50,99.00,249.18,0.00,7.99,0.00,none
2024-10-21T15:00:00Z,224.98,0.00,400.00,98.50,99.00,224.98,0.00,0.00,0.00,none
2024-10-21T16:00:00Z,226.66,0.00,400.00,98.50,99.00,226.66,0.00,0.00,0.00,none
2024-10-21T17:00:00Z,197.78,0.00,400.00,98.50,99.00,197.78,0.00,0.00,0.00,none
2024-10-21T18:00:00Z,138.95,0.00,400.00,98.50,99.00,138.95,0.00,0.00,0.00,none
2024-10-21T19:00:00Z,115.04,0.00,400.00,98.50,99.00,115.04,0.00,0.00,0.00,none
2024-10-21T20:00:00Z,115.04,0.00,400.00,98.50,99.00,115.04,0.00,0.00,0.00,none
2024-10-21T21:00:00Z,123.79,0.00,400.00,98.50,99.00,123.79,0.00,0.00,0.00,none
2024-10-21T22:00:00Z,152.69,0.00,400.00,98.50,99.00,152.69,0.00,0.00,0.00,none
2024-10-21T23:00:00Z,199.32,0.00,400.00,98.50,99.00,199.32,0.00,0.00,0.00,none
2024-10-22T00:00:00Z,228.34,0.00,400.00,98.50,99.00,228.34,0.00,0.00,0.00,none
2024-10-22T01:00:00Z,216.74,0.00,400.00,98.50,99.00,216.74,0.00,0.00,0.00,none
2024-10-22T02:00:00Z,200.86,0.00,400.00,98.50,99.00,200.86,0.00,0.00,0.00,none
2024-10-22T03:00:00Z,168.69,1.28,400.00,98.50,99.00,168.69,0.00,1.28,0.00,none
2024-10-22T04:00:00Z,305.60,12.56,400.00,98.50,99.00,305.60,0.00,4.40,8.16,wind_priority_shared_poi_headroom
2024-10-22T05:00:00Z,305.60,27.23,400.00,98.50,99.00,305.60,0.00,4.40,22.82,wind_priority_shared_poi_headroom
2024-10-22T06:00:00Z,305.60,41.27,400.00,98.50,99.00,305.60,0.00,4.40,36.87,wind_priority_shared_poi_headroom
2024-10-22T07:00:00Z,305.60,52.19,400.00,98.50,99.00,305.60,0.00,4.40,47.79,wind_priority_shared_poi_headroom
2024-10-22T08:00:00Z,305.60,56.20,400.00,98.50,99.00,305.60,0.00,4.40,51.80,wind_priority_shared_poi_headroom
2024-10-22T09:00:00Z,305.60,56.60,400.00,98.50,99.00,305.60,0.00,4.40,52.20,wind_priority_shared_poi_headroom
2024-10-22T10:00:00Z,305.60,45.41,400.00,98.50,99.00,305.60,0.00,4.40,41.01,wind_priority_shared_poi_headroom
2024-10-22T11:00:00Z,305.60,39.13,400.00,98.50,99.00,305.60,0.00,4.40,34.73,wind_priority_shared_poi_headroom
2024-10-22T12:00:00Z,305.60,27.95,400.00,98.50,99.00,305.60,0.00,4.40,23.54,wind_priority_shared_poi_headroom
2024-10-22T13:00:00Z,305.60,17.52,400.00,98.50,99.00,305.60,0.00,4.40,13.12,wind_priority_shared_poi_headroom
2024-10-22T14:00:00Z,305.60,6.53,400.00,98.50,99.00,305.60,0.00,4.40,2.12,wind_priority_shared_poi_headroom
2024-10-22T15:00:00Z,305.60,0.00,400.00,98.50,99.00,305.60,0.00,0.00,0.00,none
2024-10-22T16:00:00Z,305.60,0.00,400.00,98.50,99.00,305.60,0.00,0.00,0.00,none
2024-10-22T17:00:00Z,305.60,0.00,400.00,98.50,99.00,305.60,0.00,0.00,0.00,none
2024-10-22T18:00:00Z,305.60,0.00,400.00,98.50,99.00,305.60,0.00,0.00,0.00,none
2024-10-22T19:00:00Z,305.60,0.00,400.00,98.50,99.00,305.60,0.00,0.00,0.00,none
2024-10-22T20:00:00Z,305.60,0.00,400.00,98.50,99.00,305.60,0.00,0.00,0.00,none
2024-10-22T21:00:00Z,305.60,0.00,400.00,98.50,99.00,305.60,0.00,0.00,0.00,none
2024-10-22T22:00:00Z,305.60,0.00,400.00,98.50,99.00,305.60,0.00,0.00,0.00,none
2024-10-22T23:00:00Z,305.60,0.00,400.00,98.50,99.00,305.60,0.00,0.00,0.00,none
2024-10-23T00:00:00Z,305.60,0.00,400.00,98.50,99.00,305.60,0.00,0.00,0.00,none
2024-10-23T01:00:00Z,305.60,0.00,400.00,98.50,99.00,305.60,0.00,0.00,0.00,none
2024-10-23T02:00:00Z,305.60,0.00,400.00,98.50,99.00,305.60,0.00,0.00,0.00,none
2024-10-23T03:00:00Z,305.60,1.20,400.00,98.50,99.00,305.60,0.00,1.20,0.00,none
2024-10-23T04:00:00Z,305.60,12.24,400.00,98.50,99.00,305.60,0.00,4.40,7.84,wind_priority_shared_poi_headroom
2024-10-23T05:00:00Z,305.60,26.33,400.00,98.50,99.00,305.60,0.00,4.40,21.93,wind_priority_shared_poi_headroom
2024-10-23T06:00:00Z,305.60,41.46,400.00,98.50,99.00,305.60,0.00,4.40,37.06,wind_priority_shared_poi_headroom
2024-10-23T07:00:00Z,305.60,52.55,400.00,98.50,99.00,305.60,0.00,4.40,48.15,wind_priority_shared_poi_headroom
2024-10-23T08:00:00Z,305.60,57.62,400.00,98.50,99.00,305.60,0.00,4.40,53.22,wind_priority_shared_poi_headroom
2024-10-23T09:00:00Z,300.61,58.04,400.00,98.50,99.00,300.61,0.00,9.39,48.65,wind_priority_shared_poi_headroom
2024-10-23T10:00:00Z,213.50,54.19,400.00,98.50,99.00,213.50,0.00,54.19,0.00,none
2024-10-23T11:00:00Z,202.41,46.42,400.00,98.50,99.00,202.41,0.00,46.42,0.00,none
2024-10-23T12:00:00Z,240.35,36.50,400.00,98.50,99.00,240.35,0.00,36.50,0.00,none
2024-10-23T13:00:00Z,288.62,21.87,400.00,98.50,99.00,288.62,0.00,21.38,0.49,wind_priority_shared_poi_headroom
2024-10-23T14:00:00Z,305.60,8.01,400.00,98.50,99.00,305.60,0.00,4.40,3.60,wind_priority_shared_poi_headroom
2024-10-23T15:00:00Z,256.39,0.00,400.00,98.50,99.00,256.39,0.00,0.00,0.00,none
2024-10-23T16:00:00Z,200.86,0.00,400.00,98.50,99.00,200.86,0.00,0.00,0.00,none
2024-10-23T17:00:00Z,216.74,0.00,400.00,98.50,99.00,216.74,0.00,0.00,0.00,none
2024-10-23T18:00:00Z,249.18,0.00,400.00,98.50,99.00,249.18,0.00,0.00,0.00,none
2024-10-23T19:00:00Z,305.60,0.00,400.00,98.50,99.00,305.60,0.00,0.00,0.00,none
2024-10-23T20:00:00Z,235.15,0.00,400.00,98.50,99.00,235.15,0.00,0.00,0.00,none
2024-10-23T21:00:00Z,134.16,0.00,400.00,98.50,99.00,134.16,0.00,0.00,0.00,none
2024-10-23T22:00:00Z,100.73,0.00,400.00,98.50,99.00,100.73,0.00,0.00,0.00,none
2024-10-23T23:00:00Z,90.36,0.00,400.00,98.50,99.00,90.36,0.00,0.00,0.00,none
2024-10-24T00:00:00Z,94.98,0.00,400.00,98.50,99.00,94.98,0.00,0.00,0.00,none
2024-10-24T01:00:00Z,97.83,0.00,400.00,98.50,99.00,97.83,0.00,0.00,0.00,none
2024-10-24T02:00:00Z,99.76,0.00,400.00,98.50,99.00,99.76,0.00,0.00,0.00,none
2024-10-24T03:00:00Z,88.56,1.43,400.00,98.50,99.00,88.56,0.00,1.43,0.00,none
2024-10-24T04:00:00Z,305.60,13.85,400.00,98.50,99.00,305.60,0.00,4.40,9.45,wind_priority_shared_poi_headroom
2024-10-24T05:00:00Z,305.60,29.83,400.00,98.50,99.00,305.60,0.00,4.40,25.43,wind_priority_shared_poi_headroom
2024-10-24T06:00:00Z,305.60,43.79,400.00,98.50,99.00,305.60,0.00,4.40,39.39,wind_priority_shared_poi_headroom
2024-10-24T07:00:00Z,294.58,55.33,400.00,98.50,99.00,294.58,0.00,15.42,39.90,wind_priority_shared_poi_headroom
2024-10-24T08:00:00Z,197.78,60.96,400.00,98.50,99.00,197.78,0.00,60.96,0.00,none
2024-10-24T09:00:00Z,147.59,59.41,400.00,98.50,99.00,147.59,0.00,59.41,0.00,none
2024-10-24T10:00:00Z,122.68,48.97,400.00,98.50,99.00,122.68,0.00,48.97,0.00,none
2024-10-24T11:00:00Z,115.04,42.11,400.00,98.50,99.00,115.04,0.00,42.11,0.00,none
2024-10-24T12:00:00Z,126.05,34.29,400.00,98.50,99.00,126.05,0.00,34.29,0.00,none
2024-10-24T13:00:00Z,155.29,21.84,400.00,98.50,99.00,155.29,0.00,21.84,0.00,none
2024-10-24T14:00:00Z,202.41,8.03,400.00,98.50,99.00,202.41,0.00,8.03,0.00,none
2024-10-24T15:00:00Z,216.74,0.00,400.00,98.50,99.00,216.74,0.00,0.00,0.00,none
2024-10-24T16:00:00Z,190.22,0.00,400.00,98.50,99.00,190.22,0.00,0.00,0.00,none
2024-10-24T17:00:00Z,147.59,0.00,400.00,98.50,99.00,147.59,0.00,0.00,0.00,none
2024-10-24T18:00:00Z,164.59,0.00,400.00,98.50,99.00,164.59,0.00,0.00,0.00,none
2024-10-24T19:00:00Z,171.47,0.00,400.00,98.50,99.00,171.47,0.00,0.00,0.00,none
2024-10-24T20:00:00Z,161.90,0.00,400.00,98.50,99.00,161.90,0.00,0.00,0.00,none
2024-10-24T21:00:00Z,150.13,0.00,400.00,98.50,99.00,150.13,0.00,0.00,0.00,none
2024-10-24T22:00:00Z,155.29,0.00,400.00,98.50,99.00,155.29,0.00,0.00,0.00,none
2024-10-24T23:00:00Z,182.85,0.00,400.00,98.50,99.00,182.85,0.00,0.00,0.00,none
2024-10-25T00:00:00Z,215.12,0.00,400.00,98.50,99.00,215.12,0.00,0.00,0.00,none
2024-10-25T01:00:00Z,207.12,0.00,400.00,98.50,99.00,207.12,0.00,0.00,0.00,none
2024-10-25T02:00:00Z,220.01,0.00,400.00,98.50,99.00,220.01,0.00,0.00,0.00,none
2024-10-25T03:00:00Z,220.01,1.49,400.00,98.50,99.00,220.01,0.00,1.49,0.00,none
2024-10-25T04:00:00Z,305.60,14.15,400.00,98.50,99.00,305.60,0.00,4.40,9.75,wind_priority_shared_poi_headroom
2024-10-25T05:00:00Z,305.60,30.09,400.00,98.50,99.00,305.60,0.00,4.40,25.68,wind_priority_shared_poi_headroom
2024-10-25T06:00:00Z,305.60,44.08,400.00,98.50,99.00,305.60,0.00,4.40,39.68,wind_priority_shared_poi_headroom
2024-10-25T07:00:00Z,305.60,54.81,400.00,98.50,99.00,305.60,0.00,4.40,50.40,wind_priority_shared_poi_headroom
2024-10-25T08:00:00Z,305.60,61.14,400.00,98.50,99.00,305.60,0.00,4.40,56.74,wind_priority_shared_poi_headroom
2024-10-25T09:00:00Z,305.60,61.74,400.00,98.50,99.00,305.60,0.00,4.40,57.34,wind_priority_shared_poi_headroom
2024-10-25T10:00:00Z,305.60,52.08,400.00,98.50,99.00,305.60,0.00,4.40,47.68,wind_priority_shared_poi_headroom
2024-10-25T11:00:00Z,305.60,48.10,400.00,98.50,99.00,305.60,0.00,4.40,43.69,wind_priority_shared_poi_headroom
2024-10-25T12:00:00Z,305.60,36.55,400.00,98.50,99.00,305.60,0.00,4.40,32.14,wind_priority_shared_poi_headroom
2024-10-25T13:00:00Z,305.60,22.09,400.00,98.50,99.00,305.60,0.00,4.40,17.69,wind_priority_shared_poi_headroom
2024-10-25T14:00:00Z,305.60,8.03,400.00,98.50,99.00,305.60,0.00,4.40,3.62,wind_priority_shared_poi_headroom
2024-10-25T15:00:00Z,305.60,0.00,400.00,98.50,99.00,305.60,0.00,0.00,0.00,none
2024-10-25T16:00:00Z,305.60,0.00,400.00,98.50,99.00,305.60,0.00,0.00,0.00,none
2024-10-25T17:00:00Z,263.75,0.00,400.00,98.50,99.00,263.75,0.00,0.00,0.00,none
2024-10-25T18:00:00Z,230.03,0.00,400.00,98.50,99.00,230.03,0.00,0.00,0.00,none
2024-10-25T19:00:00Z,263.75,0.00,400.00,98.50,99.00,263.75,0.00,0.00,0.00,none
2024-10-25T20:00:00Z,282.75,0.00,400.00,98.50,99.00,282.75,0.00,0.00,0.00,none
2024-10-25T21:00:00Z,254.58,0.00,400.00,98.50,99.00,254.58,0.00,0.00,0.00,none
2024-10-25T22:00:00Z,191.72,0.00,400.00,98.50,99.00,191.72,0.00,0.00,0.00,none
2024-10-25T23:00:00Z,148.86,0.00,400.00,98.50,99.00,148.86,0.00,0.00,0.00,none
2024-10-26T00:00:00Z,148.86,0.00,400.00,98.50,99.00,148.86,0.00,0.00,0.00,none
2024-10-26T01:00:00Z,152.69,0.00,400.00,98.50,99.00,152.69,0.00,0.00,0.00,none
2024-10-26T02:00:00Z,137.74,0.00,400.00,98.50,99.00,137.74,0.00,0.00,0.00,none
2024-10-26T03:00:00Z,121.57,1.34,400.00,98.50,99.00,121.57,0.00,1.34,0.00,none
2024-10-26T04:00:00Z,305.60,12.29,400.00,98.50,99.00,305.60,0.00,4.40,7.88,wind_priority_shared_poi_headroom
2024-10-26T05:00:00Z,305.60,26.81,400.00,98.50,99.00,305.60,0.00,4.40,22.41,wind_priority_shared_poi_headroom
2024-10-26T06:00:00Z,305.60,40.30,400.00,98.50,99.00,305.60,0.00,4.40,35.89,wind_priority_shared_poi_headroom
2024-10-26T07:00:00Z,305.60,50.97,400.00,98.50,99.00,305.60,0.00,4.40,46.57,wind_priority_shared_poi_headroom
2024-10-26T08:00:00Z,305.60,59.22,400.00,98.50,99.00,305.60,0.00,4.40,54.81,wind_priority_shared_poi_headroom
2024-10-26T09:00:00Z,305.60,61.60,400.00,98.50,99.00,305.60,0.00,4.40,57.19,wind_priority_shared_poi_headroom
2024-10-26T10:00:00Z,305.60,50.14,400.00,98.50,99.00,305.60,0.00,4.40,45.74,wind_priority_shared_poi_headroom
2024-10-26T11:00:00Z,305.60,47.14,400.00,98.50,99.00,305.60,0.00,4.40,42.73,wind_priority_shared_poi_headroom
2024-10-26T12:00:00Z,305.60,36.47,400.00,98.50,99.00,305.60,0.00,4.40,32.06,wind_priority_shared_poi_headroom
2024-10-26T13:00:00Z,304.68,22.13,400.00,98.50,99.00,304.68,0.00,5.32,16.81,wind_priority_shared_poi_headroom
2024-10-26T14:00:00Z,302.64,7.86,400.00,98.50,99.00,302.64,0.00,7.36,0.50,wind_priority_shared_poi_headroom
2024-10-26T15:00:00Z,247.39,0.00,400.00,98.50,99.00,247.39,0.00,0.00,0.00,none
2024-10-26T16:00:00Z,236.87,0.00,400.00,98.50,99.00,236.87,0.00,0.00,0.00,none
2024-10-26T17:00:00Z,265.61,0.00,400.00,98.50,99.00,265.61,0.00,0.00,0.00,none
2024-10-26T18:00:00Z,296.58,0.00,400.00,98.50,99.00,296.58,0.00,0.00,0.00,none
2024-10-26T19:00:00Z,305.60,0.00,400.00,98.50,99.00,305.60,0.00,0.00,0.00,none
2024-10-26T20:00:00Z,305.60,0.00,400.00,98.50,99.00,305.60,0.00,0.00,0.00,none
2024-10-26T21:00:00Z,305.60,0.00,400.00,98.50,99.00,305.60,0.00,0.00,0.00,none
2024-10-26T22:00:00Z,269.36,0.00,400.00,98.50,99.00,269.36,0.00,0.00,0.00,none
2024-10-26T23:00:00Z,211.89,0.00,400.00,98.50,99.00,211.89,0.00,0.00,0.00,none
2024-10-27T00:00:00Z,213.50,0.00,400.00,98.50,99.00,213.50,0.00,0.00,0.00,none
2024-10-27T01:00:00Z,224.98,0.00,400.00,98.50,99.00,224.98,0.00,0.00,0.00,none
2024-10-27T02:00:00Z,210.29,0.00,400.00,98.50,99.00,210.29,0.00,0.00,0.00,none
2024-10-27T03:00:00Z,185.78,1.37,400.00,98.50,99.00,185.78,0.00,1.37,0.00,none
2024-10-27T04:00:00Z,305.60,13.02,400.00,98.50,99.00,305.60,0.00,4.40,8.62,wind_priority_shared_poi_headroom
2024-10-27T05:00:00Z,305.60,27.17,400.00,98.50,99.00,305.60,0.00,4.40,22.77,wind_priority_shared_poi_headroom
2024-10-27T06:00:00Z,305.60,40.01,400.00,98.50,99.00,305.60,0.00,4.40,35.60,wind_priority_shared_poi_headroom
2024-10-27T07:00:00Z,305.60,50.80,400.00,98.50,99.00,305.60,0.00,4.40,46.40,wind_priority_shared_poi_headroom
2024-10-27T08:00:00Z,305.60,52.81,400.00,98.50,99.00,305.60,0.00,4.40,48.41,wind_priority_shared_poi_headroom
2024-10-27T09:00:00Z,305.60,52.27,400.00,98.50,99.00,305.60,0.00,4.40,47.87,wind_priority_shared_poi_headroom
2024-10-27T10:00:00Z,305.60,43.82,400.00,98.50,99.00,305.60,0.00,4.40,39.41,wind_priority_shared_poi_headroom
2024-10-27T11:00:00Z,305.60,39.80,400.00,98.50,99.00,305.60,0.00,4.40,35.40,wind_priority_shared_poi_headroom
2024-10-27T12:00:00Z,305.60,29.21,400.00,98.50,99.00,305.60,0.00,4.40,24.81,wind_priority_shared_poi_headroom
2024-10-27T13:00:00Z,305.60,16.87,400.00,98.50,99.00,305.60,0.00,4.40,12.46,wind_priority_shared_poi_headroom
2024-10-27T14:00:00Z,305.60,6.12,400.00,98.50,99.00,305.60,0.00,4.40,1.71,wind_priority_shared_poi_headroom
2024-10-27T15:00:00Z,263.75,0.00,400.00,98.50,99.00,263.75,0.00,0.00,0.00,none
2024-10-27T16:00:00Z,178.52,0.00,400.00,98.50,99.00,178.52,0.00,0.00,0.00,none
2024-10-27T17:00:00Z,156.59,0.00,400.00,98.50,99.00,156.59,0.00,0.00,0.00,none
2024-10-27T18:00:00Z,115.04,0.00,400.00,98.50,99.00,115.04,0.00,0.00,0.00,none
2024-10-27T19:00:00Z,82.43,0.00,400.00,98.50,99.00,82.43,0.00,0.00,0.00,none
2024-10-27T20:00:00Z,75.78,0.00,400.00,98.50,99.00,75.78,0.00,0.00,0.00,none
2024-10-27T21:00:00Z,72.59,0.00,400.00,98.50,99.00,72.59,0.00,0.00,0.00,none
2024-10-27T22:00:00Z,64.29,0.00,400.00,98.50,99.00,64.29,0.00,0.00,0.00,none
2024-10-27T23:00:00Z,59.35,0.00,400.00,98.50,99.00,59.35,0.00,0.00,0.00,none
2024-10-28T00:00:00Z,67.98,0.00,400.00,98.50,99.00,67.98,0.00,0.00,0.00,none
2024-10-28T01:00:00Z,100.73,0.00,400.00,98.50,99.00,100.73,0.00,0.00,0.00,none
2024-10-28T02:00:00Z,143.85,0.00,400.00,98.50,99.00,143.85,0.00,0.00,0.00,none
2024-10-28T03:00:00Z,146.34,1.41,400.00,98.50,99.00,146.34,0.00,1.41,0.00,none
2024-10-28T04:00:00Z,305.60,13.07,400.00,98.50,99.00,305.60,0.00,4.40,8.67,wind_priority_shared_poi_headroom
2024-10-28T05:00:00Z,305.60,27.20,400.00,98.50,99.00,305.60,0.00,4.40,22.79,wind_priority_shared_poi_headroom
2024-10-28T06:00:00Z,305.60,41.53,400.00,98.50,99.00,305.60,0.00,4.40,37.12,wind_priority_shared_poi_headroom
2024-10-28T07:00:00Z,305.60,49.51,400.00,98.50,99.00,305.60,0.00,4.40,45.10,wind_priority_shared_poi_headroom
2024-10-28T08:00:00Z,290.60,53.12,400.00,98.50,99.00,290.60,0.00,19.40,33.71,wind_priority_shared_poi_headroom
2024-10-28T09:00:00Z,199.32,52.33,400.00,98.50,99.00,199.32,0.00,52.33,0.00,none
2024-10-28T10:00:00Z,148.86,48.94,400.00,98.50,99.00,148.86,0.00,48.94,0.00,none
2024-10-28T11:00:00Z,119.36,41.51,400.00,98.50,99.00,119.36,0.00,41.51,0.00,none
2024-10-28T12:00:00Z,98.79,34.16,400.00,98.50,99.00,98.79,0.00,34.16,0.00,none
2024-10-28T13:00:00Z,84.15,21.44,400.00,98.50,99.00,84.15,0.00,21.44,0.00,none
2024-10-28T14:00:00Z,79.06,8.08,400.00,98.50,99.00,79.06,0.00,8.08,0.00,none
2024-10-28T15:00:00Z,74.97,0.00,400.00,98.50,99.00,74.97,0.00,0.00,0.00,none
2024-10-28T16:00:00Z,85.02,0.00,400.00,98.50,99.00,85.02,0.00,0.00,0.00,none
2024-10-28T17:00:00Z,100.73,0.00,400.00,98.50,99.00,100.73,0.00,0.00,0.00,none
2024-10-28T18:00:00Z,98.79,0.00,400.00,98.50,99.00,98.79,0.00,0.00,0.00,none
2024-10-28T19:00:00Z,70.26,0.00,400.00,98.50,99.00,70.26,0.00,0.00,0.00,none
2024-10-28T20:00:00Z,49.03,0.00,400.00,98.50,99.00,49.03,0.00,0.00,0.00,none
2024-10-28T21:00:00Z,28.18,0.00,400.00,98.50,99.00,28.18,0.00,0.00,0.00,none
2024-10-28T22:00:00Z,9.20,0.00,400.00,98.50,99.00,9.20,0.00,0.00,0.00,none
2024-10-28T23:00:00Z,2.59,0.00,400.00,98.50,99.00,2.59,0.00,0.00,0.00,none
2024-10-29T00:00:00Z,2.11,0.00,400.00,98.50,99.00,2.11,0.00,0.00,0.00,none
2024-10-29T01:00:00Z,7.02,0.00,400.00,98.50,99.00,7.02,0.00,0.00,0.00,none
2024-10-29T02:00:00Z,35.41,0.00,400.00,98.50,99.00,35.41,0.00,0.00,0.00,none
2024-10-29T03:00:00Z,122.68,1.46,400.00,98.50,99.00,122.68,0.00,1.46,0.00,none
2024-10-29T04:00:00Z,305.60,13.64,400.00,98.50,99.00,305.60,0.00,4.40,9.24,wind_priority_shared_poi_headroom
2024-10-29T05:00:00Z,305.60,28.45,400.00,98.50,99.00,305.60,0.00,4.40,24.04,wind_priority_shared_poi_headroom
2024-10-29T06:00:00Z,305.60,42.03,400.00,98.50,99.00,305.60,0.00,4.40,37.63,wind_priority_shared_poi_headroom
2024-10-29T07:00:00Z,305.60,54.04,400.00,98.50,99.00,305.60,0.00,4.40,49.63,wind_priority_shared_poi_headroom
2024-10-29T08:00:00Z,305.60,59.99,400.00,98.50,99.00,305.60,0.00,4.40,55.59,wind_priority_shared_poi_headroom
2024-10-29T09:00:00Z,305.60,59.65,400.00,98.50,99.00,305.60,0.00,4.40,55.24,wind_priority_shared_poi_headroom
2024-10-29T10:00:00Z,305.60,56.69,400.00,98.50,99.00,305.60,0.00,4.40,52.29,wind_priority_shared_poi_headroom
2024-10-29T11:00:00Z,305.60,43.06,400.00,98.50,99.00,305.60,0.00,4.40,38.66,wind_priority_shared_poi_headroom
2024-10-29T12:00:00Z,305.60,36.16,400.00,98.50,99.00,305.60,0.00,4.40,31.75,wind_priority_shared_poi_headroom
2024-10-29T13:00:00Z,305.60,23.02,400.00,98.50,99.00,305.60,0.00,4.40,18.62,wind_priority_shared_poi_headroom
2024-10-29T14:00:00Z,305.60,8.30,400.00,98.50,99.00,305.60,0.00,4.40,3.90,wind_priority_shared_poi_headroom
2024-10-29T15:00:00Z,305.60,0.00,400.00,98.50,99.00,305.60,0.00,0.00,0.00,none
2024-10-29T16:00:00Z,305.60,0.00,400.00,98.50,99.00,305.60,0.00,0.00,0.00,none
2024-10-29T17:00:00Z,284.70,0.00,400.00,98.50,99.00,284.70,0.00,0.00,0.00,none
2024-10-29T18:00:00Z,296.58,0.00,400.00,98.50,99.00,296.58,0.00,0.00,0.00,none
2024-10-29T19:00:00Z,286.65,0.00,400.00,98.50,99.00,286.65,0.00,0.00,0.00,none
2024-10-29T20:00:00Z,284.70,0.00,400.00,98.50,99.00,284.70,0.00,0.00,0.00,none
2024-10-29T21:00:00Z,233.44,0.00,400.00,98.50,99.00,233.44,0.00,0.00,0.00,none
2024-10-29T22:00:00Z,164.59,0.00,400.00,98.50,99.00,164.59,0.00,0.00,0.00,none
2024-10-29T23:00:00Z,129.48,0.00,400.00,98.50,99.00,129.48,0.00,0.00,0.00,none
2024-10-30T00:00:00Z,98.79,0.00,400.00,98.50,99.00,98.79,0.00,0.00,0.00,none
2024-10-30T01:00:00Z,88.56,0.00,400.00,98.50,99.00,88.56,0.00,0.00,0.00,none
2024-10-30T02:00:00Z,94.98,0.00,400.00,98.50,99.00,94.98,0.00,0.00,0.00,none
2024-10-30T03:00:00Z,120.46,1.64,400.00,98.50,99.00,120.46,0.00,1.64,0.00,none
2024-10-30T04:00:00Z,188.73,14.82,400.00,98.50,99.00,188.73,0.00,14.82,0.00,none
2024-10-30T05:00:00Z,305.60,30.74,400.00,98.50,99.00,305.60,0.00,4.40,26.34,wind_priority_shared_poi_headroom
2024-10-30T06:00:00Z,305.60,45.11,400.00,98.50,99.00,305.60,0.00,4.40,40.70,wind_priority_shared_poi_headroom
2024-10-30T07:00:00Z,305.60,55.58,400.00,98.50,99.00,305.60,0.00,4.40,51.18,wind_priority_shared_poi_headroom
2024-10-30T08:00:00Z,305.60,62.36,400.00,98.50,99.00,305.60,0.00,4.40,57.95,wind_priority_shared_poi_headroom
2024-10-30T09:00:00Z,305.60,63.62,400.00,98.50,99.00,305.60,0.00,4.40,59.22,wind_priority_shared_poi_headroom
2024-10-30T10:00:00Z,254.58,59.54,400.00,98.50,99.00,254.58,0.00,55.42,4.12,wind_priority_shared_poi_headroom
2024-10-30T11:00:00Z,228.34,50.71,400.00,98.50,99.00,228.34,0.00,50.71,0.00,none
2024-10-30T12:00:00Z,240.35,38.65,400.00,98.50,99.00,240.35,0.00,38.65,0.00,none
2024-10-30T13:00:00Z,269.36,24.16,400.00,98.50,99.00,269.36,0.00,24.16,0.00,none
2024-10-30T14:00:00Z,290.60,9.03,400.00,98.50,99.00,290.60,0.00,9.03,0.00,none
2024-10-30T15:00:00Z,261.90,0.00,400.00,98.50,99.00,261.90,0.00,0.00,0.00,none
2024-10-30T16:00:00Z,300.61,0.00,400.00,98.50,99.00,300.61,0.00,0.00,0.00,none
2024-10-30T17:00:00Z,305.60,0.00,400.00,98.50,99.00,305.60,0.00,0.00,0.00,none
2024-10-30T18:00:00Z,305.60,0.00,400.00,98.50,99.00,305.60,0.00,0.00,0.00,none
2024-10-30T19:00:00Z,305.60,0.00,400.00,98.50,99.00,305.60,0.00,0.00,0.00,none
2024-10-30T20:00:00Z,305.60,0.00,400.00,98.50,99.00,305.60,0.00,0.00,0.00,none
2024-10-30T21:00:00Z,305.60,0.00,400.00,98.50,99.00,305.60,0.00,0.00,0.00,none
2024-10-30T22:00:00Z,271.24,0.00,400.00,98.50,99.00,271.24,0.00,0.00,0.00,none
2024-10-30T23:00:00Z,245.62,0.00,400.00,98.50,99.00,245.62,0.00,0.00,0.00,none
2024-10-31T00:00:00Z,258.22,0.00,400.00,98.50,99.00,258.22,0.00,0.00,0.00,none
2024-10-31T01:00:00Z,305.60,0.00,400.00,98.50,99.00,305.60,0.00,0.00,0.00,none
2024-10-31T02:00:00Z,305.60,0.00,400.00,98.50,99.00,305.60,0.00,0.00,0.00,none
2024-10-31T03:00:00Z,296.58,1.58,400.00,98.50,99.00,296.58,0.00,1.58,0.00,none
2024-10-31T04:00:00Z,305.60,14.70,400.00,98.50,99.00,305.60,0.00,4.40,10.29,wind_priority_shared_poi_headroom
2024-10-31T05:00:00Z,305.60,30.73,400.00,98.50,99.00,305.60,0.00,4.40,26.33,wind_priority_shared_poi_headroom
2024-10-31T06:00:00Z,305.60,44.77,400.00,98.50,99.00,305.60,0.00,4.40,40.36,wind_priority_shared_poi_headroom
2024-10-31T07:00:00Z,305.60,55.15,400.00,98.50,99.00,305.60,0.00,4.40,50.74,wind_priority_shared_poi_headroom
2024-10-31T08:00:00Z,305.60,61.22,400.00,98.50,99.00,305.60,0.00,4.40,56.81,wind_priority_shared_poi_headroom
2024-10-31T09:00:00Z,208.70,60.79,400.00,98.50,99.00,208.70,0.00,60.79,0.00,none
2024-10-31T10:00:00Z,131.81,53.55,400.00,98.50,99.00,131.81,0.00,53.55,0.00,none
2024-10-31T11:00:00Z,103.69,48.54,400.00,98.50,99.00,103.69,0.00,48.54,0.00,none
2024-10-31T12:00:00Z,92.19,37.64,400.00,98.50,99.00,92.19,0.00,37.64,0.00,none
2024-10-31T13:00:00Z,95.93,23.12,400.00,98.50,99.00,95.93,0.00,23.12,0.00,none
2024-10-31T14:00:00Z,105.70,8.70,400.00,98.50,99.00,105.70,0.00,8.70,0.00,none
2024-10-31T15:00:00Z,95.93,0.00,400.00,98.50,99.00,95.93,0.00,0.00,0.00,none
2024-10-31T16:00:00Z,105.70,0.00,400.00,98.50,99.00,105.70,0.00,0.00,0.00,none
2024-10-31T17:00:00Z,113.98,0.00,400.00,98.50,99.00,113.98,0.00,0.00,0.00,none
2024-10-31T18:00:00Z,128.33,0.00,400.00,98.50,99.00,128.33,0.00,0.00,0.00,none
2024-10-31T19:00:00Z,138.95,0.00,400.00,98.50,99.00,138.95,0.00,0.00,0.00,none
2024-10-31T20:00:00Z,157.91,0.00,400.00,98.50,99.00,157.91,0.00,0.00,0.00,none
2024-10-31T21:00:00Z,160.56,0.00,400.00,98.50,99.00,160.56,0.00,0.00,0.00,none
2024-10-31T22:00:00Z,136.54,0.00,400.00,98.50,99.00,136.54,0.00,0.00,0.00,none
2024-10-31T23:00:00Z,110.82,0.00,400.00,98.50,99.00,110.82,0.00,0.00,0.00,none
2024-11-01T00:00:00Z,190.22,0.00,400.00,98.50,99.00,190.22,0.00,0.00,0.00,none
2024-11-01T01:00:00Z,236.87,0.00,400.00,98.50,99.00,236.87,0.00,0.00,0.00,none
2024-11-01T02:00:00Z,200.86,0.00,400.00,98.50,99.00,200.86,0.00,0.00,0.00,none
2024-11-01T03:00:00Z,171.47,1.37,400.00,98.50,99.00,171.47,0.00,1.37,0.00,none
2024-11-01T04:00:00Z,305.60,12.16,400.00,98.50,99.00,305.60,0.00,4.40,7.76,wind_priority_shared_poi_headroom
2024-11-01T05:00:00Z,305.60,26.28,400.00,98.50,99.00,305.60,0.00,4.40,21.88,wind_priority_shared_poi_headroom
2024-11-01T06:00:00Z,305.60,37.82,400.00,98.50,99.00,305.60,0.00,4.40,33.42,wind_priority_shared_poi_headroom
2024-11-01T07:00:00Z,305.60,48.28,400.00,98.50,99.00,305.60,0.00,4.40,43.88,wind_priority_shared_poi_headroom
2024-11-01T08:00:00Z,305.60,54.69,400.00,98.50,99.00,305.60,0.00,4.40,50.29,wind_priority_shared_poi_headroom
2024-11-01T09:00:00Z,305.60,55.03,400.00,98.50,99.00,305.60,0.00,4.40,50.63,wind_priority_shared_poi_headroom
2024-11-01T10:00:00Z,305.60,47.06,400.00,98.50,99.00,305.60,0.00,4.40,42.65,wind_priority_shared_poi_headroom
2024-11-01T11:00:00Z,305.60,44.34,400.00,98.50,99.00,305.60,0.00,4.40,39.94,wind_priority_shared_poi_headroom
2024-11-01T12:00:00Z,305.60,33.64,400.00,98.50,99.00,305.60,0.00,4.40,29.24,wind_priority_shared_poi_headroom
2024-11-01T13:00:00Z,305.60,20.89,400.00,98.50,99.00,305.60,0.00,4.40,16.49,wind_priority_shared_poi_headroom
2024-11-01T14:00:00Z,305.60,7.73,400.00,98.50,99.00,305.60,0.00,4.40,3.32,wind_priority_shared_poi_headroom
2024-11-01T15:00:00Z,305.60,0.00,400.00,98.50,99.00,305.60,0.00,0.00,0.00,none
2024-11-01T16:00:00Z,305.60,0.00,400.00,98.50,99.00,305.60,0.00,0.00,0.00,none
2024-11-01T17:00:00Z,305.60,0.00,400.00,98.50,99.00,305.60,0.00,0.00,0.00,none
2024-11-01T18:00:00Z,292.58,0.00,400.00,98.50,99.00,292.58,0.00,0.00,0.00,none
2024-11-01T19:00:00Z,146.34,0.00,400.00,98.50,99.00,146.34,0.00,0.00,0.00,none
2024-11-01T20:00:00Z,105.70,0.00,400.00,98.50,99.00,105.70,0.00,0.00,0.00,none
2024-11-01T21:00:00Z,79.06,0.00,400.00,98.50,99.00,79.06,0.00,0.00,0.00,none
2024-11-01T22:00:00Z,61.44,0.00,400.00,98.50,99.00,61.44,0.00,0.00,0.00,none
2024-11-01T23:00:00Z,61.44,0.00,400.00,98.50,99.00,61.44,0.00,0.00,0.00,none
2024-11-02T00:00:00Z,177.10,0.00,400.00,98.50,99.00,177.10,0.00,0.00,0.00,none
2024-11-02T01:00:00Z,290.60,0.00,400.00,98.50,99.00,290.60,0.00,0.00,0.00,none
2024-11-02T02:00:00Z,245.62,0.00,400.00,98.50,99.00,245.62,0.00,0.00,0.00,none
2024-11-02T03:00:00Z,215.12,1.41,400.00,98.50,99.00,215.12,0.00,1.41,0.00,none
2024-11-02T04:00:00Z,305.60,13.81,400.00,98.50,99.00,305.60,0.00,4.40,9.41,wind_priority_shared_poi_headroom
2024-11-02T05:00:00Z,305.60,28.16,400.00,98.50,99.00,305.60,0.00,4.40,23.76,wind_priority_shared_poi_headroom
2024-11-02T06:00:00Z,305.60,43.21,400.00,98.50,99.00,305.60,0.00,4.40,38.81,wind_priority_shared_poi_headroom
2024-11-02T07:00:00Z,305.60,54.21,400.00,98.50,99.00,305.60,0.00,4.40,49.81,wind_priority_shared_poi_headroom
2024-11-02T08:00:00Z,305.60,57.06,400.00,98.50,99.00,305.60,0.00,4.40,52.66,wind_priority_shared_poi_headroom
2024-11-02T09:00:00Z,305.60,58.94,400.00,98.50,99.00,305.60,0.00,4.40,54.54,wind_priority_shared_poi_headroom
2024-11-02T10:00:00Z,305.60,44.75,400.00,98.50,99.00,305.60,0.00,4.40,40.35,wind_priority_shared_poi_headroom
2024-11-02T11:00:00Z,305.60,46.00,400.00,98.50,99.00,305.60,0.00,4.40,41.60,wind_priority_shared_poi_headroom
2024-11-02T12:00:00Z,305.60,34.83,400.00,98.50,99.00,305.60,0.00,4.40,30.43,wind_priority_shared_poi_headroom
2024-11-02T13:00:00Z,305.60,21.78,400.00,98.50,99.00,305.60,0.00,4.40,17.37,wind_priority_shared_poi_headroom
2024-11-02T14:00:00Z,305.60,8.10,400.00,98.50,99.00,305.60,0.00,4.40,3.69,wind_priority_shared_poi_headroom
2024-11-02T15:00:00Z,305.60,0.00,400.00,98.50,99.00,305.60,0.00,0.00,0.00,none
2024-11-02T16:00:00Z,286.65,0.00,400.00,98.50,99.00,286.65,0.00,0.00,0.00,none
2024-11-02T17:00:00Z,284.70,0.00,400.00,98.50,99.00,284.70,0.00,0.00,0.00,none
2024-11-02T18:00:00Z,242.10,0.00,400.00,98.50,99.00,242.10,0.00,0.00,0.00,none
2024-11-02T19:00:00Z,213.50,0.00,400.00,98.50,99.00,213.50,0.00,0.00,0.00,none
2024-11-02T20:00:00Z,245.62,0.00,400.00,98.50,99.00,245.62,0.00,0.00,0.00,none
2024-11-02T21:00:00Z,305.60,0.00,400.00,98.50,99.00,305.60,0.00,0.00,0.00,none
2024-11-02T22:00:00Z,260.05,0.00,400.00,98.50,99.00,260.05,0.00,0.00,0.00,none
2024-11-02T23:00:00Z,305.60,0.00,400.00,98.50,99.00,305.60,0.00,0.00,0.00,none
2024-11-03T00:00:00Z,300.61,0.00,400.00,98.50,99.00,300.61,0.00,0.00,0.00,none
2024-11-03T01:00:00Z,304.68,0.00,400.00,98.50,99.00,304.68,0.00,0.00,0.00,none
2024-11-03T02:00:00Z,282.75,0.00,400.00,98.50,99.00,282.75,0.00,0.00,0.00,none
2024-11-03T03:00:00Z,256.39,1.41,400.00,98.50,99.00,256.39,0.00,1.41,0.00,none
2024-11-03T04:00:00Z,305.60,13.43,400.00,98.50,99.00,305.60,0.00,4.40,9.02,wind_priority_shared_poi_headroom
2024-11-03T05:00:00Z,305.60,28.07,400.00,98.50,99.00,305.60,0.00,4.40,23.66,wind_priority_shared_poi_headroom
2024-11-03T06:00:00Z,305.60,41.48,400.00,98.50,99.00,305.60,0.00,4.40,37.08,wind_priority_shared_poi_headroom
2024-11-03T07:00:00Z,300.61,51.76,400.00,98.50,99.00,300.61,0.00,9.39,42.37,wind_priority_shared_poi_headroom
2024-11-03T08:00:00Z,187.25,54.01,400.00,98.50,99.00,187.25,0.00,54.01,0.00,none
2024-11-03T09:00:00Z,163.24,54.54,400.00,98.50,99.00,163.24,0.00,54.54,0.00,none
2024-11-03T10:00:00Z,181.40,49.91,400.00,98.50,99.00,181.40,0.00,49.91,0.00,none
2024-11-03T11:00:00Z,242.10,38.85,400.00,98.50,99.00,242.10,0.00,38.85,0.00,none
2024-11-03T12:00:00Z,305.60,32.51,400.00,98.50,99.00,305.60,0.00,4.40,28.11,wind_priority_shared_poi_headroom
2024-11-03T13:00:00Z,305.60,19.55,400.00,98.50,99.00,305.60,0.00,4.40,15.15,wind_priority_shared_poi_headroom
2024-11-03T14:00:00Z,305.60,7.38,400.00,98.50,99.00,305.60,0.00,4.40,2.97,wind_priority_shared_poi_headroom
2024-11-03T15:00:00Z,305.60,0.00,400.00,98.50,99.00,305.60,0.00,0.00,0.00,none
2024-11-03T16:00:00Z,247.39,0.00,400.00,98.50,99.00,247.39,0.00,0.00,0.00,none
2024-11-03T17:00:00Z,151.41,0.00,400.00,98.50,99.00,151.41,0.00,0.00,0.00,none
2024-11-03T18:00:00Z,88.56,0.00,400.00,98.50,99.00,88.56,0.00,0.00,0.00,none
2024-11-03T19:00:00Z,23.46,0.00,400.00,98.50,99.00,23.46,0.00,0.00,0.00,none
2024-11-03T20:00:00Z,5.93,0.00,400.00,98.50,99.00,5.93,0.00,0.00,0.00,none
2024-11-03T21:00:00Z,3.54,0.00,400.00,98.50,99.00,3.54,0.00,0.00,0.00,none
2024-11-03T22:00:00Z,2.76,0.00,400.00,98.50,99.00,2.76,0.00,0.00,0.00,none
2024-11-03T23:00:00Z,3.04,0.00,400.00,98.50,99.00,3.04,0.00,0.00,0.00,none
2024-11-04T00:00:00Z,5.08,0.00,400.00,98.50,99.00,5.08,0.00,0.00,0.00,none
2024-11-04T01:00:00Z,12.50,0.00,400.00,98.50,99.00,12.50,0.00,0.00,0.00,none
2024-11-04T02:00:00Z,23.83,0.00,400.00,98.50,99.00,23.83,0.00,0.00,0.00,none
2024-11-04T03:00:00Z,21.66,1.37,400.00,98.50,99.00,21.66,0.00,1.37,0.00,none
2024-11-04T04:00:00Z,221.66,13.17,400.00,98.50,99.00,221.66,0.00,13.17,0.00,none
2024-11-04T05:00:00Z,305.60,27.65,400.00,98.50,99.00,305.60,0.00,4.40,23.24,wind_priority_shared_poi_headroom
2024-11-04T06:00:00Z,305.60,41.98,400.00,98.50,99.00,305.60,0.00,4.40,37.58,wind_priority_shared_poi_headroom
2024-11-04T07:00:00Z,305.60,52.36,400.00,98.50,99.00,305.60,0.00,4.40,47.96,wind_priority_shared_poi_headroom
2024-11-04T08:00:00Z,290.60,54.31,400.00,98.50,99.00,290.60,0.00,19.40,34.91,wind_priority_shared_poi_headroom
2024-11-04T09:00:00Z,181.40,49.54,400.00,98.50,99.00,181.40,0.00,49.54,0.00,none
2024-11-04T10:00:00Z,131.81,43.85,400.00,98.50,99.00,131.81,0.00,43.85,0.00,none
2024-11-04T11:00:00Z,111.87,37.50,400.00,98.50,99.00,111.87,0.00,37.50,0.00,none
2024-11-04T12:00:00Z,121.57,28.99,400.00,98.50,99.00,121.57,0.00,28.99,0.00,none
2024-11-04T13:00:00Z,160.56,17.47,400.00,98.50,99.00,160.56,0.00,17.47,0.00,none
2024-11-04T14:00:00Z,226.66,6.52,400.00,98.50,99.00,226.66,0.00,6.52,0.00,none
2024-11-04T15:00:00Z,258.22,0.00,400.00,98.50,99.00,258.22,0.00,0.00,0.00,none
2024-11-04T16:00:00Z,194.73,0.00,400.00,98.50,99.00,194.73,0.00,0.00,0.00,none
2024-11-04T17:00:00Z,136.54,0.00,400.00,98.50,99.00,136.54,0.00,0.00,0.00,none
2024-11-04T18:00:00Z,111.87,0.00,400.00,98.50,99.00,111.87,0.00,0.00,0.00,none
2024-11-04T19:00:00Z,111.87,0.00,400.00,98.50,99.00,111.87,0.00,0.00,0.00,none
2024-11-04T20:00:00Z,94.05,0.00,400.00,98.50,99.00,94.05,0.00,0.00,0.00,none
2024-11-04T21:00:00Z,69.49,0.00,400.00,98.50,99.00,69.49,0.00,0.00,0.00,none
2024-11-04T22:00:00Z,55.98,0.00,400.00,98.50,99.00,55.98,0.00,0.00,0.00,none
2024-11-04T23:00:00Z,67.23,0.00,400.00,98.50,99.00,67.23,0.00,0.00,0.00,none
2024-11-05T00:00:00Z,69.49,0.00,400.00,98.50,99.00,69.49,0.00,0.00,0.00,none
2024-11-05T01:00:00Z,66.49,0.00,400.00,98.50,99.00,66.49,0.00,0.00,0.00,none
2024-11-05T02:00:00Z,58.67,0.00,400.00,98.50,99.00,58.67,0.00,0.00,0.00,none
2024-11-05T03:00:00Z,49.64,1.14,400.00,98.50,99.00,49.64,0.00,1.14,0.00,none
2024-11-05T04:00:00Z,218.37,9.10,400.00,98.50,99.00,218.37,0.00,9.10,0.00,none
2024-11-05T05:00:00Z,305.60,19.13,400.00,98.50,99.00,305.60,0.00,4.40,14.73,wind_priority_shared_poi_headroom
2024-11-05T06:00:00Z,305.60,28.35,400.00,98.50,99.00,305.60,0.00,4.40,23.94,wind_priority_shared_poi_headroom
2024-11-05T07:00:00Z,305.60,37.89,400.00,98.50,99.00,305.60,0.00,4.40,33.48,wind_priority_shared_poi_headroom
2024-11-05T08:00:00Z,305.60,45.65,400.00,98.50,99.00,305.60,0.00,4.40,41.24,wind_priority_shared_poi_headroom
2024-11-05T09:00:00Z,254.58,45.28,400.00,98.50,99.00,254.58,0.00,45.28,0.00,none
2024-11-05T10:00:00Z,185.78,36.06,400.00,98.50,99.00,185.78,0.00,36.06,0.00,none
2024-11-05T11:00:00Z,157.91,32.76,400.00,98.50,99.00,157.91,0.00,32.76,0.00,none
2024-11-05T12:00:00Z,150.13,25.10,400.00,98.50,99.00,150.13,0.00,25.10,0.00,none
2024-11-05T13:00:00Z,155.29,16.17,400.00,98.50,99.00,155.29,0.00,16.17,0.00,none
2024-11-05T14:00:00Z,156.59,6.06,400.00,98.50,99.00,156.59,0.00,6.06,0.00,none
2024-11-05T15:00:00Z,106.71,0.00,400.00,98.50,99.00,106.71,0.00,0.00,0.00,none
2024-11-05T16:00:00Z,44.92,0.00,400.00,98.50,99.00,44.92,0.00,0.00,0.00,none
2024-11-05T17:00:00Z,24.59,0.00,400.00,98.50,99.00,24.59,0.00,0.00,0.00,none
2024-11-05T18:00:00Z,17.72,0.00,400.00,98.50,99.00,17.72,0.00,0.00,0.00,none
2024-11-05T19:00:00Z,16.81,0.00,400.00,98.50,99.00,16.81,0.00,0.00,0.00,none
2024-11-05T20:00:00Z,16.81,0.00,400.00,98.50,99.00,16.81,0.00,0.00,0.00,none
2024-11-05T21:00:00Z,17.72,0.00,400.00,98.50,99.00,17.72,0.00,0.00,0.00,none
2024-11-05T22:00:00Z,17.11,0.00,400.00,98.50,99.00,17.11,0.00,0.00,0.00,none
2024-11-05T23:00:00Z,15.66,0.00,400.00,98.50,99.00,15.66,0.00,0.00,0.00,none
2024-11-06T00:00:00Z,14.82,0.00,400.00,98.50,99.00,14.82,0.00,0.00,0.00,none
2024-11-06T01:00:00Z,18.34,0.00,400.00,98.50,99.00,18.34,0.00,0.00,0.00,none
2024-11-06T02:00:00Z,27.36,0.00,400.00,98.50,99.00,27.36,0.00,0.00,0.00,none
2024-11-06T03:00:00Z,37.40,1.03,400.00,98.50,99.00,37.40,0.00,1.03,0.00,none
2024-11-06T04:00:00Z,210.29,8.17,400.00,98.50,99.00,210.29,0.00,8.17,0.00,none
2024-11-06T05:00:00Z,305.60,16.80,400.00,98.50,99.00,305.60,0.00,4.40,12.40,wind_priority_shared_poi_headroom
2024-11-06T06:00:00Z,305.60,25.40,400.00,98.50,99.00,305.60,0.00,4.40,21.00,wind_priority_shared_poi_headroom
2024-11-06T07:00:00Z,305.60,38.59,400.00,98.50,99.00,305.60,0.00,4.40,34.18,wind_priority_shared_poi_headroom
2024-11-06T08:00:00Z,305.60,48.19,400.00,98.50,99.00,305.60,0.00,4.40,43.79,wind_priority_shared_poi_headroom
2024-11-06T09:00:00Z,305.60,54.79,400.00,98.50,99.00,305.60,0.00,4.40,50.39,wind_priority_shared_poi_headroom
2024-11-06T10:00:00Z,305.60,48.87,400.00,98.50,99.00,305.60,0.00,4.40,44.47,wind_priority_shared_poi_headroom
2024-11-06T11:00:00Z,305.60,42.56,400.00,98.50,99.00,305.60,0.00,4.40,38.16,wind_priority_shared_poi_headroom
2024-11-06T12:00:00Z,305.60,32.78,400.00,98.50,99.00,305.60,0.00,4.40,28.38,wind_priority_shared_poi_headroom
2024-11-06T13:00:00Z,305.60,19.13,400.00,98.50,99.00,305.60,0.00,4.40,14.72,wind_priority_shared_poi_headroom
2024-11-06T14:00:00Z,305.60,6.88,400.00,98.50,99.00,305.60,0.00,4.40,2.47,wind_priority_shared_poi_headroom
2024-11-06T15:00:00Z,305.60,0.00,400.00,98.50,99.00,305.60,0.00,0.00,0.00,none
2024-11-06T16:00:00Z,305.60,0.00,400.00,98.50,99.00,305.60,0.00,0.00,0.00,none
2024-11-06T17:00:00Z,172.86,0.00,400.00,98.50,99.00,172.86,0.00,0.00,0.00,none
2024-11-06T18:00:00Z,146.34,0.00,400.00,98.50,99.00,146.34,0.00,0.00,0.00,none
2024-11-06T19:00:00Z,141.38,0.00,400.00,98.50,99.00,141.38,0.00,0.00,0.00,none
2024-11-06T20:00:00Z,131.81,0.00,400.00,98.50,99.00,131.81,0.00,0.00,0.00,none
2024-11-06T21:00:00Z,117.19,0.00,400.00,98.50,99.00,117.19,0.00,0.00,0.00,none
2024-11-06T22:00:00Z,99.76,0.00,400.00,98.50,99.00,99.76,0.00,0.00,0.00,none
2024-11-06T23:00:00Z,78.23,0.00,400.00,98.50,99.00,78.23,0.00,0.00,0.00,none
2024-11-07T00:00:00Z,64.29,0.00,400.00,98.50,99.00,64.29,0.00,0.00,0.00,none
2024-11-07T01:00:00Z,72.59,0.00,400.00,98.50,99.00,72.59,0.00,0.00,0.00,none
2024-11-07T02:00:00Z,88.56,0.00,400.00,98.50,99.00,88.56,0.00,0.00,0.00,none
2024-11-07T03:00:00Z,92.19,1.13,400.00,98.50,99.00,92.19,0.00,1.13,0.00,none
2024-11-07T04:00:00Z,305.60,9.74,400.00,98.50,99.00,305.60,0.00,4.40,5.34,wind_priority_shared_poi_headroom
2024-11-07T05:00:00Z,305.60,20.35,400.00,98.50,99.00,305.60,0.00,4.40,15.95,wind_priority_shared_poi_headroom
2024-11-07T06:00:00Z,305.60,31.51,400.00,98.50,99.00,305.60,0.00,4.40,27.10,wind_priority_shared_poi_headroom
2024-11-07T07:00:00Z,305.60,42.33,400.00,98.50,99.00,305.60,0.00,4.40,37.93,wind_priority_shared_poi_headroom
2024-11-07T08:00:00Z,305.60,50.10,400.00,98.50,99.00,305.60,0.00,4.40,45.70,wind_priority_shared_poi_headroom
2024-11-07T09:00:00Z,305.60,56.21,400.00,98.50,99.00,305.60,0.00,4.40,51.81,wind_priority_shared_poi_headroom
2024-11-07T10:00:00Z,305.60,48.73,400.00,98.50,99.00,305.60,0.00,4.40,44.32,wind_priority_shared_poi_headroom
2024-11-07T11:00:00Z,305.60,43.98,400.00,98.50,99.00,305.60,0.00,4.40,39.58,wind_priority_shared_poi_headroom
2024-11-07T12:00:00Z,305.60,31.09,400.00,98.50,99.00,305.60,0.00,4.40,26.69,wind_priority_shared_poi_headroom
2024-11-07T13:00:00Z,305.60,18.92,400.00,98.50,99.00,305.60,0.00,4.40,14.51,wind_priority_shared_poi_headroom
2024-11-07T14:00:00Z,305.60,7.17,400.00,98.50,99.00,305.60,0.00,4.40,2.76,wind_priority_shared_poi_headroom
2024-11-07T15:00:00Z,305.60,0.00,400.00,98.50,99.00,305.60,0.00,0.00,0.00,none
2024-11-07T16:00:00Z,305.60,0.00,400.00,98.50,99.00,305.60,0.00,0.00,0.00,none
2024-11-07T17:00:00Z,305.60,0.00,400.00,98.50,99.00,305.60,0.00,0.00,0.00,none
2024-11-07T18:00:00Z,305.60,0.00,400.00,98.50,99.00,305.60,0.00,0.00,0.00,none
2024-11-07T19:00:00Z,305.60,0.00,400.00,98.50,99.00,305.60,0.00,0.00,0.00,none
2024-11-07T20:00:00Z,305.60,0.00,400.00,98.50,99.00,305.60,0.00,0.00,0.00,none
2024-11-07T21:00:00Z,305.60,0.00,400.00,98.50,99.00,305.60,0.00,0.00,0.00,none
2024-11-07T22:00:00Z,258.22,0.00,400.00,98.50,99.00,258.22,0.00,0.00,0.00,none
2024-11-07T23:00:00Z,221.66,0.00,400.00,98.50,99.00,221.66,0.00,0.00,0.00,none
2024-11-08T00:00:00Z,168.69,0.00,400.00,98.50,99.00,168.69,0.00,0.00,0.00,none
2024-11-08T01:00:00Z,179.96,0.00,400.00,98.50,99.00,179.96,0.00,0.00,0.00,none
2024-11-08T02:00:00Z,254.58,0.00,400.00,98.50,99.00,254.58,0.00,0.00,0.00,none
2024-11-08T03:00:00Z,273.14,1.50,400.00,98.50,99.00,273.14,0.00,1.50,0.00,none
2024-11-08T04:00:00Z,305.60,14.09,400.00,98.50,99.00,305.60,0.00,4.40,9.69,wind_priority_shared_poi_headroom
2024-11-08T05:00:00Z,305.60,29.64,400.00,98.50,99.00,305.60,0.00,4.40,25.23,wind_priority_shared_poi_headroom
2024-11-08T06:00:00Z,305.60,43.72,400.00,98.50,99.00,305.60,0.00,4.40,39.32,wind_priority_shared_poi_headroom
2024-11-08T07:00:00Z,305.60,54.34,400.00,98.50,99.00,305.60,0.00,4.40,49.94,wind_priority_shared_poi_headroom
2024-11-08T08:00:00Z,305.60,59.73,400.00,98.50,99.00,305.60,0.00,4.40,55.33,wind_priority_shared_poi_headroom
2024-11-08T09:00:00Z,305.60,58.85,400.00,98.50,99.00,305.60,0.00,4.40,54.45,wind_priority_shared_poi_headroom
2024-11-08T10:00:00Z,305.60,54.19,400.00,98.50,99.00,305.60,0.00,4.40,49.79,wind_priority_shared_poi_headroom
2024-11-08T11:00:00Z,305.60,42.24,400.00,98.50,99.00,305.60,0.00,4.40,37.84,wind_priority_shared_poi_headroom
2024-11-08T12:00:00Z,305.60,33.82,400.00,98.50,99.00,305.60,0.00,4.40,29.42,wind_priority_shared_poi_headroom
2024-11-08T13:00:00Z,305.60,20.94,400.00,98.50,99.00,305.60,0.00,4.40,16.54,wind_priority_shared_poi_headroom
2024-11-08T14:00:00Z,305.60,7.85,400.00,98.50,99.00,305.60,0.00,4.40,3.45,wind_priority_shared_poi_headroom
2024-11-08T15:00:00Z,305.60,0.00,400.00,98.50,99.00,305.60,0.00,0.00,0.00,none
2024-11-08T16:00:00Z,305.60,0.00,400.00,98.50,99.00,305.60,0.00,0.00,0.00,none
2024-11-08T17:00:00Z,305.60,0.00,400.00,98.50,99.00,305.60,0.00,0.00,0.00,none
2024-11-08T18:00:00Z,305.60,0.00,400.00,98.50,99.00,305.60,0.00,0.00,0.00,none
2024-11-08T19:00:00Z,305.60,0.00,400.00,98.50,99.00,305.60,0.00,0.00,0.00,none
2024-11-08T20:00:00Z,267.48,0.00,400.00,98.50,99.00,267.48,0.00,0.00,0.00,none
2024-11-08T21:00:00Z,202.41,0.00,400.00,98.50,99.00,202.41,0.00,0.00,0.00,none
2024-11-08T22:00:00Z,109.78,0.00,400.00,98.50,99.00,109.78,0.00,0.00,0.00,none
2024-11-08T23:00:00Z,83.29,0.00,400.00,98.50,99.00,83.29,0.00,0.00,0.00,none
2024-11-09T00:00:00Z,69.49,0.00,400.00,98.50,99.00,69.49,0.00,0.00,0.00,none
2024-11-09T01:00:00Z,59.35,0.00,400.00,98.50,99.00,59.35,0.00,0.00,0.00,none
2024-11-09T02:00:00Z,65.75,0.00,400.00,98.50,99.00,65.75,0.00,0.00,0.00,none
2024-11-09T03:00:00Z,85.02,1.49,400.00,98.50,99.00,85.02,0.00,1.49,0.00,none
2024-11-09T04:00:00Z,305.60,14.08,400.00,98.50,99.00,305.60,0.00,4.40,9.67,wind_priority_shared_poi_headroom
2024-11-09T05:00:00Z,305.60,29.76,400.00,98.50,99.00,305.60,0.00,4.40,25.35,wind_priority_shared_poi_headroom
2024-11-09T06:00:00Z,305.60,43.84,400.00,98.50,99.00,305.60,0.00,4.40,39.44,wind_priority_shared_poi_headroom
2024-11-09T07:00:00Z,305.60,54.48,400.00,98.50,99.00,305.60,0.00,4.40,50.08,wind_priority_shared_poi_headroom
2024-11-09T08:00:00Z,305.60,59.67,400.00,98.50,99.00,305.60,0.00,4.40,55.27,wind_priority_shared_poi_headroom
2024-11-09T09:00:00Z,305.60,57.18,400.00,98.50,99.00,305.60,0.00,4.40,52.78,wind_priority_shared_poi_headroom
2024-11-09T10:00:00Z,305.60,51.15,400.00,98.50,99.00,305.60,0.00,4.40,46.75,wind_priority_shared_poi_headroom
2024-11-09T11:00:00Z,305.60,38.69,400.00,98.50,99.00,305.60,0.00,4.40,34.29,wind_priority_shared_poi_headroom
2024-11-09T12:00:00Z,305.60,27.99,400.00,98.50,99.00,305.60,0.00,4.40,23.59,wind_priority_shared_poi_headroom
2024-11-09T13:00:00Z,305.60,18.23,400.00,98.50,99.00,305.60,0.00,4.40,13.83,wind_priority_shared_poi_headroom
2024-11-09T14:00:00Z,305.60,7.04,400.00,98.50,99.00,305.60,0.00,4.40,2.64,wind_priority_shared_poi_headroom
2024-11-09T15:00:00Z,305.60,0.00,400.00,98.50,99.00,305.60,0.00,0.00,0.00,none
2024-11-09T16:00:00Z,305.60,0.00,400.00,98.50,99.00,305.60,0.00,0.00,0.00,none
2024-11-09T17:00:00Z,305.60,0.00,400.00,98.50,99.00,305.60,0.00,0.00,0.00,none
2024-11-09T18:00:00Z,305.60,0.00,400.00,98.50,99.00,305.60,0.00,0.00,0.00,none
2024-11-09T19:00:00Z,305.60,0.00,400.00,98.50,99.00,305.60,0.00,0.00,0.00,none
2024-11-09T20:00:00Z,305.60,0.00,400.00,98.50,99.00,305.60,0.00,0.00,0.00,none
2024-11-09T21:00:00Z,185.78,0.00,400.00,98.50,99.00,185.78,0.00,0.00,0.00,none
2024-11-09T22:00:00Z,141.38,0.00,400.00,98.50,99.00,141.38,0.00,0.00,0.00,none
2024-11-09T23:00:00Z,117.19,0.00,400.00,98.50,99.00,117.19,0.00,0.00,0.00,none
2024-11-10T00:00:00Z,98.79,0.00,400.00,98.50,99.00,98.79,0.00,0.00,0.00,none
2024-11-10T01:00:00Z,106.71,0.00,400.00,98.50,99.00,106.71,0.00,0.00,0.00,none
2024-11-10T02:00:00Z,121.57,0.00,400.00,98.50,99.00,121.57,0.00,0.00,0.00,none
2024-11-10T03:00:00Z,119.36,1.36,400.00,98.50,99.00,119.36,0.00,1.36,0.00,none
2024-11-10T04:00:00Z,305.60,13.08,400.00,98.50,99.00,305.60,0.00,4.40,8.67,wind_priority_shared_poi_headroom
2024-11-10T05:00:00Z,305.60,28.16,400.00,98.50,99.00,305.60,0.00,4.40,23.76,wind_priority_shared_poi_headroom
2024-11-10T06:00:00Z,305.60,41.30,400.00,98.50,99.00,305.60,0.00,4.40,36.90,wind_priority_shared_poi_headroom
2024-11-10T07:00:00Z,305.60,50.61,400.00,98.50,99.00,305.60,0.00,4.40,46.21,wind_priority_shared_poi_headroom
2024-11-10T08:00:00Z,305.60,53.37,400.00,98.50,99.00,305.60,0.00,4.40,48.96,wind_priority_shared_poi_headroom
2024-11-10T09:00:00Z,305.60,50.66,400.00,98.50,99.00,305.60,0.00,4.40,46.26,wind_priority_shared_poi_headroom
2024-11-10T10:00:00Z,305.60,40.70,400.00,98.50,99.00,305.60,0.00,4.40,36.30,wind_priority_shared_poi_headroom
2024-11-10T11:00:00Z,305.60,36.45,400.00,98.50,99.00,305.60,0.00,4.40,32.05,wind_priority_shared_poi_headroom
2024-11-10T12:00:00Z,305.60,27.53,400.00,98.50,99.00,305.60,0.00,4.40,23.13,wind_priority_shared_poi_headroom
2024-11-10T13:00:00Z,305.60,15.88,400.00,98.50,99.00,305.60,0.00,4.40,11.48,wind_priority_shared_poi_headroom
2024-11-10T14:00:00Z,305.60,5.89,400.00,98.50,99.00,305.60,0.00,4.40,1.49,wind_priority_shared_poi_headroom
2024-11-10T15:00:00Z,305.60,0.00,400.00,98.50,99.00,305.60,0.00,0.00,0.00,none
2024-11-10T16:00:00Z,265.61,0.00,400.00,98.50,99.00,265.61,0.00,0.00,0.00,none
2024-11-10T17:00:00Z,163.24,0.00,400.00,98.50,99.00,163.24,0.00,0.00,0.00,none
2024-11-10T18:00:00Z,90.36,0.00,400.00,98.50,99.00,90.36,0.00,0.00,0.00,none
2024-11-10T19:00:00Z,77.40,0.00,400.00,98.50,99.00,77.40,0.00,0.00,0.00,none
2024-11-10T20:00:00Z,65.02,0.00,400.00,98.50,99.00,65.02,0.00,0.00,0.00,none
2024-11-10T21:00:00Z,46.07,0.00,400.00,98.50,99.00,46.07,0.00,0.00,0.00,none
2024-11-10T22:00:00Z,25.36,0.00,400.00,98.50,99.00,25.36,0.00,0.00,0.00,none
2024-11-10T23:00:00Z,13.50,0.00,400.00,98.50,99.00,13.50,0.00,0.00,0.00,none
2024-11-11T00:00:00Z,20.62,0.00,400.00,98.50,99.00,20.62,0.00,0.00,0.00,none
2024-11-11T01:00:00Z,35.41,0.00,400.00,98.50,99.00,35.41,0.00,0.00,0.00,none
2024-11-11T02:00:00Z,69.49,0.00,400.00,98.50,99.00,69.49,0.00,0.00,0.00,none
2024-11-11T03:00:00Z,130.64,0.69,400.00,98.50,99.00,130.64,0.00,0.69,0.00,none
2024-11-11T04:00:00Z,305.60,6.39,400.00,98.50,99.00,305.60,0.00,4.40,1.98,wind_priority_shared_poi_headroom
2024-11-11T05:00:00Z,305.60,13.41,400.00,98.50,99.00,305.60,0.00,4.40,9.00,wind_priority_shared_poi_headroom
2024-11-11T06:00:00Z,305.60,22.15,400.00,98.50,99.00,305.60,0.00,4.40,17.75,wind_priority_shared_poi_headroom
2024-11-11T07:00:00Z,305.60,33.71,400.00,98.50,99.00,305.60,0.00,4.40,29.30,wind_priority_shared_poi_headroom
2024-11-11T08:00:00Z,305.60,45.89,400.00,98.50,99.00,305.60,0.00,4.40,41.49,wind_priority_shared_poi_headroom
2024-11-11T09:00:00Z,305.60,48.08,400.00,98.50,99.00,305.60,0.00,4.40,43.68,wind_priority_shared_poi_headroom
2024-11-11T10:00:00Z,305.60,37.76,400.00,98.50,99.00,305.60,0.00,4.40,33.36,wind_priority_shared_poi_headroom
2024-11-11T11:00:00Z,305.60,34.14,400.00,98.50,99.00,305.60,0.00,4.40,29.73,wind_priority_shared_poi_headroom
2024-11-11T12:00:00Z,305.60,27.53,400.00,98.50,99.00,305.60,0.00,4.40,23.12,wind_priority_shared_poi_headroom
2024-11-11T13:00:00Z,304.68,16.05,400.00,98.50,99.00,304.68,0.00,5.32,10.73,wind_priority_shared_poi_headroom
2024-11-11T14:00:00Z,224.98,6.03,400.00,98.50,99.00,224.98,0.00,6.03,0.00,none
2024-11-11T15:00:00Z,156.59,0.00,400.00,98.50,99.00,156.59,0.00,0.00,0.00,none
2024-11-11T16:00:00Z,124.92,0.00,400.00,98.50,99.00,124.92,0.00,0.00,0.00,none
2024-11-11T17:00:00Z,100.73,0.00,400.00,98.50,99.00,100.73,0.00,0.00,0.00,none
2024-11-11T18:00:00Z,118.27,0.00,400.00,98.50,99.00,118.27,0.00,0.00,0.00,none
2024-11-11T19:00:00Z,140.16,0.00,400.00,98.50,99.00,140.16,0.00,0.00,0.00,none
2024-11-11T20:00:00Z,140.16,0.00,400.00,98.50,99.00,140.16,0.00,0.00,0.00,none
2024-11-11T21:00:00Z,127.19,0.00,400.00,98.50,99.00,127.19,0.00,0.00,0.00,none
2024-11-11T22:00:00Z,119.36,0.00,400.00,98.50,99.00,119.36,0.00,0.00,0.00,none
2024-11-11T23:00:00Z,160.56,0.00,400.00,98.50,99.00,160.56,0.00,0.00,0.00,none
2024-11-12T00:00:00Z,147.59,0.00,400.00,98.50,99.00,147.59,0.00,0.00,0.00,none
2024-11-12T01:00:00Z,150.13,0.00,400.00,98.50,99.00,150.13,0.00,0.00,0.00,none
2024-11-12T02:00:00Z,147.59,0.00,400.00,98.50,99.00,147.59,0.00,0.00,0.00,none
2024-11-12T03:00:00Z,141.38,1.09,400.00,98.50,99.00,141.38,0.00,1.09,0.00,none
2024-11-12T04:00:00Z,280.81,11.18,400.00,98.50,99.00,280.81,0.00,11.18,0.00,none
2024-11-12T05:00:00Z,305.60,24.03,400.00,98.50,99.00,305.60,0.00,4.40,19.63,wind_priority_shared_poi_headroom
2024-11-12T06:00:00Z,305.60,37.40,400.00,98.50,99.00,305.60,0.00,4.40,33.00,wind_priority_shared_poi_headroom
2024-11-12T07:00:00Z,305.60,47.90,400.00,98.50,99.00,305.60,0.00,4.40,43.50,wind_priority_shared_poi_headroom
2024-11-12T08:00:00Z,305.60,54.81,400.00,98.50,99.00,305.60,0.00,4.40,50.41,wind_priority_shared_poi_headroom
2024-11-12T09:00:00Z,305.60,56.61,400.00,98.50,99.00,305.60,0.00,4.40,52.21,wind_priority_shared_poi_headroom
2024-11-12T10:00:00Z,305.60,50.68,400.00,98.50,99.00,305.60,0.00,4.40,46.28,wind_priority_shared_poi_headroom
2024-11-12T11:00:00Z,305.60,45.60,400.00,98.50,99.00,305.60,0.00,4.40,41.20,wind_priority_shared_poi_headroom
2024-11-12T12:00:00Z,305.60,35.20,400.00,98.50,99.00,305.60,0.00,4.40,30.80,wind_priority_shared_poi_headroom
2024-11-12T13:00:00Z,305.60,21.16,400.00,98.50,99.00,305.60,0.00,4.40,16.75,wind_priority_shared_poi_headroom
2024-11-12T14:00:00Z,284.70,7.81,400.00,98.50,99.00,284.70,0.00,7.81,0.00,none
2024-11-12T15:00:00Z,202.41,0.00,400.00,98.50,99.00,202.41,0.00,0.00,0.00,none
2024-11-12T16:00:00Z,168.69,0.00,400.00,98.50,99.00,168.69,0.00,0.00,0.00,none
2024-11-12T17:00:00Z,118.27,0.00,400.00,98.50,99.00,118.27,0.00,0.00,0.00,none
2024-11-12T18:00:00Z,106.71,0.00,400.00,98.50,99.00,106.71,0.00,0.00,0.00,none
2024-11-12T19:00:00Z,103.69,0.00,400.00,98.50,99.00,103.69,0.00,0.00,0.00,none
2024-11-12T20:00:00Z,107.73,0.00,400.00,98.50,99.00,107.73,0.00,0.00,0.00,none
2024-11-12T21:00:00Z,104.69,0.00,400.00,98.50,99.00,104.69,0.00,0.00,0.00,none
2024-11-12T22:00:00Z,96.87,0.00,400.00,98.50,99.00,96.87,0.00,0.00,0.00,none
2024-11-12T23:00:00Z,85.02,0.00,400.00,98.50,99.00,85.02,0.00,0.00,0.00,none
2024-11-13T00:00:00Z,69.49,0.00,400.00,98.50,99.00,69.49,0.00,0.00,0.00,none
2024-11-13T01:00:00Z,52.75,0.00,400.00,98.50,99.00,52.75,0.00,0.00,0.00,none
2024-11-13T02:00:00Z,39.45,0.00,400.00,98.50,99.00,39.45,0.00,0.00,0.00,none
2024-11-13T03:00:00Z,27.36,1.27,400.00,98.50,99.00,27.36,0.00,1.27,0.00,none
2024-11-13T04:00:00Z,84.15,12.80,400.00,98.50,99.00,84.15,0.00,12.80,0.00,none
2024-11-13T05:00:00Z,182.85,27.72,400.00,98.50,99.00,182.85,0.00,27.72,0.00,none
2024-11-13T06:00:00Z,107.73,41.03,400.00,98.50,99.00,107.73,0.00,41.03,0.00,none
2024-11-13T07:00:00Z,63.57,50.69,400.00,98.50,99.00,63.57,0.00,50.69,0.00,none
2024-11-13T08:00:00Z,46.07,52.86,400.00,98.50,99.00,46.07,0.00,52.86,0.00,none
2024-11-13T09:00:00Z,33.50,50.09,400.00,98.50,99.00,33.50,0.00,50.09,0.00,none
2024-11-13T10:00:00Z,24.21,44.14,400.00,98.50,99.00,24.21,0.00,44.14,0.00,none
2024-11-13T11:00:00Z,23.09,35.28,400.00,98.50,99.00,23.09,0.00,35.28,0.00,none
2024-11-13T12:00:00Z,38.42,27.25,400.00,98.50,99.00,38.42,0.00,27.25,0.00,none
2024-11-13T13:00:00Z,95.93,15.82,400.00,98.50,99.00,95.93,0.00,15.82,0.00,none
2024-11-13T14:00:00Z,191.72,5.49,400.00,98.50,99.00,191.72,0.00,5.49,0.00,none
2024-11-13T15:00:00Z,228.34,0.00,400.00,98.50,99.00,228.34,0.00,0.00,0.00,none
2024-11-13T16:00:00Z,148.86,0.00,400.00,98.50,99.00,148.86,0.00,0.00,0.00,none
2024-11-13T17:00:00Z,98.79,0.00,400.00,98.50,99.00,98.79,0.00,0.00,0.00,none
2024-11-13T18:00:00Z,28.60,0.00,400.00,98.50,99.00,28.60,0.00,0.00,0.00,none
2024-11-13T19:00:00Z,10.66,0.00,400.00,98.50,99.00,10.66,0.00,0.00,0.00,none
2024-11-13T20:00:00Z,23.09,0.00,400.00,98.50,99.00,23.09,0.00,0.00,0.00,none
2024-11-13T21:00:00Z,52.11,0.00,400.00,98.50,99.00,52.11,0.00,0.00,0.00,none
2024-11-13T22:00:00Z,58.67,0.00,400.00,98.50,99.00,58.67,0.00,0.00,0.00,none
2024-11-13T23:00:00Z,43.79,0.00,400.00,98.50,99.00,43.79,0.00,0.00,0.00,none
2024-11-14T00:00:00Z,28.60,0.00,400.00,98.50,99.00,28.60,0.00,0.00,0.00,none
2024-11-14T01:00:00Z,14.55,0.00,400.00,98.50,99.00,14.55,0.00,0.00,0.00,none
2024-11-14T02:00:00Z,6.70,0.00,400.00,98.50,99.00,6.70,0.00,0.00,0.00,none
2024-11-14T03:00:00Z,3.54,1.02,400.00,98.50,99.00,3.54,0.00,1.02,0.00,none
2024-11-14T04:00:00Z,5.64,11.57,400.00,98.50,99.00,5.64,0.00,11.57,0.00,none
2024-11-14T05:00:00Z,81.58,25.20,400.00,98.50,99.00,81.58,0.00,25.20,0.00,none
2024-11-14T06:00:00Z,112.92,39.54,400.00,98.50,99.00,112.92,0.00,39.54,0.00,none
2024-11-14T07:00:00Z,67.23,49.30,400.00,98.50,99.00,67.23,0.00,49.30,0.00,none
2024-11-14T08:00:00Z,39.45,54.79,400.00,98.50,99.00,39.45,0.00,54.79,0.00,none
2024-11-14T09:00:00Z,34.93,49.30,400.00,98.50,99.00,34.93,0.00,49.30,0.00,none
2024-11-14T10:00:00Z,50.25,43.98,400.00,98.50,99.00,50.25,0.00,43.98,0.00,none
2024-11-14T11:00:00Z,72.59,29.78,400.00,98.50,99.00,72.59,0.00,29.78,0.00,none
2024-11-14T12:00:00Z,85.89,27.68,400.00,98.50,99.00,85.89,0.00,27.68,0.00,none
2024-11-14T13:00:00Z,102.70,16.78,400.00,98.50,99.00,102.70,0.00,16.78,0.00,none
2024-11-14T14:00:00Z,122.68,6.14,400.00,98.50,99.00,122.68,0.00,6.14,0.00,none
2024-11-14T15:00:00Z,109.78,0.00,400.00,98.50,99.00,109.78,0.00,0.00,0.00,none
2024-11-14T16:00:00Z,96.87,0.00,400.00,98.50,99.00,96.87,0.00,0.00,0.00,none
2024-11-14T17:00:00Z,100.73,0.00,400.00,98.50,99.00,100.73,0.00,0.00,0.00,none
2024-11-14T18:00:00Z,85.89,0.00,400.00,98.50,99.00,85.89,0.00,0.00,0.00,none
2024-11-14T19:00:00Z,73.38,0.00,400.00,98.50,99.00,73.38,0.00,0.00,0.00,none
2024-11-14T20:00:00Z,71.81,0.00,400.00,98.50,99.00,71.81,0.00,0.00,0.00,none
2024-11-14T21:00:00Z,67.98,0.00,400.00,98.50,99.00,67.98,0.00,0.00,0.00,none
2024-11-14T22:00:00Z,67.23,0.00,400.00,98.50,99.00,67.23,0.00,0.00,0.00,none
2024-11-14T23:00:00Z,54.03,0.00,400.00,98.50,99.00,54.03,0.00,0.00,0.00,none
2024-11-15T00:00:00Z,55.33,0.00,400.00,98.50,99.00,55.33,0.00,0.00,0.00,none
2024-11-15T01:00:00Z,76.59,0.00,400.00,98.50,99.00,76.59,0.00,0.00,0.00,none
2024-11-15T02:00:00Z,122.68,0.00,400.00,98.50,99.00,122.68,0.00,0.00,0.00,none
2024-11-15T03:00:00Z,107.73,1.11,400.00,98.50,99.00,107.73,0.00,1.11,0.00,none
2024-11-15T04:00:00Z,305.60,10.91,400.00,98.50,99.00,305.60,0.00,4.40,6.50,wind_priority_shared_poi_headroom
2024-11-15T05:00:00Z,305.60,22.60,400.00,98.50,99.00,305.60,0.00,4.40,18.20,wind_priority_shared_poi_headroom
2024-11-15T06:00:00Z,305.60,34.61,400.00,98.50,99.00,305.60,0.00,4.40,30.21,wind_priority_shared_poi_headroom
2024-11-15T07:00:00Z,305.60,41.34,400.00,98.50,99.00,305.60,0.00,4.40,36.94,wind_priority_shared_poi_headroom
2024-11-15T08:00:00Z,305.60,51.15,400.00,98.50,99.00,305.60,0.00,4.40,46.75,wind_priority_shared_poi_headroom
2024-11-15T09:00:00Z,305.60,47.94,400.00,98.50,99.00,305.60,0.00,4.40,43.54,wind_priority_shared_poi_headroom
2024-11-15T10:00:00Z,305.60,43.33,400.00,98.50,99.00,305.60,0.00,4.40,38.92,wind_priority_shared_poi_headroom
2024-11-15T11:00:00Z,305.60,32.69,400.00,98.50,99.00,305.60,0.00,4.40,28.28,wind_priority_shared_poi_headroom
2024-11-15T12:00:00Z,305.60,26.64,400.00,98.50,99.00,305.60,0.00,4.40,22.24,wind_priority_shared_poi_headroom
2024-11-15T13:00:00Z,305.60,17.26,400.00,98.50,99.00,305.60,0.00,4.40,12.86,wind_priority_shared_poi_headroom
2024-11-15T14:00:00Z,305.60,6.50,400.00,98.50,99.00,305.60,0.00,4.40,2.09,wind_priority_shared_poi_headroom
2024-11-15T15:00:00Z,305.60,0.00,400.00,98.50,99.00,305.60,0.00,0.00,0.00,none
2024-11-15T16:00:00Z,305.60,0.00,400.00,98.50,99.00,305.60,0.00,0.00,0.00,none
2024-11-15T17:00:00Z,305.60,0.00,400.00,98.50,99.00,305.60,0.00,0.00,0.00,none
2024-11-15T18:00:00Z,235.15,0.00,400.00,98.50,99.00,235.15,0.00,0.00,0.00,none
2024-11-15T19:00:00Z,267.48,0.00,400.00,98.50,99.00,267.48,0.00,0.00,0.00,none
2024-11-15T20:00:00Z,298.59,0.00,400.00,98.50,99.00,298.59,0.00,0.00,0.00,none
2024-11-15T21:00:00Z,305.60,0.00,400.00,98.50,99.00,305.60,0.00,0.00,0.00,none
2024-11-15T22:00:00Z,305.60,0.00,400.00,98.50,99.00,305.60,0.00,0.00,0.00,none
2024-11-15T23:00:00Z,250.97,0.00,400.00,98.50,99.00,250.97,0.00,0.00,0.00,none
2024-11-16T00:00:00Z,208.70,0.00,400.00,98.50,99.00,208.70,0.00,0.00,0.00,none
2024-11-16T01:00:00Z,181.40,0.00,400.00,98.50,99.00,181.40,0.00,0.00,0.00,none
2024-11-16T02:00:00Z,161.90,0.00,400.00,98.50,99.00,161.90,0.00,0.00,0.00,none
2024-11-16T03:00:00Z,148.86,1.11,400.00,98.50,99.00,148.86,0.00,1.11,0.00,none
2024-11-16T04:00:00Z,305.60,11.24,400.00,98.50,99.00,305.60,0.00,4.40,6.84,wind_priority_shared_poi_headroom
2024-11-16T05:00:00Z,305.60,24.52,400.00,98.50,99.00,305.60,0.00,4.40,20.11,wind_priority_shared_poi_headroom
2024-11-16T06:00:00Z,305.60,37.88,400.00,98.50,99.00,305.60,0.00,4.40,33.47,wind_priority_shared_poi_headroom
2024-11-16T07:00:00Z,305.60,49.76,400.00,98.50,99.00,305.60,0.00,4.40,45.36,wind_priority_shared_poi_headroom
2024-11-16T08:00:00Z,305.60,54.91,400.00,98.50,99.00,305.60,0.00,4.40,50.50,wind_priority_shared_poi_headroom
2024-11-16T09:00:00Z,305.60,54.48,400.00,98.50,99.00,305.60,0.00,4.40,50.08,wind_priority_shared_poi_headroom
2024-11-16T10:00:00Z,305.60,47.22,400.00,98.50,99.00,305.60,0.00,4.40,42.82,wind_priority_shared_poi_headroom
2024-11-16T11:00:00Z,296.58,40.95,400.00,98.50,99.00,296.58,0.00,13.42,27.53,wind_priority_shared_poi_headroom
2024-11-16T12:00:00Z,263.75,28.93,400.00,98.50,99.00,263.75,0.00,28.93,0.00,none
2024-11-16T13:00:00Z,273.14,16.98,400.00,98.50,99.00,273.14,0.00,16.98,0.00,none
2024-11-16T14:00:00Z,305.60,6.38,400.00,98.50,99.00,305.60,0.00,4.40,1.97,wind_priority_shared_poi_headroom
2024-11-16T15:00:00Z,305.60,0.00,400.00,98.50,99.00,305.60,0.00,0.00,0.00,none
2024-11-16T16:00:00Z,305.60,0.00,400.00,98.50,99.00,305.60,0.00,0.00,0.00,none
2024-11-16T17:00:00Z,305.60,0.00,400.00,98.50,99.00,305.60,0.00,0.00,0.00,none
2024-11-16T18:00:00Z,305.60,0.00,400.00,98.50,99.00,305.60,0.00,0.00,0.00,none
2024-11-16T19:00:00Z,305.60,0.00,400.00,98.50,99.00,305.60,0.00,0.00,0.00,none
2024-11-16T20:00:00Z,305.60,0.00,400.00,98.50,99.00,305.60,0.00,0.00,0.00,none
2024-11-16T21:00:00Z,305.60,0.00,400.00,98.50,99.00,305.60,0.00,0.00,0.00,none
2024-11-16T22:00:00Z,305.60,0.00,400.00,98.50,99.00,305.60,0.00,0.00,0.00,none
2024-11-16T23:00:00Z,305.60,0.00,400.00,98.50,99.00,305.60,0.00,0.00,0.00,none
2024-11-17T00:00:00Z,240.35,0.00,400.00,98.50,99.00,240.35,0.00,0.00,0.00,none
2024-11-17T01:00:00Z,207.12,0.00,400.00,98.50,99.00,207.12,0.00,0.00,0.00,none
2024-11-17T02:00:00Z,193.22,0.00,400.00,98.50,99.00,193.22,0.00,0.00,0.00,none
2024-11-17T03:00:00Z,188.73,1.10,400.00,98.50,99.00,188.73,0.00,1.10,0.00,none
2024-11-17T04:00:00Z,235.15,11.09,400.00,98.50,99.00,235.15,0.00,11.09,0.00,none
2024-11-17T05:00:00Z,305.60,23.23,400.00,98.50,99.00,305.60,0.00,4.40,18.83,wind_priority_shared_poi_headroom
2024-11-17T06:00:00Z,305.60,36.97,400.00,98.50,99.00,305.60,0.00,4.40,32.56,wind_priority_shared_poi_headroom
2024-11-17T07:00:00Z,305.60,48.46,400.00,98.50,99.00,305.60,0.00,4.40,44.06,wind_priority_shared_poi_headroom
2024-11-17T08:00:00Z,305.60,55.65,400.00,98.50,99.00,305.60,0.00,4.40,51.24,wind_priority_shared_poi_headroom
2024-11-17T09:00:00Z,305.60,57.34,400.00,98.50,99.00,305.60,0.00,4.40,52.94,wind_priority_shared_poi_headroom
2024-11-17T10:00:00Z,245.62,50.88,400.00,98.50,99.00,245.62,0.00,50.88,0.00,none
2024-11-17T11:00:00Z,196.25,44.57,400.00,98.50,99.00,196.25,0.00,44.57,0.00,none
2024-11-17T12:00:00Z,181.40,33.52,400.00,98.50,99.00,181.40,0.00,33.52,0.00,none
2024-11-17T13:00:00Z,181.40,19.35,400.00,98.50,99.00,181.40,0.00,19.35,0.00,none
2024-11-17T14:00:00Z,174.27,7.06,400.00,98.50,99.00,174.27,0.00,7.06,0.00,none
2024-11-17T15:00:00Z,137.74,0.00,400.00,98.50,99.00,137.74,0.00,0.00,0.00,none
2024-11-17T16:00:00Z,172.86,0.00,400.00,98.50,99.00,172.86,0.00,0.00,0.00,none
2024-11-17T17:00:00Z,226.66,0.00,400.00,98.50,99.00,226.66,0.00,0.00,0.00,none
2024-11-17T18:00:00Z,286.65,0.00,400.00,98.50,99.00,286.65,0.00,0.00,0.00,none
2024-11-17T19:00:00Z,305.60,0.00,400.00,98.50,99.00,305.60,0.00,0.00,0.00,none
2024-11-17T20:00:00Z,228.34,0.00,400.00,98.50,99.00,228.34,0.00,0.00,0.00,none
2024-11-17T21:00:00Z,187.25,0.00,400.00,98.50,99.00,187.25,0.00,0.00,0.00,none
2024-11-17T22:00:00Z,143.85,0.00,400.00,98.50,99.00,143.85,0.00,0.00,0.00,none
2024-11-17T23:00:00Z,97.83,0.00,400.00,98.50,99.00,97.83,0.00,0.00,0.00,none
2024-11-18T00:00:00Z,71.03,0.00,400.00,98.50,99.00,71.03,0.00,0.00,0.00,none
2024-11-18T01:00:00Z,64.29,0.00,400.00,98.50,99.00,64.29,0.00,0.00,0.00,none
2024-11-18T02:00:00Z,70.26,0.00,400.00,98.50,99.00,70.26,0.00,0.00,0.00,none
2024-11-18T03:00:00Z,61.44,1.20,400.00,98.50,99.00,61.44,0.00,1.20,0.00,none
2024-11-18T04:00:00Z,104.69,12.50,400.00,98.50,99.00,104.69,0.00,12.50,0.00,none
2024-11-18T05:00:00Z,305.60,27.01,400.00,98.50,99.00,305.60,0.00,4.40,22.60,wind_priority_shared_poi_headroom
2024-11-18T06:00:00Z,305.60,40.99,400.00,98.50,99.00,305.60,0.00,4.40,36.59,wind_priority_shared_poi_headroom
2024-11-18T07:00:00Z,305.60,51.69,400.00,98.50,99.00,305.60,0.00,4.40,47.28,wind_priority_shared_poi_headroom
2024-11-18T08:00:00Z,193.22,57.18,400.00,98.50,99.00,193.22,0.00,57.18,0.00,none
2024-11-18T09:00:00Z,124.92,56.67,400.00,98.50,99.00,124.92,0.00,56.67,0.00,none
2024-11-18T10:00:00Z,103.69,43.54,400.00,98.50,99.00,103.69,0.00,43.54,0.00,none
2024-11-18T11:00:00Z,105.70,40.99,400.00,98.50,99.00,105.70,0.00,40.99,0.00,none
2024-11-18T12:00:00Z,126.05,29.29,400.00,98.50,99.00,126.05,0.00,29.29,0.00,none
2024-11-18T13:00:00Z,168.69,17.60,400.00,98.50,99.00,168.69,0.00,17.60,0.00,none
2024-11-18T14:00:00Z,242.10,6.50,400.00,98.50,99.00,242.10,0.00,6.50,0.00,none
2024-11-18T15:00:00Z,280.81,0.00,400.00,98.50,99.00,280.81,0.00,0.00,0.00,none
2024-11-18T16:00:00Z,302.64,0.00,400.00,98.50,99.00,302.64,0.00,0.00,0.00,none
2024-11-18T17:00:00Z,223.32,0.00,400.00,98.50,99.00,223.32,0.00,0.00,0.00,none
2024-11-18T18:00:00Z,286.65,0.00,400.00,98.50,99.00,286.65,0.00,0.00,0.00,none
2024-11-18T19:00:00Z,305.60,0.00,400.00,98.50,99.00,305.60,0.00,0.00,0.00,none
2024-11-18T20:00:00Z,284.70,0.00,400.00,98.50,99.00,284.70,0.00,0.00,0.00,none
2024-11-18T21:00:00Z,238.61,0.00,400.00,98.50,99.00,238.61,0.00,0.00,0.00,none
2024-11-18T22:00:00Z,208.70,0.00,400.00,98.50,99.00,208.70,0.00,0.00,0.00,none
2024-11-18T23:00:00Z,199.32,0.00,400.00,98.50,99.00,199.32,0.00,0.00,0.00,none
2024-11-19T00:00:00Z,152.69,0.00,400.00,98.50,99.00,152.69,0.00,0.00,0.00,none
2024-11-19T01:00:00Z,113.98,0.00,400.00,98.50,99.00,113.98,0.00,0.00,0.00,none
2024-11-19T02:00:00Z,94.05,0.00,400.00,98.50,99.00,94.05,0.00,0.00,0.00,none
2024-11-19T03:00:00Z,99.76,0.61,400.00,98.50,99.00,99.76,0.00,0.61,0.00,none
2024-11-19T04:00:00Z,238.61,6.44,400.00,98.50,99.00,238.61,0.00,6.44,0.00,none
2024-11-19T05:00:00Z,305.60,14.50,400.00,98.50,99.00,305.60,0.00,4.40,10.10,wind_priority_shared_poi_headroom
2024-11-19T06:00:00Z,305.60,23.25,400.00,98.50,99.00,305.60,0.00,4.40,18.85,wind_priority_shared_poi_headroom
2024-11-19T07:00:00Z,305.60,34.03,400.00,98.50,99.00,305.60,0.00,4.40,29.63,wind_priority_shared_poi_headroom
2024-11-19T08:00:00Z,305.60,40.33,400.00,98.50,99.00,305.60,0.00,4.40,35.92,wind_priority_shared_poi_headroom
2024-11-19T09:00:00Z,305.60,48.60,400.00,98.50,99.00,305.60,0.00,4.40,44.20,wind_priority_shared_poi_headroom
2024-11-19T10:00:00Z,305.60,40.38,400.00,98.50,99.00,305.60,0.00,4.40,35.97,wind_priority_shared_poi_headroom
2024-11-19T11:00:00Z,305.60,30.86,400.00,98.50,99.00,305.60,0.00,4.40,26.45,wind_priority_shared_poi_headroom
2024-11-19T12:00:00Z,305.60,24.57,400.00,98.50,99.00,305.60,0.00,4.40,20.16,wind_priority_shared_poi_headroom
2024-11-19T13:00:00Z,305.60,15.20,400.00,98.50,99.00,305.60,0.00,4.40,10.79,wind_priority_shared_poi_headroom
2024-11-19T14:00:00Z,305.60,5.77,400.00,98.50,99.00,305.60,0.00,4.40,1.37,wind_priority_shared_poi_headroom
2024-11-19T15:00:00Z,305.60,0.00,400.00,98.50,99.00,305.60,0.00,0.00,0.00,none
2024-11-19T16:00:00Z,284.70,0.00,400.00,98.50,99.00,284.70,0.00,0.00,0.00,none
2024-11-19T17:00:00Z,215.12,0.00,400.00,98.50,99.00,215.12,0.00,0.00,0.00,none
2024-11-19T18:00:00Z,155.29,0.00,400.00,98.50,99.00,155.29,0.00,0.00,0.00,none
2024-11-19T19:00:00Z,157.91,0.00,400.00,98.50,99.00,157.91,0.00,0.00,0.00,none
2024-11-19T20:00:00Z,161.90,0.00,400.00,98.50,99.00,161.90,0.00,0.00,0.00,none
2024-11-19T21:00:00Z,134.16,0.00,400.00,98.50,99.00,134.16,0.00,0.00,0.00,none
2024-11-19T22:00:00Z,117.19,0.00,400.00,98.50,99.00,117.19,0.00,0.00,0.00,none
2024-11-19T23:00:00Z,119.36,0.00,400.00,98.50,99.00,119.36,0.00,0.00,0.00,none
2024-11-20T00:00:00Z,119.36,0.00,400.00,98.50,99.00,119.36,0.00,0.00,0.00,none
2024-11-20T01:00:00Z,81.58,0.00,400.00,98.50,99.00,81.58,0.00,0.00,0.00,none
2024-11-20T02:00:00Z,56.65,0.00,400.00,98.50,99.00,56.65,0.00,0.00,0.00,none
2024-11-20T03:00:00Z,48.43,0.83,400.00,98.50,99.00,48.43,0.00,0.83,0.00,none
2024-11-20T04:00:00Z,168.69,7.12,400.00,98.50,99.00,168.69,0.00,7.12,0.00,none
2024-11-20T05:00:00Z,305.60,14.58,400.00,98.50,99.00,305.60,0.00,4.40,10.17,wind_priority_shared_poi_headroom
2024-11-20T06:00:00Z,305.60,23.54,400.00,98.50,99.00,305.60,0.00,4.40,19.14,wind_priority_shared_poi_headroom
2024-11-20T07:00:00Z,261.90,37.98,400.00,98.50,99.00,261.90,0.00,37.98,0.00,none
2024-11-20T08:00:00Z,191.72,44.43,400.00,98.50,99.00,191.72,0.00,44.43,0.00,none
2024-11-20T09:00:00Z,141.38,45.34,400.00,98.50,99.00,141.38,0.00,45.34,0.00,none
2024-11-20T10:00:00Z,102.70,44.43,400.00,98.50,99.00,102.70,0.00,44.43,0.00,none
2024-11-20T11:00:00Z,71.81,35.94,400.00,98.50,99.00,71.81,0.00,35.94,0.00,none
2024-11-20T12:00:00Z,57.31,26.83,400.00,98.50,99.00,57.31,0.00,26.83,0.00,none
2024-11-20T13:00:00Z,54.03,15.36,400.00,98.50,99.00,54.03,0.00,15.36,0.00,none
2024-11-20T14:00:00Z,59.35,5.91,400.00,98.50,99.00,59.35,0.00,5.91,0.00,none
2024-11-20T15:00:00Z,47.83,0.00,400.00,98.50,99.00,47.83,0.00,0.00,0.00,none
2024-11-20T16:00:00Z,50.86,0.00,400.00,98.50,99.00,50.86,0.00,0.00,0.00,none
2024-11-20T17:00:00Z,62.14,0.00,400.00,98.50,99.00,62.14,0.00,0.00,0.00,none
2024-11-20T18:00:00Z,62.14,0.00,400.00,98.50,99.00,62.14,0.00,0.00,0.00,none
2024-11-20T19:00:00Z,37.40,0.00,400.00,98.50,99.00,37.40,0.00,0.00,0.00,none
2024-11-20T20:00:00Z,29.03,0.00,400.00,98.50,99.00,29.03,0.00,0.00,0.00,none
2024-11-20T21:00:00Z,22.37,0.00,400.00,98.50,99.00,22.37,0.00,0.00,0.00,none
2024-11-20T22:00:00Z,15.37,0.00,400.00,98.50,99.00,15.37,0.00,0.00,0.00,none
2024-11-20T23:00:00Z,10.44,0.00,400.00,98.50,99.00,10.44,0.00,0.00,0.00,none
2024-11-21T00:00:00Z,23.83,0.00,400.00,98.50,99.00,23.83,0.00,0.00,0.00,none
2024-11-21T01:00:00Z,25.36,0.00,400.00,98.50,99.00,25.36,0.00,0.00,0.00,none
2024-11-21T02:00:00Z,17.72,0.00,400.00,98.50,99.00,17.72,0.00,0.00,0.00,none
2024-11-21T03:00:00Z,47.83,0.61,400.00,98.50,99.00,47.83,0.00,0.61,0.00,none
2024-11-21T04:00:00Z,78.23,6.10,400.00,98.50,99.00,78.23,0.00,6.10,0.00,none
2024-11-21T05:00:00Z,305.60,12.83,400.00,98.50,99.00,305.60,0.00,4.40,8.43,wind_priority_shared_poi_headroom
2024-11-21T06:00:00Z,305.60,20.28,400.00,98.50,99.00,305.60,0.00,4.40,15.88,wind_priority_shared_poi_headroom
2024-11-21T07:00:00Z,305.60,33.77,400.00,98.50,99.00,305.60,0.00,4.40,29.37,wind_priority_shared_poi_headroom
2024-11-21T08:00:00Z,305.60,46.45,400.00,98.50,99.00,305.60,0.00,4.40,42.05,wind_priority_shared_poi_headroom
2024-11-21T09:00:00Z,231.73,47.79,400.00,98.50,99.00,231.73,0.00,47.79,0.00,none
2024-11-21T10:00:00Z,177.10,42.80,400.00,98.50,99.00,177.10,0.00,42.80,0.00,none
2024-11-21T11:00:00Z,146.34,37.49,400.00,98.50,99.00,146.34,0.00,37.49,0.00,none
2024-11-21T12:00:00Z,128.33,28.48,400.00,98.50,99.00,128.33,0.00,28.48,0.00,none
2024-11-21T13:00:00Z,122.68,17.33,400.00,98.50,99.00,122.68,0.00,17.33,0.00,none
2024-11-21T14:00:00Z,120.46,6.72,400.00,98.50,99.00,120.46,0.00,6.72,0.00,none
2024-11-21T15:00:00Z,105.70,0.00,400.00,98.50,99.00,105.70,0.00,0.00,0.00,none
2024-11-21T16:00:00Z,115.04,0.00,400.00,98.50,99.00,115.04,0.00,0.00,0.00,none
2024-11-21T17:00:00Z,96.87,0.00,400.00,98.50,99.00,96.87,0.00,0.00,0.00,none
2024-11-21T18:00:00Z,103.69,0.00,400.00,98.50,99.00,103.69,0.00,0.00,0.00,none
2024-11-21T19:00:00Z,115.04,0.00,400.00,98.50,99.00,115.04,0.00,0.00,0.00,none
2024-11-21T20:00:00Z,102.70,0.00,400.00,98.50,99.00,102.70,0.00,0.00,0.00,none
2024-11-21T21:00:00Z,146.34,0.00,400.00,98.50,99.00,146.34,0.00,0.00,0.00,none
2024-11-21T22:00:00Z,305.60,0.00,400.00,98.50,99.00,305.60,0.00,0.00,0.00,none
2024-11-21T23:00:00Z,256.39,0.00,400.00,98.50,99.00,256.39,0.00,0.00,0.00,none
2024-11-22T00:00:00Z,83.29,0.00,400.00,98.50,99.00,83.29,0.00,0.00,0.00,none
2024-11-22T01:00:00Z,45.49,0.00,400.00,98.50,99.00,45.49,0.00,0.00,0.00,none
2024-11-22T02:00:00Z,34.45,0.00,400.00,98.50,99.00,34.45,0.00,0.00,0.00,none
2024-11-22T03:00:00Z,26.95,1.03,400.00,98.50,99.00,26.95,0.00,1.03,0.00,none
2024-11-22T04:00:00Z,109.78,11.13,400.00,98.50,99.00,109.78,0.00,11.13,0.00,none
2024-11-22T05:00:00Z,305.60,23.35,400.00,98.50,99.00,305.60,0.00,4.40,18.95,wind_priority_shared_poi_headroom
2024-11-22T06:00:00Z,305.60,36.05,400.00,98.50,99.00,305.60,0.00,4.40,31.65,wind_priority_shared_poi_headroom
2024-11-22T07:00:00Z,305.60,47.36,400.00,98.50,99.00,305.60,0.00,4.40,42.96,wind_priority_shared_poi_headroom
2024-11-22T08:00:00Z,305.60,50.80,400.00,98.50,99.00,305.60,0.00,4.40,46.39,wind_priority_shared_poi_headroom
2024-11-22T09:00:00Z,305.60,50.39,400.00,98.50,99.00,305.60,0.00,4.40,45.99,wind_priority_shared_poi_headroom
2024-11-22T10:00:00Z,305.60,44.57,400.00,98.50,99.00,305.60,0.00,4.40,40.17,wind_priority_shared_poi_headroom
2024-11-22T11:00:00Z,305.60,40.35,400.00,98.50,99.00,305.60,0.00,4.40,35.95,wind_priority_shared_poi_headroom
2024-11-22T12:00:00Z,278.88,29.09,400.00,98.50,99.00,278.88,0.00,29.09,0.00,none
2024-11-22T13:00:00Z,223.32,17.79,400.00,98.50,99.00,223.32,0.00,17.79,0.00,none
2024-11-22T14:00:00Z,174.27,6.68,400.00,98.50,99.00,174.27,0.00,6.68,0.00,none
2024-11-22T15:00:00Z,126.05,0.00,400.00,98.50,99.00,126.05,0.00,0.00,0.00,none
2024-11-22T16:00:00Z,129.48,0.00,400.00,98.50,99.00,129.48,0.00,0.00,0.00,none
2024-11-22T17:00:00Z,148.86,0.00,400.00,98.50,99.00,148.86,0.00,0.00,0.00,none
2024-11-22T18:00:00Z,136.54,0.00,400.00,98.50,99.00,136.54,0.00,0.00,0.00,none
2024-11-22T19:00:00Z,109.78,0.00,400.00,98.50,99.00,109.78,0.00,0.00,0.00,none
2024-11-22T20:00:00Z,88.56,0.00,400.00,98.50,99.00,88.56,0.00,0.00,0.00,none
2024-11-22T21:00:00Z,159.23,0.00,400.00,98.50,99.00,159.23,0.00,0.00,0.00,none
2024-11-22T22:00:00Z,200.86,0.00,400.00,98.50,99.00,200.86,0.00,0.00,0.00,none
2024-11-22T23:00:00Z,161.90,0.00,400.00,98.50,99.00,161.90,0.00,0.00,0.00,none
2024-11-23T00:00:00Z,143.85,0.00,400.00,98.50,99.00,143.85,0.00,0.00,0.00,none
2024-11-23T01:00:00Z,91.27,0.00,400.00,98.50,99.00,91.27,0.00,0.00,0.00,none
2024-11-23T02:00:00Z,40.51,0.00,400.00,98.50,99.00,40.51,0.00,0.00,0.00,none
2024-11-23T03:00:00Z,36.89,0.81,400.00,98.50,99.00,36.89,0.00,0.81,0.00,none
2024-11-23T04:00:00Z,145.09,9.17,400.00,98.50,99.00,145.09,0.00,9.17,0.00,none
2024-11-23T05:00:00Z,305.60,19.87,400.00,98.50,99.00,305.60,0.00,4.40,15.47,wind_priority_shared_poi_headroom
2024-11-23T06:00:00Z,305.60,32.10,400.00,98.50,99.00,305.60,0.00,4.40,27.69,wind_priority_shared_poi_headroom
2024-11-23T07:00:00Z,286.65,37.96,400.00,98.50,99.00,286.65,0.00,23.35,14.61,wind_priority_shared_poi_headroom
2024-11-23T08:00:00Z,267.48,42.62,400.00,98.50,99.00,267.48,0.00,42.52,0.10,wind_priority_shared_poi_headroom
2024-11-23T09:00:00Z,245.62,39.04,400.00,98.50,99.00,245.62,0.00,39.04,0.00,none
2024-11-23T10:00:00Z,216.74,38.20,400.00,98.50,99.00,216.74,0.00,38.20,0.00,none
2024-11-23T11:00:00Z,179.96,28.67,400.00,98.50,99.00,179.96,0.00,28.67,0.00,none
2024-11-23T12:00:00Z,153.99,12.21,400.00,98.50,99.00,153.99,0.00,12.21,0.00,none
2024-11-23T13:00:00Z,142.61,6.68,400.00,98.50,99.00,142.61,0.00,6.68,0.00,none
2024-11-23T14:00:00Z,127.19,2.41,400.00,98.50,99.00,127.19,0.00,2.41,0.00,none
2024-11-23T15:00:00Z,93.12,0.00,400.00,98.50,99.00,93.12,0.00,0.00,0.00,none
2024-11-23T16:00:00Z,86.78,0.00,400.00,98.50,99.00,86.78,0.00,0.00,0.00,none
2024-11-23T17:00:00Z,77.40,0.00,400.00,98.50,99.00,77.40,0.00,0.00,0.00,none
2024-11-23T18:00:00Z,50.25,0.00,400.00,98.50,99.00,50.25,0.00,0.00,0.00,none
2024-11-23T19:00:00Z,41.58,0.00,400.00,98.50,99.00,41.58,0.00,0.00,0.00,none
2024-11-23T20:00:00Z,84.15,0.00,400.00,98.50,99.00,84.15,0.00,0.00,0.00,none
2024-11-23T21:00:00Z,107.73,0.00,400.00,98.50,99.00,107.73,0.00,0.00,0.00,none
2024-11-23T22:00:00Z,108.75,0.00,400.00,98.50,99.00,108.75,0.00,0.00,0.00,none
2024-11-23T23:00:00Z,101.71,0.00,400.00,98.50,99.00,101.71,0.00,0.00,0.00,none
2024-11-24T00:00:00Z,55.33,0.00,400.00,98.50,99.00,55.33,0.00,0.00,0.00,none
2024-11-24T01:00:00Z,50.86,0.00,400.00,98.50,99.00,50.86,0.00,0.00,0.00,none
2024-11-24T02:00:00Z,19.95,0.00,400.00,98.50,99.00,19.95,0.00,0.00,0.00,none
2024-11-24T03:00:00Z,14.55,0.88,400.00,98.50,99.00,14.55,0.00,0.88,0.00,none
2024-11-24T04:00:00Z,15.10,8.24,400.00,98.50,99.00,15.10,0.00,8.24,0.00,none
2024-11-24T05:00:00Z,77.40,17.06,400.00,98.50,99.00,77.40,0.00,17.06,0.00,none
2024-11-24T06:00:00Z,128.33,29.24,400.00,98.50,99.00,128.33,0.00,29.24,0.00,none
2024-11-24T07:00:00Z,165.95,42.39,400.00,98.50,99.00,165.95,0.00,42.39,0.00,none
2024-11-24T08:00:00Z,178.52,52.68,400.00,98.50,99.00,178.52,0.00,52.68,0.00,none
2024-11-24T09:00:00Z,163.24,56.81,400.00,98.50,99.00,163.24,0.00,56.81,0.00,none
2024-11-24T10:00:00Z,141.38,52.75,400.00,98.50,99.00,141.38,0.00,52.75,0.00,none
2024-11-24T11:00:00Z,113.98,44.14,400.00,98.50,99.00,113.98,0.00,44.14,0.00,none
2024-11-24T12:00:00Z,88.56,33.83,400.00,98.50,99.00,88.56,0.00,33.83,0.00,none
2024-11-24T13:00:00Z,71.03,20.51,400.00,98.50,99.00,71.03,0.00,20.51,0.00,none
2024-11-24T14:00:00Z,58.67,7.60,400.00,98.50,99.00,58.67,0.00,7.60,0.00,none
2024-11-24T15:00:00Z,41.58,0.00,400.00,98.50,99.00,41.58,0.00,0.00,0.00,none
2024-11-24T16:00:00Z,37.90,0.00,400.00,98.50,99.00,37.90,0.00,0.00,0.00,none
2024-11-24T17:00:00Z,39.98,0.00,400.00,98.50,99.00,39.98,0.00,0.00,0.00,none
2024-11-24T18:00:00Z,39.45,0.00,400.00,98.50,99.00,39.45,0.00,0.00,0.00,none
2024-11-24T19:00:00Z,42.67,0.00,400.00,98.50,99.00,42.67,0.00,0.00,0.00,none
2024-11-24T20:00:00Z,42.13,0.00,400.00,98.50,99.00,42.13,0.00,0.00,0.00,none
2024-11-24T21:00:00Z,34.93,0.00,400.00,98.50,99.00,34.93,0.00,0.00,0.00,none
2024-11-24T22:00:00Z,28.18,0.00,400.00,98.50,99.00,28.18,0.00,0.00,0.00,none
2024-11-24T23:00:00Z,44.92,0.00,400.00,98.50,99.00,44.92,0.00,0.00,0.00,none
2024-11-25T00:00:00Z,67.23,0.00,400.00,98.50,99.00,67.23,0.00,0.00,0.00,none
2024-11-25T01:00:00Z,63.57,0.00,400.00,98.50,99.00,63.57,0.00,0.00,0.00,none
2024-11-25T02:00:00Z,29.89,0.00,400.00,98.50,99.00,29.89,0.00,0.00,0.00,none
2024-11-25T03:00:00Z,8.62,0.64,400.00,98.50,99.00,8.62,0.00,0.64,0.00,none
2024-11-25T04:00:00Z,23.09,6.69,400.00,98.50,99.00,23.09,0.00,6.69,0.00,none
2024-11-25T05:00:00Z,73.38,15.04,400.00,98.50,99.00,73.38,0.00,15.04,0.00,none
2024-11-25T06:00:00Z,84.15,24.92,400.00,98.50,99.00,84.15,0.00,24.92,0.00,none
2024-11-25T07:00:00Z,73.38,35.84,400.00,98.50,99.00,73.38,0.00,35.84,0.00,none
2024-11-25T08:00:00Z,49.64,42.89,400.00,98.50,99.00,49.64,0.00,42.89,0.00,none
2024-11-25T09:00:00Z,24.59,39.37,400.00,98.50,99.00,24.59,0.00,39.37,0.00,none
2024-11-25T10:00:00Z,13.76,30.59,400.00,98.50,99.00,13.76,0.00,30.59,0.00,none
2024-11-25T11:00:00Z,10.44,20.02,400.00,98.50,99.00,10.44,0.00,20.02,0.00,none
2024-11-25T12:00:00Z,9.00,11.04,400.00,98.50,99.00,9.00,0.00,11.04,0.00,none
2024-11-25T13:00:00Z,8.62,6.38,400.00,98.50,99.00,8.62,0.00,6.38,0.00,none
2024-11-25T14:00:00Z,8.43,2.29,400.00,98.50,99.00,8.43,0.00,2.29,0.00,none
2024-11-25T15:00:00Z,7.19,0.08,400.00,98.50,99.00,7.19,0.00,0.08,0.00,none
2024-11-25T16:00:00Z,13.25,0.00,400.00,98.50,99.00,13.25,0.00,0.00,0.00,none
2024-11-25T17:00:00Z,29.03,0.00,400.00,98.50,99.00,29.03,0.00,0.00,0.00,none
2024-11-25T18:00:00Z,25.75,0.00,400.00,98.50,99.00,25.75,0.00,0.00,0.00,none
2024-11-25T19:00:00Z,27.77,0.00,400.00,98.50,99.00,27.77,0.00,0.00,0.00,none
2024-11-25T20:00:00Z,23.09,0.00,400.00,98.50,99.00,23.09,0.00,0.00,0.00,none
2024-11-25T21:00:00Z,12.75,0.00,400.00,98.50,99.00,12.75,0.00,0.00,0.00,none
2024-11-25T22:00:00Z,7.53,0.00,400.00,98.50,99.00,7.53,0.00,0.00,0.00,none
2024-11-25T23:00:00Z,18.97,0.00,400.00,98.50,99.00,18.97,0.00,0.00,0.00,none
2024-11-26T00:00:00Z,20.29,0.00,400.00,98.50,99.00,20.29,0.00,0.00,0.00,none
2024-11-26T01:00:00Z,22.01,0.00,400.00,98.50,99.00,22.01,0.00,0.00,0.00,none
2024-11-26T02:00:00Z,26.14,0.00,400.00,98.50,99.00,26.14,0.00,0.00,0.00,none
2024-11-26T03:00:00Z,27.36,0.72,400.00,98.50,99.00,27.36,0.00,0.72,0.00,none
2024-11-26T04:00:00Z,37.40,6.76,400.00,98.50,99.00,37.40,0.00,6.76,0.00,none
2024-11-26T05:00:00Z,62.85,14.52,400.00,98.50,99.00,62.85,0.00,14.52,0.00,none
2024-11-26T06:00:00Z,42.13,23.90,400.00,98.50,99.00,42.13,0.00,23.90,0.00,none
2024-11-26T07:00:00Z,22.01,36.75,400.00,98.50,99.00,22.01,0.00,36.75,0.00,none
2024-11-26T08:00:00Z,12.26,46.62,400.00,98.50,99.00,12.26,0.00,46.62,0.00,none
2024-11-26T09:00:00Z,9.40,49.83,400.00,98.50,99.00,9.40,0.00,49.83,0.00,none
2024-11-26T10:00:00Z,8.62,41.71,400.00,98.50,99.00,8.62,0.00,41.71,0.00,none
2024-11-26T11:00:00Z,4.20,36.95,400.00,98.50,99.00,4.20,0.00,36.95,0.00,none
2024-11-26T12:00:00Z,0.95,23.77,400.00,98.50,99.00,0.95,0.00,23.77,0.00,none
2024-11-26T13:00:00Z,0.05,13.46,400.00,98.50,99.00,0.05,0.00,13.46,0.00,none
2024-11-26T14:00:00Z,0.00,4.70,400.00,98.50,99.00,0.00,0.00,4.70,0.00,none
2024-11-26T15:00:00Z,0.00,0.14,400.00,98.50,99.00,0.00,0.00,0.14,0.00,none
2024-11-26T16:00:00Z,0.00,0.00,400.00,98.50,99.00,0.00,0.00,0.00,0.00,none
2024-11-26T17:00:00Z,0.00,0.00,400.00,98.50,99.00,0.00,0.00,0.00,0.00,none
2024-11-26T18:00:00Z,0.00,0.00,400.00,98.50,99.00,0.00,0.00,0.00,0.00,none
2024-11-26T19:00:00Z,0.00,0.00,400.00,98.50,99.00,0.00,0.00,0.00,0.00,none
2024-11-26T20:00:00Z,0.00,0.00,400.00,98.50,99.00,0.00,0.00,0.00,0.00,none
2024-11-26T21:00:00Z,0.00,0.00,400.00,98.50,99.00,0.00,0.00,0.00,0.00,none
2024-11-26T22:00:00Z,0.00,0.00,400.00,98.50,99.00,0.00,0.00,0.00,0.00,none
2024-11-26T23:00:00Z,0.00,0.00,400.00,98.50,99.00,0.00,0.00,0.00,0.00,none
2024-11-27T00:00:00Z,0.00,0.00,400.00,98.50,99.00,0.00,0.00,0.00,0.00,none
2024-11-27T01:00:00Z,0.00,0.00,400.00,98.50,99.00,0.00,0.00,0.00,0.00,none
2024-11-27T02:00:00Z,0.00,0.00,400.00,98.50,99.00,0.00,0.00,0.00,0.00,none
2024-11-27T03:00:00Z,0.00,0.69,400.00,98.50,99.00,0.00,0.00,0.69,0.00,none
2024-11-27T04:00:00Z,0.00,6.80,400.00,98.50,99.00,0.00,0.00,6.80,0.00,none
2024-11-27T05:00:00Z,0.67,14.50,400.00,98.50,99.00,0.67,0.00,14.50,0.00,none
2024-11-27T06:00:00Z,6.38,23.49,400.00,98.50,99.00,6.38,0.00,23.49,0.00,none
2024-11-27T07:00:00Z,15.94,33.17,400.00,98.50,99.00,15.94,0.00,33.17,0.00,none
2024-11-27T08:00:00Z,22.73,37.03,400.00,98.50,99.00,22.73,0.00,37.03,0.00,none
2024-11-27T09:00:00Z,20.96,32.65,400.00,98.50,99.00,20.96,0.00,32.65,0.00,none
2024-11-27T10:00:00Z,23.83,36.59,400.00,98.50,99.00,23.83,0.00,36.59,0.00,none
2024-11-27T11:00:00Z,27.36,28.78,400.00,98.50,99.00,27.36,0.00,28.78,0.00,none
2024-11-27T12:00:00Z,30.77,22.62,400.00,98.50,99.00,30.77,0.00,22.62,0.00,none
2024-11-27T13:00:00Z,21.31,13.22,400.00,98.50,99.00,21.31,0.00,13.22,0.00,none
2024-11-27T14:00:00Z,5.35,4.92,400.00,98.50,99.00,5.35,0.00,4.92,0.00,none
2024-11-27T15:00:00Z,0.26,0.18,400.00,98.50,99.00,0.26,0.00,0.18,0.00,none
2024-11-27T16:00:00Z,0.00,0.00,400.00,98.50,99.00,0.00,0.00,0.00,0.00,none
2024-11-27T17:00:00Z,0.00,0.00,400.00,98.50,99.00,0.00,0.00,0.00,0.00,none
2024-11-27T18:00:00Z,0.00,0.00,400.00,98.50,99.00,0.00,0.00,0.00,0.00,none
2024-11-27T19:00:00Z,0.00,0.00,400.00,98.50,99.00,0.00,0.00,0.00,0.00,none
2024-11-27T20:00:00Z,0.00,0.00,400.00,98.50,99.00,0.00,0.00,0.00,0.00,none
2024-11-27T21:00:00Z,0.00,0.00,400.00,98.50,99.00,0.00,0.00,0.00,0.00,none
2024-11-27T22:00:00Z,0.00,0.00,400.00,98.50,99.00,0.00,0.00,0.00,0.00,none
2024-11-27T23:00:00Z,0.00,0.00,400.00,98.50,99.00,0.00,0.00,0.00,0.00,none
2024-11-28T00:00:00Z,0.00,0.00,400.00,98.50,99.00,0.00,0.00,0.00,0.00,none
2024-11-28T01:00:00Z,0.00,0.00,400.00,98.50,99.00,0.00,0.00,0.00,0.00,none
2024-11-28T02:00:00Z,0.00,0.00,400.00,98.50,99.00,0.00,0.00,0.00,0.00,none
2024-11-28T03:00:00Z,0.00,0.56,400.00,98.50,99.00,0.00,0.00,0.56,0.00,none
2024-11-28T04:00:00Z,0.00,6.40,400.00,98.50,99.00,0.00,0.00,6.40,0.00,none
2024-11-28T05:00:00Z,0.00,13.89,400.00,98.50,99.00,0.00,0.00,13.89,0.00,none
2024-11-28T06:00:00Z,0.00,22.57,400.00,98.50,99.00,0.00,0.00,22.57,0.00,none
2024-11-28T07:00:00Z,0.00,26.30,400.00,98.50,99.00,0.00,0.00,26.30,0.00,none
2024-11-28T08:00:00Z,0.02,26.22,400.00,98.50,99.00,0.02,0.00,26.22,0.00,none
2024-11-28T09:00:00Z,7.02,25.22,400.00,98.50,99.00,7.02,0.00,25.22,0.00,none
2024-11-28T10:00:00Z,18.97,34.25,400.00,98.50,99.00,18.97,0.00,34.25,0.00,none
2024-11-28T11:00:00Z,16.52,30.70,400.00,98.50,99.00,16.52,0.00,30.70,0.00,none
2024-11-28T12:00:00Z,8.43,26.58,400.00,98.50,99.00,8.43,0.00,26.58,0.00,none
2024-11-28T13:00:00Z,1.76,15.95,400.00,98.50,99.00,1.76,0.00,15.95,0.00,none
2024-11-28T14:00:00Z,0.00,5.71,400.00,98.50,99.00,0.00,0.00,5.71,0.00,none
2024-11-28T15:00:00Z,0.00,0.20,400.00,98.50,99.00,0.00,0.00,0.20,0.00,none
2024-11-28T16:00:00Z,0.00,0.00,400.00,98.50,99.00,0.00,0.00,0.00,0.00,none
2024-11-28T17:00:00Z,0.00,0.00,400.00,98.50,99.00,0.00,0.00,0.00,0.00,none
2024-11-28T18:00:00Z,0.00,0.00,400.00,98.50,99.00,0.00,0.00,0.00,0.00,none
2024-11-28T19:00:00Z,0.00,0.00,400.00,98.50,99.00,0.00,0.00,0.00,0.00,none
2024-11-28T20:00:00Z,0.00,0.00,400.00,98.50,99.00,0.00,0.00,0.00,0.00,none
2024-11-28T21:00:00Z,0.00,0.00,400.00,98.50,99.00,0.00,0.00,0.00,0.00,none
2024-11-28T22:00:00Z,0.00,0.00,400.00,98.50,99.00,0.00,0.00,0.00,0.00,none
2024-11-28T23:00:00Z,0.00,0.00,400.00,98.50,99.00,0.00,0.00,0.00,0.00,none
2024-11-29T00:00:00Z,0.00,0.00,400.00,98.50,99.00,0.00,0.00,0.00,0.00,none
2024-11-29T01:00:00Z,0.05,0.00,400.00,98.50,99.00,0.05,0.00,0.00,0.00,none
2024-11-29T02:00:00Z,0.49,0.00,400.00,98.50,99.00,0.49,0.00,0.00,0.00,none
2024-11-29T03:00:00Z,1.97,0.70,400.00,98.50,99.00,1.97,0.00,0.70,0.00,none
2024-11-29T04:00:00Z,7.02,7.35,400.00,98.50,99.00,7.02,0.00,7.35,0.00,none
2024-11-29T05:00:00Z,35.90,15.92,400.00,98.50,99.00,35.90,0.00,15.92,0.00,none
2024-11-29T06:00:00Z,51.49,25.17,400.00,98.50,99.00,51.49,0.00,25.17,0.00,none
2024-11-29T07:00:00Z,32.57,32.85,400.00,98.50,99.00,32.57,0.00,32.85,0.00,none
2024-11-29T08:00:00Z,11.33,29.07,400.00,98.50,99.00,11.33,0.00,29.07,0.00,none
2024-11-29T09:00:00Z,2.59,16.01,400.00,98.50,99.00,2.59,0.00,16.01,0.00,none
2024-11-29T10:00:00Z,0.09,10.00,400.00,98.50,99.00,0.09,0.00,10.00,0.00,none
2024-11-29T11:00:00Z,0.00,27.87,400.00,98.50,99.00,0.00,0.00,27.87,0.00,none
2024-11-29T12:00:00Z,0.01,22.86,400.00,98.50,99.00,0.01,0.00,22.86,0.00,none
2024-11-29T13:00:00Z,0.00,14.28,400.00,98.50,99.00,0.00,0.00,14.28,0.00,none
2024-11-29T14:00:00Z,0.00,5.50,400.00,98.50,99.00,0.00,0.00,5.50,0.00,none
2024-11-29T15:00:00Z,0.00,0.21,400.00,98.50,99.00,0.00,0.00,0.21,0.00,none
2024-11-29T16:00:00Z,0.00,0.00,400.00,98.50,99.00,0.00,0.00,0.00,0.00,none
2024-11-29T17:00:00Z,0.00,0.00,400.00,98.50,99.00,0.00,0.00,0.00,0.00,none
2024-11-29T18:00:00Z,0.00,0.00,400.00,98.50,99.00,0.00,0.00,0.00,0.00,none
2024-11-29T19:00:00Z,0.00,0.00,400.00,98.50,99.00,0.00,0.00,0.00,0.00,none
2024-11-29T20:00:00Z,0.00,0.00,400.00,98.50,99.00,0.00,0.00,0.00,0.00,none
2024-11-29T21:00:00Z,0.00,0.00,400.00,98.50,99.00,0.00,0.00,0.00,0.00,none
2024-11-29T22:00:00Z,0.00,0.00,400.00,98.50,99.00,0.00,0.00,0.00,0.00,none
2024-11-29T23:00:00Z,0.00,0.00,400.00,98.50,99.00,0.00,0.00,0.00,0.00,none
2024-11-30T00:00:00Z,0.00,0.00,400.00,98.50,99.00,0.00,0.00,0.00,0.00,none
2024-11-30T01:00:00Z,0.00,0.00,400.00,98.50,99.00,0.00,0.00,0.00,0.00,none
2024-11-30T02:00:00Z,0.00,0.00,400.00,98.50,99.00,0.00,0.00,0.00,0.00,none
2024-11-30T03:00:00Z,0.00,0.82,400.00,98.50,99.00,0.00,0.00,0.82,0.00,none
2024-11-30T04:00:00Z,0.00,10.20,400.00,98.50,99.00,0.00,0.00,10.20,0.00,none
2024-11-30T05:00:00Z,0.00,22.97,400.00,98.50,99.00,0.00,0.00,22.97,0.00,none
2024-11-30T06:00:00Z,0.00,35.96,400.00,98.50,99.00,0.00,0.00,35.96,0.00,none
2024-11-30T07:00:00Z,0.00,48.72,400.00,98.50,99.00,0.00,0.00,48.72,0.00,none
2024-11-30T08:00:00Z,0.00,54.55,400.00,98.50,99.00,0.00,0.00,54.55,0.00,none
2024-11-30T09:00:00Z,0.00,52.23,400.00,98.50,99.00,0.00,0.00,52.23,0.00,none
2024-11-30T10:00:00Z,0.09,51.01,400.00,98.50,99.00,0.09,0.00,51.01,0.00,none
2024-11-30T11:00:00Z,0.13,43.45,400.00,98.50,99.00,0.13,0.00,43.45,0.00,none
2024-11-30T12:00:00Z,0.00,33.47,400.00,98.50,99.00,0.00,0.00,33.47,0.00,none
2024-11-30T13:00:00Z,0.00,20.78,400.00,98.50,99.00,0.00,0.00,20.78,0.00,none
2024-11-30T14:00:00Z,0.00,7.96,400.00,98.50,99.00,0.00,0.00,7.96,0.00,none
2024-11-30T15:00:00Z,0.00,0.25,400.00,98.50,99.00,0.00,0.00,0.25,0.00,none
2024-11-30T16:00:00Z,0.00,0.00,400.00,98.50,99.00,0.00,0.00,0.00,0.00,none
2024-11-30T17:00:00Z,0.00,0.00,400.00,98.50,99.00,0.00,0.00,0.00,0.00,none
2024-11-30T18:00:00Z,0.00,0.00,400.00,98.50,99.00,0.00,0.00,0.00,0.00,none
2024-11-30T19:00:00Z,0.00,0.00,400.00,98.50,99.00,0.00,0.00,0.00,0.00,none
2024-11-30T20:00:00Z,0.00,0.00,400.00,98.50,99.00,0.00,0.00,0.00,0.00,none
2024-11-30T21:00:00Z,0.00,0.00,400.00,98.50,99.00,0.00,0.00,0.00,0.00,none
2024-11-30T22:00:00Z,0.00,0.00,400.00,98.50,99.00,0.00,0.00,0.00,0.00,none
2024-11-30T23:00:00Z,0.00,0.00,400.00,98.50,99.00,0.00,0.00,0.00,0.00,none
2024-12-01T00:00:00Z,0.00,0.00,400.00,98.50,99.00,0.00,0.00,0.00,0.00,none
2024-12-01T01:00:00Z,0.00,0.00,400.00,98.50,99.00,0.00,0.00,0.00,0.00,none
2024-12-01T02:00:00Z,0.00,0.00,400.00,98.50,99.00,0.00,0.00,0.00,0.00,none
2024-12-01T03:00:00Z,0.04,0.88,400.00,98.50,99.00,0.04,0.00,0.88,0.00,none
2024-12-01T04:00:00Z,0.16,11.37,400.00,98.50,99.00,0.16,0.00,11.37,0.00,none
2024-12-01T05:00:00Z,2.76,24.88,400.00,98.50,99.00,2.76,0.00,24.88,0.00,none
2024-12-01T06:00:00Z,4.20,38.96,400.00,98.50,99.00,4.20,0.00,38.96,0.00,none
2024-12-01T07:00:00Z,8.25,49.07,400.00,98.50,99.00,8.25,0.00,49.07,0.00,none
2024-12-01T08:00:00Z,15.66,54.24,400.00,98.50,99.00,15.66,0.00,54.24,0.00,none
2024-12-01T09:00:00Z,32.11,51.88,400.00,98.50,99.00,32.11,0.00,51.88,0.00,none
2024-12-01T10:00:00Z,51.49,48.99,400.00,98.50,99.00,51.49,0.00,48.99,0.00,none
2024-12-01T11:00:00Z,65.02,39.17,400.00,98.50,99.00,65.02,0.00,39.17,0.00,none
2024-12-01T12:00:00Z,74.17,32.21,400.00,98.50,99.00,74.17,0.00,32.21,0.00,none
2024-12-01T13:00:00Z,77.40,21.52,400.00,98.50,99.00,77.40,0.00,21.52,0.00,none
2024-12-01T14:00:00Z,64.29,8.19,400.00,98.50,99.00,64.29,0.00,8.19,0.00,none
2024-12-01T15:00:00Z,24.21,0.26,400.00,98.50,99.00,24.21,0.00,0.26,0.00,none
2024-12-01T16:00:00Z,18.03,0.00,400.00,98.50,99.00,18.03,0.00,0.00,0.00,none
2024-12-01T17:00:00Z,26.95,0.00,400.00,98.50,99.00,26.95,0.00,0.00,0.00,none
2024-12-01T18:00:00Z,53.38,0.00,400.00,98.50,99.00,53.38,0.00,0.00,0.00,none
2024-12-01T19:00:00Z,80.73,0.00,400.00,98.50,99.00,80.73,0.00,0.00,0.00,none
2024-12-01T20:00:00Z,101.71,0.00,400.00,98.50,99.00,101.71,0.00,0.00,0.00,none
2024-12-01T21:00:00Z,98.79,0.00,400.00,98.50,99.00,98.79,0.00,0.00,0.00,none
2024-12-01T22:00:00Z,60.04,0.00,400.00,98.50,99.00,60.04,0.00,0.00,0.00,none
2024-12-01T23:00:00Z,38.93,0.00,400.00,98.50,99.00,38.93,0.00,0.00,0.00,none
2024-12-02T00:00:00Z,28.60,0.00,400.00,98.50,99.00,28.60,0.00,0.00,0.00,none
2024-12-02T01:00:00Z,22.37,0.00,400.00,98.50,99.00,22.37,0.00,0.00,0.00,none
2024-12-02T02:00:00Z,15.37,0.00,400.00,98.50,99.00,15.37,0.00,0.00,0.00,none
2024-12-02T03:00:00Z,9.60,0.91,400.00,98.50,99.00,9.60,0.00,0.91,0.00,none
2024-12-02T04:00:00Z,11.56,12.08,400.00,98.50,99.00,11.56,0.00,12.08,0.00,none
2024-12-02T05:00:00Z,136.54,27.33,400.00,98.50,99.00,136.54,0.00,27.33,0.00,none
2024-12-02T06:00:00Z,167.32,41.18,400.00,98.50,99.00,167.32,0.00,41.18,0.00,none
2024-12-02T07:00:00Z,160.56,51.91,400.00,98.50,99.00,160.56,0.00,51.91,0.00,none
2024-12-02T08:00:00Z,152.69,58.41,400.00,98.50,99.00,152.69,0.00,58.41,0.00,none
2024-12-02T09:00:00Z,147.59,59.20,400.00,98.50,99.00,147.59,0.00,59.20,0.00,none
2024-12-02T10:00:00Z,135.35,53.48,400.00,98.50,99.00,135.35,0.00,53.48,0.00,none
2024-12-02T11:00:00Z,112.92,46.52,400.00,98.50,99.00,112.92,0.00,46.52,0.00,none
2024-12-02T12:00:00Z,91.27,35.05,400.00,98.50,99.00,91.27,0.00,35.05,0.00,none
2024-12-02T13:00:00Z,73.38,22.29,400.00,98.50,99.00,73.38,0.00,22.29,0.00,none
2024-12-02T14:00:00Z,54.03,8.26,400.00,98.50,99.00,54.03,0.00,8.26,0.00,none
2024-12-02T15:00:00Z,19.30,0.28,400.00,98.50,99.00,19.30,0.00,0.28,0.00,none
2024-12-02T16:00:00Z,17.11,0.00,400.00,98.50,99.00,17.11,0.00,0.00,0.00,none
2024-12-02T17:00:00Z,39.98,0.00,400.00,98.50,99.00,39.98,0.00,0.00,0.00,none
2024-12-02T18:00:00Z,86.78,0.00,400.00,98.50,99.00,86.78,0.00,0.00,0.00,none
2024-12-02T19:00:00Z,138.95,0.00,400.00,98.50,99.00,138.95,0.00,0.00,0.00,none
2024-12-02T20:00:00Z,172.86,0.00,400.00,98.50,99.00,172.86,0.00,0.00,0.00,none
2024-12-02T21:00:00Z,182.85,0.00,400.00,98.50,99.00,182.85,0.00,0.00,0.00,none
2024-12-02T22:00:00Z,168.69,0.00,400.00,98.50,99.00,168.69,0.00,0.00,0.00,none
2024-12-02T23:00:00Z,152.69,0.00,400.00,98.50,99.00,152.69,0.00,0.00,0.00,none
2024-12-03T00:00:00Z,155.29,0.00,400.00,98.50,99.00,155.29,0.00,0.00,0.00,none
2024-12-03T01:00:00Z,159.23,0.00,400.00,98.50,99.00,159.23,0.00,0.00,0.00,none
2024-12-03T02:00:00Z,155.29,0.00,400.00,98.50,99.00,155.29,0.00,0.00,0.00,none
2024-12-03T03:00:00Z,75.78,0.93,400.00,98.50,99.00,75.78,0.00,0.93,0.00,none
2024-12-03T04:00:00Z,44.35,12.40,400.00,98.50,99.00,44.35,0.00,12.40,0.00,none
2024-12-03T05:00:00Z,260.05,27.76,400.00,98.50,99.00,260.05,0.00,27.76,0.00,none
2024-12-03T06:00:00Z,305.60,41.88,400.00,98.50,99.00,305.60,0.00,4.40,37.47,wind_priority_shared_poi_headroom
2024-12-03T07:00:00Z,305.60,52.70,400.00,98.50,99.00,305.60,0.00,4.40,48.30,wind_priority_shared_poi_headroom
2024-12-03T08:00:00Z,254.58,59.64,400.00,98.50,99.00,254.58,0.00,55.42,4.22,wind_priority_shared_poi_headroom
2024-12-03T09:00:00Z,185.78,60.76,400.00,98.50,99.00,185.78,0.00,60.76,0.00,none
2024-12-03T10:00:00Z,126.05,57.69,400.00,98.50,99.00,126.05,0.00,57.69,0.00,none
2024-12-03T11:00:00Z,82.43,49.68,400.00,98.50,99.00,82.43,0.00,49.68,0.00,none
2024-12-03T12:00:00Z,55.98,38.00,400.00,98.50,99.00,55.98,0.00,38.00,0.00,none
2024-12-03T13:00:00Z,38.93,23.84,400.00,98.50,99.00,38.93,0.00,23.84,0.00,none
2024-12-03T14:00:00Z,20.29,8.97,400.00,98.50,99.00,20.29,0.00,8.97,0.00,none
2024-12-03T15:00:00Z,3.23,0.31,400.00,98.50,99.00,3.23,0.00,0.31,0.00,none
2024-12-03T16:00:00Z,4.20,0.00,400.00,98.50,99.00,4.20,0.00,0.00,0.00,none
2024-12-03T17:00:00Z,14.55,0.00,400.00,98.50,99.00,14.55,0.00,0.00,0.00,none
2024-12-03T18:00:00Z,38.42,0.00,400.00,98.50,99.00,38.42,0.00,0.00,0.00,none
2024-12-03T19:00:00Z,71.03,0.00,400.00,98.50,99.00,71.03,0.00,0.00,0.00,none
2024-12-03T20:00:00Z,107.73,0.00,400.00,98.50,99.00,107.73,0.00,0.00,0.00,none
2024-12-03T21:00:00Z,155.29,0.00,400.00,98.50,99.00,155.29,0.00,0.00,0.00,none
2024-12-03T22:00:00Z,213.50,0.00,400.00,98.50,99.00,213.50,0.00,0.00,0.00,none
2024-12-03T23:00:00Z,271.24,0.00,400.00,98.50,99.00,271.24,0.00,0.00,0.00,none
2024-12-04T00:00:00Z,302.64,0.00,400.00,98.50,99.00,302.64,0.00,0.00,0.00,none
2024-12-04T01:00:00Z,296.58,0.00,400.00,98.50,99.00,296.58,0.00,0.00,0.00,none
2024-12-04T02:00:00Z,170.08,0.00,400.00,98.50,99.00,170.08,0.00,0.00,0.00,none
2024-12-04T03:00:00Z,87.66,0.88,400.00,98.50,99.00,87.66,0.00,0.88,0.00,none
2024-12-04T04:00:00Z,54.67,12.08,400.00,98.50,99.00,54.67,0.00,12.08,0.00,none
2024-12-04T05:00:00Z,305.60,27.46,400.00,98.50,99.00,305.60,0.00,4.40,23.06,wind_priority_shared_poi_headroom
2024-12-04T06:00:00Z,305.60,41.53,400.00,98.50,99.00,305.60,0.00,4.40,37.12,wind_priority_shared_poi_headroom
2024-12-04T07:00:00Z,305.60,52.58,400.00,98.50,99.00,305.60,0.00,4.40,48.17,wind_priority_shared_poi_headroom
2024-12-04T08:00:00Z,305.60,59.49,400.00,98.50,99.00,305.60,0.00,4.40,55.09,wind_priority_shared_poi_headroom
2024-12-04T09:00:00Z,273.14,61.17,400.00,98.50,99.00,273.14,0.00,36.86,24.31,wind_priority_shared_poi_headroom
2024-12-04T10:00:00Z,150.13,58.22,400.00,98.50,99.00,150.13,0.00,58.22,0.00,none
2024-12-04T11:00:00Z,80.73,50.58,400.00,98.50,99.00,80.73,0.00,50.58,0.00,none
2024-12-04T12:00:00Z,44.35,39.05,400.00,98.50,99.00,44.35,0.00,39.05,0.00,none
2024-12-04T13:00:00Z,24.97,24.35,400.00,98.50,99.00,24.97,0.00,24.35,0.00,none
2024-12-04T14:00:00Z,11.10,9.17,400.00,98.50,99.00,11.10,0.00,9.17,0.00,none
2024-12-04T15:00:00Z,1.70,0.32,400.00,98.50,99.00,1.70,0.00,0.32,0.00,none
2024-12-04T16:00:00Z,4.32,0.00,400.00,98.50,99.00,4.32,0.00,0.00,0.00,none
2024-12-04T17:00:00Z,24.59,0.00,400.00,98.50,99.00,24.59,0.00,0.00,0.00,none
2024-12-04T18:00:00Z,86.78,0.00,400.00,98.50,99.00,86.78,0.00,0.00,0.00,none
2024-12-04T19:00:00Z,194.73,0.00,400.00,98.50,99.00,194.73,0.00,0.00,0.00,none
2024-12-04T20:00:00Z,305.60,0.00,400.00,98.50,99.00,305.60,0.00,0.00,0.00,none
2024-12-04T21:00:00Z,305.60,0.00,400.00,98.50,99.00,305.60,0.00,0.00,0.00,none
2024-12-04T22:00:00Z,305.60,0.00,400.00,98.50,99.00,305.60,0.00,0.00,0.00,none
2024-12-04T23:00:00Z,305.60,0.00,400.00,98.50,99.00,305.60,0.00,0.00,0.00,none
2024-12-05T00:00:00Z,305.60,0.00,400.00,98.50,99.00,305.60,0.00,0.00,0.00,none
2024-12-05T01:00:00Z,196.25,0.00,400.00,98.50,99.00,196.25,0.00,0.00,0.00,none
2024-12-05T02:00:00Z,129.48,0.00,400.00,98.50,99.00,129.48,0.00,0.00,0.00,none
2024-12-05T03:00:00Z,74.17,0.85,400.00,98.50,99.00,74.17,0.00,0.85,0.00,none
2024-12-05T04:00:00Z,35.90,11.99,400.00,98.50,99.00,35.90,0.00,11.99,0.00,none
2024-12-05T05:00:00Z,305.60,27.33,400.00,98.50,99.00,305.60,0.00,4.40,22.92,wind_priority_shared_poi_headroom
2024-12-05T06:00:00Z,305.60,41.42,400.00,98.50,99.00,305.60,0.00,4.40,37.02,wind_priority_shared_poi_headroom
2024-12-05T07:00:00Z,305.60,52.37,400.00,98.50,99.00,305.60,0.00,4.40,47.97,wind_priority_shared_poi_headroom
2024-12-05T08:00:00Z,305.60,59.29,400.00,98.50,99.00,305.60,0.00,4.40,54.88,wind_priority_shared_poi_headroom
2024-12-05T09:00:00Z,305.60,59.63,400.00,98.50,99.00,305.60,0.00,4.40,55.23,wind_priority_shared_poi_headroom
2024-12-05T10:00:00Z,296.58,55.78,400.00,98.50,99.00,296.58,0.00,13.42,42.36,wind_priority_shared_poi_headroom
2024-12-05T11:00:00Z,179.96,47.29,400.00,98.50,99.00,179.96,0.00,47.29,0.00,none
2024-12-05T12:00:00Z,111.87,37.61,400.00,98.50,99.00,111.87,0.00,37.61,0.00,none
2024-12-05T13:00:00Z,76.59,23.50,400.00,98.50,99.00,76.59,0.00,23.50,0.00,none
2024-12-05T14:00:00Z,52.11,8.78,400.00,98.50,99.00,52.11,0.00,8.78,0.00,none
2024-12-05T15:00:00Z,31.66,0.32,400.00,98.50,99.00,31.66,0.00,0.32,0.00,none
2024-12-05T16:00:00Z,63.57,0.00,400.00,98.50,99.00,63.57,0.00,0.00,0.00,none
2024-12-05T17:00:00Z,141.38,0.00,400.00,98.50,99.00,141.38,0.00,0.00,0.00,none
2024-12-05T18:00:00Z,231.73,0.00,400.00,98.50,99.00,231.73,0.00,0.00,0.00,none
2024-12-05T19:00:00Z,273.14,0.00,400.00,98.50,99.00,273.14,0.00,0.00,0.00,none
2024-12-05T20:00:00Z,304.68,0.00,400.00,98.50,99.00,304.68,0.00,0.00,0.00,none
2024-12-05T21:00:00Z,300.61,0.00,400.00,98.50,99.00,300.61,0.00,0.00,0.00,none
2024-12-05T22:00:00Z,269.36,0.00,400.00,98.50,99.00,269.36,0.00,0.00,0.00,none
2024-12-05T23:00:00Z,156.59,0.00,400.00,98.50,99.00,156.59,0.00,0.00,0.00,none
2024-12-06T00:00:00Z,113.98,0.00,400.00,98.50,99.00,113.98,0.00,0.00,0.00,none
2024-12-06T01:00:00Z,93.12,0.00,400.00,98.50,99.00,93.12,0.00,0.00,0.00,none
2024-12-06T02:00:00Z,82.43,0.00,400.00,98.50,99.00,82.43,0.00,0.00,0.00,none
2024-12-06T03:00:00Z,62.14,0.78,400.00,98.50,99.00,62.14,0.00,0.78,0.00,none
2024-12-06T04:00:00Z,47.24,11.45,400.00,98.50,99.00,47.24,0.00,11.45,0.00,none
2024-12-06T05:00:00Z,305.60,26.54,400.00,98.50,99.00,305.60,0.00,4.40,22.14,wind_priority_shared_poi_headroom
2024-12-06T06:00:00Z,305.60,40.54,400.00,98.50,99.00,305.60,0.00,4.40,36.14,wind_priority_shared_poi_headroom
2024-12-06T07:00:00Z,305.60,51.72,400.00,98.50,99.00,305.60,0.00,4.40,47.32,wind_priority_shared_poi_headroom
2024-12-06T08:00:00Z,305.60,58.88,400.00,98.50,99.00,305.60,0.00,4.40,54.47,wind_priority_shared_poi_headroom
2024-12-06T09:00:00Z,275.04,60.06,400.00,98.50,99.00,275.04,0.00,34.96,25.10,wind_priority_shared_poi_headroom
2024-12-06T10:00:00Z,190.22,57.26,400.00,98.50,99.00,190.22,0.00,57.26,0.00,none
2024-12-06T11:00:00Z,129.48,48.99,400.00,98.50,99.00,129.48,0.00,48.99,0.00,none
2024-12-06T12:00:00Z,82.43,37.82,400.00,98.50,99.00,82.43,0.00,37.82,0.00,none
2024-12-06T13:00:00Z,60.04,23.65,400.00,98.50,99.00,60.04,0.00,23.65,0.00,none
2024-12-06T14:00:00Z,42.67,8.88,400.00,98.50,99.00,42.67,0.00,8.88,0.00,none
2024-12-06T15:00:00Z,20.96,0.34,400.00,98.50,99.00,20.96,0.00,0.34,0.00,none
2024-12-06T16:00:00Z,33.04,0.00,400.00,98.50,99.00,33.04,0.00,0.00,0.00,none
2024-12-06T17:00:00Z,73.38,0.00,400.00,98.50,99.00,73.38,0.00,0.00,0.00,none
2024-12-06T18:00:00Z,151.41,0.00,400.00,98.50,99.00,151.41,0.00,0.00,0.00,none
2024-12-06T19:00:00Z,236.87,0.00,400.00,98.50,99.00,236.87,0.00,0.00,0.00,none
2024-12-06T20:00:00Z,305.60,0.00,400.00,98.50,99.00,305.60,0.00,0.00,0.00,none
2024-12-06T21:00:00Z,305.60,0.00,400.00,98.50,99.00,305.60,0.00,0.00,0.00,none
2024-12-06T22:00:00Z,305.60,0.00,400.00,98.50,99.00,305.60,0.00,0.00,0.00,none
2024-12-06T23:00:00Z,305.60,0.00,400.00,98.50,99.00,305.60,0.00,0.00,0.00,none
2024-12-07T00:00:00Z,305.60,0.00,400.00,98.50,99.00,305.60,0.00,0.00,0.00,none
2024-12-07T01:00:00Z,305.60,0.00,400.00,98.50,99.00,305.60,0.00,0.00,0.00,none
2024-12-07T02:00:00Z,233.44,0.00,400.00,98.50,99.00,233.44,0.00,0.00,0.00,none
2024-12-07T03:00:00Z,175.68,0.78,400.00,98.50,99.00,175.68,0.00,0.78,0.00,none
2024-12-07T04:00:00Z,72.59,11.66,400.00,98.50,99.00,72.59,0.00,11.66,0.00,none
2024-12-07T05:00:00Z,286.65,27.04,400.00,98.50,99.00,286.65,0.00,23.35,3.69,wind_priority_shared_poi_headroom
2024-12-07T06:00:00Z,305.60,41.24,400.00,98.50,99.00,305.60,0.00,4.40,36.84,wind_priority_shared_poi_headroom
2024-12-07T07:00:00Z,305.60,52.30,400.00,98.50,99.00,305.60,0.00,4.40,47.89,wind_priority_shared_poi_headroom
2024-12-07T08:00:00Z,305.60,59.09,400.00,98.50,99.00,305.60,0.00,4.40,54.68,wind_priority_shared_poi_headroom
2024-12-07T09:00:00Z,305.60,60.17,400.00,98.50,99.00,305.60,0.00,4.40,55.76,wind_priority_shared_poi_headroom
2024-12-07T10:00:00Z,197.78,55.89,400.00,98.50,99.00,197.78,0.00,55.89,0.00,none
2024-12-07T11:00:00Z,113.98,49.66,400.00,98.50,99.00,113.98,0.00,49.66,0.00,none
2024-12-07T12:00:00Z,75.78,37.59,400.00,98.50,99.00,75.78,0.00,37.59,0.00,none
2024-12-07T13:00:00Z,62.85,23.43,400.00,98.50,99.00,62.85,0.00,23.43,0.00,none
2024-12-07T14:00:00Z,55.98,8.97,400.00,98.50,99.00,55.98,0.00,8.97,0.00,none
2024-12-07T15:00:00Z,37.90,0.34,400.00,98.50,99.00,37.90,0.00,0.34,0.00,none
2024-12-07T16:00:00Z,65.02,0.00,400.00,98.50,99.00,65.02,0.00,0.00,0.00,none
2024-12-07T17:00:00Z,116.11,0.00,400.00,98.50,99.00,116.11,0.00,0.00,0.00,none
2024-12-07T18:00:00Z,187.25,0.00,400.00,98.50,99.00,187.25,0.00,0.00,0.00,none
2024-12-07T19:00:00Z,240.35,0.00,400.00,98.50,99.00,240.35,0.00,0.00,0.00,none
2024-12-07T20:00:00Z,250.97,0.00,400.00,98.50,99.00,250.97,0.00,0.00,0.00,none
2024-12-07T21:00:00Z,197.78,0.00,400.00,98.50,99.00,197.78,0.00,0.00,0.00,none
2024-12-07T22:00:00Z,123.79,0.00,400.00,98.50,99.00,123.79,0.00,0.00,0.00,none
2024-12-07T23:00:00Z,102.70,0.00,400.00,98.50,99.00,102.70,0.00,0.00,0.00,none
2024-12-08T00:00:00Z,98.79,0.00,400.00,98.50,99.00,98.79,0.00,0.00,0.00,none
2024-12-08T01:00:00Z,92.19,0.00,400.00,98.50,99.00,92.19,0.00,0.00,0.00,none
2024-12-08T02:00:00Z,85.02,0.00,400.00,98.50,99.00,85.02,0.00,0.00,0.00,none
2024-12-08T03:00:00Z,73.38,0.73,400.00,98.50,99.00,73.38,0.00,0.73,0.00,none
2024-12-08T04:00:00Z,48.43,11.34,400.00,98.50,99.00,48.43,0.00,11.34,0.00,none
2024-12-08T05:00:00Z,305.60,26.46,400.00,98.50,99.00,305.60,0.00,4.40,22.06,wind_priority_shared_poi_headroom
2024-12-08T06:00:00Z,305.60,40.54,400.00,98.50,99.00,305.60,0.00,4.40,36.14,wind_priority_shared_poi_headroom
2024-12-08T07:00:00Z,305.60,51.57,400.00,98.50,99.00,305.60,0.00,4.40,47.16,wind_priority_shared_poi_headroom
2024-12-08T08:00:00Z,305.60,58.40,400.00,98.50,99.00,305.60,0.00,4.40,54.00,wind_priority_shared_poi_headroom
2024-12-08T09:00:00Z,305.60,60.15,400.00,98.50,99.00,305.60,0.00,4.40,55.75,wind_priority_shared_poi_headroom
2024-12-08T10:00:00Z,298.59,56.13,400.00,98.50,99.00,298.59,0.00,11.41,44.72,wind_priority_shared_poi_headroom
2024-12-08T11:00:00Z,216.74,49.65,400.00,98.50,99.00,216.74,0.00,49.65,0.00,none
2024-12-08T12:00:00Z,182.85,37.96,400.00,98.50,99.00,182.85,0.00,37.96,0.00,none
2024-12-08T13:00:00Z,184.31,23.91,400.00,98.50,99.00,184.31,0.00,23.91,0.00,none
2024-12-08T14:00:00Z,178.52,9.14,400.00,98.50,99.00,178.52,0.00,9.14,0.00,none
2024-12-08T15:00:00Z,123.79,0.36,400.00,98.50,99.00,123.79,0.00,0.36,0.00,none
2024-12-08T16:00:00Z,131.81,0.00,400.00,98.50,99.00,131.81,0.00,0.00,0.00,none
2024-12-08T17:00:00Z,163.24,0.00,400.00,98.50,99.00,163.24,0.00,0.00,0.00,none
2024-12-08T18:00:00Z,188.73,0.00,400.00,98.50,99.00,188.73,0.00,0.00,0.00,none
2024-12-08T19:00:00Z,152.69,0.00,400.00,98.50,99.00,152.69,0.00,0.00,0.00,none
2024-12-08T20:00:00Z,216.74,0.00,400.00,98.50,99.00,216.74,0.00,0.00,0.00,none
2024-12-08T21:00:00Z,224.98,0.00,400.00,98.50,99.00,224.98,0.00,0.00,0.00,none
2024-12-08T22:00:00Z,271.24,0.00,400.00,98.50,99.00,271.24,0.00,0.00,0.00,none
2024-12-08T23:00:00Z,275.04,0.00,400.00,98.50,99.00,275.04,0.00,0.00,0.00,none
2024-12-09T00:00:00Z,240.35,0.00,400.00,98.50,99.00,240.35,0.00,0.00,0.00,none
2024-12-09T01:00:00Z,185.78,0.00,400.00,98.50,99.00,185.78,0.00,0.00,0.00,none
2024-12-09T02:00:00Z,124.92,0.00,400.00,98.50,99.00,124.92,0.00,0.00,0.00,none
2024-12-09T03:00:00Z,96.87,0.69,400.00,98.50,99.00,96.87,0.00,0.69,0.00,none
2024-12-09T04:00:00Z,93.12,10.82,400.00,98.50,99.00,93.12,0.00,10.82,0.00,none
2024-12-09T05:00:00Z,305.60,25.67,400.00,98.50,99.00,305.60,0.00,4.40,21.27,wind_priority_shared_poi_headroom
2024-12-09T06:00:00Z,305.60,39.42,400.00,98.50,99.00,305.60,0.00,4.40,35.02,wind_priority_shared_poi_headroom
2024-12-09T07:00:00Z,305.60,50.17,400.00,98.50,99.00,305.60,0.00,4.40,45.77,wind_priority_shared_poi_headroom
2024-12-09T08:00:00Z,305.60,56.28,400.00,98.50,99.00,305.60,0.00,4.40,51.87,wind_priority_shared_poi_headroom
2024-12-09T09:00:00Z,305.60,53.96,400.00,98.50,99.00,305.60,0.00,4.40,49.56,wind_priority_shared_poi_headroom
2024-12-09T10:00:00Z,207.12,48.58,400.00,98.50,99.00,207.12,0.00,48.58,0.00,none
2024-12-09T11:00:00Z,156.59,46.28,400.00,98.50,99.00,156.59,0.00,46.28,0.00,none
2024-12-09T12:00:00Z,147.59,35.05,400.00,98.50,99.00,147.59,0.00,35.05,0.00,none
2024-12-09T13:00:00Z,170.08,22.18,400.00,98.50,99.00,170.08,0.00,22.18,0.00,none
2024-12-09T14:00:00Z,210.29,8.44,400.00,98.50,99.00,210.29,0.00,8.44,0.00,none
2024-12-09T15:00:00Z,221.66,0.35,400.00,98.50,99.00,221.66,0.00,0.35,0.00,none
2024-12-09T16:00:00Z,305.60,0.00,400.00,98.50,99.00,305.60,0.00,0.00,0.00,none
2024-12-09T17:00:00Z,305.60,0.00,400.00,98.50,99.00,305.60,0.00,0.00,0.00,none
2024-12-09T18:00:00Z,236.87,0.00,400.00,98.50,99.00,236.87,0.00,0.00,0.00,none
2024-12-09T19:00:00Z,220.01,0.00,400.00,98.50,99.00,220.01,0.00,0.00,0.00,none
2024-12-09T20:00:00Z,240.35,0.00,400.00,98.50,99.00,240.35,0.00,0.00,0.00,none
2024-12-09T21:00:00Z,238.61,0.00,400.00,98.50,99.00,238.61,0.00,0.00,0.00,none
2024-12-09T22:00:00Z,197.78,0.00,400.00,98.50,99.00,197.78,0.00,0.00,0.00,none
2024-12-09T23:00:00Z,141.38,0.00,400.00,98.50,99.00,141.38,0.00,0.00,0.00,none
2024-12-10T00:00:00Z,94.05,0.00,400.00,98.50,99.00,94.05,0.00,0.00,0.00,none
2024-12-10T01:00:00Z,58.67,0.00,400.00,98.50,99.00,58.67,0.00,0.00,0.00,none
2024-12-10T02:00:00Z,35.90,0.00,400.00,98.50,99.00,35.90,0.00,0.00,0.00,none
2024-12-10T03:00:00Z,20.96,0.67,400.00,98.50,99.00,20.96,0.00,0.67,0.00,none
2024-12-10T04:00:00Z,38.93,11.10,400.00,98.50,99.00,38.93,0.00,11.10,0.00,none
2024-12-10T05:00:00Z,305.60,25.85,400.00,98.50,99.00,305.60,0.00,4.40,21.45,wind_priority_shared_poi_headroom
2024-12-10T06:00:00Z,305.60,40.08,400.00,98.50,99.00,305.60,0.00,4.40,35.68,wind_priority_shared_poi_headroom
2024-12-10T07:00:00Z,305.60,50.80,400.00,98.50,99.00,305.60,0.00,4.40,46.39,wind_priority_shared_poi_headroom
2024-12-10T08:00:00Z,305.60,57.60,400.00,98.50,99.00,305.60,0.00,4.40,53.20,wind_priority_shared_poi_headroom
2024-12-10T09:00:00Z,247.39,58.07,400.00,98.50,99.00,247.39,0.00,58.07,0.00,none
2024-12-10T10:00:00Z,184.31,53.66,400.00,98.50,99.00,184.31,0.00,53.66,0.00,none
2024-12-10T11:00:00Z,129.48,45.84,400.00,98.50,99.00,129.48,0.00,45.84,0.00,none
2024-12-10T12:00:00Z,96.87,36.95,400.00,98.50,99.00,96.87,0.00,36.95,0.00,none
2024-12-10T13:00:00Z,88.56,22.93,400.00,98.50,99.00,88.56,0.00,22.93,0.00,none
2024-12-10T14:00:00Z,92.19,8.50,400.00,98.50,99.00,92.19,0.00,8.50,0.00,none
2024-12-10T15:00:00Z,78.23,0.36,400.00,98.50,99.00,78.23,0.00,0.36,0.00,none
2024-12-10T16:00:00Z,104.69,0.00,400.00,98.50,99.00,104.69,0.00,0.00,0.00,none
2024-12-10T17:00:00Z,163.24,0.00,400.00,98.50,99.00,163.24,0.00,0.00,0.00,none
2024-12-10T18:00:00Z,194.73,0.00,400.00,98.50,99.00,194.73,0.00,0.00,0.00,none
2024-12-10T19:00:00Z,220.01,0.00,400.00,98.50,99.00,220.01,0.00,0.00,0.00,none
2024-12-10T20:00:00Z,197.78,0.00,400.00,98.50,99.00,197.78,0.00,0.00,0.00,none
2024-12-10T21:00:00Z,182.85,0.00,400.00,98.50,99.00,182.85,0.00,0.00,0.00,none
2024-12-10T22:00:00Z,152.69,0.00,400.00,98.50,99.00,152.69,0.00,0.00,0.00,none
2024-12-10T23:00:00Z,138.95,0.00,400.00,98.50,99.00,138.95,0.00,0.00,0.00,none
2024-12-11T00:00:00Z,117.19,0.00,400.00,98.50,99.00,117.19,0.00,0.00,0.00,none
2024-12-11T01:00:00Z,92.19,0.00,400.00,98.50,99.00,92.19,0.00,0.00,0.00,none
2024-12-11T02:00:00Z,78.23,0.00,400.00,98.50,99.00,78.23,0.00,0.00,0.00,none
2024-12-11T03:00:00Z,72.59,0.64,400.00,98.50,99.00,72.59,0.00,0.64,0.00,none
2024-12-11T04:00:00Z,148.86,10.72,400.00,98.50,99.00,148.86,0.00,10.72,0.00,none
2024-12-11T05:00:00Z,305.60,25.57,400.00,98.50,99.00,305.60,0.00,4.40,21.16,wind_priority_shared_poi_headroom
2024-12-11T06:00:00Z,305.60,39.48,400.00,98.50,99.00,305.60,0.00,4.40,35.07,wind_priority_shared_poi_headroom
2024-12-11T07:00:00Z,305.60,50.46,400.00,98.50,99.00,305.60,0.00,4.40,46.05,wind_priority_shared_poi_headroom
2024-12-11T08:00:00Z,305.60,57.40,400.00,98.50,99.00,305.60,0.00,4.40,53.00,wind_priority_shared_poi_headroom
2024-12-11T09:00:00Z,305.60,58.34,400.00,98.50,99.00,305.60,0.00,4.40,53.94,wind_priority_shared_poi_headroom
2024-12-11T10:00:00Z,305.60,54.41,400.00,98.50,99.00,305.60,0.00,4.40,50.01,wind_priority_shared_poi_headroom
2024-12-11T11:00:00Z,286.65,46.80,400.00,98.50,99.00,286.65,0.00,23.35,23.45,wind_priority_shared_poi_headroom
2024-12-11T12:00:00Z,243.85,36.01,400.00,98.50,99.00,243.85,0.00,36.01,0.00,none
2024-12-11T13:00:00Z,236.87,22.47,400.00,98.50,99.00,236.87,0.00,22.47,0.00,none
2024-12-11T14:00:00Z,240.35,8.67,400.00,98.50,99.00,240.35,0.00,8.67,0.00,none
2024-12-11T15:00:00Z,203.97,0.40,400.00,98.50,99.00,203.97,0.00,0.40,0.00,none
2024-12-11T16:00:00Z,254.58,0.00,400.00,98.50,99.00,254.58,0.00,0.00,0.00,none
2024-12-11T17:00:00Z,305.60,0.00,400.00,98.50,99.00,305.60,0.00,0.00,0.00,none
2024-12-11T18:00:00Z,305.60,0.00,400.00,98.50,99.00,305.60,0.00,0.00,0.00,none
2024-12-11T19:00:00Z,288.62,0.00,400.00,98.50,99.00,288.62,0.00,0.00,0.00,none
2024-12-11T20:00:00Z,182.85,0.00,400.00,98.50,99.00,182.85,0.00,0.00,0.00,none
2024-12-11T21:00:00Z,161.90,0.00,400.00,98.50,99.00,161.90,0.00,0.00,0.00,none
2024-12-11T22:00:00Z,141.38,0.00,400.00,98.50,99.00,141.38,0.00,0.00,0.00,none
2024-12-11T23:00:00Z,116.11,0.00,400.00,98.50,99.00,116.11,0.00,0.00,0.00,none
2024-12-12T00:00:00Z,97.83,0.00,400.00,98.50,99.00,97.83,0.00,0.00,0.00,none
2024-12-12T01:00:00Z,85.02,0.00,400.00,98.50,99.00,85.02,0.00,0.00,0.00,none
2024-12-12T02:00:00Z,76.59,0.00,400.00,98.50,99.00,76.59,0.00,0.00,0.00,none
2024-12-12T03:00:00Z,65.75,0.63,400.00,98.50,99.00,65.75,0.00,0.63,0.00,none
2024-12-12T04:00:00Z,117.19,10.67,400.00,98.50,99.00,117.19,0.00,10.67,0.00,none
2024-12-12T05:00:00Z,305.60,25.46,400.00,98.50,99.00,305.60,0.00,4.40,21.06,wind_priority_shared_poi_headroom
2024-12-12T06:00:00Z,305.60,39.16,400.00,98.50,99.00,305.60,0.00,4.40,34.76,wind_priority_shared_poi_headroom
2024-12-12T07:00:00Z,305.60,50.36,400.00,98.50,99.00,305.60,0.00,4.40,45.96,wind_priority_shared_poi_headroom
2024-12-12T08:00:00Z,305.60,57.26,400.00,98.50,99.00,305.60,0.00,4.40,52.85,wind_priority_shared_poi_headroom
2024-12-12T09:00:00Z,305.60,56.79,400.00,98.50,99.00,305.60,0.00,4.40,52.38,wind_priority_shared_poi_headroom
2024-12-12T10:00:00Z,305.60,45.75,400.00,98.50,99.00,305.60,0.00,4.40,41.35,wind_priority_shared_poi_headroom
2024-12-12T11:00:00Z,213.50,46.73,400.00,98.50,99.00,213.50,0.00,46.73,0.00,none
2024-12-12T12:00:00Z,130.64,35.40,400.00,98.50,99.00,130.64,0.00,35.40,0.00,none
2024-12-12T13:00:00Z,87.66,21.96,400.00,98.50,99.00,87.66,0.00,21.96,0.00,none
2024-12-12T14:00:00Z,63.57,8.53,400.00,98.50,99.00,63.57,0.00,8.53,0.00,none
2024-12-12T15:00:00Z,48.43,0.40,400.00,98.50,99.00,48.43,0.00,0.40,0.00,none
2024-12-12T16:00:00Z,81.58,0.00,400.00,98.50,99.00,81.58,0.00,0.00,0.00,none
2024-12-12T17:00:00Z,164.59,0.00,400.00,98.50,99.00,164.59,0.00,0.00,0.00,none
2024-12-12T18:00:00Z,263.75,0.00,400.00,98.50,99.00,263.75,0.00,0.00,0.00,none
2024-12-12T19:00:00Z,305.60,0.00,400.00,98.50,99.00,305.60,0.00,0.00,0.00,none
2024-12-12T20:00:00Z,305.60,0.00,400.00,98.50,99.00,305.60,0.00,0.00,0.00,none
2024-12-12T21:00:00Z,193.22,0.00,400.00,98.50,99.00,193.22,0.00,0.00,0.00,none
2024-12-12T22:00:00Z,170.08,0.00,400.00,98.50,99.00,170.08,0.00,0.00,0.00,none
2024-12-12T23:00:00Z,141.38,0.00,400.00,98.50,99.00,141.38,0.00,0.00,0.00,none
2024-12-13T00:00:00Z,104.69,0.00,400.00,98.50,99.00,104.69,0.00,0.00,0.00,none
2024-12-13T01:00:00Z,70.26,0.00,400.00,98.50,99.00,70.26,0.00,0.00,0.00,none
2024-12-13T02:00:00Z,47.24,0.00,400.00,98.50,99.00,47.24,0.00,0.00,0.00,none
2024-12-13T03:00:00Z,34.45,0.58,400.00,98.50,99.00,34.45,0.00,0.58,0.00,none
2024-12-13T04:00:00Z,65.02,10.25,400.00,98.50,99.00,65.02,0.00,10.25,0.00,none
2024-12-13T05:00:00Z,305.60,24.95,400.00,98.50,99.00,305.60,0.00,4.40,20.55,wind_priority_shared_poi_headroom
2024-12-13T06:00:00Z,305.60,38.65,400.00,98.50,99.00,305.60,0.00,4.40,34.25,wind_priority_shared_poi_headroom
2024-12-13T07:00:00Z,305.60,49.68,400.00,98.50,99.00,305.60,0.00,4.40,45.28,wind_priority_shared_poi_headroom
2024-12-13T08:00:00Z,273.14,56.72,400.00,98.50,99.00,273.14,0.00,36.86,19.85,wind_priority_shared_poi_headroom
2024-12-13T09:00:00Z,161.90,57.79,400.00,98.50,99.00,161.90,0.00,57.79,0.00,none
2024-12-13T10:00:00Z,68.73,51.75,400.00,98.50,99.00,68.73,0.00,51.75,0.00,none
2024-12-13T11:00:00Z,21.66,47.47,400.00,98.50,99.00,21.66,0.00,47.47,0.00,none
2024-12-13T12:00:00Z,5.78,36.29,400.00,98.50,99.00,5.78,0.00,36.29,0.00,none
2024-12-13T13:00:00Z,1.76,22.83,400.00,98.50,99.00,1.76,0.00,22.83,0.00,none
2024-12-13T14:00:00Z,0.49,8.75,400.00,98.50,99.00,0.49,0.00,8.75,0.00,none
2024-12-13T15:00:00Z,0.01,0.41,400.00,98.50,99.00,0.01,0.00,0.41,0.00,none
2024-12-13T16:00:00Z,0.03,0.00,400.00,98.50,99.00,0.03,0.00,0.00,0.00,none
2024-12-13T17:00:00Z,1.70,0.00,400.00,98.50,99.00,1.70,0.00,0.00,0.00,none
2024-12-13T18:00:00Z,13.76,0.00,400.00,98.50,99.00,13.76,0.00,0.00,0.00,none
2024-12-13T19:00:00Z,41.04,0.00,400.00,98.50,99.00,41.04,0.00,0.00,0.00,none
2024-12-13T20:00:00Z,65.02,0.00,400.00,98.50,99.00,65.02,0.00,0.00,0.00,none
2024-12-13T21:00:00Z,67.23,0.00,400.00,98.50,99.00,67.23,0.00,0.00,0.00,none
2024-12-13T22:00:00Z,55.33,0.00,400.00,98.50,99.00,55.33,0.00,0.00,0.00,none
2024-12-13T23:00:00Z,45.49,0.00,400.00,98.50,99.00,45.49,0.00,0.00,0.00,none
2024-12-14T00:00:00Z,70.26,0.00,400.00,98.50,99.00,70.26,0.00,0.00,0.00,none
2024-12-14T01:00:00Z,54.03,0.00,400.00,98.50,99.00,54.03,0.00,0.00,0.00,none
2024-12-14T02:00:00Z,32.11,0.00,400.00,98.50,99.00,32.11,0.00,0.00,0.00,none
2024-12-14T03:00:00Z,28.18,0.55,400.00,98.50,99.00,28.18,0.00,0.55,0.00,none
2024-12-14T04:00:00Z,49.03,10.04,400.00,98.50,99.00,49.03,0.00,10.04,0.00,none
2024-12-14T05:00:00Z,305.60,24.74,400.00,98.50,99.00,305.60,0.00,4.40,20.33,wind_priority_shared_poi_headroom
2024-12-14T06:00:00Z,305.60,38.59,400.00,98.50,99.00,305.60,0.00,4.40,34.19,wind_priority_shared_poi_headroom
2024-12-14T07:00:00Z,305.60,49.63,400.00,98.50,99.00,305.60,0.00,4.40,45.23,wind_priority_shared_poi_headroom
2024-12-14T08:00:00Z,305.60,56.65,400.00,98.50,99.00,305.60,0.00,4.40,52.25,wind_priority_shared_poi_headroom
2024-12-14T09:00:00Z,231.73,58.49,400.00,98.50,99.00,231.73,0.00,58.49,0.00,none
2024-12-14T10:00:00Z,135.35,54.19,400.00,98.50,99.00,135.35,0.00,54.19,0.00,none
2024-12-14T11:00:00Z,74.17,46.12,400.00,98.50,99.00,74.17,0.00,46.12,0.00,none
2024-12-14T12:00:00Z,41.04,36.01,400.00,98.50,99.00,41.04,0.00,36.01,0.00,none
2024-12-14T13:00:00Z,26.54,23.00,400.00,98.50,99.00,26.54,0.00,23.00,0.00,none
2024-12-14T14:00:00Z,19.62,8.89,400.00,98.50,99.00,19.62,0.00,8.89,0.00,none
2024-12-14T15:00:00Z,10.23,0.42,400.00,98.50,99.00,10.23,0.00,0.42,0.00,none
2024-12-14T16:00:00Z,15.10,0.00,400.00,98.50,99.00,15.10,0.00,0.00,0.00,none
2024-12-14T17:00:00Z,35.41,0.00,400.00,98.50,99.00,35.41,0.00,0.00,0.00,none
2024-12-14T18:00:00Z,78.23,0.00,400.00,98.50,99.00,78.23,0.00,0.00,0.00,none
2024-12-14T19:00:00Z,132.98,0.00,400.00,98.50,99.00,132.98,0.00,0.00,0.00,none
2024-12-14T20:00:00Z,174.27,0.00,400.00,98.50,99.00,174.27,0.00,0.00,0.00,none
2024-12-14T21:00:00Z,134.16,0.00,400.00,98.50,99.00,134.16,0.00,0.00,0.00,none
2024-12-14T22:00:00Z,93.12,0.00,400.00,98.50,99.00,93.12,0.00,0.00,0.00,none
2024-12-14T23:00:00Z,69.49,0.00,400.00,98.50,99.00,69.49,0.00,0.00,0.00,none
2024-12-15T00:00:00Z,50.86,0.00,400.00,98.50,99.00,50.86,0.00,0.00,0.00,none
2024-12-15T01:00:00Z,39.45,0.00,400.00,98.50,99.00,39.45,0.00,0.00,0.00,none
2024-12-15T02:00:00Z,37.40,0.00,400.00,98.50,99.00,37.40,0.00,0.00,0.00,none
2024-12-15T03:00:00Z,84.15,0.55,400.00,98.50,99.00,84.15,0.00,0.55,0.00,none
2024-12-15T04:00:00Z,228.34,10.46,400.00,98.50,99.00,228.34,0.00,10.46,0.00,none
2024-12-15T05:00:00Z,305.60,25.35,400.00,98.50,99.00,305.60,0.00,4.40,20.95,wind_priority_shared_poi_headroom
2024-12-15T06:00:00Z,305.60,39.10,400.00,98.50,99.00,305.60,0.00,4.40,34.70,wind_priority_shared_poi_headroom
2024-12-15T07:00:00Z,305.60,50.08,400.00,98.50,99.00,305.60,0.00,4.40,45.68,wind_priority_shared_poi_headroom
2024-12-15T08:00:00Z,305.60,57.30,400.00,98.50,99.00,305.60,0.00,4.40,52.90,wind_priority_shared_poi_headroom
2024-12-15T09:00:00Z,305.60,58.77,400.00,98.50,99.00,305.60,0.00,4.40,54.36,wind_priority_shared_poi_headroom
2024-12-15T10:00:00Z,305.60,55.38,400.00,98.50,99.00,305.60,0.00,4.40,50.97,wind_priority_shared_poi_headroom
2024-12-15T11:00:00Z,305.60,44.63,400.00,98.50,99.00,305.60,0.00,4.40,40.22,wind_priority_shared_poi_headroom
2024-12-15T12:00:00Z,250.97,35.13,400.00,98.50,99.00,250.97,0.00,35.13,0.00,none
2024-12-15T13:00:00Z,223.32,22.72,400.00,98.50,99.00,223.32,0.00,22.72,0.00,none
2024-12-15T14:00:00Z,202.41,9.34,400.00,98.50,99.00,202.41,0.00,9.34,0.00,none
2024-12-15T15:00:00Z,146.34,0.46,400.00,98.50,99.00,146.34,0.00,0.46,0.00,none
2024-12-15T16:00:00Z,179.96,0.00,400.00,98.50,99.00,179.96,0.00,0.00,0.00,none
2024-12-15T17:00:00Z,276.96,0.00,400.00,98.50,99.00,276.96,0.00,0.00,0.00,none
2024-12-15T18:00:00Z,305.60,0.00,400.00,98.50,99.00,305.60,0.00,0.00,0.00,none
2024-12-15T19:00:00Z,305.60,0.00,400.00,98.50,99.00,305.60,0.00,0.00,0.00,none
2024-12-15T20:00:00Z,305.60,0.00,400.00,98.50,99.00,305.60,0.00,0.00,0.00,none
2024-12-15T21:00:00Z,305.60,0.00,400.00,98.50,99.00,305.60,0.00,0.00,0.00,none
2024-12-15T22:00:00Z,305.60,0.00,400.00,98.50,99.00,305.60,0.00,0.00,0.00,none
2024-12-15T23:00:00Z,292.58,0.00,400.00,98.50,99.00,292.58,0.00,0.00,0.00,none
2024-12-16T00:00:00Z,275.04,0.00,400.00,98.50,99.00,275.04,0.00,0.00,0.00,none
2024-12-16T01:00:00Z,258.22,0.00,400.00,98.50,99.00,258.22,0.00,0.00,0.00,none
2024-12-16T02:00:00Z,228.34,0.00,400.00,98.50,99.00,228.34,0.00,0.00,0.00,none
2024-12-16T03:00:00Z,203.97,0.54,400.00,98.50,99.00,203.97,0.00,0.54,0.00,none
2024-12-16T04:00:00Z,160.56,10.47,400.00,98.50,99.00,160.56,0.00,10.47,0.00,none
2024-12-16T05:00:00Z,305.60,25.44,400.00,98.50,99.00,305.60,0.00,4.40,21.04,wind_priority_shared_poi_headroom
2024-12-16T06:00:00Z,305.60,39.42,400.00,98.50,99.00,305.60,0.00,4.40,35.01,wind_priority_shared_poi_headroom
2024-12-16T07:00:00Z,305.60,50.41,400.00,98.50,99.00,305.60,0.00,4.40,46.01,wind_priority_shared_poi_headroom
2024-12-16T08:00:00Z,305.60,57.07,400.00,98.50,99.00,305.60,0.00,4.40,52.67,wind_priority_shared_poi_headroom
2024-12-16T09:00:00Z,305.60,55.80,400.00,98.50,99.00,305.60,0.00,4.40,51.39,wind_priority_shared_poi_headroom
2024-12-16T10:00:00Z,305.60,52.59,400.00,98.50,99.00,305.60,0.00,4.40,48.18,wind_priority_shared_poi_headroom
2024-12-16T11:00:00Z,305.60,44.31,400.00,98.50,99.00,305.60,0.00,4.40,39.91,wind_priority_shared_poi_headroom
2024-12-16T12:00:00Z,305.60,35.41,400.00,98.50,99.00,305.60,0.00,4.40,31.00,wind_priority_shared_poi_headroom
2024-12-16T13:00:00Z,271.24,23.10,400.00,98.50,99.00,271.24,0.00,23.10,0.00,none
2024-12-16T14:00:00Z,216.74,9.33,400.00,98.50,99.00,216.74,0.00,9.33,0.00,none
2024-12-16T15:00:00Z,153.99,0.49,400.00,98.50,99.00,153.99,0.00,0.49,0.00,none
2024-12-16T16:00:00Z,210.29,0.00,400.00,98.50,99.00,210.29,0.00,0.00,0.00,none
2024-12-16T17:00:00Z,305.60,0.00,400.00,98.50,99.00,305.60,0.00,0.00,0.00,none
2024-12-16T18:00:00Z,305.60,0.00,400.00,98.50,99.00,305.60,0.00,0.00,0.00,none
2024-12-16T19:00:00Z,260.05,0.00,400.00,98.50,99.00,260.05,0.00,0.00,0.00,none
2024-12-16T20:00:00Z,260.05,0.00,400.00,98.50,99.00,260.05,0.00,0.00,0.00,none
2024-12-16T21:00:00Z,242.10,0.00,400.00,98.50,99.00,242.10,0.00,0.00,0.00,none
2024-12-16T22:00:00Z,205.54,0.00,400.00,98.50,99.00,205.54,0.00,0.00,0.00,none
2024-12-16T23:00:00Z,167.32,0.00,400.00,98.50,99.00,167.32,0.00,0.00,0.00,none
2024-12-17T00:00:00Z,141.38,0.00,400.00,98.50,99.00,141.38,0.00,0.00,0.00,none
2024-12-17T01:00:00Z,126.05,0.00,400.00,98.50,99.00,126.05,0.00,0.00,0.00,none
2024-12-17T02:00:00Z,126.05,0.00,400.00,98.50,99.00,126.05,0.00,0.00,0.00,none
2024-12-17T03:00:00Z,132.98,0.52,400.00,98.50,99.00,132.98,0.00,0.52,0.00,none
2024-12-17T04:00:00Z,215.12,10.36,400.00,98.50,99.00,215.12,0.00,10.36,0.00,none
2024-12-17T05:00:00Z,305.60,25.34,400.00,98.50,99.00,305.60,0.00,4.40,20.94,wind_priority_shared_poi_headroom
2024-12-17T06:00:00Z,305.60,39.36,400.00,98.50,99.00,305.60,0.00,4.40,34.96,wind_priority_shared_poi_headroom
2024-12-17T07:00:00Z,305.60,50.20,400.00,98.50,99.00,305.60,0.00,4.40,45.79,wind_priority_shared_poi_headroom
2024-12-17T08:00:00Z,305.60,56.96,400.00,98.50,99.00,305.60,0.00,4.40,52.55,wind_priority_shared_poi_headroom
2024-12-17T09:00:00Z,305.60,56.02,400.00,98.50,99.00,305.60,0.00,4.40,51.61,wind_priority_shared_poi_headroom
2024-12-17T10:00:00Z,305.60,54.30,400.00,98.50,99.00,305.60,0.00,4.40,49.90,wind_priority_shared_poi_headroom
2024-12-17T11:00:00Z,305.60,46.03,400.00,98.50,99.00,305.60,0.00,4.40,41.62,wind_priority_shared_poi_headroom
2024-12-17T12:00:00Z,205.54,37.88,400.00,98.50,99.00,205.54,0.00,37.88,0.00,none
2024-12-17T13:00:00Z,148.86,24.06,400.00,98.50,99.00,148.86,0.00,24.06,0.00,none
2024-12-17T14:00:00Z,115.04,9.88,400.00,98.50,99.00,115.04,0.00,9.88,0.00,none
2024-12-17T15:00:00Z,79.89,0.50,400.00,98.50,99.00,79.89,0.00,0.50,0.00,none
2024-12-17T16:00:00Z,85.02,0.00,400.00,98.50,99.00,85.02,0.00,0.00,0.00,none
2024-12-17T17:00:00Z,118.27,0.00,400.00,98.50,99.00,118.27,0.00,0.00,0.00,none
2024-12-17T18:00:00Z,157.91,0.00,400.00,98.50,99.00,157.91,0.00,0.00,0.00,none
2024-12-17T19:00:00Z,194.73,0.00,400.00,98.50,99.00,194.73,0.00,0.00,0.00,none
2024-12-17T20:00:00Z,207.12,0.00,400.00,98.50,99.00,207.12,0.00,0.00,0.00,none
2024-12-17T21:00:00Z,188.73,0.00,400.00,98.50,99.00,188.73,0.00,0.00,0.00,none
2024-12-17T22:00:00Z,156.59,0.00,400.00,98.50,99.00,156.59,0.00,0.00,0.00,none
2024-12-17T23:00:00Z,122.68,0.00,400.00,98.50,99.00,122.68,0.00,0.00,0.00,none
2024-12-18T00:00:00Z,94.98,0.00,400.00,98.50,99.00,94.98,0.00,0.00,0.00,none
2024-12-18T01:00:00Z,78.23,0.00,400.00,98.50,99.00,78.23,0.00,0.00,0.00,none
2024-12-18T02:00:00Z,70.26,0.00,400.00,98.50,99.00,70.26,0.00,0.00,0.00,none
2024-12-18T03:00:00Z,67.23,0.47,400.00,98.50,99.00,67.23,0.00,0.47,0.00,none
2024-12-18T04:00:00Z,91.27,9.59,400.00,98.50,99.00,91.27,0.00,9.59,0.00,none
2024-12-18T05:00:00Z,305.60,24.24,400.00,98.50,99.00,305.60,0.00,4.40,19.83,wind_priority_shared_poi_headroom
2024-12-18T06:00:00Z,305.60,38.20,400.00,98.50,99.00,305.60,0.00,4.40,33.80,wind_priority_shared_poi_headroom
2024-12-18T07:00:00Z,305.60,49.16,400.00,98.50,99.00,305.60,0.00,4.40,44.75,wind_priority_shared_poi_headroom
2024-12-18T08:00:00Z,305.60,55.99,400.00,98.50,99.00,305.60,0.00,4.40,51.59,wind_priority_shared_poi_headroom
2024-12-18T09:00:00Z,305.60,57.75,400.00,98.50,99.00,305.60,0.00,4.40,53.35,wind_priority_shared_poi_headroom
2024-12-18T10:00:00Z,196.25,52.81,400.00,98.50,99.00,196.25,0.00,52.81,0.00,none
2024-12-18T11:00:00Z,105.70,46.55,400.00,98.50,99.00,105.70,0.00,46.55,0.00,none
2024-12-18T12:00:00Z,57.31,36.56,400.00,98.50,99.00,57.31,0.00,36.56,0.00,none
2024-12-18T13:00:00Z,34.45,23.41,400.00,98.50,99.00,34.45,0.00,23.41,0.00,none
2024-12-18T14:00:00Z,24.97,9.20,400.00,98.50,99.00,24.97,0.00,9.20,0.00,none
2024-12-18T15:00:00Z,16.23,0.49,400.00,98.50,99.00,16.23,0.00,0.49,0.00,none
2024-12-18T16:00:00Z,16.52,0.00,400.00,98.50,99.00,16.52,0.00,0.00,0.00,none
2024-12-18T17:00:00Z,31.21,0.00,400.00,98.50,99.00,31.21,0.00,0.00,0.00,none
2024-12-18T18:00:00Z,62.85,0.00,400.00,98.50,99.00,62.85,0.00,0.00,0.00,none
2024-12-18T19:00:00Z,112.92,0.00,400.00,98.50,99.00,112.92,0.00,0.00,0.00,none
2024-12-18T20:00:00Z,170.08,0.00,400.00,98.50,99.00,170.08,0.00,0.00,0.00,none
2024-12-18T21:00:00Z,203.97,0.00,400.00,98.50,99.00,203.97,0.00,0.00,0.00,none
2024-12-18T22:00:00Z,226.66,0.00,400.00,98.50,99.00,226.66,0.00,0.00,0.00,none
2024-12-18T23:00:00Z,245.62,0.00,400.00,98.50,99.00,245.62,0.00,0.00,0.00,none
2024-12-19T00:00:00Z,228.34,0.00,400.00,98.50,99.00,228.34,0.00,0.00,0.00,none
2024-12-19T01:00:00Z,128.33,0.00,400.00,98.50,99.00,128.33,0.00,0.00,0.00,none
2024-12-19T02:00:00Z,121.57,0.00,400.00,98.50,99.00,121.57,0.00,0.00,0.00,none
2024-12-19T03:00:00Z,128.33,0.45,400.00,98.50,99.00,128.33,0.00,0.45,0.00,none
2024-12-19T04:00:00Z,228.34,9.54,400.00,98.50,99.00,228.34,0.00,9.54,0.00,none
2024-12-19T05:00:00Z,305.60,24.26,400.00,98.50,99.00,305.60,0.00,4.40,19.86,wind_priority_shared_poi_headroom
2024-12-19T06:00:00Z,305.60,38.22,400.00,98.50,99.00,305.60,0.00,4.40,33.82,wind_priority_shared_poi_headroom
2024-12-19T07:00:00Z,305.60,49.19,400.00,98.50,99.00,305.60,0.00,4.40,44.79,wind_priority_shared_poi_headroom
2024-12-19T08:00:00Z,305.60,56.83,400.00,98.50,99.00,305.60,0.00,4.40,52.42,wind_priority_shared_poi_headroom
2024-12-19T09:00:00Z,203.97,58.57,400.00,98.50,99.00,203.97,0.00,58.57,0.00,none
2024-12-19T10:00:00Z,140.16,53.11,400.00,98.50,99.00,140.16,0.00,53.11,0.00,none
2024-12-19T11:00:00Z,119.36,45.85,400.00,98.50,99.00,119.36,0.00,45.85,0.00,none
2024-12-19T12:00:00Z,117.19,35.48,400.00,98.50,99.00,117.19,0.00,35.48,0.00,none
2024-12-19T13:00:00Z,131.81,21.90,400.00,98.50,99.00,131.81,0.00,21.90,0.00,none
2024-12-19T14:00:00Z,143.85,8.71,400.00,98.50,99.00,143.85,0.00,8.71,0.00,none
2024-12-19T15:00:00Z,124.92,0.48,400.00,98.50,99.00,124.92,0.00,0.48,0.00,none
2024-12-19T16:00:00Z,128.33,0.00,400.00,98.50,99.00,128.33,0.00,0.00,0.00,none
2024-12-19T17:00:00Z,126.05,0.00,400.00,98.50,99.00,126.05,0.00,0.00,0.00,none
2024-12-19T18:00:00Z,104.69,0.00,400.00,98.50,99.00,104.69,0.00,0.00,0.00,none
2024-12-19T19:00:00Z,87.66,0.00,400.00,98.50,99.00,87.66,0.00,0.00,0.00,none
2024-12-19T20:00:00Z,83.29,0.00,400.00,98.50,99.00,83.29,0.00,0.00,0.00,none
2024-12-19T21:00:00Z,80.73,0.00,400.00,98.50,99.00,80.73,0.00,0.00,0.00,none
2024-12-19T22:00:00Z,71.81,0.00,400.00,98.50,99.00,71.81,0.00,0.00,0.00,none
2024-12-19T23:00:00Z,54.03,0.00,400.00,98.50,99.00,54.03,0.00,0.00,0.00,none
2024-12-20T00:00:00Z,35.90,0.00,400.00,98.50,99.00,35.90,0.00,0.00,0.00,none
2024-12-20T01:00:00Z,24.97,0.00,400.00,98.50,99.00,24.97,0.00,0.00,0.00,none
2024-12-20T02:00:00Z,23.09,0.00,400.00,98.50,99.00,23.09,0.00,0.00,0.00,none
2024-12-20T03:00:00Z,23.09,0.41,400.00,98.50,99.00,23.09,0.00,0.41,0.00,none
2024-12-20T04:00:00Z,73.38,8.65,400.00,98.50,99.00,73.38,0.00,8.65,0.00,none
2024-12-20T05:00:00Z,292.58,21.79,400.00,98.50,99.00,292.58,0.00,17.42,4.37,wind_priority_shared_poi_headroom
2024-12-20T06:00:00Z,252.77,34.96,400.00,98.50,99.00,252.77,0.00,34.96,0.00,none
2024-12-20T07:00:00Z,185.78,48.06,400.00,98.50,99.00,185.78,0.00,48.06,0.00,none
2024-12-20T08:00:00Z,135.35,54.98,400.00,98.50,99.00,135.35,0.00,54.98,0.00,none
2024-12-20T09:00:00Z,92.19,55.89,400.00,98.50,99.00,92.19,0.00,55.89,0.00,none
2024-12-20T10:00:00Z,60.04,51.69,400.00,98.50,99.00,60.04,0.00,51.69,0.00,none
2024-12-20T11:00:00Z,40.51,45.13,400.00,98.50,99.00,40.51,0.00,45.13,0.00,none
2024-12-20T12:00:00Z,29.03,34.72,400.00,98.50,99.00,29.03,0.00,34.72,0.00,none
2024-12-20T13:00:00Z,22.73,22.00,400.00,98.50,99.00,22.73,0.00,22.00,0.00,none
2024-12-20T14:00:00Z,19.30,8.71,400.00,98.50,99.00,19.30,0.00,8.71,0.00,none
2024-12-20T15:00:00Z,13.50,0.52,400.00,98.50,99.00,13.50,0.00,0.52,0.00,none
2024-12-20T16:00:00Z,14.82,0.00,400.00,98.50,99.00,14.82,0.00,0.00,0.00,none
2024-12-20T17:00:00Z,25.75,0.00,400.00,98.50,99.00,25.75,0.00,0.00,0.00,none
2024-12-20T18:00:00Z,43.79,0.00,400.00,98.50,99.00,43.79,0.00,0.00,0.00,none
2024-12-20T19:00:00Z,59.35,0.00,400.00,98.50,99.00,59.35,0.00,0.00,0.00,none
2024-12-20T20:00:00Z,54.67,0.00,400.00,98.50,99.00,54.67,0.00,0.00,0.00,none
2024-12-20T21:00:00Z,47.24,0.00,400.00,98.50,99.00,47.24,0.00,0.00,0.00,none
2024-12-20T22:00:00Z,47.83,0.00,400.00,98.50,99.00,47.83,0.00,0.00,0.00,none
2024-12-20T23:00:00Z,42.67,0.00,400.00,98.50,99.00,42.67,0.00,0.00,0.00,none
2024-12-21T00:00:00Z,26.14,0.00,400.00,98.50,99.00,26.14,0.00,0.00,0.00,none
2024-12-21T01:00:00Z,18.65,0.00,400.00,98.50,99.00,18.65,0.00,0.00,0.00,none
2024-12-21T02:00:00Z,14.02,0.00,400.00,98.50,99.00,14.02,0.00,0.00,0.00,none
2024-12-21T03:00:00Z,8.62,0.36,400.00,98.50,99.00,8.62,0.00,0.36,0.00,none
2024-12-21T04:00:00Z,22.01,6.46,400.00,98.50,99.00,22.01,0.00,6.46,0.00,none
2024-12-21T05:00:00Z,276.96,16.51,400.00,98.50,99.00,276.96,0.00,16.51,0.00,none
2024-12-21T06:00:00Z,305.60,26.98,400.00,98.50,99.00,305.60,0.00,4.40,22.57,wind_priority_shared_poi_headroom
2024-12-21T07:00:00Z,305.60,35.79,400.00,98.50,99.00,305.60,0.00,4.40,31.39,wind_priority_shared_poi_headroom
2024-12-21T08:00:00Z,265.61,42.21,400.00,98.50,99.00,265.61,0.00,42.21,0.00,none
2024-12-21T09:00:00Z,221.66,42.97,400.00,98.50,99.00,221.66,0.00,42.97,0.00,none
2024-12-21T10:00:00Z,191.72,39.28,400.00,98.50,99.00,191.72,0.00,39.28,0.00,none
2024-12-21T11:00:00Z,178.52,30.58,400.00,98.50,99.00,178.52,0.00,30.58,0.00,none
2024-12-21T12:00:00Z,190.22,25.66,400.00,98.50,99.00,190.22,0.00,25.66,0.00,none
2024-12-21T13:00:00Z,231.73,15.38,400.00,98.50,99.00,231.73,0.00,15.38,0.00,none
2024-12-21T14:00:00Z,280.81,6.93,400.00,98.50,99.00,280.81,0.00,6.93,0.00,none
2024-12-21T15:00:00Z,249.18,0.52,400.00,98.50,99.00,249.18,0.00,0.52,0.00,none
2024-12-21T16:00:00Z,188.73,0.00,400.00,98.50,99.00,188.73,0.00,0.00,0.00,none
2024-12-21T17:00:00Z,120.46,0.00,400.00,98.50,99.00,120.46,0.00,0.00,0.00,none
2024-12-21T18:00:00Z,94.98,0.00,400.00,98.50,99.00,94.98,0.00,0.00,0.00,none
2024-12-21T19:00:00Z,84.15,0.00,400.00,98.50,99.00,84.15,0.00,0.00,0.00,none
2024-12-21T20:00:00Z,79.89,0.00,400.00,98.50,99.00,79.89,0.00,0.00,0.00,none
2024-12-21T21:00:00Z,73.38,0.00,400.00,98.50,99.00,73.38,0.00,0.00,0.00,none
2024-12-21T22:00:00Z,58.67,0.00,400.00,98.50,99.00,58.67,0.00,0.00,0.00,none
2024-12-21T23:00:00Z,49.03,0.00,400.00,98.50,99.00,49.03,0.00,0.00,0.00,none
2024-12-22T00:00:00Z,33.50,0.00,400.00,98.50,99.00,33.50,0.00,0.00,0.00,none
2024-12-22T01:00:00Z,26.14,0.00,400.00,98.50,99.00,26.14,0.00,0.00,0.00,none
2024-12-22T02:00:00Z,29.46,0.00,400.00,98.50,99.00,29.46,0.00,0.00,0.00,none
2024-12-22T03:00:00Z,36.89,0.34,400.00,98.50,99.00,36.89,0.00,0.34,0.00,none
2024-12-22T04:00:00Z,93.12,8.02,400.00,98.50,99.00,93.12,0.00,8.02,0.00,none
2024-12-22T05:00:00Z,305.60,21.06,400.00,98.50,99.00,305.60,0.00,4.40,16.66,wind_priority_shared_poi_headroom
2024-12-22T06:00:00Z,305.60,34.59,400.00,98.50,99.00,305.60,0.00,4.40,30.19,wind_priority_shared_poi_headroom
2024-12-22T07:00:00Z,305.60,45.32,400.00,98.50,99.00,305.60,0.00,4.40,40.92,wind_priority_shared_poi_headroom
2024-12-22T08:00:00Z,305.60,52.58,400.00,98.50,99.00,305.60,0.00,4.40,48.17,wind_priority_shared_poi_headroom
2024-12-22T09:00:00Z,276.96,53.11,400.00,98.50,99.00,276.96,0.00,33.04,20.07,wind_priority_shared_poi_headroom
2024-12-22T10:00:00Z,230.03,45.57,400.00,98.50,99.00,230.03,0.00,45.57,0.00,none
2024-12-22T11:00:00Z,218.37,32.44,400.00,98.50,99.00,218.37,0.00,32.44,0.00,none
2024-12-22T12:00:00Z,211.89,27.82,400.00,98.50,99.00,211.89,0.00,27.82,0.00,none
2024-12-22T13:00:00Z,211.89,18.78,400.00,98.50,99.00,211.89,0.00,18.78,0.00,none
2024-12-22T14:00:00Z,203.97,7.77,400.00,98.50,99.00,203.97,0.00,7.77,0.00,none
2024-12-22T15:00:00Z,161.90,0.49,400.00,98.50,99.00,161.90,0.00,0.49,0.00,none
2024-12-22T16:00:00Z,131.81,0.00,400.00,98.50,99.00,131.81,0.00,0.00,0.00,none
2024-12-22T17:00:00Z,93.12,0.00,400.00,98.50,99.00,93.12,0.00,0.00,0.00,none
2024-12-22T18:00:00Z,89.46,0.00,400.00,98.50,99.00,89.46,0.00,0.00,0.00,none
2024-12-22T19:00:00Z,89.46,0.00,400.00,98.50,99.00,89.46,0.00,0.00,0.00,none
2024-12-22T20:00:00Z,89.46,0.00,400.00,98.50,99.00,89.46,0.00,0.00,0.00,none
2024-12-22T21:00:00Z,87.66,0.00,400.00,98.50,99.00,87.66,0.00,0.00,0.00,none
2024-12-22T22:00:00Z,78.23,0.00,400.00,98.50,99.00,78.23,0.00,0.00,0.00,none
2024-12-22T23:00:00Z,60.74,0.00,400.00,98.50,99.00,60.74,0.00,0.00,0.00,none
2024-12-23T00:00:00Z,40.51,0.00,400.00,98.50,99.00,40.51,0.00,0.00,0.00,none
2024-12-23T01:00:00Z,25.75,0.00,400.00,98.50,99.00,25.75,0.00,0.00,0.00,none
2024-12-23T02:00:00Z,18.03,0.00,400.00,98.50,99.00,18.03,0.00,0.00,0.00,none
2024-12-23T03:00:00Z,14.02,0.35,400.00,98.50,99.00,14.02,0.00,0.35,0.00,none
2024-12-23T04:00:00Z,36.89,8.37,400.00,98.50,99.00,36.89,0.00,8.37,0.00,none
2024-12-23T05:00:00Z,305.60,22.58,400.00,98.50,99.00,305.60,0.00,4.40,18.18,wind_priority_shared_poi_headroom
2024-12-23T06:00:00Z,305.60,37.05,400.00,98.50,99.00,305.60,0.00,4.40,32.64,wind_priority_shared_poi_headroom
2024-12-23T07:00:00Z,305.60,47.66,400.00,98.50,99.00,305.60,0.00,4.40,43.26,wind_priority_shared_poi_headroom
2024-12-23T08:00:00Z,305.60,55.74,400.00,98.50,99.00,305.60,0.00,4.40,51.33,wind_priority_shared_poi_headroom
2024-12-23T09:00:00Z,305.60,57.46,400.00,98.50,99.00,305.60,0.00,4.40,53.06,wind_priority_shared_poi_headroom
2024-12-23T10:00:00Z,261.90,52.89,400.00,98.50,99.00,261.90,0.00,48.10,4.79,wind_priority_shared_poi_headroom
2024-12-23T11:00:00Z,190.22,47.48,400.00,98.50,99.00,190.22,0.00,47.48,0.00,none
2024-12-23T12:00:00Z,143.85,37.29,400.00,98.50,99.00,143.85,0.00,37.29,0.00,none
2024-12-23T13:00:00Z,124.92,23.72,400.00,98.50,99.00,124.92,0.00,23.72,0.00,none
2024-12-23T14:00:00Z,121.57,9.53,400.00,98.50,99.00,121.57,0.00,9.53,0.00,none
2024-12-23T15:00:00Z,100.73,0.60,400.00,98.50,99.00,100.73,0.00,0.60,0.00,none
2024-12-23T16:00:00Z,116.11,0.00,400.00,98.50,99.00,116.11,0.00,0.00,0.00,none
2024-12-23T17:00:00Z,137.74,0.00,400.00,98.50,99.00,137.74,0.00,0.00,0.00,none
2024-12-23T18:00:00Z,127.19,0.00,400.00,98.50,99.00,127.19,0.00,0.00,0.00,none
2024-12-23T19:00:00Z,88.56,0.00,400.00,98.50,99.00,88.56,0.00,0.00,0.00,none
2024-12-23T20:00:00Z,77.40,0.00,400.00,98.50,99.00,77.40,0.00,0.00,0.00,none
2024-12-23T21:00:00Z,68.73,0.00,400.00,98.50,99.00,68.73,0.00,0.00,0.00,none
2024-12-23T22:00:00Z,52.11,0.00,400.00,98.50,99.00,52.11,0.00,0.00,0.00,none
2024-12-23T23:00:00Z,35.41,0.00,400.00,98.50,99.00,35.41,0.00,0.00,0.00,none
2024-12-24T00:00:00Z,22.01,0.00,400.00,98.50,99.00,22.01,0.00,0.00,0.00,none
2024-12-24T01:00:00Z,13.76,0.00,400.00,98.50,99.00,13.76,0.00,0.00,0.00,none
2024-12-24T02:00:00Z,12.02,0.00,400.00,98.50,99.00,12.02,0.00,0.00,0.00,none
2024-12-24T03:00:00Z,16.23,0.32,400.00,98.50,99.00,16.23,0.00,0.32,0.00,none
2024-12-24T04:00:00Z,102.70,7.70,400.00,98.50,99.00,102.70,0.00,7.70,0.00,none
2024-12-24T05:00:00Z,305.60,20.01,400.00,98.50,99.00,305.60,0.00,4.40,15.61,wind_priority_shared_poi_headroom
2024-12-24T06:00:00Z,305.60,33.10,400.00,98.50,99.00,305.60,0.00,4.40,28.70,wind_priority_shared_poi_headroom
2024-12-24T07:00:00Z,305.60,41.36,400.00,98.50,99.00,305.60,0.00,4.40,36.96,wind_priority_shared_poi_headroom
2024-12-24T08:00:00Z,305.60,49.36,400.00,98.50,99.00,305.60,0.00,4.40,44.96,wind_priority_shared_poi_headroom
2024-12-24T09:00:00Z,305.60,52.60,400.00,98.50,99.00,305.60,0.00,4.40,48.19,wind_priority_shared_poi_headroom
2024-12-24T10:00:00Z,235.15,47.62,400.00,98.50,99.00,235.15,0.00,47.62,0.00,none
2024-12-24T11:00:00Z,191.72,43.32,400.00,98.50,99.00,191.72,0.00,43.32,0.00,none
2024-12-24T12:00:00Z,164.59,33.01,400.00,98.50,99.00,164.59,0.00,33.01,0.00,none
2024-12-24T13:00:00Z,157.91,21.32,400.00,98.50,99.00,157.91,0.00,21.32,0.00,none
2024-12-24T14:00:00Z,161.90,9.12,400.00,98.50,99.00,161.90,0.00,9.12,0.00,none
2024-12-24T15:00:00Z,146.34,0.61,400.00,98.50,99.00,146.34,0.00,0.61,0.00,none
2024-12-24T16:00:00Z,159.23,0.00,400.00,98.50,99.00,159.23,0.00,0.00,0.00,none
2024-12-24T17:00:00Z,163.24,0.00,400.00,98.50,99.00,163.24,0.00,0.00,0.00,none
2024-12-24T18:00:00Z,123.79,0.00,400.00,98.50,99.00,123.79,0.00,0.00,0.00,none
2024-12-24T19:00:00Z,112.92,0.00,400.00,98.50,99.00,112.92,0.00,0.00,0.00,none
2024-12-24T20:00:00Z,108.75,0.00,400.00,98.50,99.00,108.75,0.00,0.00,0.00,none
2024-12-24T21:00:00Z,84.15,0.00,400.00,98.50,99.00,84.15,0.00,0.00,0.00,none
2024-12-24T22:00:00Z,62.85,0.00,400.00,98.50,99.00,62.85,0.00,0.00,0.00,none
2024-12-24T23:00:00Z,49.64,0.00,400.00,98.50,99.00,49.64,0.00,0.00,0.00,none
2024-12-25T00:00:00Z,38.42,0.00,400.00,98.50,99.00,38.42,0.00,0.00,0.00,none
2024-12-25T01:00:00Z,36.40,0.00,400.00,98.50,99.00,36.40,0.00,0.00,0.00,none
2024-12-25T02:00:00Z,54.03,0.00,400.00,98.50,99.00,54.03,0.00,0.00,0.00,none
2024-12-25T03:00:00Z,93.12,0.31,400.00,98.50,99.00,93.12,0.00,0.31,0.00,none
2024-12-25T04:00:00Z,305.60,8.05,400.00,98.50,99.00,305.60,0.00,4.40,3.64,wind_priority_shared_poi_headroom
2024-12-25T05:00:00Z,305.60,21.02,400.00,98.50,99.00,305.60,0.00,4.40,16.61,wind_priority_shared_poi_headroom
2024-12-25T06:00:00Z,305.60,35.97,400.00,98.50,99.00,305.60,0.00,4.40,31.57,wind_priority_shared_poi_headroom
2024-12-25T07:00:00Z,305.60,46.98,400.00,98.50,99.00,305.60,0.00,4.40,42.58,wind_priority_shared_poi_headroom
2024-12-25T08:00:00Z,305.60,53.96,400.00,98.50,99.00,305.60,0.00,4.40,49.55,wind_priority_shared_poi_headroom
2024-12-25T09:00:00Z,305.60,55.56,400.00,98.50,99.00,305.60,0.00,4.40,51.16,wind_priority_shared_poi_headroom
2024-12-25T10:00:00Z,305.60,41.76,400.00,98.50,99.00,305.60,0.00,4.40,37.36,wind_priority_shared_poi_headroom
2024-12-25T11:00:00Z,305.60,46.49,400.00,98.50,99.00,305.60,0.00,4.40,42.08,wind_priority_shared_poi_headroom
2024-12-25T12:00:00Z,305.60,36.53,400.00,98.50,99.00,305.60,0.00,4.40,32.13,wind_priority_shared_poi_headroom
2024-12-25T13:00:00Z,305.60,23.61,400.00,98.50,99.00,305.60,0.00,4.40,19.21,wind_priority_shared_poi_headroom
2024-12-25T14:00:00Z,305.60,9.76,400.00,98.50,99.00,305.60,0.00,4.40,5.36,wind_priority_shared_poi_headroom
2024-12-25T15:00:00Z,305.60,0.66,400.00,98.50,99.00,305.60,0.00,0.66,0.00,none
2024-12-25T16:00:00Z,305.60,0.00,400.00,98.50,99.00,305.60,0.00,0.00,0.00,none
2024-12-25T17:00:00Z,276.96,0.00,400.00,98.50,99.00,276.96,0.00,0.00,0.00,none
2024-12-25T18:00:00Z,172.86,0.00,400.00,98.50,99.00,172.86,0.00,0.00,0.00,none
2024-12-25T19:00:00Z,146.34,0.00,400.00,98.50,99.00,146.34,0.00,0.00,0.00,none
2024-12-25T20:00:00Z,127.19,0.00,400.00,98.50,99.00,127.19,0.00,0.00,0.00,none
2024-12-25T21:00:00Z,98.79,0.00,400.00,98.50,99.00,98.79,0.00,0.00,0.00,none
2024-12-25T22:00:00Z,87.66,0.00,400.00,98.50,99.00,87.66,0.00,0.00,0.00,none
2024-12-25T23:00:00Z,88.56,0.00,400.00,98.50,99.00,88.56,0.00,0.00,0.00,none
2024-12-26T00:00:00Z,91.27,0.00,400.00,98.50,99.00,91.27,0.00,0.00,0.00,none
2024-12-26T01:00:00Z,85.89,0.00,400.00,98.50,99.00,85.89,0.00,0.00,0.00,none
2024-12-26T02:00:00Z,76.59,0.00,400.00,98.50,99.00,76.59,0.00,0.00,0.00,none
2024-12-26T03:00:00Z,65.75,0.32,400.00,98.50,99.00,65.75,0.00,0.32,0.00,none
2024-12-26T04:00:00Z,157.91,8.51,400.00,98.50,99.00,157.91,0.00,8.51,0.00,none
2024-12-26T05:00:00Z,305.60,22.08,400.00,98.50,99.00,305.60,0.00,4.40,17.68,wind_priority_shared_poi_headroom
2024-12-26T06:00:00Z,305.60,36.12,400.00,98.50,99.00,305.60,0.00,4.40,31.71,wind_priority_shared_poi_headroom
2024-12-26T07:00:00Z,305.60,48.28,400.00,98.50,99.00,305.60,0.00,4.40,43.87,wind_priority_shared_poi_headroom
2024-12-26T08:00:00Z,305.60,55.68,400.00,98.50,99.00,305.60,0.00,4.40,51.28,wind_priority_shared_poi_headroom
2024-12-26T09:00:00Z,305.60,56.63,400.00,98.50,99.00,305.60,0.00,4.40,52.23,wind_priority_shared_poi_headroom
2024-12-26T10:00:00Z,305.60,54.14,400.00,98.50,99.00,305.60,0.00,4.40,49.74,wind_priority_shared_poi_headroom
2024-12-26T11:00:00Z,305.60,39.88,400.00,98.50,99.00,305.60,0.00,4.40,35.48,wind_priority_shared_poi_headroom
2024-12-26T12:00:00Z,305.60,36.62,400.00,98.50,99.00,305.60,0.00,4.40,32.22,wind_priority_shared_poi_headroom
2024-12-26T13:00:00Z,305.60,23.83,400.00,98.50,99.00,305.60,0.00,4.40,19.43,wind_priority_shared_poi_headroom
2024-12-26T14:00:00Z,305.60,10.03,400.00,98.50,99.00,305.60,0.00,4.40,5.62,wind_priority_shared_poi_headroom
2024-12-26T15:00:00Z,305.60,0.69,400.00,98.50,99.00,305.60,0.00,0.69,0.00,none
2024-12-26T16:00:00Z,304.68,0.00,400.00,98.50,99.00,304.68,0.00,0.00,0.00,none
2024-12-26T17:00:00Z,292.58,0.00,400.00,98.50,99.00,292.58,0.00,0.00,0.00,none
2024-12-26T18:00:00Z,263.75,0.00,400.00,98.50,99.00,263.75,0.00,0.00,0.00,none
2024-12-26T19:00:00Z,175.68,0.00,400.00,98.50,99.00,175.68,0.00,0.00,0.00,none
2024-12-26T20:00:00Z,145.09,0.00,400.00,98.50,99.00,145.09,0.00,0.00,0.00,none
2024-12-26T21:00:00Z,136.54,0.00,400.00,98.50,99.00,136.54,0.00,0.00,0.00,none
2024-12-26T22:00:00Z,120.46,0.00,400.00,98.50,99.00,120.46,0.00,0.00,0.00,none
2024-12-26T23:00:00Z,103.69,0.00,400.00,98.50,99.00,103.69,0.00,0.00,0.00,none
2024-12-27T00:00:00Z,90.36,0.00,400.00,98.50,99.00,90.36,0.00,0.00,0.00,none
2024-12-27T01:00:00Z,91.27,0.00,400.00,98.50,99.00,91.27,0.00,0.00,0.00,none
2024-12-27T02:00:00Z,98.79,0.00,400.00,98.50,99.00,98.79,0.00,0.00,0.00,none
2024-12-27T03:00:00Z,100.73,0.32,400.00,98.50,99.00,100.73,0.00,0.32,0.00,none
2024-12-27T04:00:00Z,147.59,8.87,400.00,98.50,99.00,147.59,0.00,8.87,0.00,none
2024-12-27T05:00:00Z,305.60,22.85,400.00,98.50,99.00,305.60,0.00,4.40,18.44,wind_priority_shared_poi_headroom
2024-12-27T06:00:00Z,305.60,36.82,400.00,98.50,99.00,305.60,0.00,4.40,32.42,wind_priority_shared_poi_headroom
2024-12-27T07:00:00Z,305.60,49.49,400.00,98.50,99.00,305.60,0.00,4.40,45.08,wind_priority_shared_poi_headroom
2024-12-27T08:00:00Z,305.60,56.92,400.00,98.50,99.00,305.60,0.00,4.40,52.51,wind_priority_shared_poi_headroom
2024-12-27T09:00:00Z,305.60,56.32,400.00,98.50,99.00,305.60,0.00,4.40,51.92,wind_priority_shared_poi_headroom
2024-12-27T10:00:00Z,305.60,54.88,400.00,98.50,99.00,305.60,0.00,4.40,50.48,wind_priority_shared_poi_headroom
2024-12-27T11:00:00Z,305.60,43.94,400.00,98.50,99.00,305.60,0.00,4.40,39.53,wind_priority_shared_poi_headroom
2024-12-27T12:00:00Z,305.60,38.37,400.00,98.50,99.00,305.60,0.00,4.40,33.96,wind_priority_shared_poi_headroom
2024-12-27T13:00:00Z,305.60,24.90,400.00,98.50,99.00,305.60,0.00,4.40,20.50,wind_priority_shared_poi_headroom
2024-12-27T14:00:00Z,305.60,10.74,400.00,98.50,99.00,305.60,0.00,4.40,6.33,wind_priority_shared_poi_headroom
2024-12-27T15:00:00Z,300.61,0.77,400.00,98.50,99.00,300.61,0.00,0.77,0.00,none
2024-12-27T16:00:00Z,305.60,0.00,400.00,98.50,99.00,305.60,0.00,0.00,0.00,none
2024-12-27T17:00:00Z,305.60,0.00,400.00,98.50,99.00,305.60,0.00,0.00,0.00,none
2024-12-27T18:00:00Z,305.60,0.00,400.00,98.50,99.00,305.60,0.00,0.00,0.00,none
2024-12-27T19:00:00Z,305.60,0.00,400.00,98.50,99.00,305.60,0.00,0.00,0.00,none
2024-12-27T20:00:00Z,305.60,0.00,400.00,98.50,99.00,305.60,0.00,0.00,0.00,none
2024-12-27T21:00:00Z,305.60,0.00,400.00,98.50,99.00,305.60,0.00,0.00,0.00,none
2024-12-27T22:00:00Z,305.60,0.00,400.00,98.50,99.00,305.60,0.00,0.00,0.00,none
2024-12-27T23:00:00Z,305.60,0.00,400.00,98.50,99.00,305.60,0.00,0.00,0.00,none
2024-12-28T00:00:00Z,305.60,0.00,400.00,98.50,99.00,305.60,0.00,0.00,0.00,none
2024-12-28T01:00:00Z,305.60,0.00,400.00,98.50,99.00,305.60,0.00,0.00,0.00,none
2024-12-28T02:00:00Z,305.60,0.00,400.00,98.50,99.00,305.60,0.00,0.00,0.00,none
2024-12-28T03:00:00Z,284.70,0.32,400.00,98.50,99.00,284.70,0.00,0.32,0.00,none
2024-12-28T04:00:00Z,103.69,9.41,400.00,98.50,99.00,103.69,0.00,9.41,0.00,none
2024-12-28T05:00:00Z,305.60,24.88,400.00,98.50,99.00,305.60,0.00,4.40,20.47,wind_priority_shared_poi_headroom
2024-12-28T06:00:00Z,305.60,39.67,400.00,98.50,99.00,305.60,0.00,4.40,35.26,wind_priority_shared_poi_headroom
2024-12-28T07:00:00Z,305.60,51.43,400.00,98.50,99.00,305.60,0.00,4.40,47.02,wind_priority_shared_poi_headroom
2024-12-28T08:00:00Z,305.60,58.85,400.00,98.50,99.00,305.60,0.00,4.40,54.44,wind_priority_shared_poi_headroom
2024-12-28T09:00:00Z,305.60,60.71,400.00,98.50,99.00,305.60,0.00,4.40,56.30,wind_priority_shared_poi_headroom
2024-12-28T10:00:00Z,305.60,58.97,400.00,98.50,99.00,305.60,0.00,4.40,54.57,wind_priority_shared_poi_headroom
2024-12-28T11:00:00Z,273.14,52.30,400.00,98.50,99.00,273.14,0.00,36.86,15.44,wind_priority_shared_poi_headroom
2024-12-28T12:00:00Z,216.74,41.43,400.00,98.50,99.00,216.74,0.00,41.43,0.00,none
2024-12-28T13:00:00Z,185.78,27.29,400.00,98.50,99.00,185.78,0.00,27.29,0.00,none
2024-12-28T14:00:00Z,147.59,12.04,400.00,98.50,99.00,147.59,0.00,12.04,0.00,none
2024-12-28T15:00:00Z,100.73,0.87,400.00,98.50,99.00,100.73,0.00,0.87,0.00,none
2024-12-28T16:00:00Z,130.64,0.00,400.00,98.50,99.00,130.64,0.00,0.00,0.00,none
2024-12-28T17:00:00Z,187.25,0.00,400.00,98.50,99.00,187.25,0.00,0.00,0.00,none
2024-12-28T18:00:00Z,223.32,0.00,400.00,98.50,99.00,223.32,0.00,0.00,0.00,none
2024-12-28T19:00:00Z,171.47,0.00,400.00,98.50,99.00,171.47,0.00,0.00,0.00,none
2024-12-28T20:00:00Z,141.38,0.00,400.00,98.50,99.00,141.38,0.00,0.00,0.00,none
2024-12-28T21:00:00Z,123.79,0.00,400.00,98.50,99.00,123.79,0.00,0.00,0.00,none
2024-12-28T22:00:00Z,102.70,0.00,400.00,98.50,99.00,102.70,0.00,0.00,0.00,none
2024-12-28T23:00:00Z,94.05,0.00,400.00,98.50,99.00,94.05,0.00,0.00,0.00,none
2024-12-29T00:00:00Z,94.05,0.00,400.00,98.50,99.00,94.05,0.00,0.00,0.00,none
2024-12-29T01:00:00Z,96.87,0.00,400.00,98.50,99.00,96.87,0.00,0.00,0.00,none
2024-12-29T02:00:00Z,93.12,0.00,400.00,98.50,99.00,93.12,0.00,0.00,0.00,none
2024-12-29T03:00:00Z,85.89,0.30,400.00,98.50,99.00,85.89,0.00,0.30,0.00,none
2024-12-29T04:00:00Z,50.25,9.05,400.00,98.50,99.00,50.25,0.00,9.05,0.00,none
2024-12-29T05:00:00Z,224.98,24.16,400.00,98.50,99.00,224.98,0.00,24.16,0.00,none
2024-12-29T06:00:00Z,305.60,38.80,400.00,98.50,99.00,305.60,0.00,4.40,34.39,wind_priority_shared_poi_headroom
2024-12-29T07:00:00Z,305.60,50.58,400.00,98.50,99.00,305.60,0.00,4.40,46.17,wind_priority_shared_poi_headroom
2024-12-29T08:00:00Z,177.10,58.30,400.00,98.50,99.00,177.10,0.00,58.30,0.00,none
2024-12-29T09:00:00Z,94.05,61.01,400.00,98.50,99.00,94.05,0.00,61.01,0.00,none
2024-12-29T10:00:00Z,51.49,57.88,400.00,98.50,99.00,51.49,0.00,57.88,0.00,none
2024-12-29T11:00:00Z,33.50,51.09,400.00,98.50,99.00,33.50,0.00,51.09,0.00,none
2024-12-29T12:00:00Z,25.36,40.65,400.00,98.50,99.00,25.36,0.00,40.65,0.00,none
2024-12-29T13:00:00Z,23.83,26.88,400.00,98.50,99.00,23.83,0.00,26.88,0.00,none
2024-12-29T14:00:00Z,19.95,11.97,400.00,98.50,99.00,19.95,0.00,11.97,0.00,none
2024-12-29T15:00:00Z,8.43,0.88,400.00,98.50,99.00,8.43,0.00,0.88,0.00,none
2024-12-29T16:00:00Z,9.60,0.00,400.00,98.50,99.00,9.60,0.00,0.00,0.00,none
2024-12-29T17:00:00Z,20.29,0.00,400.00,98.50,99.00,20.29,0.00,0.00,0.00,none
2024-12-29T18:00:00Z,38.93,0.00,400.00,98.50,99.00,38.93,0.00,0.00,0.00,none
2024-12-29T19:00:00Z,65.75,0.00,400.00,98.50,99.00,65.75,0.00,0.00,0.00,none
2024-12-29T20:00:00Z,89.46,0.00,400.00,98.50,99.00,89.46,0.00,0.00,0.00,none
2024-12-29T21:00:00Z,79.89,0.00,400.00,98.50,99.00,79.89,0.00,0.00,0.00,none
2024-12-29T22:00:00Z,65.02,0.00,400.00,98.50,99.00,65.02,0.00,0.00,0.00,none
2024-12-29T23:00:00Z,56.65,0.00,400.00,98.50,99.00,56.65,0.00,0.00,0.00,none
2024-12-30T00:00:00Z,50.25,0.00,400.00,98.50,99.00,50.25,0.00,0.00,0.00,none
2024-12-30T01:00:00Z,46.65,0.00,400.00,98.50,99.00,46.65,0.00,0.00,0.00,none
2024-12-30T02:00:00Z,47.24,0.00,400.00,98.50,99.00,47.24,0.00,0.00,0.00,none
2024-12-30T03:00:00Z,46.07,0.28,400.00,98.50,99.00,46.07,0.00,0.28,0.00,none
2024-12-30T04:00:00Z,38.93,8.59,400.00,98.50,99.00,38.93,0.00,8.59,0.00,none
2024-12-30T05:00:00Z,305.60,23.37,400.00,98.50,99.00,305.60,0.00,4.40,18.96,wind_priority_shared_poi_headroom
2024-12-30T06:00:00Z,305.60,37.64,400.00,98.50,99.00,305.60,0.00,4.40,33.23,wind_priority_shared_poi_headroom
2024-12-30T07:00:00Z,305.60,48.35,400.00,98.50,99.00,305.60,0.00,4.40,43.94,wind_priority_shared_poi_headroom
2024-12-30T08:00:00Z,278.88,57.64,400.00,98.50,99.00,278.88,0.00,31.12,26.52,wind_priority_shared_poi_headroom
2024-12-30T09:00:00Z,163.24,60.46,400.00,98.50,99.00,163.24,0.00,60.46,0.00,none
2024-12-30T10:00:00Z,85.89,57.49,400.00,98.50,99.00,85.89,0.00,57.49,0.00,none
2024-12-30T11:00:00Z,49.03,50.95,400.00,98.50,99.00,49.03,0.00,50.95,0.00,none
2024-12-30T12:00:00Z,33.97,40.24,400.00,98.50,99.00,33.97,0.00,40.24,0.00,none
2024-12-30T13:00:00Z,30.33,26.57,400.00,98.50,99.00,30.33,0.00,26.57,0.00,none
2024-12-30T14:00:00Z,26.95,11.67,400.00,98.50,99.00,26.95,0.00,11.67,0.00,none
2024-12-30T15:00:00Z,16.52,0.89,400.00,98.50,99.00,16.52,0.00,0.89,0.00,none
2024-12-30T16:00:00Z,26.14,0.00,400.00,98.50,99.00,26.14,0.00,0.00,0.00,none
2024-12-30T17:00:00Z,58.67,0.00,400.00,98.50,99.00,58.67,0.00,0.00,0.00,none
2024-12-30T18:00:00Z,87.66,0.00,400.00,98.50,99.00,87.66,0.00,0.00,0.00,none
2024-12-30T19:00:00Z,96.87,0.00,400.00,98.50,99.00,96.87,0.00,0.00,0.00,none
2024-12-30T20:00:00Z,101.71,0.00,400.00,98.50,99.00,101.71,0.00,0.00,0.00,none
2024-12-30T21:00:00Z,87.66,0.00,400.00,98.50,99.00,87.66,0.00,0.00,0.00,none
2024-12-30T22:00:00Z,55.33,0.00,400.00,98.50,99.00,55.33,0.00,0.00,0.00,none
2024-12-30T23:00:00Z,31.21,0.00,400.00,98.50,99.00,31.21,0.00,0.00,0.00,none
2024-12-31T00:00:00Z,18.97,0.00,400.00,98.50,99.00,18.97,0.00,0.00,0.00,none
2024-12-31T01:00:00Z,12.50,0.00,400.00,98.50,99.00,12.50,0.00,0.00,0.00,none
2024-12-31T02:00:00Z,8.25,0.00,400.00,98.50,99.00,8.25,0.00,0.00,0.00,none
2024-12-31T03:00:00Z,8.43,0.26,400.00,98.50,99.00,8.43,0.00,0.26,0.00,none
2024-12-31T04:00:00Z,11.10,8.13,400.00,98.50,99.00,11.10,0.00,8.13,0.00,none
2024-12-31T05:00:00Z,256.39,21.73,400.00,98.50,99.00,256.39,0.00,21.73,0.00,none
2024-12-31T06:00:00Z,305.60,34.99,400.00,98.50,99.00,305.60,0.00,4.40,30.58,wind_priority_shared_poi_headroom
2024-12-31T07:00:00Z,305.60,46.58,400.00,98.50,99.00,305.60,0.00,4.40,42.18,wind_priority_shared_poi_headroom
2024-12-31T08:00:00Z,305.60,51.30,400.00,98.50,99.00,305.60,0.00,4.40,46.90,wind_priority_shared_poi_headroom
2024-12-31T09:00:00Z,300.61,58.74,400.00,98.50,99.00,300.61,0.00,9.39,49.35,wind_priority_shared_poi_headroom
2024-12-31T10:00:00Z,187.25,55.61,400.00,98.50,99.00,187.25,0.00,55.61,0.00,none
2024-12-31T11:00:00Z,111.87,46.76,400.00,98.50,99.00,111.87,0.00,46.76,0.00,none
2024-12-31T12:00:00Z,76.59,38.77,400.00,98.50,99.00,76.59,0.00,38.77,0.00,none
2024-12-31T13:00:00Z,63.57,26.16,400.00,98.50,99.00,63.57,0.00,26.16,0.00,none
2024-12-31T14:00:00Z,54.67,11.36,400.00,98.50,99.00,54.67,0.00,11.36,0.00,none
2024-12-31T15:00:00Z,30.77,0.88,400.00,98.50,99.00,30.77,0.00,0.88,0.00,none
2024-12-31T16:00:00Z,34.45,0.00,400.00,98.50,99.00,34.45,0.00,0.00,0.00,none
2024-12-31T17:00:00Z,67.23,0.00,400.00,98.50,99.00,67.23,0.00,0.00,0.00,none
2024-12-31T18:00:00Z,105.70,0.00,400.00,98.50,99.00,105.70,0.00,0.00,0.00,none
2024-12-31T19:00:00Z,142.61,0.00,400.00,98.50,99.00,142.61,0.00,0.00,0.00,none
2024-12-31T20:00:00Z,147.59,0.00,400.00,98.50,99.00,147.59,0.00,0.00,0.00,none
2024-12-31T21:00:00Z,129.48,0.00,400.00,98.50,99.00,129.48,0.00,0.00,0.00,none
2024-12-31T22:00:00Z,116.11,0.00,400.00,98.50,99.00,116.11,0.00,0.00,0.00,none
2024-12-31T23:00:00Z,103.69,0.00,400.00,98.50,99.00,103.69,0.00,0.00,0.00,none
