timestamp_utc,wind_speed_50m_m_s,ghi_wh_m2
2024-01-01T00:00:00Z,5.6,0.0
2024-01-01T01:00:00Z,5.55,0.0
2024-01-01T02:00:00Z,5.35,0.0
2024-01-01T03:00:00Z,5.1,3.42
2024-01-01T04:00:00Z,5.37,116.82
2024-01-01T05:00:00Z,7.13,321.33
2024-01-01T06:00:00Z,7.32,563.2
2024-01-01T07:00:00Z,6.9,722.03
2024-01-01T08:00:00Z,6.47,795.58
2024-01-01T09:00:00Z,6.09,763.45
2024-01-01T10:00:00Z,5.73,714.58
2024-01-01T11:00:00Z,5.49,574.9
2024-01-01T12:00:00Z,5.4,509.5
2024-01-01T13:00:00Z,5.43,342.75
2024-01-01T14:00:00Z,5.58,155.18
2024-01-01T15:00:00Z,5.51,12.7
2024-01-01T16:00:00Z,5.87,0.0
2024-01-01T17:00:00Z,6.0,0.0
2024-01-01T18:00:00Z,5.93,0.0
2024-01-01T19:00:00Z,5.85,0.0
2024-01-01T20:00:00Z,5.87,0.0
2024-01-01T21:00:00Z,6.01,0.0
2024-01-01T22:00:00Z,6.23,0.0
2024-01-01T23:00:00Z,6.51,0.0
2024-01-02T00:00:00Z,6.56,0.0
2024-01-02T01:00:00Z,6.41,0.0
2024-01-02T02:00:00Z,6.19,0.0
2024-01-02T03:00:00Z,5.71,3.65
2024-01-02T04:00:00Z,6.02,121.3
2024-01-02T05:00:00Z,7.19,343.6
2024-01-02T06:00:00Z,6.75,572.47
2024-01-02T07:00:00Z,6.22,741.67
2024-01-02T08:00:00Z,6.09,843.4
2024-01-02T09:00:00Z,6.06,876.88
2024-01-02T10:00:00Z,5.93,817.75
2024-01-02T11:00:00Z,5.86,762.0
2024-01-02T12:00:00Z,5.92,603.33
2024-01-02T13:00:00Z,6.0,402.62
2024-01-02T14:00:00Z,5.98,181.45
2024-01-02T15:00:00Z,5.67,15.0
2024-01-02T16:00:00Z,5.98,0.0
2024-01-02T17:00:00Z,6.39,0.0
2024-01-02T18:00:00Z,6.7,0.0
2024-01-02T19:00:00Z,6.58,0.0
2024-01-02T20:00:00Z,6.27,0.0
2024-01-02T21:00:00Z,6.19,0.0
2024-01-02T22:00:00Z,6.33,0.0
2024-01-02T23:00:00Z,6.53,0.0
2024-01-03T00:00:00Z,6.58,0.0
2024-01-03T01:00:00Z,6.36,0.0
2024-01-03T02:00:00Z,6.09,0.0
2024-01-03T03:00:00Z,6.02,3.75
2024-01-03T04:00:00Z,6.13,134.5
2024-01-03T05:00:00Z,7.61,368.65
2024-01-03T06:00:00Z,7.5,593.95
2024-01-03T07:00:00Z,6.77,783.6
2024-01-03T08:00:00Z,6.11,891.4
2024-01-03T09:00:00Z,5.6,917.9
2024-01-03T10:00:00Z,5.23,892.17
2024-01-03T11:00:00Z,4.99,784.17
2024-01-03T12:00:00Z,4.8,627.5
2024-01-03T13:00:00Z,4.71,419.23
2024-01-03T14:00:00Z,4.69,187.18
2024-01-03T15:00:00Z,4.72,15.38
2024-01-03T16:00:00Z,5.31,0.0
2024-01-03T17:00:00Z,6.01,0.0
2024-01-03T18:00:00Z,6.2,0.0
2024-01-03T19:00:00Z,6.14,0.0
2024-01-03T20:00:00Z,5.97,0.0
2024-01-03T21:00:00Z,5.92,0.0
2024-01-03T22:00:00Z,6.06,0.0
2024-01-03T23:00:00Z,6.22,0.0
2024-01-04T00:00:00Z,6.46,0.0
2024-01-04T01:00:00Z,6.52,0.0
2024-01-04T02:00:00Z,6.34,0.0
2024-01-04T03:00:00Z,6.22,0.0
2024-01-04T04:00:00Z,6.22,140.8
2024-01-04T05:00:00Z,7.48,367.9
2024-01-04T06:00:00Z,7.32,598.12
2024-01-04T07:00:00Z,6.55,786.17
2024-01-04T08:00:00Z,5.83,908.9
2024-01-04T09:00:00Z,5.24,946.17
2024-01-04T10:00:00Z,4.88,883.2
2024-01-04T11:00:00Z,4.71,767.75
2024-01-04T12:00:00Z,4.7,603.03
2024-01-04T13:00:00Z,4.9,405.5
2024-01-04T14:00:00Z,5.21,180.9
2024-01-04T15:00:00Z,5.44,15.23
2024-01-04T16:00:00Z,6.25,0.0
2024-01-04T17:00:00Z,6.92,0.0
2024-01-04T18:00:00Z,7.1,0.0
2024-01-04T19:00:00Z,6.98,0.0
2024-01-04T20:00:00Z,6.61,0.0
2024-01-04T21:00:00Z,6.32,0.0
2024-01-04T22:00:00Z,6.19,0.0
2024-01-04T23:00:00Z,6.21,0.0
2024-01-05T00:00:00Z,6.36,0.0
2024-01-05T01:00:00Z,6.51,0.0
2024-01-05T02:00:00Z,6.52,0.0
2024-01-05T03:00:00Z,5.95,0.0
2024-01-05T04:00:00Z,5.46,129.1
2024-01-05T05:00:00Z,6.41,350.65
2024-01-05T06:00:00Z,6.03,579.15
2024-01-05T07:00:00Z,5.45,769.75
2024-01-05T08:00:00Z,5.08,862.17
2024-01-05T09:00:00Z,4.88,879.67
2024-01-05T10:00:00Z,4.78,860.12
2024-01-05T11:00:00Z,4.8,699.92
2024-01-05T12:00:00Z,4.91,544.97
2024-01-05T13:00:00Z,5.11,365.25
2024-01-05T14:00:00Z,5.33,166.4
2024-01-05T15:00:00Z,5.36,14.43
2024-01-05T16:00:00Z,5.86,0.0
2024-01-05T17:00:00Z,6.29,0.0
2024-01-05T18:00:00Z,6.23,0.0
2024-01-05T19:00:00Z,6.16,0.0
2024-01-05T20:00:00Z,6.25,0.0
2024-01-05T21:00:00Z,6.54,0.0
2024-01-05T22:00:00Z,6.77,0.0
2024-01-05T23:00:00Z,6.62,0.0
2024-01-06T00:00:00Z,6.44,0.0
2024-01-06T01:00:00Z,6.53,0.0
2024-01-06T02:00:00Z,6.6,0.0
2024-01-06T03:00:00Z,6.53,0.0
2024-01-06T04:00:00Z,6.62,134.82
2024-01-06T05:00:00Z,8.39,354.4
2024-01-06T06:00:00Z,8.63,576.62
2024-01-06T07:00:00Z,8.12,758.83
2024-01-06T08:00:00Z,7.39,910.42
2024-01-06T09:00:00Z,6.54,921.7
2024-01-06T10:00:00Z,5.72,861.67
2024-01-06T11:00:00Z,5.27,697.42
2024-01-06T12:00:00Z,5.18,575.28
2024-01-06T13:00:00Z,5.36,390.62
2024-01-06T14:00:00Z,5.4,174.82
2024-01-06T15:00:00Z,5.17,15.68
2024-01-06T16:00:00Z,5.36,0.0
2024-01-06T17:00:00Z,5.72,0.0
2024-01-06T18:00:00Z,6.01,0.0
2024-01-06T19:00:00Z,6.3,0.0
2024-01-06T20:00:00Z,6.23,0.0
2024-01-06T21:00:00Z,6.22,0.0
2024-01-06T22:00:00Z,6.16,0.0
2024-01-06T23:00:00Z,6.23,0.0
2024-01-07T00:00:00Z,6.39,0.0
2024-01-07T01:00:00Z,6.57,0.0
2024-01-07T02:00:00Z,7.31,0.0
2024-01-07T03:00:00Z,7.27,0.0
2024-01-07T04:00:00Z,7.65,130.15
2024-01-07T05:00:00Z,8.49,359.7
2024-01-07T06:00:00Z,8.18,594.35
2024-01-07T07:00:00Z,7.53,782.35
2024-01-07T08:00:00Z,7.07,906.4
2024-01-07T09:00:00Z,6.73,924.05
2024-01-07T10:00:00Z,6.44,715.67
2024-01-07T11:00:00Z,6.2,698.4
2024-01-07T12:00:00Z,5.98,567.83
2024-01-07T13:00:00Z,5.85,395.62
2024-01-07T14:00:00Z,5.83,179.73
2024-01-07T15:00:00Z,5.73,16.48
2024-01-07T16:00:00Z,6.08,0.0
2024-01-07T17:00:00Z,6.27,0.0
2024-01-07T18:00:00Z,6.35,0.0
2024-01-07T19:00:00Z,6.42,0.0
2024-01-07T20:00:00Z,6.39,0.0
2024-01-07T21:00:00Z,6.4,0.0
2024-01-07T22:00:00Z,6.49,0.0
2024-01-07T23:00:00Z,6.63,0.0
2024-01-08T00:00:00Z,6.65,0.0
2024-01-08T01:00:00Z,6.56,0.0
2024-01-08T02:00:00Z,6.48,0.0
2024-01-08T03:00:00Z,6.27,0.0
2024-01-08T04:00:00Z,6.59,128.32
2024-01-08T05:00:00Z,8.27,358.35
2024-01-08T06:00:00Z,8.4,593.47
2024-01-08T07:00:00Z,8.18,782.17
2024-01-08T08:00:00Z,8.14,909.92
2024-01-08T09:00:00Z,8.07,946.35
2024-01-08T10:00:00Z,7.85,886.83
2024-01-08T11:00:00Z,7.59,775.95
2024-01-08T12:00:00Z,7.39,587.62
2024-01-08T13:00:00Z,7.26,400.9
2024-01-08T14:00:00Z,7.11,188.25
2024-01-08T15:00:00Z,6.68,17.05
2024-01-08T16:00:00Z,6.59,0.0
2024-01-08T17:00:00Z,6.7,0.0
2024-01-08T18:00:00Z,6.84,0.0
2024-01-08T19:00:00Z,6.99,0.0
2024-01-08T20:00:00Z,7.12,0.0
2024-01-08T21:00:00Z,6.99,0.0
2024-01-08T22:00:00Z,6.91,0.0
2024-01-08T23:00:00Z,6.96,0.0
2024-01-09T00:00:00Z,6.97,0.0
2024-01-09T01:00:00Z,6.91,0.0
2024-01-09T02:00:00Z,6.81,0.0
2024-01-09T03:00:00Z,6.51,0.0
2024-01-09T04:00:00Z,6.22,129.15
2024-01-09T05:00:00Z,7.98,351.45
2024-01-09T06:00:00Z,8.17,584.2
2024-01-09T07:00:00Z,8.18,771.45
2024-01-09T08:00:00Z,8.06,909.12
2024-01-09T09:00:00Z,7.55,940.08
2024-01-09T10:00:00Z,6.88,879.47
2024-01-09T11:00:00Z,6.37,731.35
2024-01-09T12:00:00Z,5.98,579.6
2024-01-09T13:00:00Z,5.69,394.02
2024-01-09T14:00:00Z,5.52,184.23
2024-01-09T15:00:00Z,5.44,16.9
2024-01-09T16:00:00Z,5.82,0.0
2024-01-09T17:00:00Z,5.94,0.0
2024-01-09T18:00:00Z,6.15,0.0
2024-01-09T19:00:00Z,6.44,0.0
2024-01-09T20:00:00Z,6.56,0.0
2024-01-09T21:00:00Z,6.42,0.0
2024-01-09T22:00:00Z,6.28,0.0
2024-01-09T23:00:00Z,6.26,0.0
2024-01-10T00:00:00Z,6.33,0.0
2024-01-10T01:00:00Z,6.34,0.0
2024-01-10T02:00:00Z,6.45,0.0
2024-01-10T03:00:00Z,6.51,0.0
2024-01-10T04:00:00Z,6.93,119.72
2024-01-10T05:00:00Z,8.64,339.88
2024-01-10T06:00:00Z,9.03,577.35
2024-01-10T07:00:00Z,8.96,767.08
2024-01-10T08:00:00Z,8.57,892.53
2024-01-10T09:00:00Z,7.88,864.62
2024-01-10T10:00:00Z,7.08,835.05
2024-01-10T11:00:00Z,6.4,713.1
2024-01-10T12:00:00Z,5.86,603.88
2024-01-10T13:00:00Z,5.47,393.5
2024-01-10T14:00:00Z,5.24,184.05
2024-01-10T15:00:00Z,5.17,17.42
2024-01-10T16:00:00Z,5.77,0.0
2024-01-10T17:00:00Z,6.38,0.0
2024-01-10T18:00:00Z,6.66,0.0
2024-01-10T19:00:00Z,6.67,0.0
2024-01-10T20:00:00Z,6.73,0.0
2024-01-10T21:00:00Z,6.78,0.0
2024-01-10T22:00:00Z,6.65,0.0
2024-01-10T23:00:00Z,6.42,0.0
2024-01-11T00:00:00Z,6.39,0.0
2024-01-11T01:00:00Z,6.46,0.0
2024-01-11T02:00:00Z,6.5,0.0
2024-01-11T03:00:00Z,6.53,0.0
2024-01-11T04:00:00Z,6.74,118.4
2024-01-11T05:00:00Z,8.64,330.75
2024-01-11T06:00:00Z,8.73,565.2
2024-01-11T07:00:00Z,8.17,756.7
2024-01-11T08:00:00Z,7.55,905.12
2024-01-11T09:00:00Z,6.86,936.4
2024-01-11T10:00:00Z,6.16,912.2
2024-01-11T11:00:00Z,5.54,707.17
2024-01-11T12:00:00Z,5.21,642.25
2024-01-11T13:00:00Z,5.17,417.65
2024-01-11T14:00:00Z,5.39,190.75
2024-01-11T15:00:00Z,5.62,17.15
2024-01-11T16:00:00Z,6.12,0.0
2024-01-11T17:00:00Z,6.4,0.0
2024-01-11T18:00:00Z,6.52,0.0
2024-01-11T19:00:00Z,6.51,0.0
2024-01-11T20:00:00Z,6.49,0.0
2024-01-11T21:00:00Z,6.61,0.0
2024-01-11T22:00:00Z,6.77,0.0
2024-01-11T23:00:00Z,6.82,0.0
2024-01-12T00:00:00Z,6.72,0.0
2024-01-12T01:00:00Z,6.47,0.0
2024-01-12T02:00:00Z,6.2,0.0
2024-01-12T03:00:00Z,5.95,0.0
2024-01-12T04:00:00Z,6.23,104.68
2024-01-12T05:00:00Z,8.38,303.15
2024-01-12T06:00:00Z,7.84,517.5
2024-01-12T07:00:00Z,7.03,711.97
2024-01-12T08:00:00Z,6.33,856.08
2024-01-12T09:00:00Z,5.63,902.4
2024-01-12T10:00:00Z,5.0,867.17
2024-01-12T11:00:00Z,4.59,675.5
2024-01-12T12:00:00Z,4.3,542.65
2024-01-12T13:00:00Z,4.13,364.95
2024-01-12T14:00:00Z,3.99,171.93
2024-01-12T15:00:00Z,4.08,17.02
2024-01-12T16:00:00Z,4.7,0.0
2024-01-12T17:00:00Z,5.22,0.0
2024-01-12T18:00:00Z,5.49,0.0
2024-01-12T19:00:00Z,5.61,0.0
2024-01-12T20:00:00Z,5.52,0.0
2024-01-12T21:00:00Z,5.35,0.0
2024-01-12T22:00:00Z,5.03,0.0
2024-01-12T23:00:00Z,4.98,0.0
2024-01-13T00:00:00Z,5.46,0.0
2024-01-13T01:00:00Z,5.3,0.0
2024-01-13T02:00:00Z,5.33,0.0
2024-01-13T03:00:00Z,5.46,0.0
2024-01-13T04:00:00Z,6.17,102.8
2024-01-13T05:00:00Z,7.43,302.48
2024-01-13T06:00:00Z,7.47,515.47
2024-01-13T07:00:00Z,7.12,689.1
2024-01-13T08:00:00Z,6.5,816.75
2024-01-13T09:00:00Z,5.89,785.12
2024-01-13T10:00:00Z,5.42,737.45
2024-01-13T11:00:00Z,5.27,675.55
2024-01-13T12:00:00Z,5.11,473.42
2024-01-13T13:00:00Z,5.01,302.75
2024-01-13T14:00:00Z,5.15,138.93
2024-01-13T15:00:00Z,5.26,14.12
2024-01-13T16:00:00Z,5.79,0.0
2024-01-13T17:00:00Z,5.94,0.0
2024-01-13T18:00:00Z,5.94,0.0
2024-01-13T19:00:00Z,5.76,0.0
2024-01-13T20:00:00Z,5.2,0.0
2024-01-13T21:00:00Z,4.67,0.0
2024-01-13T22:00:00Z,4.41,0.0
2024-01-13T23:00:00Z,4.24,0.0
2024-01-14T00:00:00Z,4.04,0.0
2024-01-14T01:00:00Z,3.92,0.0
2024-01-14T02:00:00Z,3.88,0.0
2024-01-14T03:00:00Z,3.73,0.0
2024-01-14T04:00:00Z,3.89,100.38
2024-01-14T05:00:00Z,6.25,289.83
2024-01-14T06:00:00Z,6.67,499.27
2024-01-14T07:00:00Z,6.46,721.88
2024-01-14T08:00:00Z,6.1,869.08
2024-01-14T09:00:00Z,5.63,913.67
2024-01-14T10:00:00Z,5.03,831.88
2024-01-14T11:00:00Z,4.42,758.5
2024-01-14T12:00:00Z,4.05,602.88
2024-01-14T13:00:00Z,3.87,398.27
2024-01-14T14:00:00Z,3.87,184.32
2024-01-14T15:00:00Z,3.96,18.95
2024-01-14T16:00:00Z,4.39,0.0
2024-01-14T17:00:00Z,4.9,0.0
2024-01-14T18:00:00Z,5.38,0.0
2024-01-14T19:00:00Z,5.36,0.0
2024-01-14T20:00:00Z,5.09,0.0
2024-01-14T21:00:00Z,4.91,0.0
2024-01-14T22:00:00Z,4.66,0.0
2024-01-14T23:00:00Z,4.49,0.0
2024-01-15T00:00:00Z,4.51,0.0
2024-01-15T01:00:00Z,4.66,0.0
2024-01-15T02:00:00Z,4.83,0.0
2024-01-15T03:00:00Z,5.06,0.0
2024-01-15T04:00:00Z,5.36,108.93
2024-01-15T05:00:00Z,6.54,328.17
2024-01-15T06:00:00Z,6.74,554.83
2024-01-15T07:00:00Z,6.14,749.5
2024-01-15T08:00:00Z,5.68,873.78
2024-01-15T09:00:00Z,5.41,882.67
2024-01-15T10:00:00Z,5.15,635.38
2024-01-15T11:00:00Z,5.06,751.83
2024-01-15T12:00:00Z,5.13,596.62
2024-01-15T13:00:00Z,5.14,396.6
2024-01-15T14:00:00Z,5.02,191.05
2024-01-15T15:00:00Z,4.65,19.9
2024-01-15T16:00:00Z,4.82,0.0
2024-01-15T17:00:00Z,5.1,0.0
2024-01-15T18:00:00Z,5.16,0.0
2024-01-15T19:00:00Z,5.18,0.0
2024-01-15T20:00:00Z,5.28,0.0
2024-01-15T21:00:00Z,5.4,0.0
2024-01-15T22:00:00Z,5.65,0.0
2024-01-15T23:00:00Z,5.96,0.0
2024-01-16T00:00:00Z,6.2,0.0
2024-01-16T01:00:00Z,6.31,0.0
2024-01-16T02:00:00Z,6.04,0.0
2024-01-16T03:00:00Z,5.85,0.0
2024-01-16T04:00:00Z,6.07,89.4
2024-01-16T05:00:00Z,7.72,271.42
2024-01-16T06:00:00Z,8.46,462.02
2024-01-16T07:00:00Z,8.38,610.75
2024-01-16T08:00:00Z,7.96,637.6
2024-01-16T09:00:00Z,7.38,638.2
2024-01-16T10:00:00Z,6.71,704.5
2024-01-16T11:00:00Z,5.92,613.12
2024-01-16T12:00:00Z,5.29,547.78
2024-01-16T13:00:00Z,4.86,380.4
2024-01-16T14:00:00Z,4.57,179.73
2024-01-16T15:00:00Z,4.58,18.5
2024-01-16T16:00:00Z,5.36,0.0
2024-01-16T17:00:00Z,5.91,0.0
2024-01-16T18:00:00Z,6.06,0.0
2024-01-16T19:00:00Z,5.65,0.0
2024-01-16T20:00:00Z,5.27,0.0
2024-01-16T21:00:00Z,5.08,0.0
2024-01-16T22:00:00Z,5.1,0.0
2024-01-16T23:00:00Z,5.0,0.0
2024-01-17T00:00:00Z,4.61,0.0
2024-01-17T01:00:00Z,4.1,0.0
2024-01-17T02:00:00Z,3.95,0.0
2024-01-17T03:00:00Z,3.95,0.0
2024-01-17T04:00:00Z,3.66,91.43
2024-01-17T05:00:00Z,4.96,254.9
2024-01-17T06:00:00Z,5.52,437.7
2024-01-17T07:00:00Z,5.47,539.33
2024-01-17T08:00:00Z,5.32,641.78
2024-01-17T09:00:00Z,5.1,741.53
2024-01-17T10:00:00Z,4.85,789.95
2024-01-17T11:00:00Z,4.59,732.65
2024-01-17T12:00:00Z,4.46,576.88
2024-01-17T13:00:00Z,4.37,380.55
2024-01-17T14:00:00Z,4.2,181.82
2024-01-17T15:00:00Z,4.04,20.02
2024-01-17T16:00:00Z,4.29,0.0
2024-01-17T17:00:00Z,4.19,0.0
2024-01-17T18:00:00Z,3.52,0.0
2024-01-17T19:00:00Z,2.48,0.0
2024-01-17T20:00:00Z,1.52,0.0
2024-01-17T21:00:00Z,1.18,0.0
2024-01-17T22:00:00Z,1.3,0.0
2024-01-17T23:00:00Z,1.7,0.0
2024-01-18T00:00:00Z,2.0,0.0
2024-01-18T01:00:00Z,2.16,0.0
2024-01-18T02:00:00Z,2.28,0.0
2024-01-18T03:00:00Z,2.39,0.0
2024-01-18T04:00:00Z,2.6,51.47
2024-01-18T05:00:00Z,3.41,161.38
2024-01-18T06:00:00Z,4.1,281.25
2024-01-18T07:00:00Z,4.12,401.02
2024-01-18T08:00:00Z,3.77,437.15
2024-01-18T09:00:00Z,3.38,363.75
2024-01-18T10:00:00Z,3.03,522.75
2024-01-18T11:00:00Z,2.85,441.98
2024-01-18T12:00:00Z,2.71,382.0
2024-01-18T13:00:00Z,2.61,252.77
2024-01-18T14:00:00Z,2.53,119.57
2024-01-18T15:00:00Z,2.45,14.35
2024-01-18T16:00:00Z,2.42,0.0
2024-01-18T17:00:00Z,2.47,0.0
2024-01-18T18:00:00Z,2.66,0.0
2024-01-18T19:00:00Z,2.6,0.0
2024-01-18T20:00:00Z,2.23,0.0
2024-01-18T21:00:00Z,1.85,0.0
2024-01-18T22:00:00Z,1.71,0.0
2024-01-18T23:00:00Z,1.73,0.0
2024-01-19T00:00:00Z,1.75,0.0
2024-01-19T01:00:00Z,1.83,0.0
2024-01-19T02:00:00Z,1.86,0.0
2024-01-19T03:00:00Z,1.82,0.0
2024-01-19T04:00:00Z,1.69,91.12
2024-01-19T05:00:00Z,1.5,282.38
2024-01-19T06:00:00Z,1.2,498.1
2024-01-19T07:00:00Z,0.74,678.55
2024-01-19T08:00:00Z,0.84,849.33
2024-01-19T09:00:00Z,1.79,915.62
2024-01-19T10:00:00Z,2.48,897.78
2024-01-19T11:00:00Z,2.59,770.22
2024-01-19T12:00:00Z,2.34,597.7
2024-01-19T13:00:00Z,2.01,388.88
2024-01-19T14:00:00Z,1.91,184.73
2024-01-19T15:00:00Z,2.13,20.05
2024-01-19T16:00:00Z,2.41,0.0
2024-01-19T17:00:00Z,2.5,0.0
2024-01-19T18:00:00Z,2.45,0.0
2024-01-19T19:00:00Z,2.18,0.0
2024-01-19T20:00:00Z,1.64,0.0
2024-01-19T21:00:00Z,1.05,0.0
2024-01-19T22:00:00Z,1.03,0.0
2024-01-19T23:00:00Z,1.55,0.0
2024-01-20T00:00:00Z,2.37,0.0
2024-01-20T01:00:00Z,2.75,0.0
2024-01-20T02:00:00Z,3.01,0.0
2024-01-20T03:00:00Z,3.3,0.0
2024-01-20T04:00:00Z,3.62,59.0
2024-01-20T05:00:00Z,3.73,183.27
2024-01-20T06:00:00Z,3.55,349.67
2024-01-20T07:00:00Z,3.29,445.83
2024-01-20T08:00:00Z,3.27,715.58
2024-01-20T09:00:00Z,3.38,838.08
2024-01-20T10:00:00Z,3.3,712.58
2024-01-20T11:00:00Z,3.23,700.2
2024-01-20T12:00:00Z,3.47,476.2
2024-01-20T13:00:00Z,3.71,323.67
2024-01-20T14:00:00Z,3.71,157.43
2024-01-20T15:00:00Z,3.55,18.9
2024-01-20T16:00:00Z,3.43,0.0
2024-01-20T17:00:00Z,3.34,0.0
2024-01-20T18:00:00Z,3.42,0.0
2024-01-20T19:00:00Z,3.69,0.0
2024-01-20T20:00:00Z,3.86,0.0
2024-01-20T21:00:00Z,3.63,0.0
2024-01-20T22:00:00Z,3.19,0.0
2024-01-20T23:00:00Z,2.88,0.0
2024-01-21T00:00:00Z,2.82,0.0
2024-01-21T01:00:00Z,2.74,0.0
2024-01-21T02:00:00Z,2.71,0.0
2024-01-21T03:00:00Z,2.7,0.0
2024-01-21T04:00:00Z,2.47,53.4
2024-01-21T05:00:00Z,3.9,174.07
2024-01-21T06:00:00Z,5.38,298.35
2024-01-21T07:00:00Z,6.07,513.67
2024-01-21T08:00:00Z,6.25,657.92
2024-01-21T09:00:00Z,5.91,765.83
2024-01-21T10:00:00Z,5.37,709.38
2024-01-21T11:00:00Z,4.91,619.33
2024-01-21T12:00:00Z,4.77,621.83
2024-01-21T13:00:00Z,4.86,453.77
2024-01-21T14:00:00Z,4.9,218.02
2024-01-21T15:00:00Z,4.97,24.38
2024-01-21T16:00:00Z,5.96,0.0
2024-01-21T17:00:00Z,7.05,0.0
2024-01-21T18:00:00Z,7.58,0.0
2024-01-21T19:00:00Z,7.44,0.0
2024-01-21T20:00:00Z,6.95,0.0
2024-01-21T21:00:00Z,6.45,0.0
2024-01-21T22:00:00Z,5.88,0.0
2024-01-21T23:00:00Z,5.41,0.0
2024-01-22T00:00:00Z,5.28,0.0
2024-01-22T01:00:00Z,5.25,0.0
2024-01-22T02:00:00Z,5.19,0.0
2024-01-22T03:00:00Z,5.15,0.0
2024-01-22T04:00:00Z,5.34,78.8
2024-01-22T05:00:00Z,7.71,242.85
2024-01-22T06:00:00Z,8.93,430.4
2024-01-22T07:00:00Z,9.35,492.83
2024-01-22T08:00:00Z,9.19,631.17
2024-01-22T09:00:00Z,8.54,718.3
2024-01-22T10:00:00Z,7.72,829.25
2024-01-22T11:00:00Z,7.0,741.47
2024-01-22T12:00:00Z,6.49,627.22
2024-01-22T13:00:00Z,6.24,444.05
2024-01-22T14:00:00Z,6.09,213.23
2024-01-22T15:00:00Z,5.82,24.92
2024-01-22T16:00:00Z,6.18,0.0
2024-01-22T17:00:00Z,6.71,0.0
2024-01-22T18:00:00Z,6.91,0.0
2024-01-22T19:00:00Z,6.88,0.0
2024-01-22T20:00:00Z,6.88,0.0
2024-01-22T21:00:00Z,6.81,0.0
2024-01-22T22:00:00Z,6.68,0.0
2024-01-22T23:00:00Z,6.38,0.0
2024-01-23T00:00:00Z,6.14,0.0
2024-01-23T01:00:00Z,6.04,0.0
2024-01-23T02:00:00Z,5.87,0.0
2024-01-23T03:00:00Z,5.81,0.0
2024-01-23T04:00:00Z,5.49,106.07
2024-01-23T05:00:00Z,6.97,338.52
2024-01-23T06:00:00Z,8.05,578.88
2024-01-23T07:00:00Z,8.33,774.53
2024-01-23T08:00:00Z,8.04,909.45
2024-01-23T09:00:00Z,7.34,955.4
2024-01-23T10:00:00Z,6.59,929.5
2024-01-23T11:00:00Z,5.89,838.53
2024-01-23T12:00:00Z,5.47,686.97
2024-01-23T13:00:00Z,5.52,473.52
2024-01-23T14:00:00Z,5.83,232.32
2024-01-23T15:00:00Z,6.57,27.62
2024-01-23T16:00:00Z,6.89,0.0
2024-01-23T17:00:00Z,6.51,0.0
2024-01-23T18:00:00Z,6.32,0.0
2024-01-23T19:00:00Z,6.33,0.0
2024-01-23T20:00:00Z,6.06,0.0
2024-01-23T21:00:00Z,5.47,0.0
2024-01-23T22:00:00Z,4.92,0.0
2024-01-23T23:00:00Z,4.54,0.0
2024-01-24T00:00:00Z,4.19,0.0
2024-01-24T01:00:00Z,3.85,0.0
2024-01-24T02:00:00Z,3.67,0.0
2024-01-24T03:00:00Z,3.67,0.0
2024-01-24T04:00:00Z,3.45,107.32
2024-01-24T05:00:00Z,5.8,341.85
2024-01-24T06:00:00Z,6.5,581.12
2024-01-24T07:00:00Z,6.46,782.45
2024-01-24T08:00:00Z,6.3,920.62
2024-01-24T09:00:00Z,5.95,987.6
2024-01-24T10:00:00Z,5.53,957.3
2024-01-24T11:00:00Z,5.15,853.65
2024-01-24T12:00:00Z,4.96,690.33
2024-01-24T13:00:00Z,4.96,479.75
2024-01-24T14:00:00Z,4.96,234.52
2024-01-24T15:00:00Z,5.5,28.17
2024-01-24T16:00:00Z,6.78,0.0
2024-01-24T17:00:00Z,7.44,0.0
2024-01-24T18:00:00Z,7.48,0.0
2024-01-24T19:00:00Z,7.12,0.0
2024-01-24T20:00:00Z,6.43,0.0
2024-01-24T21:00:00Z,5.89,0.0
2024-01-24T22:00:00Z,5.46,0.0
2024-01-24T23:00:00Z,5.06,0.0
2024-01-25T00:00:00Z,4.88,0.0
2024-01-25T01:00:00Z,4.77,0.0
2024-01-25T02:00:00Z,4.6,0.0
2024-01-25T03:00:00Z,4.48,0.0
2024-01-25T04:00:00Z,4.31,108.22
2024-01-25T05:00:00Z,6.45,341.3
2024-01-25T06:00:00Z,7.58,577.4
2024-01-25T07:00:00Z,7.42,778.9
2024-01-25T08:00:00Z,6.86,917.92
2024-01-25T09:00:00Z,6.26,974.33
2024-01-25T10:00:00Z,5.79,928.03
2024-01-25T11:00:00Z,5.43,807.5
2024-01-25T12:00:00Z,5.23,641.8
2024-01-25T13:00:00Z,5.19,445.23
2024-01-25T14:00:00Z,5.27,219.45
2024-01-25T15:00:00Z,5.38,27.35
2024-01-25T16:00:00Z,6.17,0.0
2024-01-25T17:00:00Z,6.83,0.0
2024-01-25T18:00:00Z,7.02,0.0
2024-01-25T19:00:00Z,6.93,0.0
2024-01-25T20:00:00Z,6.72,0.0
2024-01-25T21:00:00Z,6.48,0.0
2024-01-25T22:00:00Z,6.11,0.0
2024-01-25T23:00:00Z,5.65,0.0
2024-01-26T00:00:00Z,5.34,0.0
2024-01-26T01:00:00Z,5.22,0.0
2024-01-26T02:00:00Z,5.22,0.0
2024-01-26T03:00:00Z,5.36,0.0
2024-01-26T04:00:00Z,6.11,114.18
2024-01-26T05:00:00Z,8.79,350.15
2024-01-26T06:00:00Z,8.72,589.12
2024-01-26T07:00:00Z,8.19,785.22
2024-01-26T08:00:00Z,7.7,915.88
2024-01-26T09:00:00Z,7.15,908.55
2024-01-26T10:00:00Z,6.7,884.28
2024-01-26T11:00:00Z,6.39,730.55
2024-01-26T12:00:00Z,6.37,605.12
2024-01-26T13:00:00Z,6.44,436.27
2024-01-26T14:00:00Z,6.48,216.52
2024-01-26T15:00:00Z,6.33,26.17
2024-01-26T16:00:00Z,6.47,0.0
2024-01-26T17:00:00Z,6.61,0.0
2024-01-26T18:00:00Z,6.39,0.0
2024-01-26T19:00:00Z,6.43,0.0
2024-01-26T20:00:00Z,6.55,0.0
2024-01-26T21:00:00Z,6.46,0.0
2024-01-26T22:00:00Z,6.27,0.0
2024-01-26T23:00:00Z,6.06,0.0
2024-01-27T00:00:00Z,5.94,0.0
2024-01-27T01:00:00Z,5.93,0.0
2024-01-27T02:00:00Z,6.01,0.0
2024-01-27T03:00:00Z,5.93,0.0
2024-01-27T04:00:00Z,6.57,97.25
2024-01-27T05:00:00Z,8.27,314.25
2024-01-27T06:00:00Z,8.1,552.03
2024-01-27T07:00:00Z,7.8,760.67
2024-01-27T08:00:00Z,7.48,882.6
2024-01-27T09:00:00Z,7.07,839.53
2024-01-27T10:00:00Z,6.8,900.15
2024-01-27T11:00:00Z,6.75,763.17
2024-01-27T12:00:00Z,6.93,647.58
2024-01-27T13:00:00Z,7.11,443.58
2024-01-27T14:00:00Z,7.11,224.23
2024-01-27T15:00:00Z,6.68,28.38
2024-01-27T16:00:00Z,6.14,0.0
2024-01-27T17:00:00Z,5.78,0.0
2024-01-27T18:00:00Z,5.83,0.0
2024-01-27T19:00:00Z,6.05,0.0
2024-01-27T20:00:00Z,6.18,0.0
2024-01-27T21:00:00Z,6.2,0.0
2024-01-27T22:00:00Z,6.01,0.0
2024-01-27T23:00:00Z,5.76,0.0
2024-01-28T00:00:00Z,5.55,0.0
2024-01-28T01:00:00Z,5.4,0.0
2024-01-28T02:00:00Z,5.37,0.0
2024-01-28T03:00:00Z,5.25,0.0
2024-01-28T04:00:00Z,6.34,117.2
2024-01-28T05:00:00Z,8.91,361.33
2024-01-28T06:00:00Z,9.3,600.3
2024-01-28T07:00:00Z,9.25,794.5
2024-01-28T08:00:00Z,9.03,916.33
2024-01-28T09:00:00Z,8.59,923.53
2024-01-28T10:00:00Z,8.01,875.2
2024-01-28T11:00:00Z,7.47,688.5
2024-01-28T12:00:00Z,7.15,651.17
2024-01-28T13:00:00Z,7.11,456.27
2024-01-28T14:00:00Z,7.21,227.77
2024-01-28T15:00:00Z,7.13,28.73
2024-01-28T16:00:00Z,7.25,0.0
2024-01-28T17:00:00Z,7.37,0.0
2024-01-28T18:00:00Z,7.13,0.0
2024-01-28T19:00:00Z,6.97,0.0
2024-01-28T20:00:00Z,6.8,0.0
2024-01-28T21:00:00Z,6.8,0.0
2024-01-28T22:00:00Z,6.81,0.0
2024-01-28T23:00:00Z,6.67,0.0
2024-01-29T00:00:00Z,6.57,0.0
2024-01-29T01:00:00Z,6.44,0.0
2024-01-29T02:00:00Z,6.32,0.0
2024-01-29T03:00:00Z,6.18,0.0
2024-01-29T04:00:00Z,6.94,116.05
2024-01-29T05:00:00Z,9.26,360.67
2024-01-29T06:00:00Z,9.32,604.6
2024-01-29T07:00:00Z,9.13,802.38
2024-01-29T08:00:00Z,8.89,940.47
2024-01-29T09:00:00Z,8.54,981.2
2024-01-29T10:00:00Z,8.03,883.42
2024-01-29T11:00:00Z,7.53,860.6
2024-01-29T12:00:00Z,7.12,699.5
2024-01-29T13:00:00Z,6.95,490.4
2024-01-29T14:00:00Z,6.97,241.38
2024-01-29T15:00:00Z,6.87,30.92
2024-01-29T16:00:00Z,7.34,0.0
2024-01-29T17:00:00Z,7.72,0.0
2024-01-29T18:00:00Z,7.59,0.0
2024-01-29T19:00:00Z,7.0,0.0
2024-01-29T20:00:00Z,6.61,0.0
2024-01-29T21:00:00Z,6.32,0.0
2024-01-29T22:00:00Z,6.06,0.0
2024-01-29T23:00:00Z,5.88,0.0
2024-01-30T00:00:00Z,6.61,0.0
2024-01-30T01:00:00Z,6.66,0.0
2024-01-30T02:00:00Z,6.31,0.0
2024-01-30T03:00:00Z,6.06,0.0
2024-01-30T04:00:00Z,6.56,110.12
2024-01-30T05:00:00Z,7.9,343.12
2024-01-30T06:00:00Z,7.69,586.8
2024-01-30T07:00:00Z,7.15,780.5
2024-01-30T08:00:00Z,6.64,915.1
2024-01-30T09:00:00Z,6.31,943.9
2024-01-30T10:00:00Z,6.01,815.67
2024-01-30T11:00:00Z,5.81,820.38
2024-01-30T12:00:00Z,5.78,672.08
2024-01-30T13:00:00Z,5.91,462.3
2024-01-30T14:00:00Z,6.14,226.32
2024-01-30T15:00:00Z,6.22,29.7
2024-01-30T16:00:00Z,6.55,0.0
2024-01-30T17:00:00Z,6.77,0.0
2024-01-30T18:00:00Z,6.89,0.0
2024-01-30T19:00:00Z,6.89,0.0
2024-01-30T20:00:00Z,6.87,0.0
2024-01-30T21:00:00Z,6.94,0.0
2024-01-30T22:00:00Z,7.0,0.0
2024-01-30T23:00:00Z,7.04,0.0
2024-01-31T00:00:00Z,6.91,0.0
2024-01-31T01:00:00Z,6.63,0.0
2024-01-31T02:00:00Z,6.73,0.0
2024-01-31T03:00:00Z,6.98,0.0
2024-01-31T04:00:00Z,8.38,98.62
2024-01-31T05:00:00Z,8.99,309.45
2024-01-31T06:00:00Z,8.54,536.95
2024-01-31T07:00:00Z,8.05,702.33
2024-01-31T08:00:00Z,7.79,793.03
2024-01-31T09:00:00Z,7.69,834.08
2024-01-31T10:00:00Z,7.62,808.62
2024-01-31T11:00:00Z,7.57,757.6
2024-01-31T12:00:00Z,7.54,619.3
2024-01-31T13:00:00Z,7.61,435.92
2024-01-31T14:00:00Z,7.8,205.98
2024-01-31T15:00:00Z,7.68,26.5
2024-01-31T16:00:00Z,7.62,0.0
2024-01-31T17:00:00Z,7.69,0.0
2024-01-31T18:00:00Z,7.61,0.0
2024-01-31T19:00:00Z,7.29,0.0
2024-01-31T20:00:00Z,7.16,0.0
2024-01-31T21:00:00Z,7.22,0.0
2024-01-31T22:00:00Z,7.17,0.0
2024-01-31T23:00:00Z,7.14,0.0
2024-02-01T00:00:00Z,7.85,0.0
2024-02-01T01:00:00Z,7.77,0.0
2024-02-01T02:00:00Z,7.22,0.0
2024-02-01T03:00:00Z,6.93,0.0
2024-02-01T04:00:00Z,8.92,89.47
2024-02-01T05:00:00Z,10.16,287.92
2024-02-01T06:00:00Z,9.98,495.67
2024-02-01T07:00:00Z,9.54,676.97
2024-02-01T08:00:00Z,9.19,767.53
2024-02-01T09:00:00Z,8.87,797.78
2024-02-01T10:00:00Z,8.49,845.17
2024-02-01T11:00:00Z,8.28,728.17
2024-02-01T12:00:00Z,8.22,583.33
2024-02-01T13:00:00Z,8.08,391.8
2024-02-01T14:00:00Z,7.86,188.15
2024-02-01T15:00:00Z,7.29,27.02
2024-02-01T16:00:00Z,7.15,0.0
2024-02-01T17:00:00Z,7.17,0.0
2024-02-01T18:00:00Z,7.02,0.0
2024-02-01T19:00:00Z,6.81,0.0
2024-02-01T20:00:00Z,6.71,0.0
2024-02-01T21:00:00Z,6.55,0.0
2024-02-01T22:00:00Z,6.39,0.0
2024-02-01T23:00:00Z,6.28,0.0
2024-02-02T00:00:00Z,6.09,0.0
2024-02-02T01:00:00Z,5.75,0.0
2024-02-02T02:00:00Z,5.3,0.0
2024-02-02T03:00:00Z,4.84,0.0
2024-02-02T04:00:00Z,5.29,96.7
2024-02-02T05:00:00Z,8.04,317.42
2024-02-02T06:00:00Z,8.06,556.47
2024-02-02T07:00:00Z,7.8,763.55
2024-02-02T08:00:00Z,7.61,896.22
2024-02-02T09:00:00Z,7.43,930.2
2024-02-02T10:00:00Z,7.38,922.88
2024-02-02T11:00:00Z,7.52,740.5
2024-02-02T12:00:00Z,7.89,656.08
2024-02-02T13:00:00Z,8.52,438.65
2024-02-02T14:00:00Z,9.16,211.7
2024-02-02T15:00:00Z,9.17,28.73
2024-02-02T16:00:00Z,8.27,0.0
2024-02-02T17:00:00Z,7.44,0.0
2024-02-02T18:00:00Z,7.4,0.0
2024-02-02T19:00:00Z,7.32,0.0
2024-02-02T20:00:00Z,7.17,0.0
2024-02-02T21:00:00Z,6.91,0.0
2024-02-02T22:00:00Z,6.64,0.0
2024-02-02T23:00:00Z,6.19,0.0
2024-02-03T00:00:00Z,5.6,0.0
2024-02-03T01:00:00Z,5.15,0.0
2024-02-03T02:00:00Z,4.77,0.0
2024-02-03T03:00:00Z,4.39,0.0
2024-02-03T04:00:00Z,4.42,94.72
2024-02-03T05:00:00Z,6.2,325.0
2024-02-03T06:00:00Z,6.44,566.3
2024-02-03T07:00:00Z,6.44,766.78
2024-02-03T08:00:00Z,6.46,902.9
2024-02-03T09:00:00Z,6.39,918.53
2024-02-03T10:00:00Z,6.42,735.33
2024-02-03T11:00:00Z,6.78,657.95
2024-02-03T12:00:00Z,7.35,529.7
2024-02-03T13:00:00Z,7.94,319.4
2024-02-03T14:00:00Z,8.33,161.7
2024-02-03T15:00:00Z,8.05,24.95
2024-02-03T16:00:00Z,7.67,0.0
2024-02-03T17:00:00Z,7.44,0.0
2024-02-03T18:00:00Z,6.55,0.0
2024-02-03T19:00:00Z,6.07,0.0
2024-02-03T20:00:00Z,5.82,0.0
2024-02-03T21:00:00Z,5.66,0.0
2024-02-03T22:00:00Z,5.46,0.0
2024-02-03T23:00:00Z,5.27,0.0
2024-02-04T00:00:00Z,5.14,0.0
2024-02-04T01:00:00Z,5.09,0.0
2024-02-04T02:00:00Z,5.25,0.0
2024-02-04T03:00:00Z,5.52,0.0
2024-02-04T04:00:00Z,6.85,100.32
2024-02-04T05:00:00Z,8.93,337.6
2024-02-04T06:00:00Z,9.14,574.4
2024-02-04T07:00:00Z,9.17,778.62
2024-02-04T08:00:00Z,9.05,875.38
2024-02-04T09:00:00Z,8.81,885.22
2024-02-04T10:00:00Z,8.58,832.33
2024-02-04T11:00:00Z,8.43,762.22
2024-02-04T12:00:00Z,8.45,620.53
2024-02-04T13:00:00Z,8.69,456.5
2024-02-04T14:00:00Z,8.93,225.3
2024-02-04T15:00:00Z,8.69,30.45
2024-02-04T16:00:00Z,8.63,0.0
2024-02-04T17:00:00Z,8.47,0.0
2024-02-04T18:00:00Z,8.25,0.0
2024-02-04T19:00:00Z,7.35,0.0
2024-02-04T20:00:00Z,6.95,0.0
2024-02-04T21:00:00Z,7.8,0.0
2024-02-04T22:00:00Z,7.89,0.0
2024-02-04T23:00:00Z,7.52,0.0
2024-02-05T00:00:00Z,7.25,0.0
2024-02-05T01:00:00Z,6.92,0.0
2024-02-05T02:00:00Z,6.49,0.0
2024-02-05T03:00:00Z,6.21,0.0
2024-02-05T04:00:00Z,6.98,100.5
2024-02-05T05:00:00Z,9.24,337.98
2024-02-05T06:00:00Z,9.34,572.97
2024-02-05T07:00:00Z,8.97,787.8
2024-02-05T08:00:00Z,8.73,912.42
2024-02-05T09:00:00Z,8.57,916.83
2024-02-05T10:00:00Z,8.38,856.6
2024-02-05T11:00:00Z,8.26,761.22
2024-02-05T12:00:00Z,8.31,644.25
2024-02-05T13:00:00Z,8.51,456.25
2024-02-05T14:00:00Z,8.67,222.55
2024-02-05T15:00:00Z,8.4,29.5
2024-02-05T16:00:00Z,8.01,0.0
2024-02-05T17:00:00Z,7.34,0.0
2024-02-05T18:00:00Z,6.98,0.0
2024-02-05T19:00:00Z,7.01,0.0
2024-02-05T20:00:00Z,6.98,0.0
2024-02-05T21:00:00Z,6.54,0.0
2024-02-05T22:00:00Z,6.23,0.0
2024-02-05T23:00:00Z,6.48,0.0
2024-02-06T00:00:00Z,5.9,0.0
2024-02-06T01:00:00Z,5.46,0.0
2024-02-06T02:00:00Z,5.18,0.0
2024-02-06T03:00:00Z,4.58,0.0
2024-02-06T04:00:00Z,6.14,78.75
2024-02-06T05:00:00Z,7.81,263.35
2024-02-06T06:00:00Z,8.67,474.58
2024-02-06T07:00:00Z,9.16,707.62
2024-02-06T08:00:00Z,9.34,873.97
2024-02-06T09:00:00Z,9.06,959.85
2024-02-06T10:00:00Z,8.51,971.95
2024-02-06T11:00:00Z,8.05,846.45
2024-02-06T12:00:00Z,7.79,718.95
2024-02-06T13:00:00Z,7.7,501.4
2024-02-06T14:00:00Z,7.66,252.55
2024-02-06T15:00:00Z,7.41,33.78
2024-02-06T16:00:00Z,7.76,0.0
2024-02-06T17:00:00Z,7.91,0.0
2024-02-06T18:00:00Z,7.64,0.0
2024-02-06T19:00:00Z,7.11,0.0
2024-02-06T20:00:00Z,6.55,0.0
2024-02-06T21:00:00Z,6.22,0.0
2024-02-06T22:00:00Z,5.84,0.0
2024-02-06T23:00:00Z,5.46,0.0
2024-02-07T00:00:00Z,5.4,0.0
2024-02-07T01:00:00Z,5.67,0.0
2024-02-07T02:00:00Z,6.09,0.0
2024-02-07T03:00:00Z,6.24,0.0
2024-02-07T04:00:00Z,7.11,97.97
2024-02-07T05:00:00Z,9.13,337.8
2024-02-07T06:00:00Z,9.43,581.0
2024-02-07T07:00:00Z,9.27,782.85
2024-02-07T08:00:00Z,9.08,920.53
2024-02-07T09:00:00Z,8.81,986.12
2024-02-07T10:00:00Z,8.51,981.72
2024-02-07T11:00:00Z,8.38,868.7
2024-02-07T12:00:00Z,8.52,714.12
2024-02-07T13:00:00Z,8.8,498.38
2024-02-07T14:00:00Z,9.08,248.6
2024-02-07T15:00:00Z,8.79,33.65
2024-02-07T16:00:00Z,8.37,0.0
2024-02-07T17:00:00Z,8.03,0.0
2024-02-07T18:00:00Z,7.03,0.0
2024-02-07T19:00:00Z,6.58,0.0
2024-02-07T20:00:00Z,6.4,0.0
2024-02-07T21:00:00Z,6.35,0.0
2024-02-07T22:00:00Z,6.35,0.0
2024-02-07T23:00:00Z,6.3,0.0
2024-02-08T00:00:00Z,6.29,0.0
2024-02-08T01:00:00Z,6.47,0.0
2024-02-08T02:00:00Z,6.66,0.0
2024-02-08T03:00:00Z,6.56,0.0
2024-02-08T04:00:00Z,8.03,106.12
2024-02-08T05:00:00Z,9.86,341.92
2024-02-08T06:00:00Z,9.58,579.35
2024-02-08T07:00:00Z,9.08,791.4
2024-02-08T08:00:00Z,8.73,906.5
2024-02-08T09:00:00Z,8.53,896.28
2024-02-08T10:00:00Z,8.41,889.5
2024-02-08T11:00:00Z,8.28,803.38
2024-02-08T12:00:00Z,8.18,679.47
2024-02-08T13:00:00Z,8.07,465.35
2024-02-08T14:00:00Z,7.98,228.18
2024-02-08T15:00:00Z,7.59,31.08
2024-02-08T16:00:00Z,7.51,0.0
2024-02-08T17:00:00Z,7.71,0.0
2024-02-08T18:00:00Z,7.26,0.0
2024-02-08T19:00:00Z,7.06,0.0
2024-02-08T20:00:00Z,6.91,0.0
2024-02-08T21:00:00Z,6.7,0.0
2024-02-08T22:00:00Z,6.51,0.0
2024-02-08T23:00:00Z,6.39,0.0
2024-02-09T00:00:00Z,6.2,0.0
2024-02-09T01:00:00Z,6.0,0.0
2024-02-09T02:00:00Z,5.87,0.0
2024-02-09T03:00:00Z,5.76,0.0
2024-02-09T04:00:00Z,6.74,110.43
2024-02-09T05:00:00Z,9.77,358.33
2024-02-09T06:00:00Z,10.03,604.17
2024-02-09T07:00:00Z,9.96,800.65
2024-02-09T08:00:00Z,9.71,945.45
2024-02-09T09:00:00Z,9.19,957.4
2024-02-09T10:00:00Z,8.56,862.85
2024-02-09T11:00:00Z,8.12,807.9
2024-02-09T12:00:00Z,7.96,641.6
2024-02-09T13:00:00Z,7.99,429.6
2024-02-09T14:00:00Z,8.04,210.2
2024-02-09T15:00:00Z,7.75,30.0
2024-02-09T16:00:00Z,7.81,0.0
2024-02-09T17:00:00Z,7.78,0.0
2024-02-09T18:00:00Z,7.34,0.0
2024-02-09T19:00:00Z,6.89,0.0
2024-02-09T20:00:00Z,6.69,0.0
2024-02-09T21:00:00Z,6.66,0.0
2024-02-09T22:00:00Z,6.52,0.0
2024-02-09T23:00:00Z,6.22,0.0
2024-02-10T00:00:00Z,5.95,0.0
2024-02-10T01:00:00Z,5.9,0.0
2024-02-10T02:00:00Z,6.28,0.0
2024-02-10T03:00:00Z,6.89,0.0
2024-02-10T04:00:00Z,9.3,109.5
2024-02-10T05:00:00Z,11.19,344.4
2024-02-10T06:00:00Z,11.44,591.5
2024-02-10T07:00:00Z,11.21,791.28
2024-02-10T08:00:00Z,10.79,930.8
2024-02-10T09:00:00Z,10.22,985.4
2024-02-10T10:00:00Z,9.5,922.4
2024-02-10T11:00:00Z,8.91,810.85
2024-02-10T12:00:00Z,8.62,680.35
2024-02-10T13:00:00Z,8.51,469.12
2024-02-10T14:00:00Z,8.47,233.82
2024-02-10T15:00:00Z,8.08,32.72
2024-02-10T16:00:00Z,7.43,0.0
2024-02-10T17:00:00Z,7.09,0.0
2024-02-10T18:00:00Z,7.17,0.0
2024-02-10T19:00:00Z,7.05,0.0
2024-02-10T20:00:00Z,6.72,0.0
2024-02-10T21:00:00Z,6.23,0.0
2024-02-10T22:00:00Z,5.6,0.0
2024-02-10T23:00:00Z,4.92,0.0
2024-02-11T00:00:00Z,4.61,0.0
2024-02-11T01:00:00Z,4.71,0.0
2024-02-11T02:00:00Z,5.17,0.0
2024-02-11T03:00:00Z,5.87,0.0
2024-02-11T04:00:00Z,8.19,101.3
2024-02-11T05:00:00Z,10.08,338.95
2024-02-11T06:00:00Z,10.14,571.75
2024-02-11T07:00:00Z,9.79,783.33
2024-02-11T08:00:00Z,9.3,915.62
2024-02-11T09:00:00Z,8.65,951.85
2024-02-11T10:00:00Z,7.99,940.85
2024-02-11T11:00:00Z,7.48,845.72
2024-02-11T12:00:00Z,7.09,679.6
2024-02-11T13:00:00Z,6.72,476.6
2024-02-11T14:00:00Z,6.1,240.07
2024-02-11T15:00:00Z,5.76,32.17
2024-02-11T16:00:00Z,6.18,0.0
2024-02-11T17:00:00Z,6.51,0.0
2024-02-11T18:00:00Z,6.67,0.0
2024-02-11T19:00:00Z,6.6,0.0
2024-02-11T20:00:00Z,6.43,0.0
2024-02-11T21:00:00Z,6.09,0.0
2024-02-11T22:00:00Z,5.6,0.0
2024-02-11T23:00:00Z,5.14,0.0
2024-02-12T00:00:00Z,4.85,0.0
2024-02-12T01:00:00Z,4.8,0.0
2024-02-12T02:00:00Z,5.08,0.0
2024-02-12T03:00:00Z,5.46,0.0
2024-02-12T04:00:00Z,6.55,113.4
2024-02-12T05:00:00Z,9.55,361.5
2024-02-12T06:00:00Z,9.83,610.53
2024-02-12T07:00:00Z,9.53,812.92
2024-02-12T08:00:00Z,9.18,938.42
2024-02-12T09:00:00Z,8.8,947.88
2024-02-12T10:00:00Z,8.5,960.12
2024-02-12T11:00:00Z,8.33,844.33
2024-02-12T12:00:00Z,8.37,708.85
2024-02-12T13:00:00Z,8.51,485.9
2024-02-12T14:00:00Z,8.42,243.85
2024-02-12T15:00:00Z,7.71,34.5
2024-02-12T16:00:00Z,7.32,0.0
2024-02-12T17:00:00Z,6.95,0.0
2024-02-12T18:00:00Z,6.3,0.0
2024-02-12T19:00:00Z,6.18,0.0
2024-02-12T20:00:00Z,6.1,0.0
2024-02-12T21:00:00Z,5.88,0.0
2024-02-12T22:00:00Z,5.54,0.0
2024-02-12T23:00:00Z,5.2,0.0
2024-02-13T00:00:00Z,4.99,0.0
2024-02-13T01:00:00Z,4.91,0.0
2024-02-13T02:00:00Z,4.99,0.0
2024-02-13T03:00:00Z,5.14,0.0
2024-02-13T04:00:00Z,5.86,117.57
2024-02-13T05:00:00Z,9.48,366.48
2024-02-13T06:00:00Z,10.15,611.58
2024-02-13T07:00:00Z,9.89,804.88
2024-02-13T08:00:00Z,9.5,949.67
2024-02-13T09:00:00Z,8.78,970.67
2024-02-13T10:00:00Z,8.01,974.2
2024-02-13T11:00:00Z,7.32,858.55
2024-02-13T12:00:00Z,6.79,713.92
2024-02-13T13:00:00Z,6.44,500.05
2024-02-13T14:00:00Z,6.06,247.02
2024-02-13T15:00:00Z,5.71,34.1
2024-02-13T16:00:00Z,6.07,0.0
2024-02-13T17:00:00Z,6.51,0.0
2024-02-13T18:00:00Z,6.54,0.0
2024-02-13T19:00:00Z,6.29,0.0
2024-02-13T20:00:00Z,5.89,0.0
2024-02-13T21:00:00Z,5.75,0.0
2024-02-13T22:00:00Z,5.6,0.0
2024-02-13T23:00:00Z,5.33,0.0
2024-02-14T00:00:00Z,4.98,0.0
2024-02-14T01:00:00Z,4.68,0.0
2024-02-14T02:00:00Z,4.68,0.0
2024-02-14T03:00:00Z,4.96,0.0
2024-02-14T04:00:00Z,6.29,113.47
2024-02-14T05:00:00Z,9.37,362.42
2024-02-14T06:00:00Z,9.98,609.4
2024-02-14T07:00:00Z,9.76,805.72
2024-02-14T08:00:00Z,9.26,952.53
2024-02-14T09:00:00Z,8.62,1014.05
2024-02-14T10:00:00Z,7.99,992.55
2024-02-14T11:00:00Z,7.63,888.53
2024-02-14T12:00:00Z,7.5,722.65
2024-02-14T13:00:00Z,7.63,502.77
2024-02-14T14:00:00Z,7.72,248.8
2024-02-14T15:00:00Z,7.3,34.62
2024-02-14T16:00:00Z,7.13,0.0
2024-02-14T17:00:00Z,6.82,0.0
2024-02-14T18:00:00Z,6.22,0.0
2024-02-14T19:00:00Z,5.76,0.0
2024-02-14T20:00:00Z,5.52,0.0
2024-02-14T21:00:00Z,5.24,0.0
2024-02-14T22:00:00Z,4.97,0.0
2024-02-14T23:00:00Z,4.89,0.0
2024-02-15T00:00:00Z,4.98,0.0
2024-02-15T01:00:00Z,5.17,0.0
2024-02-15T02:00:00Z,5.42,0.0
2024-02-15T03:00:00Z,5.68,0.0
2024-02-15T04:00:00Z,5.77,112.32
2024-02-15T05:00:00Z,8.23,358.83
2024-02-15T06:00:00Z,9.07,610.85
2024-02-15T07:00:00Z,9.19,807.83
2024-02-15T08:00:00Z,9.07,954.47
2024-02-15T09:00:00Z,8.58,1024.32
2024-02-15T10:00:00Z,7.89,1001.28
2024-02-15T11:00:00Z,7.36,886.5
2024-02-15T12:00:00Z,7.08,726.25
2024-02-15T13:00:00Z,7.0,513.72
2024-02-15T14:00:00Z,6.71,257.48
2024-02-15T15:00:00Z,6.23,36.42
2024-02-15T16:00:00Z,6.12,0.0
2024-02-15T17:00:00Z,6.14,0.0
2024-02-15T18:00:00Z,6.11,0.0
2024-02-15T19:00:00Z,6.05,0.0
2024-02-15T20:00:00Z,5.95,0.0
2024-02-15T21:00:00Z,5.78,0.0
2024-02-15T22:00:00Z,5.51,0.0
2024-02-15T23:00:00Z,5.16,0.0
2024-02-16T00:00:00Z,4.76,0.0
2024-02-16T01:00:00Z,4.51,0.0
2024-02-16T02:00:00Z,4.55,0.0
2024-02-16T03:00:00Z,4.8,0.0
2024-02-16T04:00:00Z,4.86,108.38
2024-02-16T05:00:00Z,8.59,352.33
2024-02-16T06:00:00Z,9.64,599.12
2024-02-16T07:00:00Z,9.58,809.47
2024-02-16T08:00:00Z,9.39,935.38
2024-02-16T09:00:00Z,9.08,980.0
2024-02-16T10:00:00Z,8.58,879.45
2024-02-16T11:00:00Z,8.14,851.88
2024-02-16T12:00:00Z,7.81,691.05
2024-02-16T13:00:00Z,7.57,478.83
2024-02-16T14:00:00Z,7.25,245.0
2024-02-16T15:00:00Z,6.52,34.8
2024-02-16T16:00:00Z,6.32,0.0
2024-02-16T17:00:00Z,6.3,0.0
2024-02-16T18:00:00Z,6.35,0.0
2024-02-16T19:00:00Z,6.44,0.0
2024-02-16T20:00:00Z,6.45,0.0
2024-02-16T21:00:00Z,6.36,0.0
2024-02-16T22:00:00Z,6.21,0.0
2024-02-16T23:00:00Z,6.01,0.0
2024-02-17T00:00:00Z,5.78,0.0
2024-02-17T01:00:00Z,5.66,0.0
2024-02-17T02:00:00Z,5.71,0.0
2024-02-17T03:00:00Z,5.87,0.0
2024-02-17T04:00:00Z,5.56,114.55
2024-02-17T05:00:00Z,7.82,363.8
2024-02-17T06:00:00Z,8.5,610.42
2024-02-17T07:00:00Z,8.58,806.12
2024-02-17T08:00:00Z,8.57,953.75
2024-02-17T09:00:00Z,8.65,1000.47
2024-02-17T10:00:00Z,8.71,984.3
2024-02-17T11:00:00Z,8.49,860.05
2024-02-17T12:00:00Z,7.96,712.97
2024-02-17T13:00:00Z,7.28,489.3
2024-02-17T14:00:00Z,6.64,241.77
2024-02-17T15:00:00Z,5.82,33.8
2024-02-17T16:00:00Z,5.59,0.0
2024-02-17T17:00:00Z,5.72,0.0
2024-02-17T18:00:00Z,5.86,0.0
2024-02-17T19:00:00Z,5.85,0.0
2024-02-17T20:00:00Z,5.59,0.0
2024-02-17T21:00:00Z,5.19,0.0
2024-02-17T22:00:00Z,4.7,0.0
2024-02-17T23:00:00Z,4.12,0.0
2024-02-18T00:00:00Z,3.56,0.0
2024-02-18T01:00:00Z,3.09,0.0
2024-02-18T02:00:00Z,2.74,0.0
2024-02-18T03:00:00Z,2.51,0.0
2024-02-18T04:00:00Z,2.44,104.5
2024-02-18T05:00:00Z,5.69,342.02
2024-02-18T06:00:00Z,7.19,586.3
2024-02-18T07:00:00Z,7.4,794.17
2024-02-18T08:00:00Z,7.22,930.17
2024-02-18T09:00:00Z,6.9,919.47
2024-02-18T10:00:00Z,6.5,897.25
2024-02-18T11:00:00Z,6.02,637.95
2024-02-18T12:00:00Z,5.51,654.8
2024-02-18T13:00:00Z,5.02,460.5
2024-02-18T14:00:00Z,4.66,222.02
2024-02-18T15:00:00Z,4.27,30.08
2024-02-18T16:00:00Z,4.44,0.0
2024-02-18T17:00:00Z,4.81,0.0
2024-02-18T18:00:00Z,5.15,0.0
2024-02-18T19:00:00Z,5.2,0.0
2024-02-18T20:00:00Z,4.66,0.0
2024-02-18T21:00:00Z,3.57,0.0
2024-02-18T22:00:00Z,2.28,0.0
2024-02-18T23:00:00Z,1.26,0.0
2024-02-19T00:00:00Z,1.14,0.0
2024-02-19T01:00:00Z,1.5,0.0
2024-02-19T02:00:00Z,1.44,0.0
2024-02-19T03:00:00Z,1.12,0.0
2024-02-19T04:00:00Z,0.47,84.88
2024-02-19T05:00:00Z,1.82,293.98
2024-02-19T06:00:00Z,3.85,528.4
2024-02-19T07:00:00Z,5.07,733.35
2024-02-19T08:00:00Z,5.53,819.58
2024-02-19T09:00:00Z,5.23,833.72
2024-02-19T10:00:00Z,4.64,769.03
2024-02-19T11:00:00Z,4.0,638.2
2024-02-19T12:00:00Z,3.36,536.7
2024-02-19T13:00:00Z,2.84,358.45
2024-02-19T14:00:00Z,2.37,176.62
2024-02-19T15:00:00Z,1.66,28.08
2024-02-19T16:00:00Z,1.34,0.0
2024-02-19T17:00:00Z,1.78,0.0
2024-02-19T18:00:00Z,2.47,0.0
2024-02-19T19:00:00Z,3.14,0.0
2024-02-19T20:00:00Z,3.61,0.0
2024-02-19T21:00:00Z,3.68,0.0
2024-02-19T22:00:00Z,3.33,0.0
2024-02-19T23:00:00Z,2.51,0.0
2024-02-20T00:00:00Z,1.88,0.0
2024-02-20T01:00:00Z,2.21,0.0
2024-02-20T02:00:00Z,1.96,0.0
2024-02-20T03:00:00Z,1.07,0.0
2024-02-20T04:00:00Z,1.96,96.05
2024-02-20T05:00:00Z,3.99,330.6
2024-02-20T06:00:00Z,5.21,582.45
2024-02-20T07:00:00Z,5.55,791.67
2024-02-20T08:00:00Z,5.61,925.5
2024-02-20T09:00:00Z,5.77,985.85
2024-02-20T10:00:00Z,6.06,943.17
2024-02-20T11:00:00Z,6.22,864.25
2024-02-20T12:00:00Z,6.28,701.15
2024-02-20T13:00:00Z,6.4,480.77
2024-02-20T14:00:00Z,6.46,236.07
2024-02-20T15:00:00Z,6.2,32.65
2024-02-20T16:00:00Z,6.45,0.0
2024-02-20T17:00:00Z,6.35,0.0
2024-02-20T18:00:00Z,6.37,0.0
2024-02-20T19:00:00Z,6.47,0.0
2024-02-20T20:00:00Z,6.56,0.0
2024-02-20T21:00:00Z,6.5,0.0
2024-02-20T22:00:00Z,6.28,0.0
2024-02-20T23:00:00Z,6.13,0.0
2024-02-21T00:00:00Z,6.32,0.0
2024-02-21T01:00:00Z,6.6,0.0
2024-02-21T02:00:00Z,6.8,0.0
2024-02-21T03:00:00Z,6.81,0.0
2024-02-21T04:00:00Z,7.06,103.45
2024-02-21T05:00:00Z,10.09,339.25
2024-02-21T06:00:00Z,10.81,593.03
2024-02-21T07:00:00Z,10.78,804.92
2024-02-21T08:00:00Z,10.66,946.38
2024-02-21T09:00:00Z,10.35,1008.38
2024-02-21T10:00:00Z,9.77,917.85
2024-02-21T11:00:00Z,9.11,841.2
2024-02-21T12:00:00Z,8.54,681.6
2024-02-21T13:00:00Z,8.13,465.1
2024-02-21T14:00:00Z,7.79,235.23
2024-02-21T15:00:00Z,7.18,34.45
2024-02-21T16:00:00Z,7.37,0.0
2024-02-21T17:00:00Z,7.63,0.0
2024-02-21T18:00:00Z,7.47,0.0
2024-02-21T19:00:00Z,7.02,0.0
2024-02-21T20:00:00Z,7.05,0.0
2024-02-21T21:00:00Z,7.13,0.0
2024-02-21T22:00:00Z,7.32,0.0
2024-02-21T23:00:00Z,7.78,0.0
2024-02-22T00:00:00Z,7.1,0.0
2024-02-22T01:00:00Z,6.86,0.0
2024-02-22T02:00:00Z,7.4,0.0
2024-02-22T03:00:00Z,8.18,0.0
2024-02-22T04:00:00Z,9.08,115.78
2024-02-22T05:00:00Z,10.79,367.88
2024-02-22T06:00:00Z,11.34,629.25
2024-02-22T07:00:00Z,11.53,832.4
2024-02-22T08:00:00Z,11.29,972.78
2024-02-22T09:00:00Z,10.72,1021.45
2024-02-22T10:00:00Z,10.15,1003.7
2024-02-22T11:00:00Z,9.91,753.35
2024-02-22T12:00:00Z,9.83,737.85
2024-02-22T13:00:00Z,9.72,512.7
2024-02-22T14:00:00Z,9.36,258.85
2024-02-22T15:00:00Z,8.53,36.92
2024-02-22T16:00:00Z,8.59,0.0
2024-02-22T17:00:00Z,9.28,0.0
2024-02-22T18:00:00Z,10.03,0.0
2024-02-22T19:00:00Z,9.65,0.0
2024-02-22T20:00:00Z,9.19,0.0
2024-02-22T21:00:00Z,8.27,0.0
2024-02-22T22:00:00Z,7.73,0.0
2024-02-22T23:00:00Z,7.42,0.0
2024-02-23T00:00:00Z,7.28,0.0
2024-02-23T01:00:00Z,7.84,0.0
2024-02-23T02:00:00Z,8.35,0.0
2024-02-23T03:00:00Z,8.27,0.0
2024-02-23T04:00:00Z,10.16,117.05
2024-02-23T05:00:00Z,11.52,367.15
2024-02-23T06:00:00Z,11.43,611.62
2024-02-23T07:00:00Z,11.23,812.17
2024-02-23T08:00:00Z,10.84,943.92
2024-02-23T09:00:00Z,10.55,942.67
2024-02-23T10:00:00Z,10.44,860.25
2024-02-23T11:00:00Z,10.37,702.85
2024-02-23T12:00:00Z,10.2,608.95
2024-02-23T13:00:00Z,9.97,428.77
2024-02-23T14:00:00Z,9.75,201.85
2024-02-23T15:00:00Z,8.9,28.2
2024-02-23T16:00:00Z,8.35,0.0
2024-02-23T17:00:00Z,8.09,0.0
2024-02-23T18:00:00Z,7.38,0.0
2024-02-23T19:00:00Z,7.21,0.0
2024-02-23T20:00:00Z,7.02,0.0
2024-02-23T21:00:00Z,7.11,0.0
2024-02-23T22:00:00Z,6.63,0.0
2024-02-23T23:00:00Z,6.24,0.0
2024-02-24T00:00:00Z,6.51,0.0
2024-02-24T01:00:00Z,7.15,0.0
2024-02-24T02:00:00Z,7.61,0.0
2024-02-24T03:00:00Z,8.57,0.0
2024-02-24T04:00:00Z,9.65,105.38
2024-02-24T05:00:00Z,10.58,342.8
2024-02-24T06:00:00Z,10.69,591.4
2024-02-24T07:00:00Z,10.47,805.3
2024-02-24T08:00:00Z,10.02,904.12
2024-02-24T09:00:00Z,9.55,962.35
2024-02-24T10:00:00Z,9.27,732.5
2024-02-24T11:00:00Z,9.15,752.33
2024-02-24T12:00:00Z,9.11,525.92
2024-02-24T13:00:00Z,9.14,360.48
2024-02-24T14:00:00Z,9.0,180.0
2024-02-24T15:00:00Z,8.28,29.8
2024-02-24T16:00:00Z,8.27,0.0
2024-02-24T17:00:00Z,8.44,0.0
2024-02-24T18:00:00Z,7.84,0.0
2024-02-24T19:00:00Z,7.4,0.0
2024-02-24T20:00:00Z,6.97,0.0
2024-02-24T21:00:00Z,6.5,0.0
2024-02-24T22:00:00Z,6.03,0.0
2024-02-24T23:00:00Z,5.51,0.0
2024-02-25T00:00:00Z,5.0,0.0
2024-02-25T01:00:00Z,4.75,0.0
2024-02-25T02:00:00Z,5.0,0.0
2024-02-25T03:00:00Z,5.61,0.0
2024-02-25T04:00:00Z,6.75,110.1
2024-02-25T05:00:00Z,9.45,345.62
2024-02-25T06:00:00Z,9.46,602.0
2024-02-25T07:00:00Z,9.07,825.58
2024-02-25T08:00:00Z,8.64,968.97
2024-02-25T09:00:00Z,8.11,1023.38
2024-02-25T10:00:00Z,7.72,974.9
2024-02-25T11:00:00Z,7.35,912.05
2024-02-25T12:00:00Z,6.92,737.47
2024-02-25T13:00:00Z,6.63,512.6
2024-02-25T14:00:00Z,6.42,253.45
2024-02-25T15:00:00Z,6.23,34.42
2024-02-25T16:00:00Z,6.78,0.0
2024-02-25T17:00:00Z,7.29,0.0
2024-02-25T18:00:00Z,7.14,0.0
2024-02-25T19:00:00Z,7.15,0.0
2024-02-25T20:00:00Z,7.08,0.0
2024-02-25T21:00:00Z,6.87,0.0
2024-02-25T22:00:00Z,6.36,0.0
2024-02-25T23:00:00Z,5.69,0.0
2024-02-26T00:00:00Z,5.77,0.0
2024-02-26T01:00:00Z,6.44,0.0
2024-02-26T02:00:00Z,6.8,0.0
2024-02-26T03:00:00Z,6.39,0.0
2024-02-26T04:00:00Z,6.87,110.05
2024-02-26T05:00:00Z,7.03,345.58
2024-02-26T06:00:00Z,5.87,589.03
2024-02-26T07:00:00Z,4.98,802.78
2024-02-26T08:00:00Z,4.72,908.67
2024-02-26T09:00:00Z,4.69,920.0
2024-02-26T10:00:00Z,4.64,924.22
2024-02-26T11:00:00Z,4.61,835.97
2024-02-26T12:00:00Z,4.59,643.95
2024-02-26T13:00:00Z,4.7,390.9
2024-02-26T14:00:00Z,4.93,188.02
2024-02-26T15:00:00Z,4.97,27.35
2024-02-26T16:00:00Z,5.19,0.0
2024-02-26T17:00:00Z,5.56,0.0
2024-02-26T18:00:00Z,5.76,0.0
2024-02-26T19:00:00Z,5.63,0.0
2024-02-26T20:00:00Z,5.54,0.0
2024-02-26T21:00:00Z,5.41,0.0
2024-02-26T22:00:00Z,5.22,0.0
2024-02-26T23:00:00Z,4.96,0.0
2024-02-27T00:00:00Z,4.73,0.0
2024-02-27T01:00:00Z,4.58,0.0
2024-02-27T02:00:00Z,4.79,0.0
2024-02-27T03:00:00Z,5.28,0.0
2024-02-27T04:00:00Z,5.75,90.5
2024-02-27T05:00:00Z,7.22,258.27
2024-02-27T06:00:00Z,7.21,484.52
2024-02-27T07:00:00Z,6.53,713.17
2024-02-27T08:00:00Z,6.0,826.35
2024-02-27T09:00:00Z,5.61,815.03
2024-02-27T10:00:00Z,5.22,742.28
2024-02-27T11:00:00Z,4.94,499.88
2024-02-27T12:00:00Z,4.76,395.98
2024-02-27T13:00:00Z,4.6,222.6
2024-02-27T14:00:00Z,4.37,98.38
2024-02-27T15:00:00Z,3.93,15.45
2024-02-27T16:00:00Z,3.87,0.0
2024-02-27T17:00:00Z,4.3,0.0
2024-02-27T18:00:00Z,4.74,0.0
2024-02-27T19:00:00Z,4.78,0.0
2024-02-27T20:00:00Z,4.69,0.0
2024-02-27T21:00:00Z,4.43,0.0
2024-02-27T22:00:00Z,4.07,0.0
2024-02-27T23:00:00Z,3.8,0.0
2024-02-28T00:00:00Z,3.59,0.0
2024-02-28T01:00:00Z,3.81,0.0
2024-02-28T02:00:00Z,4.5,0.0
2024-02-28T03:00:00Z,5.7,0.0
2024-02-28T04:00:00Z,6.83,20.05
2024-02-28T05:00:00Z,7.77,67.35
2024-02-28T06:00:00Z,7.97,125.53
2024-02-28T07:00:00Z,7.57,148.65
2024-02-28T08:00:00Z,6.88,294.92
2024-02-28T09:00:00Z,6.08,430.4
2024-02-28T10:00:00Z,5.4,530.4
2024-02-28T11:00:00Z,4.88,635.05
2024-02-28T12:00:00Z,4.56,574.62
2024-02-28T13:00:00Z,4.32,376.08
2024-02-28T14:00:00Z,4.07,173.98
2024-02-28T15:00:00Z,3.64,21.75
2024-02-28T16:00:00Z,3.34,0.0
2024-02-28T17:00:00Z,3.37,0.0
2024-02-28T18:00:00Z,3.47,0.0
2024-02-28T19:00:00Z,3.6,0.0
2024-02-28T20:00:00Z,3.61,0.0
2024-02-28T21:00:00Z,3.69,0.0
2024-02-28T22:00:00Z,3.71,0.0
2024-02-28T23:00:00Z,3.56,0.0
2024-02-29T00:00:00Z,3.24,0.0
2024-02-29T01:00:00Z,2.99,0.0
2024-02-29T02:00:00Z,3.13,0.0
2024-02-29T03:00:00Z,3.65,0.0
2024-02-29T04:00:00Z,4.31,122.95
2024-02-29T05:00:00Z,6.33,358.3
2024-02-29T06:00:00Z,6.91,597.38
2024-02-29T07:00:00Z,6.91,798.53
2024-02-29T08:00:00Z,6.82,938.38
2024-02-29T09:00:00Z,6.6,1009.58
2024-02-29T10:00:00Z,6.36,991.03
2024-02-29T11:00:00Z,6.09,886.45
2024-02-29T12:00:00Z,5.72,719.33
2024-02-29T13:00:00Z,5.39,495.23
2024-02-29T14:00:00Z,5.22,244.95
2024-02-29T15:00:00Z,4.85,32.12
2024-02-29T16:00:00Z,4.97,0.0
2024-02-29T17:00:00Z,5.3,0.0
2024-02-29T18:00:00Z,5.34,0.0
2024-02-29T19:00:00Z,5.4,0.0
2024-02-29T20:00:00Z,5.33,0.0
2024-02-29T21:00:00Z,5.27,0.0
2024-02-29T22:00:00Z,5.3,0.0
2024-02-29T23:00:00Z,5.69,0.0
2024-03-01T00:00:00Z,5.12,0.0
2024-03-01T01:00:00Z,5.78,0.0
2024-03-01T02:00:00Z,6.3,0.0
2024-03-01T03:00:00Z,7.38,0.0
2024-03-01T04:00:00Z,8.08,113.57
2024-03-01T05:00:00Z,9.1,343.38
2024-03-01T06:00:00Z,8.98,593.58
2024-03-01T07:00:00Z,8.6,806.4
2024-03-01T08:00:00Z,8.43,938.75
2024-03-01T09:00:00Z,8.25,989.95
2024-03-01T10:00:00Z,7.96,897.5
2024-03-01T11:00:00Z,7.65,869.95
2024-03-01T12:00:00Z,7.36,702.5
2024-03-01T13:00:00Z,7.13,489.27
2024-03-01T14:00:00Z,6.86,241.52
2024-03-01T15:00:00Z,6.03,32.92
2024-03-01T16:00:00Z,5.9,0.0
2024-03-01T17:00:00Z,6.23,0.0
2024-03-01T18:00:00Z,6.47,0.0
2024-03-01T19:00:00Z,6.44,0.0
2024-03-01T20:00:00Z,6.38,0.0
2024-03-01T21:00:00Z,5.9,0.0
2024-03-01T22:00:00Z,5.42,0.0
2024-03-01T23:00:00Z,5.1,0.0
2024-03-02T00:00:00Z,4.74,0.0
2024-03-02T01:00:00Z,4.36,0.0
2024-03-02T02:00:00Z,4.33,0.0
2024-03-02T03:00:00Z,4.93,0.0
2024-03-02T04:00:00Z,7.3,127.22
2024-03-02T05:00:00Z,9.69,376.75
2024-03-02T06:00:00Z,10.47,632.5
2024-03-02T07:00:00Z,10.54,837.1
2024-03-02T08:00:00Z,10.39,968.88
2024-03-02T09:00:00Z,9.98,1030.4
2024-03-02T10:00:00Z,9.23,1003.15
2024-03-02T11:00:00Z,8.52,905.4
2024-03-02T12:00:00Z,7.96,727.5
2024-03-02T13:00:00Z,7.6,497.98
2024-03-02T14:00:00Z,7.3,252.02
2024-03-02T15:00:00Z,6.67,34.8
2024-03-02T16:00:00Z,6.71,0.0
2024-03-02T17:00:00Z,6.94,0.0
2024-03-02T18:00:00Z,7.02,0.0
2024-03-02T19:00:00Z,6.97,0.0
2024-03-02T20:00:00Z,6.72,0.0
2024-03-02T21:00:00Z,6.59,0.0
2024-03-02T22:00:00Z,6.5,0.0
2024-03-02T23:00:00Z,6.33,0.0
2024-03-03T00:00:00Z,5.99,0.0
2024-03-03T01:00:00Z,5.61,0.0
2024-03-03T02:00:00Z,5.37,0.0
2024-03-03T03:00:00Z,5.25,0.0
2024-03-03T04:00:00Z,5.53,129.7
2024-03-03T05:00:00Z,8.41,369.9
2024-03-03T06:00:00Z,8.93,624.22
2024-03-03T07:00:00Z,8.91,827.17
2024-03-03T08:00:00Z,8.66,957.75
2024-03-03T09:00:00Z,8.21,1026.15
2024-03-03T10:00:00Z,7.56,834.53
2024-03-03T11:00:00Z,6.82,878.22
2024-03-03T12:00:00Z,6.21,713.53
2024-03-03T13:00:00Z,5.8,491.8
2024-03-03T14:00:00Z,5.5,236.62
2024-03-03T15:00:00Z,5.05,30.48
2024-03-03T16:00:00Z,5.35,0.0
2024-03-03T17:00:00Z,5.94,0.0
2024-03-03T18:00:00Z,6.23,0.0
2024-03-03T19:00:00Z,6.23,0.0
2024-03-03T20:00:00Z,6.17,0.0
2024-03-03T21:00:00Z,5.93,0.0
2024-03-03T22:00:00Z,5.71,0.0
2024-03-03T23:00:00Z,5.42,0.0
2024-03-04T00:00:00Z,5.17,0.0
2024-03-04T01:00:00Z,5.06,0.0
2024-03-04T02:00:00Z,5.24,0.0
2024-03-04T03:00:00Z,5.93,0.0
2024-03-04T04:00:00Z,7.93,133.57
2024-03-04T05:00:00Z,9.62,377.58
2024-03-04T06:00:00Z,9.19,627.72
2024-03-04T07:00:00Z,8.76,832.33
2024-03-04T08:00:00Z,8.51,957.45
2024-03-04T09:00:00Z,8.08,980.83
2024-03-04T10:00:00Z,7.37,904.0
2024-03-04T11:00:00Z,6.67,776.12
2024-03-04T12:00:00Z,6.16,584.3
2024-03-04T13:00:00Z,5.92,428.7
2024-03-04T14:00:00Z,5.85,207.07
2024-03-04T15:00:00Z,5.76,27.52
2024-03-04T16:00:00Z,6.3,0.0
2024-03-04T17:00:00Z,6.98,0.0
2024-03-04T18:00:00Z,7.42,0.0
2024-03-04T19:00:00Z,7.46,0.0
2024-03-04T20:00:00Z,7.14,0.0
2024-03-04T21:00:00Z,6.79,0.0
2024-03-04T22:00:00Z,6.64,0.0
2024-03-04T23:00:00Z,6.55,0.0
2024-03-05T00:00:00Z,6.73,0.0
2024-03-05T01:00:00Z,7.43,0.0
2024-03-05T02:00:00Z,9.07,0.0
2024-03-05T03:00:00Z,9.52,0.0
2024-03-05T04:00:00Z,10.41,113.93
2024-03-05T05:00:00Z,11.09,323.0
2024-03-05T06:00:00Z,10.65,560.08
2024-03-05T07:00:00Z,9.87,807.97
2024-03-05T08:00:00Z,9.43,945.2
2024-03-05T09:00:00Z,9.33,974.12
2024-03-05T10:00:00Z,9.52,930.38
2024-03-05T11:00:00Z,9.97,762.9
2024-03-05T12:00:00Z,10.33,669.53
2024-03-05T13:00:00Z,10.16,457.23
2024-03-05T14:00:00Z,9.55,220.68
2024-03-05T15:00:00Z,8.6,28.33
2024-03-05T16:00:00Z,7.77,0.0
2024-03-05T17:00:00Z,7.06,0.0
2024-03-05T18:00:00Z,6.11,0.0
2024-03-05T19:00:00Z,5.59,0.0
2024-03-05T20:00:00Z,5.61,0.0
2024-03-05T21:00:00Z,5.65,0.0
2024-03-05T22:00:00Z,5.5,0.0
2024-03-05T23:00:00Z,5.05,0.0
2024-03-06T00:00:00Z,4.49,0.0
2024-03-06T01:00:00Z,4.2,0.0
2024-03-06T02:00:00Z,4.16,0.0
2024-03-06T03:00:00Z,4.38,0.0
2024-03-06T04:00:00Z,5.71,129.02
2024-03-06T05:00:00Z,8.84,382.45
2024-03-06T06:00:00Z,8.93,634.08
2024-03-06T07:00:00Z,8.52,841.5
2024-03-06T08:00:00Z,8.2,976.88
2024-03-06T09:00:00Z,8.03,1009.58
2024-03-06T10:00:00Z,8.02,894.95
2024-03-06T11:00:00Z,8.06,875.55
2024-03-06T12:00:00Z,8.21,667.58
2024-03-06T13:00:00Z,8.44,452.0
2024-03-06T14:00:00Z,8.61,220.55
2024-03-06T15:00:00Z,8.21,29.3
2024-03-06T16:00:00Z,7.79,0.0
2024-03-06T17:00:00Z,7.49,0.0
2024-03-06T18:00:00Z,7.09,0.0
2024-03-06T19:00:00Z,6.38,0.0
2024-03-06T20:00:00Z,6.09,0.0
2024-03-06T21:00:00Z,5.88,0.0
2024-03-06T22:00:00Z,5.79,0.0
2024-03-06T23:00:00Z,5.61,0.0
2024-03-07T00:00:00Z,5.49,0.0
2024-03-07T01:00:00Z,5.41,0.0
2024-03-07T02:00:00Z,5.62,0.0
2024-03-07T03:00:00Z,5.9,0.0
2024-03-07T04:00:00Z,6.78,122.07
2024-03-07T05:00:00Z,8.66,365.17
2024-03-07T06:00:00Z,8.86,604.85
2024-03-07T07:00:00Z,8.63,818.15
2024-03-07T08:00:00Z,8.32,966.25
2024-03-07T09:00:00Z,7.93,1038.05
2024-03-07T10:00:00Z,7.56,1011.75
2024-03-07T11:00:00Z,7.3,913.78
2024-03-07T12:00:00Z,7.18,732.9
2024-03-07T13:00:00Z,7.19,502.2
2024-03-07T14:00:00Z,7.24,245.9
2024-03-07T15:00:00Z,6.95,32.45
2024-03-07T16:00:00Z,6.96,0.0
2024-03-07T17:00:00Z,7.19,0.0
2024-03-07T18:00:00Z,7.13,0.0
2024-03-07T19:00:00Z,6.91,0.0
2024-03-07T20:00:00Z,6.76,0.0
2024-03-07T21:00:00Z,6.71,0.0
2024-03-07T22:00:00Z,6.69,0.0
2024-03-07T23:00:00Z,6.66,0.0
2024-03-08T00:00:00Z,6.51,0.0
2024-03-08T01:00:00Z,6.16,0.0
2024-03-08T02:00:00Z,5.89,0.0
2024-03-08T03:00:00Z,5.47,0.0
2024-03-08T04:00:00Z,5.53,138.0
2024-03-08T05:00:00Z,7.46,389.62
2024-03-08T06:00:00Z,7.96,639.03
2024-03-08T07:00:00Z,7.92,842.22
2024-03-08T08:00:00Z,7.72,972.12
2024-03-08T09:00:00Z,7.57,1041.85
2024-03-08T10:00:00Z,7.54,976.15
2024-03-08T11:00:00Z,7.57,897.55
2024-03-08T12:00:00Z,7.68,703.45
2024-03-08T13:00:00Z,7.88,486.42
2024-03-08T14:00:00Z,8.03,237.95
2024-03-08T15:00:00Z,7.73,31.27
2024-03-08T16:00:00Z,7.26,0.0
2024-03-08T17:00:00Z,7.12,0.0
2024-03-08T18:00:00Z,6.59,0.0
2024-03-08T19:00:00Z,6.39,0.0
2024-03-08T20:00:00Z,6.44,0.0
2024-03-08T21:00:00Z,6.45,0.0
2024-03-08T22:00:00Z,6.38,0.0
2024-03-08T23:00:00Z,6.23,0.0
2024-03-09T00:00:00Z,6.09,0.0
2024-03-09T01:00:00Z,5.95,0.0
2024-03-09T02:00:00Z,5.79,0.0
2024-03-09T03:00:00Z,5.58,0.0
2024-03-09T04:00:00Z,6.69,127.07
2024-03-09T05:00:00Z,8.32,351.5
2024-03-09T06:00:00Z,8.23,583.1
2024-03-09T07:00:00Z,8.15,819.53
2024-03-09T08:00:00Z,8.21,940.88
2024-03-09T09:00:00Z,8.34,985.85
2024-03-09T10:00:00Z,8.36,913.05
2024-03-09T11:00:00Z,8.23,804.33
2024-03-09T12:00:00Z,8.07,687.72
2024-03-09T13:00:00Z,7.92,475.9
2024-03-09T14:00:00Z,7.62,231.4
2024-03-09T15:00:00Z,6.81,29.27
2024-03-09T16:00:00Z,6.35,0.0
2024-03-09T17:00:00Z,5.94,0.0
2024-03-09T18:00:00Z,5.39,0.0
2024-03-09T19:00:00Z,5.27,0.0
2024-03-09T20:00:00Z,5.45,0.0
2024-03-09T21:00:00Z,5.53,0.0
2024-03-09T22:00:00Z,5.36,0.0
2024-03-09T23:00:00Z,5.08,0.0
2024-03-10T00:00:00Z,4.96,0.0
2024-03-10T01:00:00Z,5.06,0.0
2024-03-10T02:00:00Z,5.35,0.0
2024-03-10T03:00:00Z,5.6,0.0
2024-03-10T04:00:00Z,6.76,123.88
2024-03-10T05:00:00Z,9.84,351.8
2024-03-10T06:00:00Z,9.93,584.4
2024-03-10T07:00:00Z,9.68,793.75
2024-03-10T08:00:00Z,9.41,947.83
2024-03-10T09:00:00Z,9.05,954.28
2024-03-10T10:00:00Z,8.7,930.3
2024-03-10T11:00:00Z,8.42,838.38
2024-03-10T12:00:00Z,8.26,685.72
2024-03-10T13:00:00Z,8.12,482.33
2024-03-10T14:00:00Z,7.84,232.65
2024-03-10T15:00:00Z,7.08,28.95
2024-03-10T16:00:00Z,6.83,0.0
2024-03-10T17:00:00Z,7.04,0.0
2024-03-10T18:00:00Z,7.12,0.0
2024-03-10T19:00:00Z,6.81,0.0
2024-03-10T20:00:00Z,6.79,0.0
2024-03-10T21:00:00Z,6.87,0.0
2024-03-10T22:00:00Z,6.93,0.0
2024-03-10T23:00:00Z,6.87,0.0
2024-03-11T00:00:00Z,7.01,0.0
2024-03-11T01:00:00Z,8.44,0.0
2024-03-11T02:00:00Z,8.62,0.0
2024-03-11T03:00:00Z,9.64,0.0
2024-03-11T04:00:00Z,11.37,138.8
2024-03-11T05:00:00Z,12.11,390.6
2024-03-11T06:00:00Z,11.95,642.47
2024-03-11T07:00:00Z,11.64,848.58
2024-03-11T08:00:00Z,11.27,985.38
2024-03-11T09:00:00Z,10.78,1027.22
2024-03-11T10:00:00Z,10.17,988.78
2024-03-11T11:00:00Z,9.62,903.5
2024-03-11T12:00:00Z,9.25,722.58
2024-03-11T13:00:00Z,8.95,489.55
2024-03-11T14:00:00Z,8.61,233.75
2024-03-11T15:00:00Z,7.78,28.8
2024-03-11T16:00:00Z,7.89,0.0
2024-03-11T17:00:00Z,8.34,0.0
2024-03-11T18:00:00Z,8.46,0.0
2024-03-11T19:00:00Z,8.59,0.0
2024-03-11T20:00:00Z,8.59,0.0
2024-03-11T21:00:00Z,8.55,0.0
2024-03-11T22:00:00Z,8.5,0.0
2024-03-11T23:00:00Z,8.46,0.0
2024-03-12T00:00:00Z,8.59,0.0
2024-03-12T01:00:00Z,9.0,0.0
2024-03-12T02:00:00Z,9.25,0.0
2024-03-12T03:00:00Z,8.49,0.0
2024-03-12T04:00:00Z,8.96,149.0
2024-03-12T05:00:00Z,10.34,408.35
2024-03-12T06:00:00Z,10.6,664.6
2024-03-12T07:00:00Z,10.59,871.0
2024-03-12T08:00:00Z,10.47,999.67
2024-03-12T09:00:00Z,10.14,1060.95
2024-03-12T10:00:00Z,9.58,1032.03
2024-03-12T11:00:00Z,9.03,935.7
2024-03-12T12:00:00Z,8.58,757.9
2024-03-12T13:00:00Z,8.32,523.55
2024-03-12T14:00:00Z,8.1,257.23
2024-03-12T15:00:00Z,7.57,32.85
2024-03-12T16:00:00Z,7.71,0.0
2024-03-12T17:00:00Z,7.98,0.0
2024-03-12T18:00:00Z,8.1,0.0
2024-03-12T19:00:00Z,8.13,0.0
2024-03-12T20:00:00Z,7.71,0.0
2024-03-12T21:00:00Z,7.16,0.0
2024-03-12T22:00:00Z,7.14,0.0
2024-03-12T23:00:00Z,7.0,0.0
2024-03-13T00:00:00Z,6.74,0.0
2024-03-13T01:00:00Z,6.49,0.0
2024-03-13T02:00:00Z,6.37,0.0
2024-03-13T03:00:00Z,6.5,0.0
2024-03-13T04:00:00Z,6.62,153.88
2024-03-13T05:00:00Z,8.94,413.5
2024-03-13T06:00:00Z,9.49,665.8
2024-03-13T07:00:00Z,9.52,868.4
2024-03-13T08:00:00Z,9.44,994.5
2024-03-13T09:00:00Z,9.2,1055.2
2024-03-13T10:00:00Z,8.83,958.58
2024-03-13T11:00:00Z,8.57,919.85
2024-03-13T12:00:00Z,8.55,739.75
2024-03-13T13:00:00Z,8.78,509.8
2024-03-13T14:00:00Z,9.02,250.45
2024-03-13T15:00:00Z,8.74,31.73
2024-03-13T16:00:00Z,9.06,0.0
2024-03-13T17:00:00Z,9.31,0.0
2024-03-13T18:00:00Z,9.37,0.0
2024-03-13T19:00:00Z,9.27,0.0
2024-03-13T20:00:00Z,8.15,0.0
2024-03-13T21:00:00Z,7.7,0.0
2024-03-13T22:00:00Z,7.67,0.0
2024-03-13T23:00:00Z,7.75,0.0
2024-03-14T00:00:00Z,7.78,0.0
2024-03-14T01:00:00Z,7.74,0.0
2024-03-14T02:00:00Z,7.59,0.0
2024-03-14T03:00:00Z,7.22,0.0
2024-03-14T04:00:00Z,7.85,150.85
2024-03-14T05:00:00Z,10.44,406.15
2024-03-14T06:00:00Z,10.71,657.1
2024-03-14T07:00:00Z,10.6,858.85
2024-03-14T08:00:00Z,10.38,983.72
2024-03-14T09:00:00Z,10.08,1048.93
2024-03-14T10:00:00Z,9.81,1025.57
2024-03-14T11:00:00Z,9.63,839.42
2024-03-14T12:00:00Z,9.6,737.78
2024-03-14T13:00:00Z,9.67,511.0
2024-03-14T14:00:00Z,9.74,249.77
2024-03-14T15:00:00Z,9.21,30.75
2024-03-14T16:00:00Z,9.0,0.0
2024-03-14T17:00:00Z,9.1,0.0
2024-03-14T18:00:00Z,8.77,0.0
2024-03-14T19:00:00Z,7.98,0.0
2024-03-14T20:00:00Z,7.7,0.0
2024-03-14T21:00:00Z,7.41,0.0
2024-03-14T22:00:00Z,6.98,0.0
2024-03-14T23:00:00Z,6.54,0.0
2024-03-15T00:00:00Z,6.27,0.0
2024-03-15T01:00:00Z,6.3,0.0
2024-03-15T02:00:00Z,6.78,0.0
2024-03-15T03:00:00Z,7.38,3.62
2024-03-15T04:00:00Z,9.38,143.4
2024-03-15T05:00:00Z,12.04,410.17
2024-03-15T06:00:00Z,12.13,660.58
2024-03-15T07:00:00Z,11.88,862.22
2024-03-15T08:00:00Z,11.47,993.85
2024-03-15T09:00:00Z,11.01,1025.2
2024-03-15T10:00:00Z,10.57,1007.03
2024-03-15T11:00:00Z,10.32,877.5
2024-03-15T12:00:00Z,10.23,719.78
2024-03-15T13:00:00Z,10.25,493.17
2024-03-15T14:00:00Z,10.23,236.65
2024-03-15T15:00:00Z,9.52,27.88
2024-03-15T16:00:00Z,9.26,0.0
2024-03-15T17:00:00Z,9.36,0.0
2024-03-15T18:00:00Z,9.42,0.0
2024-03-15T19:00:00Z,9.42,0.0
2024-03-15T20:00:00Z,9.16,0.0
2024-03-15T21:00:00Z,8.89,0.0
2024-03-15T22:00:00Z,8.62,0.0
2024-03-15T23:00:00Z,8.24,0.0
2024-03-16T00:00:00Z,7.97,0.0
2024-03-16T01:00:00Z,8.27,0.0
2024-03-16T02:00:00Z,9.26,0.0
2024-03-16T03:00:00Z,9.09,3.88
2024-03-16T04:00:00Z,9.94,144.6
2024-03-16T05:00:00Z,11.45,411.6
2024-03-16T06:00:00Z,11.54,657.78
2024-03-16T07:00:00Z,11.31,872.38
2024-03-16T08:00:00Z,10.74,997.65
2024-03-16T09:00:00Z,9.91,1046.28
2024-03-16T10:00:00Z,9.06,1021.35
2024-03-16T11:00:00Z,8.46,876.05
2024-03-16T12:00:00Z,8.16,739.22
2024-03-16T13:00:00Z,8.08,506.83
2024-03-16T14:00:00Z,8.0,245.07
2024-03-16T15:00:00Z,7.62,29.15
2024-03-16T16:00:00Z,7.86,0.0
2024-03-16T17:00:00Z,8.15,0.0
2024-03-16T18:00:00Z,8.19,0.0
2024-03-16T19:00:00Z,7.87,0.0
2024-03-16T20:00:00Z,7.47,0.0
2024-03-16T21:00:00Z,7.38,0.0
2024-03-16T22:00:00Z,7.35,0.0
2024-03-16T23:00:00Z,7.27,0.0
2024-03-17T00:00:00Z,7.12,0.0
2024-03-17T01:00:00Z,6.97,0.0
2024-03-17T02:00:00Z,6.82,0.0
2024-03-17T03:00:00Z,6.65,3.88
2024-03-17T04:00:00Z,6.13,138.93
2024-03-17T05:00:00Z,8.5,402.15
2024-03-17T06:00:00Z,8.92,654.17
2024-03-17T07:00:00Z,8.74,858.08
2024-03-17T08:00:00Z,8.48,985.35
2024-03-17T09:00:00Z,8.04,1044.12
2024-03-17T10:00:00Z,7.59,980.88
2024-03-17T11:00:00Z,7.27,916.72
2024-03-17T12:00:00Z,7.1,736.05
2024-03-17T13:00:00Z,7.13,501.98
2024-03-17T14:00:00Z,7.29,242.07
2024-03-17T15:00:00Z,7.32,28.23
2024-03-17T16:00:00Z,7.93,0.0
2024-03-17T17:00:00Z,8.56,0.0
2024-03-17T18:00:00Z,8.8,0.0
2024-03-17T19:00:00Z,8.43,0.0
2024-03-17T20:00:00Z,8.43,0.0
2024-03-17T21:00:00Z,8.08,0.0
2024-03-17T22:00:00Z,7.89,0.0
2024-03-17T23:00:00Z,7.72,0.0
2024-03-18T00:00:00Z,7.65,0.0
2024-03-18T01:00:00Z,7.71,0.0
2024-03-18T02:00:00Z,7.79,0.0
2024-03-18T03:00:00Z,7.61,3.97
2024-03-18T04:00:00Z,8.74,141.07
2024-03-18T05:00:00Z,10.53,403.05
2024-03-18T06:00:00Z,10.33,654.88
2024-03-18T07:00:00Z,9.8,857.67
2024-03-18T08:00:00Z,9.33,982.58
2024-03-18T09:00:00Z,8.87,1036.97
2024-03-18T10:00:00Z,8.46,932.62
2024-03-18T11:00:00Z,8.18,878.67
2024-03-18T12:00:00Z,8.13,705.85
2024-03-18T13:00:00Z,8.35,493.02
2024-03-18T14:00:00Z,8.71,236.45
2024-03-18T15:00:00Z,8.57,27.38
2024-03-18T16:00:00Z,8.6,0.0
2024-03-18T17:00:00Z,8.84,0.0
2024-03-18T18:00:00Z,8.9,0.0
2024-03-18T19:00:00Z,8.94,0.0
2024-03-18T20:00:00Z,7.97,0.0
2024-03-18T21:00:00Z,7.37,0.0
2024-03-18T22:00:00Z,7.28,0.0
2024-03-18T23:00:00Z,7.4,0.0
2024-03-19T00:00:00Z,7.48,0.0
2024-03-19T01:00:00Z,7.31,0.0
2024-03-19T02:00:00Z,7.1,0.0
2024-03-19T03:00:00Z,6.88,4.07
2024-03-19T04:00:00Z,8.32,135.98
2024-03-19T05:00:00Z,10.12,393.73
2024-03-19T06:00:00Z,10.22,646.65
2024-03-19T07:00:00Z,10.24,851.2
2024-03-19T08:00:00Z,10.13,986.88
2024-03-19T09:00:00Z,9.76,1035.78
2024-03-19T10:00:00Z,9.28,804.47
2024-03-19T11:00:00Z,8.88,881.85
2024-03-19T12:00:00Z,8.7,690.88
2024-03-19T13:00:00Z,8.79,462.6
2024-03-19T14:00:00Z,8.94,214.52
2024-03-19T15:00:00Z,8.65,24.6
2024-03-19T16:00:00Z,8.77,0.0
2024-03-19T17:00:00Z,8.95,0.0
2024-03-19T18:00:00Z,9.07,0.0
2024-03-19T19:00:00Z,9.28,0.0
2024-03-19T20:00:00Z,9.2,0.0
2024-03-19T21:00:00Z,8.66,0.0
2024-03-19T22:00:00Z,8.34,0.0
2024-03-19T23:00:00Z,7.8,0.0
2024-03-20T00:00:00Z,7.63,0.0
2024-03-20T01:00:00Z,7.59,0.0
2024-03-20T02:00:00Z,7.69,0.0
2024-03-20T03:00:00Z,7.56,4.43
2024-03-20T04:00:00Z,9.63,147.75
2024-03-20T05:00:00Z,11.17,411.8
2024-03-20T06:00:00Z,10.94,663.92
2024-03-20T07:00:00Z,10.66,863.2
2024-03-20T08:00:00Z,10.52,993.95
2024-03-20T09:00:00Z,10.22,1026.15
2024-03-20T10:00:00Z,9.83,1003.2
2024-03-20T11:00:00Z,9.58,875.08
2024-03-20T12:00:00Z,9.57,711.05
2024-03-20T13:00:00Z,9.64,484.17
2024-03-20T14:00:00Z,9.69,228.65
2024-03-20T15:00:00Z,9.18,25.15
2024-03-20T16:00:00Z,8.92,0.0
2024-03-20T17:00:00Z,8.92,0.0
2024-03-20T18:00:00Z,8.85,0.0
2024-03-20T19:00:00Z,8.74,0.0
2024-03-20T20:00:00Z,8.65,0.0
2024-03-20T21:00:00Z,8.5,0.0
2024-03-20T22:00:00Z,8.14,0.0
2024-03-20T23:00:00Z,7.88,0.0
2024-03-21T00:00:00Z,7.65,0.0
2024-03-21T01:00:00Z,7.41,0.0
2024-03-21T02:00:00Z,7.26,0.0
2024-03-21T03:00:00Z,7.21,4.45
2024-03-21T04:00:00Z,7.56,144.27
2024-03-21T05:00:00Z,9.45,409.8
2024-03-21T06:00:00Z,9.78,663.53
2024-03-21T07:00:00Z,9.81,863.3
2024-03-21T08:00:00Z,9.77,985.83
2024-03-21T09:00:00Z,9.63,1024.95
2024-03-21T10:00:00Z,9.3,995.92
2024-03-21T11:00:00Z,8.95,855.03
2024-03-21T12:00:00Z,8.78,695.88
2024-03-21T13:00:00Z,8.6,464.98
2024-03-21T14:00:00Z,8.37,217.93
2024-03-21T15:00:00Z,7.86,24.35
2024-03-21T16:00:00Z,7.81,0.0
2024-03-21T17:00:00Z,8.1,0.0
2024-03-21T18:00:00Z,8.28,0.0
2024-03-21T19:00:00Z,8.01,0.0
2024-03-21T20:00:00Z,7.6,0.0
2024-03-21T21:00:00Z,7.37,0.0
2024-03-21T22:00:00Z,7.14,0.0
2024-03-21T23:00:00Z,6.95,0.0
2024-03-22T00:00:00Z,6.83,0.0
2024-03-22T01:00:00Z,6.76,0.0
2024-03-22T02:00:00Z,6.72,0.0
2024-03-22T03:00:00Z,6.84,4.75
2024-03-22T04:00:00Z,6.96,148.45
2024-03-22T05:00:00Z,8.73,414.25
2024-03-22T06:00:00Z,8.7,666.47
2024-03-22T07:00:00Z,8.41,867.5
2024-03-22T08:00:00Z,8.15,989.92
2024-03-22T09:00:00Z,7.94,1043.68
2024-03-22T10:00:00Z,7.87,924.12
2024-03-22T11:00:00Z,7.87,890.78
2024-03-22T12:00:00Z,7.94,693.17
2024-03-22T13:00:00Z,8.08,462.38
2024-03-22T14:00:00Z,8.17,218.15
2024-03-22T15:00:00Z,7.92,24.48
2024-03-22T16:00:00Z,7.88,0.0
2024-03-22T17:00:00Z,7.86,0.0
2024-03-22T18:00:00Z,7.89,0.0
2024-03-22T19:00:00Z,7.92,0.0
2024-03-22T20:00:00Z,7.1,0.0
2024-03-22T21:00:00Z,6.65,0.0
2024-03-22T22:00:00Z,6.56,0.0
2024-03-22T23:00:00Z,6.5,0.0
2024-03-23T00:00:00Z,6.47,0.0
2024-03-23T01:00:00Z,6.51,0.0
2024-03-23T02:00:00Z,6.61,0.0
2024-03-23T03:00:00Z,6.5,4.7
2024-03-23T04:00:00Z,7.74,139.5
2024-03-23T05:00:00Z,8.92,397.45
2024-03-23T06:00:00Z,8.6,645.58
2024-03-23T07:00:00Z,8.22,845.22
2024-03-23T08:00:00Z,7.69,966.45
2024-03-23T09:00:00Z,7.12,1024.45
2024-03-23T10:00:00Z,6.7,928.4
2024-03-23T11:00:00Z,6.48,875.55
2024-03-23T12:00:00Z,6.48,705.6
2024-03-23T13:00:00Z,6.71,465.38
2024-03-23T14:00:00Z,6.99,215.2
2024-03-23T15:00:00Z,7.02,24.05
2024-03-23T16:00:00Z,7.34,0.0
2024-03-23T17:00:00Z,7.22,0.0
2024-03-23T18:00:00Z,7.13,0.0
2024-03-23T19:00:00Z,6.99,0.0
2024-03-23T20:00:00Z,7.06,0.0
2024-03-23T21:00:00Z,7.01,0.0
2024-03-23T22:00:00Z,6.86,0.0
2024-03-23T23:00:00Z,6.88,0.0
2024-03-24T00:00:00Z,7.15,0.0
2024-03-24T01:00:00Z,7.28,0.0
2024-03-24T02:00:00Z,7.39,0.0
2024-03-24T03:00:00Z,7.37,4.72
2024-03-24T04:00:00Z,9.79,133.02
2024-03-24T05:00:00Z,11.62,376.5
2024-03-24T06:00:00Z,11.69,623.72
2024-03-24T07:00:00Z,11.39,829.8
2024-03-24T08:00:00Z,10.9,951.7
2024-03-24T09:00:00Z,10.19,975.12
2024-03-24T10:00:00Z,9.35,852.12
2024-03-24T11:00:00Z,8.58,732.35
2024-03-24T12:00:00Z,8.05,596.58
2024-03-24T13:00:00Z,7.71,417.42
2024-03-24T14:00:00Z,7.58,194.6
2024-03-24T15:00:00Z,7.58,22.3
2024-03-24T16:00:00Z,8.11,0.0
2024-03-24T17:00:00Z,7.74,0.0
2024-03-24T18:00:00Z,7.21,0.0
2024-03-24T19:00:00Z,7.15,0.0
2024-03-24T20:00:00Z,7.0,0.0
2024-03-24T21:00:00Z,6.75,0.0
2024-03-24T22:00:00Z,6.54,0.0
2024-03-24T23:00:00Z,6.54,0.0
2024-03-25T00:00:00Z,6.99,0.0
2024-03-25T01:00:00Z,7.32,0.0
2024-03-25T02:00:00Z,7.6,0.0
2024-03-25T03:00:00Z,7.75,4.82
2024-03-25T04:00:00Z,9.46,146.55
2024-03-25T05:00:00Z,10.23,408.7
2024-03-25T06:00:00Z,9.66,654.47
2024-03-25T07:00:00Z,9.05,851.42
2024-03-25T08:00:00Z,8.55,972.25
2024-03-25T09:00:00Z,8.01,984.45
2024-03-25T10:00:00Z,7.35,884.88
2024-03-25T11:00:00Z,6.84,735.5
2024-03-25T12:00:00Z,6.5,594.03
2024-03-25T13:00:00Z,6.32,400.9
2024-03-25T14:00:00Z,6.22,190.52
2024-03-25T15:00:00Z,5.87,22.27
2024-03-25T16:00:00Z,5.68,0.0
2024-03-25T17:00:00Z,5.91,0.0
2024-03-25T18:00:00Z,5.93,0.0
2024-03-25T19:00:00Z,5.94,0.0
2024-03-25T20:00:00Z,5.81,0.0
2024-03-25T21:00:00Z,5.66,0.0
2024-03-25T22:00:00Z,5.54,0.0
2024-03-25T23:00:00Z,5.59,0.0
2024-03-26T00:00:00Z,5.4,0.0
2024-03-26T01:00:00Z,5.31,0.0
2024-03-26T02:00:00Z,5.69,0.0
2024-03-26T03:00:00Z,6.16,5.18
2024-03-26T04:00:00Z,8.41,141.07
2024-03-26T05:00:00Z,9.18,397.98
2024-03-26T06:00:00Z,8.93,643.0
2024-03-26T07:00:00Z,8.69,840.67
2024-03-26T08:00:00Z,8.29,972.72
2024-03-26T09:00:00Z,7.85,988.05
2024-03-26T10:00:00Z,7.47,950.1
2024-03-26T11:00:00Z,7.1,740.1
2024-03-26T12:00:00Z,6.85,617.9
2024-03-26T13:00:00Z,6.72,430.08
2024-03-26T14:00:00Z,6.67,204.23
2024-03-26T15:00:00Z,6.4,21.95
2024-03-26T16:00:00Z,6.31,0.0
2024-03-26T17:00:00Z,6.53,0.0
2024-03-26T18:00:00Z,6.67,0.0
2024-03-26T19:00:00Z,6.61,0.0
2024-03-26T20:00:00Z,6.43,0.0
2024-03-26T21:00:00Z,6.18,0.0
2024-03-26T22:00:00Z,5.94,0.0
2024-03-26T23:00:00Z,6.0,0.0
2024-03-27T00:00:00Z,6.18,0.0
2024-03-27T01:00:00Z,5.77,0.0
2024-03-27T02:00:00Z,6.43,0.0
2024-03-27T03:00:00Z,7.93,5.28
2024-03-27T04:00:00Z,9.5,137.12
2024-03-27T05:00:00Z,10.55,368.95
2024-03-27T06:00:00Z,10.7,590.08
2024-03-27T07:00:00Z,10.77,799.15
2024-03-27T08:00:00Z,10.81,868.28
2024-03-27T09:00:00Z,10.68,927.53
2024-03-27T10:00:00Z,10.41,884.0
2024-03-27T11:00:00Z,10.19,772.72
2024-03-27T12:00:00Z,10.12,613.1
2024-03-27T13:00:00Z,10.03,387.42
2024-03-27T14:00:00Z,9.74,177.05
2024-03-27T15:00:00Z,8.75,20.23
2024-03-27T16:00:00Z,7.98,0.0
2024-03-27T17:00:00Z,7.36,0.0
2024-03-27T18:00:00Z,6.9,0.0
2024-03-27T19:00:00Z,6.3,0.0
2024-03-27T20:00:00Z,5.37,0.0
2024-03-27T21:00:00Z,4.96,0.0
2024-03-27T22:00:00Z,5.7,0.0
2024-03-27T23:00:00Z,7.43,0.0
2024-03-28T00:00:00Z,8.79,0.0
2024-03-28T01:00:00Z,9.56,0.0
2024-03-28T02:00:00Z,9.87,0.0
2024-03-28T03:00:00Z,9.3,5.35
2024-03-28T04:00:00Z,9.79,139.12
2024-03-28T05:00:00Z,10.77,392.52
2024-03-28T06:00:00Z,10.91,636.55
2024-03-28T07:00:00Z,10.79,835.22
2024-03-28T08:00:00Z,10.54,947.58
2024-03-28T09:00:00Z,10.05,980.3
2024-03-28T10:00:00Z,9.52,884.03
2024-03-28T11:00:00Z,8.95,835.5
2024-03-28T12:00:00Z,8.37,667.35
2024-03-28T13:00:00Z,7.86,460.02
2024-03-28T14:00:00Z,7.46,218.62
2024-03-28T15:00:00Z,6.87,23.0
2024-03-28T16:00:00Z,6.8,0.0
2024-03-28T17:00:00Z,7.08,0.0
2024-03-28T18:00:00Z,7.21,0.0
2024-03-28T19:00:00Z,7.1,0.0
2024-03-28T20:00:00Z,6.41,0.0
2024-03-28T21:00:00Z,6.64,0.0
2024-03-28T22:00:00Z,6.73,0.0
2024-03-28T23:00:00Z,6.44,0.0
2024-03-29T00:00:00Z,5.98,0.0
2024-03-29T01:00:00Z,5.9,0.0
2024-03-29T02:00:00Z,6.05,0.0
2024-03-29T03:00:00Z,5.99,6.18
2024-03-29T04:00:00Z,6.92,156.7
2024-03-29T05:00:00Z,8.25,418.58
2024-03-29T06:00:00Z,7.79,663.75
2024-03-29T07:00:00Z,7.28,858.75
2024-03-29T08:00:00Z,6.72,982.28
2024-03-29T09:00:00Z,6.22,993.78
2024-03-29T10:00:00Z,6.0,921.72
2024-03-29T11:00:00Z,5.98,680.65
2024-03-29T12:00:00Z,6.22,568.25
2024-03-29T13:00:00Z,6.61,353.23
2024-03-29T14:00:00Z,7.13,168.57
2024-03-29T15:00:00Z,7.31,20.08
2024-03-29T16:00:00Z,7.14,0.0
2024-03-29T17:00:00Z,6.89,0.0
2024-03-29T18:00:00Z,7.06,0.0
2024-03-29T19:00:00Z,7.18,0.0
2024-03-29T20:00:00Z,6.95,0.0
2024-03-29T21:00:00Z,6.42,0.0
2024-03-29T22:00:00Z,6.07,0.0
2024-03-29T23:00:00Z,5.87,0.0
2024-03-30T00:00:00Z,5.81,0.0
2024-03-30T01:00:00Z,5.9,0.0
2024-03-30T02:00:00Z,6.17,0.0
2024-03-30T03:00:00Z,6.48,5.25
2024-03-30T04:00:00Z,8.93,146.02
2024-03-30T05:00:00Z,10.0,400.23
2024-03-30T06:00:00Z,9.86,644.6
2024-03-30T07:00:00Z,9.69,838.55
2024-03-30T08:00:00Z,9.37,928.35
2024-03-30T09:00:00Z,8.87,956.12
2024-03-30T10:00:00Z,8.34,925.5
2024-03-30T11:00:00Z,7.81,650.3
2024-03-30T12:00:00Z,7.48,655.4
2024-03-30T13:00:00Z,7.07,424.0
2024-03-30T14:00:00Z,6.55,194.32
2024-03-30T15:00:00Z,6.07,20.38
2024-03-30T16:00:00Z,6.4,0.0
2024-03-30T17:00:00Z,6.75,0.0
2024-03-30T18:00:00Z,6.82,0.0
2024-03-30T19:00:00Z,6.77,0.0
2024-03-30T20:00:00Z,6.67,0.0
2024-03-30T21:00:00Z,6.34,0.0
2024-03-30T22:00:00Z,5.95,0.0
2024-03-30T23:00:00Z,5.74,0.0
2024-03-31T00:00:00Z,5.89,0.0
2024-03-31T01:00:00Z,6.15,0.0
2024-03-31T02:00:00Z,6.51,0.0
2024-03-31T03:00:00Z,6.64,5.88
2024-03-31T04:00:00Z,9.85,141.6
2024-03-31T05:00:00Z,11.52,384.23
2024-03-31T06:00:00Z,11.33,627.88
2024-03-31T07:00:00Z,10.85,829.83
2024-03-31T08:00:00Z,10.33,921.33
2024-03-31T09:00:00Z,9.85,943.42
2024-03-31T10:00:00Z,9.56,858.62
2024-03-31T11:00:00Z,9.52,722.38
2024-03-31T12:00:00Z,9.72,569.38
2024-03-31T13:00:00Z,10.13,365.8
2024-03-31T14:00:00Z,10.47,166.6
2024-03-31T15:00:00Z,10.04,18.02
2024-03-31T16:00:00Z,9.18,0.0
2024-03-31T17:00:00Z,8.62,0.0
2024-03-31T18:00:00Z,8.07,0.0
2024-03-31T19:00:00Z,7.93,0.0
2024-03-31T20:00:00Z,8.13,0.0
2024-03-31T21:00:00Z,8.43,0.0
2024-03-31T22:00:00Z,8.53,0.0
2024-03-31T23:00:00Z,7.98,0.0
2024-04-01T00:00:00Z,7.46,0.0
2024-04-01T01:00:00Z,7.05,0.0
2024-04-01T02:00:00Z,6.77,0.0
2024-04-01T03:00:00Z,6.65,5.65
2024-04-01T04:00:00Z,8.02,89.95
2024-04-01T05:00:00Z,9.4,231.75
2024-04-01T06:00:00Z,9.33,391.9
2024-04-01T07:00:00Z,9.22,467.65
2024-04-01T08:00:00Z,9.08,590.38
2024-04-01T09:00:00Z,8.84,596.38
2024-04-01T10:00:00Z,8.56,650.53
2024-04-01T11:00:00Z,8.5,651.97
2024-04-01T12:00:00Z,8.49,552.9
2024-04-01T13:00:00Z,8.48,398.9
2024-04-01T14:00:00Z,8.44,187.52
2024-04-01T15:00:00Z,8.1,19.02
2024-04-01T16:00:00Z,7.93,0.0
2024-04-01T17:00:00Z,7.75,0.0
2024-04-01T18:00:00Z,7.09,0.0
2024-04-01T19:00:00Z,6.96,0.0
2024-04-01T20:00:00Z,6.94,0.0
2024-04-01T21:00:00Z,7.02,0.0
2024-04-01T22:00:00Z,7.03,0.0
2024-04-01T23:00:00Z,6.86,0.0
2024-04-02T00:00:00Z,7.0,0.0
2024-04-02T01:00:00Z,6.91,0.0
2024-04-02T02:00:00Z,6.53,0.0
2024-04-02T03:00:00Z,6.03,5.9
2024-04-02T04:00:00Z,7.89,110.62
2024-04-02T05:00:00Z,8.9,273.67
2024-04-02T06:00:00Z,8.33,445.6
2024-04-02T07:00:00Z,7.67,648.92
2024-04-02T08:00:00Z,7.19,706.28
2024-04-02T09:00:00Z,6.99,825.6
2024-04-02T10:00:00Z,7.09,821.72
2024-04-02T11:00:00Z,7.29,721.05
2024-04-02T12:00:00Z,7.53,594.22
2024-04-02T13:00:00Z,7.55,399.48
2024-04-02T14:00:00Z,7.29,177.8
2024-04-02T15:00:00Z,6.67,15.77
2024-04-02T16:00:00Z,6.27,0.0
2024-04-02T17:00:00Z,5.86,0.0
2024-04-02T18:00:00Z,5.92,0.0
2024-04-02T19:00:00Z,6.03,0.0
2024-04-02T20:00:00Z,6.13,0.0
2024-04-02T21:00:00Z,6.11,0.0
2024-04-02T22:00:00Z,6.29,0.0
2024-04-02T23:00:00Z,6.27,0.0
2024-04-03T00:00:00Z,6.34,0.0
2024-04-03T01:00:00Z,6.33,0.0
2024-04-03T02:00:00Z,6.14,0.0
2024-04-03T03:00:00Z,5.66,3.25
2024-04-03T04:00:00Z,6.86,39.58
2024-04-03T05:00:00Z,7.92,144.9
2024-04-03T06:00:00Z,6.73,257.83
2024-04-03T07:00:00Z,5.67,222.15
2024-04-03T08:00:00Z,4.88,188.5
2024-04-03T09:00:00Z,4.31,167.95
2024-04-03T10:00:00Z,4.15,117.0
2024-04-03T11:00:00Z,4.44,264.52
2024-04-03T12:00:00Z,5.27,177.85
2024-04-03T13:00:00Z,5.95,180.85
2024-04-03T14:00:00Z,6.29,84.12
2024-04-03T15:00:00Z,6.18,9.77
2024-04-03T16:00:00Z,5.72,0.0
2024-04-03T17:00:00Z,5.36,0.0
2024-04-03T18:00:00Z,5.5,0.0
2024-04-03T19:00:00Z,5.96,0.0
2024-04-03T20:00:00Z,6.11,0.0
2024-04-03T21:00:00Z,5.69,0.0
2024-04-03T22:00:00Z,5.78,0.0
2024-04-03T23:00:00Z,5.64,0.0
2024-04-04T00:00:00Z,5.38,0.0
2024-04-04T01:00:00Z,5.12,0.0
2024-04-04T02:00:00Z,4.88,0.0
2024-04-04T03:00:00Z,4.5,4.53
2024-04-04T04:00:00Z,5.39,87.43
2024-04-04T05:00:00Z,5.85,254.93
2024-04-04T06:00:00Z,5.41,405.12
2024-04-04T07:00:00Z,4.82,498.77
2024-04-04T08:00:00Z,4.4,415.48
2024-04-04T09:00:00Z,4.27,600.75
2024-04-04T10:00:00Z,4.38,488.1
2024-04-04T11:00:00Z,4.65,507.67
2024-04-04T12:00:00Z,4.92,516.4
2024-04-04T13:00:00Z,5.13,399.92
2024-04-04T14:00:00Z,5.22,191.65
2024-04-04T15:00:00Z,4.95,19.5
2024-04-04T16:00:00Z,4.74,0.0
2024-04-04T17:00:00Z,4.82,0.0
2024-04-04T18:00:00Z,4.89,0.0
2024-04-04T19:00:00Z,4.99,0.0
2024-04-04T20:00:00Z,5.11,0.0
2024-04-04T21:00:00Z,5.11,0.0
2024-04-04T22:00:00Z,5.09,0.0
2024-04-04T23:00:00Z,4.93,0.0
2024-04-05T00:00:00Z,4.72,0.0
2024-04-05T01:00:00Z,4.58,0.0
2024-04-05T02:00:00Z,4.56,0.0
2024-04-05T03:00:00Z,4.47,7.15
2024-04-05T04:00:00Z,5.32,160.18
2024-04-05T05:00:00Z,7.04,406.08
2024-04-05T06:00:00Z,7.03,645.17
2024-04-05T07:00:00Z,6.82,822.28
2024-04-05T08:00:00Z,6.83,815.62
2024-04-05T09:00:00Z,6.99,769.78
2024-04-05T10:00:00Z,7.15,635.17
2024-04-05T11:00:00Z,7.26,474.4
2024-04-05T12:00:00Z,7.44,427.15
2024-04-05T13:00:00Z,7.67,251.23
2024-04-05T14:00:00Z,7.65,126.3
2024-04-05T15:00:00Z,7.38,15.2
2024-04-05T16:00:00Z,7.04,0.0
2024-04-05T17:00:00Z,6.77,0.0
2024-04-05T18:00:00Z,6.8,0.0
2024-04-05T19:00:00Z,6.85,0.0
2024-04-05T20:00:00Z,6.81,0.0
2024-04-05T21:00:00Z,6.57,0.0
2024-04-05T22:00:00Z,6.31,0.0
2024-04-05T23:00:00Z,6.16,0.0
2024-04-06T00:00:00Z,6.0,0.0
2024-04-06T01:00:00Z,5.64,0.0
2024-04-06T02:00:00Z,5.19,0.0
2024-04-06T03:00:00Z,4.87,5.47
2024-04-06T04:00:00Z,5.68,126.38
2024-04-06T05:00:00Z,8.4,320.05
2024-04-06T06:00:00Z,8.79,529.45
2024-04-06T07:00:00Z,8.48,708.33
2024-04-06T08:00:00Z,8.16,840.05
2024-04-06T09:00:00Z,7.9,850.47
2024-04-06T10:00:00Z,7.8,818.83
2024-04-06T11:00:00Z,7.83,709.25
2024-04-06T12:00:00Z,7.98,567.62
2024-04-06T13:00:00Z,8.24,373.95
2024-04-06T14:00:00Z,8.54,171.5
2024-04-06T15:00:00Z,8.31,17.45
2024-04-06T16:00:00Z,7.79,0.0
2024-04-06T17:00:00Z,7.22,0.0
2024-04-06T18:00:00Z,7.13,0.0
2024-04-06T19:00:00Z,7.15,0.0
2024-04-06T20:00:00Z,7.21,0.0
2024-04-06T21:00:00Z,7.34,0.0
2024-04-06T22:00:00Z,7.44,0.0
2024-04-06T23:00:00Z,7.34,0.0
2024-04-07T00:00:00Z,7.15,0.0
2024-04-07T01:00:00Z,6.86,0.0
2024-04-07T02:00:00Z,6.79,0.0
2024-04-07T03:00:00Z,6.68,6.55
2024-04-07T04:00:00Z,7.58,121.38
2024-04-07T05:00:00Z,8.32,317.85
2024-04-07T06:00:00Z,7.54,519.25
2024-04-07T07:00:00Z,6.74,636.15
2024-04-07T08:00:00Z,6.07,708.15
2024-04-07T09:00:00Z,5.73,744.12
2024-04-07T10:00:00Z,5.91,810.53
2024-04-07T11:00:00Z,6.44,638.6
2024-04-07T12:00:00Z,6.86,474.35
2024-04-07T13:00:00Z,6.93,316.92
2024-04-07T14:00:00Z,6.65,153.45
2024-04-07T15:00:00Z,5.89,16.6
2024-04-07T16:00:00Z,5.09,0.0
2024-04-07T17:00:00Z,5.04,0.0
2024-04-07T18:00:00Z,5.24,0.0
2024-04-07T19:00:00Z,5.22,0.0
2024-04-07T20:00:00Z,5.14,0.0
2024-04-07T21:00:00Z,5.12,0.0
2024-04-07T22:00:00Z,5.12,0.0
2024-04-07T23:00:00Z,5.2,0.0
2024-04-08T00:00:00Z,5.05,0.0
2024-04-08T01:00:00Z,4.73,0.0
2024-04-08T02:00:00Z,4.32,0.0
2024-04-08T03:00:00Z,3.92,5.3
2024-04-08T04:00:00Z,4.33,77.2
2024-04-08T05:00:00Z,6.09,219.45
2024-04-08T06:00:00Z,6.57,358.88
2024-04-08T07:00:00Z,6.63,532.17
2024-04-08T08:00:00Z,6.89,758.45
2024-04-08T09:00:00Z,7.16,895.53
2024-04-08T10:00:00Z,7.28,767.42
2024-04-08T11:00:00Z,7.21,787.5
2024-04-08T12:00:00Z,6.93,557.72
2024-04-08T13:00:00Z,6.68,277.6
2024-04-08T14:00:00Z,6.35,128.5
2024-04-08T15:00:00Z,5.65,13.7
2024-04-08T16:00:00Z,5.17,0.0
2024-04-08T17:00:00Z,5.48,0.0
2024-04-08T18:00:00Z,5.93,0.0
2024-04-08T19:00:00Z,6.44,0.0
2024-04-08T20:00:00Z,6.86,0.0
2024-04-08T21:00:00Z,7.0,0.0
2024-04-08T22:00:00Z,6.68,0.0
2024-04-08T23:00:00Z,5.71,0.0
2024-04-09T00:00:00Z,4.76,0.0
2024-04-09T01:00:00Z,4.2,0.0
2024-04-09T02:00:00Z,3.95,0.0
2024-04-09T03:00:00Z,3.77,4.32
2024-04-09T04:00:00Z,3.71,139.6
2024-04-09T05:00:00Z,4.77,332.73
2024-04-09T06:00:00Z,4.55,551.15
2024-04-09T07:00:00Z,3.71,632.7
2024-04-09T08:00:00Z,3.01,616.88
2024-04-09T09:00:00Z,2.82,685.9
2024-04-09T10:00:00Z,3.1,715.62
2024-04-09T11:00:00Z,3.45,728.72
2024-04-09T12:00:00Z,3.81,529.08
2024-04-09T13:00:00Z,4.18,287.85
2024-04-09T14:00:00Z,4.53,127.95
2024-04-09T15:00:00Z,4.66,12.55
2024-04-09T16:00:00Z,5.05,0.0
2024-04-09T17:00:00Z,5.56,0.0
2024-04-09T18:00:00Z,5.61,0.0
2024-04-09T19:00:00Z,5.23,0.0
2024-04-09T20:00:00Z,4.3,0.0
2024-04-09T21:00:00Z,3.62,0.0
2024-04-09T22:00:00Z,3.56,0.0
2024-04-09T23:00:00Z,3.93,0.0
2024-04-10T00:00:00Z,4.21,0.0
2024-04-10T01:00:00Z,4.11,0.0
2024-04-10T02:00:00Z,3.75,0.0
2024-04-10T03:00:00Z,3.26,8.43
2024-04-10T04:00:00Z,3.17,158.27
2024-04-10T05:00:00Z,3.3,400.4
2024-04-10T06:00:00Z,2.54,635.17
2024-04-10T07:00:00Z,1.99,685.1
2024-04-10T08:00:00Z,1.86,888.0
2024-04-10T09:00:00Z,2.08,862.75
2024-04-10T10:00:00Z,2.51,835.62
2024-04-10T11:00:00Z,3.02,677.78
2024-04-10T12:00:00Z,3.48,516.8
2024-04-10T13:00:00Z,3.84,303.7
2024-04-10T14:00:00Z,4.17,136.82
2024-04-10T15:00:00Z,4.12,14.12
2024-04-10T16:00:00Z,4.13,0.0
2024-04-10T17:00:00Z,4.49,0.0
2024-04-10T18:00:00Z,4.82,0.0
2024-04-10T19:00:00Z,4.84,0.0
2024-04-10T20:00:00Z,4.47,0.0
2024-04-10T21:00:00Z,4.52,0.0
2024-04-10T22:00:00Z,5.27,0.0
2024-04-10T23:00:00Z,5.96,0.0
2024-04-11T00:00:00Z,6.27,0.0
2024-04-11T01:00:00Z,6.06,0.0
2024-04-11T02:00:00Z,5.91,0.0
2024-04-11T03:00:00Z,5.81,6.78
2024-04-11T04:00:00Z,5.67,159.02
2024-04-11T05:00:00Z,5.63,375.17
2024-04-11T06:00:00Z,4.81,611.83
2024-04-11T07:00:00Z,4.1,801.1
2024-04-11T08:00:00Z,3.54,944.33
2024-04-11T09:00:00Z,3.13,949.47
2024-04-11T10:00:00Z,2.96,863.42
2024-04-11T11:00:00Z,3.02,783.88
2024-04-11T12:00:00Z,3.34,614.53
2024-04-11T13:00:00Z,3.77,404.52
2024-04-11T14:00:00Z,4.17,179.15
2024-04-11T15:00:00Z,4.34,16.17
2024-04-11T16:00:00Z,4.66,0.0
2024-04-11T17:00:00Z,4.95,0.0
2024-04-11T18:00:00Z,5.06,0.0
2024-04-11T19:00:00Z,5.25,0.0
2024-04-11T20:00:00Z,5.44,0.0
2024-04-11T21:00:00Z,5.68,0.0
2024-04-11T22:00:00Z,5.59,0.0
2024-04-11T23:00:00Z,5.3,0.0
2024-04-12T00:00:00Z,4.96,0.0
2024-04-12T01:00:00Z,4.78,0.0
2024-04-12T02:00:00Z,4.56,0.0
2024-04-12T03:00:00Z,4.28,8.82
2024-04-12T04:00:00Z,5.48,167.82
2024-04-12T05:00:00Z,6.49,418.67
2024-04-12T06:00:00Z,6.43,659.97
2024-04-12T07:00:00Z,6.21,842.17
2024-04-12T08:00:00Z,6.05,958.5
2024-04-12T09:00:00Z,6.18,938.9
2024-04-12T10:00:00Z,6.45,804.05
2024-04-12T11:00:00Z,6.67,757.42
2024-04-12T12:00:00Z,6.81,616.33
2024-04-12T13:00:00Z,6.94,426.52
2024-04-12T14:00:00Z,7.09,191.05
2024-04-12T15:00:00Z,6.88,17.3
2024-04-12T16:00:00Z,6.72,0.0
2024-04-12T17:00:00Z,6.43,0.0
2024-04-12T18:00:00Z,6.13,0.0
2024-04-12T19:00:00Z,6.19,0.0
2024-04-12T20:00:00Z,6.34,0.0
2024-04-12T21:00:00Z,6.55,0.0
2024-04-12T22:00:00Z,6.57,0.0
2024-04-12T23:00:00Z,6.45,0.0
2024-04-13T00:00:00Z,6.26,0.0
2024-04-13T01:00:00Z,6.05,0.0
2024-04-13T02:00:00Z,5.79,0.0
2024-04-13T03:00:00Z,5.5,7.88
2024-04-13T04:00:00Z,6.56,159.43
2024-04-13T05:00:00Z,7.59,386.92
2024-04-13T06:00:00Z,7.4,623.35
2024-04-13T07:00:00Z,7.26,819.5
2024-04-13T08:00:00Z,7.29,924.2
2024-04-13T09:00:00Z,7.44,912.5
2024-04-13T10:00:00Z,7.55,770.33
2024-04-13T11:00:00Z,7.69,756.25
2024-04-13T12:00:00Z,7.93,612.17
2024-04-13T13:00:00Z,8.11,412.05
2024-04-13T14:00:00Z,8.0,184.1
2024-04-13T15:00:00Z,7.46,16.35
2024-04-13T16:00:00Z,6.94,0.0
2024-04-13T17:00:00Z,6.67,0.0
2024-04-13T18:00:00Z,6.67,0.0
2024-04-13T19:00:00Z,6.68,0.0
2024-04-13T20:00:00Z,6.78,0.0
2024-04-13T21:00:00Z,6.84,0.0
2024-04-13T22:00:00Z,6.68,0.0
2024-04-13T23:00:00Z,6.49,0.0
2024-04-14T00:00:00Z,6.16,0.0
2024-04-14T01:00:00Z,5.83,0.0
2024-04-14T02:00:00Z,5.6,0.0
2024-04-14T03:00:00Z,5.47,8.95
2024-04-14T04:00:00Z,6.77,151.62
2024-04-14T05:00:00Z,8.65,378.62
2024-04-14T06:00:00Z,8.67,589.4
2024-04-14T07:00:00Z,7.98,769.47
2024-04-14T08:00:00Z,7.5,869.05
2024-04-14T09:00:00Z,7.12,903.55
2024-04-14T10:00:00Z,6.85,855.75
2024-04-14T11:00:00Z,6.73,743.78
2024-04-14T12:00:00Z,6.71,562.17
2024-04-14T13:00:00Z,6.79,359.05
2024-04-14T14:00:00Z,6.83,160.73
2024-04-14T15:00:00Z,6.52,15.98
2024-04-14T16:00:00Z,6.55,0.0
2024-04-14T17:00:00Z,7.04,0.0
2024-04-14T18:00:00Z,7.19,0.0
2024-04-14T19:00:00Z,7.33,0.0
2024-04-14T20:00:00Z,7.51,0.0
2024-04-14T21:00:00Z,7.55,0.0
2024-04-14T22:00:00Z,7.32,0.0
2024-04-14T23:00:00Z,7.15,0.0
2024-04-15T00:00:00Z,7.05,0.0
2024-04-15T01:00:00Z,7.02,0.0
2024-04-15T02:00:00Z,6.84,0.0
2024-04-15T03:00:00Z,6.65,8.68
2024-04-15T04:00:00Z,7.44,146.0
2024-04-15T05:00:00Z,7.56,368.85
2024-04-15T06:00:00Z,6.15,577.62
2024-04-15T07:00:00Z,4.92,744.12
2024-04-15T08:00:00Z,4.82,829.9
2024-04-15T09:00:00Z,5.47,823.25
2024-04-15T10:00:00Z,5.8,810.17
2024-04-15T11:00:00Z,5.44,724.4
2024-04-15T12:00:00Z,4.99,552.5
2024-04-15T13:00:00Z,4.99,353.98
2024-04-15T14:00:00Z,5.56,149.7
2024-04-15T15:00:00Z,6.05,13.07
2024-04-15T16:00:00Z,6.37,0.0
2024-04-15T17:00:00Z,6.5,0.0
2024-04-15T18:00:00Z,6.71,0.0
2024-04-15T19:00:00Z,7.02,0.0
2024-04-15T20:00:00Z,7.08,0.0
2024-04-15T21:00:00Z,6.77,0.0
2024-04-15T22:00:00Z,7.48,0.0
2024-04-15T23:00:00Z,7.32,0.0
2024-04-16T00:00:00Z,6.77,0.0
2024-04-16T01:00:00Z,6.48,0.0
2024-04-16T02:00:00Z,5.76,0.0
2024-04-16T03:00:00Z,4.95,8.8
2024-04-16T04:00:00Z,5.31,159.12
2024-04-16T05:00:00Z,4.73,381.62
2024-04-16T06:00:00Z,3.53,610.15
2024-04-16T07:00:00Z,3.0,812.78
2024-04-16T08:00:00Z,2.94,835.9
2024-04-16T09:00:00Z,2.95,842.83
2024-04-16T10:00:00Z,2.95,790.12
2024-04-16T11:00:00Z,2.86,661.7
2024-04-16T12:00:00Z,2.86,567.17
2024-04-16T13:00:00Z,3.01,395.88
2024-04-16T14:00:00Z,3.33,178.68
2024-04-16T15:00:00Z,3.73,15.52
2024-04-16T16:00:00Z,4.41,0.0
2024-04-16T17:00:00Z,5.7,0.0
2024-04-16T18:00:00Z,7.28,0.0
2024-04-16T19:00:00Z,8.2,0.0
2024-04-16T20:00:00Z,8.25,0.0
2024-04-16T21:00:00Z,8.09,0.0
2024-04-16T22:00:00Z,8.04,0.0
2024-04-16T23:00:00Z,7.77,0.0
2024-04-17T00:00:00Z,7.65,0.0
2024-04-17T01:00:00Z,7.49,0.0
2024-04-17T02:00:00Z,7.12,0.0
2024-04-17T03:00:00Z,6.67,9.93
2024-04-17T04:00:00Z,7.44,168.95
2024-04-17T05:00:00Z,8.4,418.23
2024-04-17T06:00:00Z,8.12,653.85
2024-04-17T07:00:00Z,7.65,839.38
2024-04-17T08:00:00Z,7.23,957.38
2024-04-17T09:00:00Z,6.84,957.42
2024-04-17T10:00:00Z,6.73,905.42
2024-04-17T11:00:00Z,7.11,782.78
2024-04-17T12:00:00Z,7.76,632.03
2024-04-17T13:00:00Z,8.5,423.02
2024-04-17T14:00:00Z,9.17,193.7
2024-04-17T15:00:00Z,9.44,17.15
2024-04-17T16:00:00Z,8.46,0.0
2024-04-17T17:00:00Z,8.17,0.0
2024-04-17T18:00:00Z,8.36,0.0
2024-04-17T19:00:00Z,8.41,0.0
2024-04-17T20:00:00Z,8.14,0.0
2024-04-17T21:00:00Z,7.4,0.0
2024-04-17T22:00:00Z,6.43,0.0
2024-04-17T23:00:00Z,6.03,0.0
2024-04-18T00:00:00Z,6.2,0.0
2024-04-18T01:00:00Z,6.71,0.0
2024-04-18T02:00:00Z,7.37,0.0
2024-04-18T03:00:00Z,7.77,10.68
2024-04-18T04:00:00Z,9.43,173.73
2024-04-18T05:00:00Z,10.42,406.8
2024-04-18T06:00:00Z,10.55,627.7
2024-04-18T07:00:00Z,10.6,830.45
2024-04-18T08:00:00Z,10.45,912.15
2024-04-18T09:00:00Z,9.72,930.75
2024-04-18T10:00:00Z,8.71,852.33
2024-04-18T11:00:00Z,7.71,736.53
2024-04-18T12:00:00Z,6.75,580.85
2024-04-18T13:00:00Z,6.01,370.67
2024-04-18T14:00:00Z,5.54,170.73
2024-04-18T15:00:00Z,5.2,16.12
2024-04-18T16:00:00Z,6.09,0.0
2024-04-18T17:00:00Z,7.42,0.0
2024-04-18T18:00:00Z,8.0,0.0
2024-04-18T19:00:00Z,8.22,0.0
2024-04-18T20:00:00Z,8.06,0.0
2024-04-18T21:00:00Z,7.22,0.0
2024-04-18T22:00:00Z,6.86,0.0
2024-04-18T23:00:00Z,6.64,0.0
2024-04-19T00:00:00Z,6.37,0.0
2024-04-19T01:00:00Z,5.76,0.0
2024-04-19T02:00:00Z,5.16,0.0
2024-04-19T03:00:00Z,4.82,10.5
2024-04-19T04:00:00Z,5.18,169.82
2024-04-19T05:00:00Z,5.03,407.67
2024-04-19T06:00:00Z,4.21,632.83
2024-04-19T07:00:00Z,3.51,795.1
2024-04-19T08:00:00Z,3.35,877.33
2024-04-19T09:00:00Z,3.39,930.12
2024-04-19T10:00:00Z,3.48,870.8
2024-04-19T11:00:00Z,3.72,752.3
2024-04-19T12:00:00Z,4.27,637.72
2024-04-19T13:00:00Z,5.23,440.75
2024-04-19T14:00:00Z,6.42,205.3
2024-04-19T15:00:00Z,7.22,17.7
2024-04-19T16:00:00Z,7.89,0.0
2024-04-19T17:00:00Z,8.56,0.0
2024-04-19T18:00:00Z,9.46,0.0
2024-04-19T19:00:00Z,9.97,0.0
2024-04-19T20:00:00Z,9.66,0.0
2024-04-19T21:00:00Z,8.82,0.0
2024-04-19T22:00:00Z,7.65,0.0
2024-04-19T23:00:00Z,6.52,0.0
2024-04-20T00:00:00Z,5.53,0.0
2024-04-20T01:00:00Z,4.72,0.0
2024-04-20T02:00:00Z,4.16,0.0
2024-04-20T03:00:00Z,3.77,11.2
2024-04-20T04:00:00Z,3.94,177.9
2024-04-20T05:00:00Z,3.93,426.88
2024-04-20T06:00:00Z,3.47,656.95
2024-04-20T07:00:00Z,2.93,835.03
2024-04-20T08:00:00Z,2.45,946.65
2024-04-20T09:00:00Z,2.12,905.3
2024-04-20T10:00:00Z,2.19,833.12
2024-04-20T11:00:00Z,2.58,688.58
2024-04-20T12:00:00Z,3.06,561.22
2024-04-20T13:00:00Z,3.49,340.52
2024-04-20T14:00:00Z,4.0,146.02
2024-04-20T15:00:00Z,4.63,12.98
2024-04-20T16:00:00Z,5.21,0.0
2024-04-20T17:00:00Z,5.58,0.0
2024-04-20T18:00:00Z,5.59,0.0
2024-04-20T19:00:00Z,5.85,0.0
2024-04-20T20:00:00Z,6.04,0.0
2024-04-20T21:00:00Z,6.4,0.0
2024-04-20T22:00:00Z,6.58,0.0
2024-04-20T23:00:00Z,6.11,0.0
2024-04-21T00:00:00Z,6.25,0.0
2024-04-21T01:00:00Z,6.18,0.0
2024-04-21T02:00:00Z,5.56,0.0
2024-04-21T03:00:00Z,4.83,2.58
2024-04-21T04:00:00Z,4.83,14.5
2024-04-21T05:00:00Z,5.34,43.72
2024-04-21T06:00:00Z,5.68,55.12
2024-04-21T07:00:00Z,5.3,57.6
2024-04-21T08:00:00Z,4.53,49.83
2024-04-21T09:00:00Z,3.65,51.62
2024-04-21T10:00:00Z,2.91,66.05
2024-04-21T11:00:00Z,2.55,94.57
2024-04-21T12:00:00Z,2.51,238.77
2024-04-21T13:00:00Z,2.4,214.88
2024-04-21T14:00:00Z,2.0,94.57
2024-04-21T15:00:00Z,1.41,9.82
2024-04-21T16:00:00Z,0.99,0.0
2024-04-21T17:00:00Z,0.94,0.0
2024-04-21T18:00:00Z,1.16,0.0
2024-04-21T19:00:00Z,1.88,0.0
2024-04-21T20:00:00Z,2.99,0.0
2024-04-21T21:00:00Z,3.87,0.0
2024-04-21T22:00:00Z,4.28,0.0
2024-04-21T23:00:00Z,4.35,0.0
2024-04-22T00:00:00Z,4.32,0.0
2024-04-22T01:00:00Z,4.47,0.0
2024-04-22T02:00:00Z,4.68,0.0
2024-04-22T03:00:00Z,4.9,9.1
2024-04-22T04:00:00Z,5.89,151.2
2024-04-22T05:00:00Z,6.61,367.2
2024-04-22T06:00:00Z,6.5,596.53
2024-04-22T07:00:00Z,6.17,769.47
2024-04-22T08:00:00Z,5.82,878.55
2024-04-22T09:00:00Z,5.42,895.47
2024-04-22T10:00:00Z,5.13,835.0
2024-04-22T11:00:00Z,4.98,724.33
2024-04-22T12:00:00Z,4.99,598.75
2024-04-22T13:00:00Z,5.17,400.58
2024-04-22T14:00:00Z,5.42,174.68
2024-04-22T15:00:00Z,5.29,14.75
2024-04-22T16:00:00Z,5.92,0.0
2024-04-22T17:00:00Z,7.24,0.0
2024-04-22T18:00:00Z,7.55,0.0
2024-04-22T19:00:00Z,7.3,0.0
2024-04-22T20:00:00Z,6.89,0.0
2024-04-22T21:00:00Z,6.66,0.0
2024-04-22T22:00:00Z,6.44,0.0
2024-04-22T23:00:00Z,6.27,0.0
2024-04-23T00:00:00Z,6.37,0.0
2024-04-23T01:00:00Z,6.46,0.0
2024-04-23T02:00:00Z,6.39,0.0
2024-04-23T03:00:00Z,6.09,11.15
2024-04-23T04:00:00Z,7.01,168.68
2024-04-23T05:00:00Z,7.52,413.85
2024-04-23T06:00:00Z,6.7,645.12
2024-04-23T07:00:00Z,5.96,826.1
2024-04-23T08:00:00Z,5.47,940.33
2024-04-23T09:00:00Z,5.22,964.03
2024-04-23T10:00:00Z,5.13,912.78
2024-04-23T11:00:00Z,5.1,753.67
2024-04-23T12:00:00Z,5.09,614.28
2024-04-23T13:00:00Z,5.19,412.73
2024-04-23T14:00:00Z,5.38,189.27
2024-04-23T15:00:00Z,5.31,15.8
2024-04-23T16:00:00Z,5.61,0.0
2024-04-23T17:00:00Z,6.2,0.0
2024-04-23T18:00:00Z,6.78,0.0
2024-04-23T19:00:00Z,7.47,0.0
2024-04-23T20:00:00Z,8.03,0.0
2024-04-23T21:00:00Z,7.54,0.0
2024-04-23T22:00:00Z,6.51,0.0
2024-04-23T23:00:00Z,6.02,0.0
2024-04-24T00:00:00Z,5.49,0.0
2024-04-24T01:00:00Z,5.13,0.0
2024-04-24T02:00:00Z,4.95,0.0
2024-04-24T03:00:00Z,4.88,11.02
2024-04-24T04:00:00Z,5.55,173.07
2024-04-24T05:00:00Z,6.74,410.1
2024-04-24T06:00:00Z,6.45,646.62
2024-04-24T07:00:00Z,5.56,825.22
2024-04-24T08:00:00Z,4.66,920.33
2024-04-24T09:00:00Z,3.94,859.03
2024-04-24T10:00:00Z,3.62,839.85
2024-04-24T11:00:00Z,3.71,655.38
2024-04-24T12:00:00Z,4.02,505.48
2024-04-24T13:00:00Z,4.45,328.0
2024-04-24T14:00:00Z,4.92,149.5
2024-04-24T15:00:00Z,5.08,13.6
2024-04-24T16:00:00Z,5.46,0.0
2024-04-24T17:00:00Z,5.77,0.0
2024-04-24T18:00:00Z,5.68,0.0
2024-04-24T19:00:00Z,5.71,0.0
2024-04-24T20:00:00Z,6.02,0.0
2024-04-24T21:00:00Z,6.63,0.0
2024-04-24T22:00:00Z,6.63,0.0
2024-04-24T23:00:00Z,5.82,0.0
2024-04-25T00:00:00Z,5.14,0.0
2024-04-25T01:00:00Z,4.81,0.0
2024-04-25T02:00:00Z,4.61,0.0
2024-04-25T03:00:00Z,4.11,8.82
2024-04-25T04:00:00Z,4.6,139.73
2024-04-25T05:00:00Z,4.85,330.48
2024-04-25T06:00:00Z,4.36,523.28
2024-04-25T07:00:00Z,3.5,583.6
2024-04-25T08:00:00Z,2.56,616.6
2024-04-25T09:00:00Z,1.69,636.2
2024-04-25T10:00:00Z,1.19,483.85
2024-04-25T11:00:00Z,1.29,318.85
2024-04-25T12:00:00Z,1.78,253.3
2024-04-25T13:00:00Z,2.27,161.65
2024-04-25T14:00:00Z,2.77,80.88
2024-04-25T15:00:00Z,3.28,6.55
2024-04-25T16:00:00Z,3.67,0.0
2024-04-25T17:00:00Z,3.84,0.0
2024-04-25T18:00:00Z,3.89,0.0
2024-04-25T19:00:00Z,3.99,0.0
2024-04-25T20:00:00Z,4.21,0.0
2024-04-25T21:00:00Z,4.45,0.0
2024-04-25T22:00:00Z,4.38,0.0
2024-04-25T23:00:00Z,4.18,0.0
2024-04-26T00:00:00Z,4.05,0.0
2024-04-26T01:00:00Z,4.08,0.0
2024-04-26T02:00:00Z,4.44,0.0
2024-04-26T03:00:00Z,4.66,6.57
2024-04-26T04:00:00Z,4.49,103.72
2024-04-26T05:00:00Z,4.35,233.85
2024-04-26T06:00:00Z,3.2,387.12
2024-04-26T07:00:00Z,1.82,563.05
2024-04-26T08:00:00Z,0.88,672.45
2024-04-26T09:00:00Z,1.12,629.95
2024-04-26T10:00:00Z,1.57,593.78
2024-04-26T11:00:00Z,1.85,549.28
2024-04-26T12:00:00Z,1.96,443.8
2024-04-26T13:00:00Z,1.88,279.65
2024-04-26T14:00:00Z,1.63,123.53
2024-04-26T15:00:00Z,1.28,10.95
2024-04-26T16:00:00Z,0.72,0.0
2024-04-26T17:00:00Z,0.06,0.0
2024-04-26T18:00:00Z,0.54,0.0
2024-04-26T19:00:00Z,1.02,0.0
2024-04-26T20:00:00Z,1.78,0.0
2024-04-26T21:00:00Z,2.62,0.0
2024-04-26T22:00:00Z,3.05,0.0
2024-04-26T23:00:00Z,3.28,0.0
2024-04-27T00:00:00Z,3.47,0.0
2024-04-27T01:00:00Z,3.78,0.0
2024-04-27T02:00:00Z,4.1,0.0
2024-04-27T03:00:00Z,4.2,9.68
2024-04-27T04:00:00Z,4.79,130.88
2024-04-27T05:00:00Z,4.78,304.33
2024-04-27T06:00:00Z,4.07,503.7
2024-04-27T07:00:00Z,3.19,742.65
2024-04-27T08:00:00Z,2.28,873.0
2024-04-27T09:00:00Z,1.33,915.05
2024-04-27T10:00:00Z,0.69,803.88
2024-04-27T11:00:00Z,1.3,719.62
2024-04-27T12:00:00Z,2.05,498.42
2024-04-27T13:00:00Z,2.42,296.33
2024-04-27T14:00:00Z,2.39,131.9
2024-04-27T15:00:00Z,2.21,11.5
2024-04-27T16:00:00Z,2.11,0.0
2024-04-27T17:00:00Z,2.16,0.0
2024-04-27T18:00:00Z,2.46,0.0
2024-04-27T19:00:00Z,3.01,0.0
2024-04-27T20:00:00Z,3.73,0.0
2024-04-27T21:00:00Z,5.1,0.0
2024-04-27T22:00:00Z,6.77,0.0
2024-04-27T23:00:00Z,6.77,0.0
2024-04-28T00:00:00Z,6.27,0.0
2024-04-28T01:00:00Z,5.97,0.0
2024-04-28T02:00:00Z,5.69,0.0
2024-04-28T03:00:00Z,5.79,6.9
2024-04-28T04:00:00Z,6.64,107.18
2024-04-28T05:00:00Z,6.86,243.07
2024-04-28T06:00:00Z,5.9,387.3
2024-04-28T07:00:00Z,4.71,431.38
2024-04-28T08:00:00Z,3.78,588.67
2024-04-28T09:00:00Z,3.18,762.08
2024-04-28T10:00:00Z,2.99,714.8
2024-04-28T11:00:00Z,3.07,646.12
2024-04-28T12:00:00Z,3.23,466.85
2024-04-28T13:00:00Z,3.43,275.83
2024-04-28T14:00:00Z,3.79,120.1
2024-04-28T15:00:00Z,4.16,9.45
2024-04-28T16:00:00Z,4.77,0.0
2024-04-28T17:00:00Z,5.52,0.0
2024-04-28T18:00:00Z,5.97,0.0
2024-04-28T19:00:00Z,6.28,0.0
2024-04-28T20:00:00Z,6.61,0.0
2024-04-28T21:00:00Z,6.6,0.0
2024-04-28T22:00:00Z,5.88,0.0
2024-04-28T23:00:00Z,5.32,0.0
2024-04-29T00:00:00Z,4.99,0.0
2024-04-29T01:00:00Z,4.79,0.0
2024-04-29T02:00:00Z,4.6,0.0
2024-04-29T03:00:00Z,4.27,3.47
2024-04-29T04:00:00Z,4.21,62.75
2024-04-29T05:00:00Z,3.72,174.57
2024-04-29T06:00:00Z,2.99,262.27
2024-04-29T07:00:00Z,2.95,578.55
2024-04-29T08:00:00Z,3.06,782.42
2024-04-29T09:00:00Z,3.05,765.95
2024-04-29T10:00:00Z,2.95,837.25
2024-04-29T11:00:00Z,2.92,712.7
2024-04-29T12:00:00Z,2.97,618.78
2024-04-29T13:00:00Z,2.98,404.55
2024-04-29T14:00:00Z,2.96,178.0
2024-04-29T15:00:00Z,2.96,14.23
2024-04-29T16:00:00Z,2.93,0.0
2024-04-29T17:00:00Z,3.06,0.0
2024-04-29T18:00:00Z,3.42,0.0
2024-04-29T19:00:00Z,3.86,0.0
2024-04-29T20:00:00Z,4.28,0.0
2024-04-29T21:00:00Z,4.71,0.0
2024-04-29T22:00:00Z,5.21,0.0
2024-04-29T23:00:00Z,5.66,0.0
2024-04-30T00:00:00Z,5.49,0.0
2024-04-30T01:00:00Z,5.14,0.0
2024-04-30T02:00:00Z,4.81,0.0
2024-04-30T03:00:00Z,4.4,11.82
2024-04-30T04:00:00Z,4.56,166.45
2024-04-30T05:00:00Z,5.13,394.08
2024-04-30T06:00:00Z,4.6,631.47
2024-04-30T07:00:00Z,4.03,810.72
2024-04-30T08:00:00Z,3.62,911.65
2024-04-30T09:00:00Z,3.31,921.4
2024-04-30T10:00:00Z,3.17,882.25
2024-04-30T11:00:00Z,3.22,651.2
2024-04-30T12:00:00Z,3.35,475.73
2024-04-30T13:00:00Z,3.61,319.12
2024-04-30T14:00:00Z,4.05,143.62
2024-04-30T15:00:00Z,4.51,12.52
2024-04-30T16:00:00Z,4.9,0.0
2024-04-30T17:00:00Z,5.21,0.0
2024-04-30T18:00:00Z,5.33,0.0
2024-04-30T19:00:00Z,5.02,0.0
2024-04-30T20:00:00Z,4.76,0.0
2024-04-30T21:00:00Z,4.68,0.0
2024-04-30T22:00:00Z,5.19,0.0
2024-04-30T23:00:00Z,5.75,0.0
2024-05-01T00:00:00Z,5.95,0.0
2024-05-01T01:00:00Z,5.69,0.0
2024-05-01T02:00:00Z,5.5,0.0
2024-05-01T03:00:00Z,5.21,11.7
2024-05-01T04:00:00Z,5.43,162.98
2024-05-01T05:00:00Z,5.66,390.92
2024-05-01T06:00:00Z,4.77,613.53
2024-05-01T07:00:00Z,4.11,792.58
2024-05-01T08:00:00Z,3.8,875.47
2024-05-01T09:00:00Z,3.67,852.97
2024-05-01T10:00:00Z,3.76,808.05
2024-05-01T11:00:00Z,3.99,624.45
2024-05-01T12:00:00Z,4.34,478.23
2024-05-01T13:00:00Z,4.8,316.55
2024-05-01T14:00:00Z,5.23,134.52
2024-05-01T15:00:00Z,5.27,11.98
2024-05-01T16:00:00Z,5.42,0.0
2024-05-01T17:00:00Z,5.37,0.0
2024-05-01T18:00:00Z,5.01,0.0
2024-05-01T19:00:00Z,4.82,0.0
2024-05-01T20:00:00Z,4.83,0.0
2024-05-01T21:00:00Z,5.08,0.0
2024-05-01T22:00:00Z,5.34,0.0
2024-05-01T23:00:00Z,5.46,0.0
2024-05-02T00:00:00Z,5.47,0.0
2024-05-02T01:00:00Z,5.51,0.0
2024-05-02T02:00:00Z,5.78,0.0
2024-05-02T03:00:00Z,6.06,4.8
2024-05-02T04:00:00Z,7.27,88.07
2024-05-02T05:00:00Z,8.46,159.32
2024-05-02T06:00:00Z,7.83,251.2
2024-05-02T07:00:00Z,7.0,453.92
2024-05-02T08:00:00Z,6.46,640.58
2024-05-02T09:00:00Z,5.93,651.8
2024-05-02T10:00:00Z,5.41,670.33
2024-05-02T11:00:00Z,4.97,621.42
2024-05-02T12:00:00Z,4.64,357.15
2024-05-02T13:00:00Z,4.48,198.1
2024-05-02T14:00:00Z,4.54,85.9
2024-05-02T15:00:00Z,4.5,8.6
2024-05-02T16:00:00Z,4.43,0.0
2024-05-02T17:00:00Z,4.41,0.0
2024-05-02T18:00:00Z,4.48,0.0
2024-05-02T19:00:00Z,4.39,0.0
2024-05-02T20:00:00Z,4.37,0.0
2024-05-02T21:00:00Z,4.5,0.0
2024-05-02T22:00:00Z,4.27,0.0
2024-05-02T23:00:00Z,4.02,0.0
2024-05-03T00:00:00Z,4.1,0.0
2024-05-03T01:00:00Z,4.29,0.0
2024-05-03T02:00:00Z,4.42,0.0
2024-05-03T03:00:00Z,4.48,8.9
2024-05-03T04:00:00Z,5.08,136.35
2024-05-03T05:00:00Z,5.61,325.4
2024-05-03T06:00:00Z,4.74,524.25
2024-05-03T07:00:00Z,3.74,680.03
2024-05-03T08:00:00Z,3.09,716.17
2024-05-03T09:00:00Z,2.68,796.75
2024-05-03T10:00:00Z,2.48,770.35
2024-05-03T11:00:00Z,2.43,613.53
2024-05-03T12:00:00Z,2.47,456.05
2024-05-03T13:00:00Z,2.65,194.18
2024-05-03T14:00:00Z,2.9,78.1
2024-05-03T15:00:00Z,3.07,4.85
2024-05-03T16:00:00Z,3.22,0.0
2024-05-03T17:00:00Z,3.61,0.0
2024-05-03T18:00:00Z,4.32,0.0
2024-05-03T19:00:00Z,4.56,0.0
2024-05-03T20:00:00Z,3.98,0.0
2024-05-03T21:00:00Z,3.71,0.0
2024-05-03T22:00:00Z,4.11,0.0
2024-05-03T23:00:00Z,4.34,0.0
2024-05-04T00:00:00Z,4.23,0.0
2024-05-04T01:00:00Z,4.34,0.0
2024-05-04T02:00:00Z,3.83,0.0
2024-05-04T03:00:00Z,3.08,1.88
2024-05-04T04:00:00Z,2.72,13.93
2024-05-04T05:00:00Z,2.98,28.55
2024-05-04T06:00:00Z,2.94,42.28
2024-05-04T07:00:00Z,2.62,120.93
2024-05-04T08:00:00Z,2.22,253.62
2024-05-04T09:00:00Z,3.03,330.05
2024-05-04T10:00:00Z,4.72,368.67
2024-05-04T11:00:00Z,5.81,401.8
2024-05-04T12:00:00Z,5.77,348.1
2024-05-04T13:00:00Z,5.22,223.95
2024-05-04T14:00:00Z,4.75,92.35
2024-05-04T15:00:00Z,4.48,7.8
2024-05-04T16:00:00Z,4.62,0.0
2024-05-04T17:00:00Z,4.71,0.0
2024-05-04T18:00:00Z,4.01,0.0
2024-05-04T19:00:00Z,2.62,0.0
2024-05-04T20:00:00Z,2.04,0.0
2024-05-04T21:00:00Z,2.0,0.0
2024-05-04T22:00:00Z,2.07,0.0
2024-05-04T23:00:00Z,2.06,0.0
2024-05-05T00:00:00Z,1.97,0.0
2024-05-05T01:00:00Z,1.97,0.0
2024-05-05T02:00:00Z,2.07,0.0
2024-05-05T03:00:00Z,2.03,10.3
2024-05-05T04:00:00Z,2.0,142.43
2024-05-05T05:00:00Z,2.14,319.2
2024-05-05T06:00:00Z,2.44,522.35
2024-05-05T07:00:00Z,2.72,726.1
2024-05-05T08:00:00Z,2.97,851.5
2024-05-05T09:00:00Z,3.04,902.03
2024-05-05T10:00:00Z,2.79,882.88
2024-05-05T11:00:00Z,2.35,766.95
2024-05-05T12:00:00Z,1.76,578.7
2024-05-05T13:00:00Z,1.23,367.5
2024-05-05T14:00:00Z,1.54,157.32
2024-05-05T15:00:00Z,2.5,12.27
2024-05-05T16:00:00Z,3.32,0.0
2024-05-05T17:00:00Z,3.93,0.0
2024-05-05T18:00:00Z,4.21,0.0
2024-05-05T19:00:00Z,4.46,0.0
2024-05-05T20:00:00Z,4.63,0.0
2024-05-05T21:00:00Z,4.78,0.0
2024-05-05T22:00:00Z,4.96,0.0
2024-05-05T23:00:00Z,4.76,0.0
2024-05-06T00:00:00Z,5.41,0.0
2024-05-06T01:00:00Z,5.99,0.0
2024-05-06T02:00:00Z,5.71,0.0
2024-05-06T03:00:00Z,5.02,8.5
2024-05-06T04:00:00Z,4.39,128.2
2024-05-06T05:00:00Z,4.35,317.62
2024-05-06T06:00:00Z,4.6,523.8
2024-05-06T07:00:00Z,4.92,695.9
2024-05-06T08:00:00Z,5.08,837.2
2024-05-06T09:00:00Z,4.68,871.8
2024-05-06T10:00:00Z,4.08,807.33
2024-05-06T11:00:00Z,3.55,693.88
2024-05-06T12:00:00Z,3.12,525.95
2024-05-06T13:00:00Z,3.02,322.73
2024-05-06T14:00:00Z,3.26,142.9
2024-05-06T15:00:00Z,3.67,13.2
2024-05-06T16:00:00Z,4.26,0.0
2024-05-06T17:00:00Z,4.93,0.0
2024-05-06T18:00:00Z,5.52,0.0
2024-05-06T19:00:00Z,5.85,0.0
2024-05-06T20:00:00Z,6.18,0.0
2024-05-06T21:00:00Z,6.17,0.0
2024-05-06T22:00:00Z,5.68,0.0
2024-05-06T23:00:00Z,5.75,0.0
2024-05-07T00:00:00Z,5.76,0.0
2024-05-07T01:00:00Z,5.69,0.0
2024-05-07T02:00:00Z,5.49,0.0
2024-05-07T03:00:00Z,5.23,13.2
2024-05-07T04:00:00Z,5.9,172.4
2024-05-07T05:00:00Z,6.83,399.3
2024-05-07T06:00:00Z,6.79,624.95
2024-05-07T07:00:00Z,6.59,800.17
2024-05-07T08:00:00Z,6.35,914.78
2024-05-07T09:00:00Z,6.04,886.75
2024-05-07T10:00:00Z,5.79,862.67
2024-05-07T11:00:00Z,5.75,713.75
2024-05-07T12:00:00Z,5.93,538.55
2024-05-07T13:00:00Z,6.33,326.33
2024-05-07T14:00:00Z,6.92,149.7
2024-05-07T15:00:00Z,7.04,13.1
2024-05-07T16:00:00Z,7.22,0.0
2024-05-07T17:00:00Z,7.09,0.0
2024-05-07T18:00:00Z,7.13,0.0
2024-05-07T19:00:00Z,7.24,0.0
2024-05-07T20:00:00Z,7.25,0.0
2024-05-07T21:00:00Z,6.83,0.0
2024-05-07T22:00:00Z,6.46,0.0
2024-05-07T23:00:00Z,6.24,0.0
2024-05-08T00:00:00Z,6.56,0.0
2024-05-08T01:00:00Z,6.53,0.0
2024-05-08T02:00:00Z,6.43,0.0
2024-05-08T03:00:00Z,6.04,13.23
2024-05-08T04:00:00Z,7.04,175.05
2024-05-08T05:00:00Z,8.04,410.33
2024-05-08T06:00:00Z,7.94,628.25
2024-05-08T07:00:00Z,7.25,793.38
2024-05-08T08:00:00Z,6.96,873.5
2024-05-08T09:00:00Z,7.02,897.0
2024-05-08T10:00:00Z,7.35,843.15
2024-05-08T11:00:00Z,7.81,763.33
2024-05-08T12:00:00Z,8.36,586.3
2024-05-08T13:00:00Z,8.89,382.7
2024-05-08T14:00:00Z,9.19,173.1
2024-05-08T15:00:00Z,8.68,13.93
2024-05-08T16:00:00Z,8.37,0.0
2024-05-08T17:00:00Z,7.69,0.0
2024-05-08T18:00:00Z,7.34,0.0
2024-05-08T19:00:00Z,7.1,0.0
2024-05-08T20:00:00Z,7.16,0.0
2024-05-08T21:00:00Z,7.15,0.0
2024-05-08T22:00:00Z,7.19,0.0
2024-05-08T23:00:00Z,6.98,0.0
2024-05-09T00:00:00Z,6.47,0.0
2024-05-09T01:00:00Z,6.3,0.0
2024-05-09T02:00:00Z,6.33,0.0
2024-05-09T03:00:00Z,6.34,13.7
2024-05-09T04:00:00Z,7.55,179.55
2024-05-09T05:00:00Z,8.05,419.73
2024-05-09T06:00:00Z,8.27,637.58
2024-05-09T07:00:00Z,8.19,809.47
2024-05-09T08:00:00Z,7.94,921.08
2024-05-09T09:00:00Z,7.75,946.5
2024-05-09T10:00:00Z,7.7,798.72
2024-05-09T11:00:00Z,7.78,731.4
2024-05-09T12:00:00Z,7.96,562.38
2024-05-09T13:00:00Z,8.15,381.45
2024-05-09T14:00:00Z,8.25,170.2
2024-05-09T15:00:00Z,7.78,14.05
2024-05-09T16:00:00Z,7.69,0.0
2024-05-09T17:00:00Z,7.75,0.0
2024-05-09T18:00:00Z,7.98,0.0
2024-05-09T19:00:00Z,8.38,0.0
2024-05-09T20:00:00Z,7.56,0.0
2024-05-09T21:00:00Z,7.18,0.0
2024-05-09T22:00:00Z,6.99,0.0
2024-05-09T23:00:00Z,7.0,0.0
2024-05-10T00:00:00Z,6.77,0.0
2024-05-10T01:00:00Z,6.66,0.0
2024-05-10T02:00:00Z,6.49,0.0
2024-05-10T03:00:00Z,6.18,13.02
2024-05-10T04:00:00Z,7.48,178.23
2024-05-10T05:00:00Z,8.31,406.8
2024-05-10T06:00:00Z,8.47,632.05
2024-05-10T07:00:00Z,8.16,810.9
2024-05-10T08:00:00Z,7.88,896.72
2024-05-10T09:00:00Z,7.66,905.78
2024-05-10T10:00:00Z,7.46,814.53
2024-05-10T11:00:00Z,7.4,709.25
2024-05-10T12:00:00Z,7.48,576.0
2024-05-10T13:00:00Z,7.68,388.15
2024-05-10T14:00:00Z,7.87,171.77
2024-05-10T15:00:00Z,7.61,14.2
2024-05-10T16:00:00Z,7.88,0.0
2024-05-10T17:00:00Z,8.28,0.0
2024-05-10T18:00:00Z,8.59,0.0
2024-05-10T19:00:00Z,9.01,0.0
2024-05-10T20:00:00Z,8.26,0.0
2024-05-10T21:00:00Z,8.18,0.0
2024-05-10T22:00:00Z,8.32,0.0
2024-05-10T23:00:00Z,7.99,0.0
2024-05-11T00:00:00Z,7.28,0.0
2024-05-11T01:00:00Z,6.67,0.0
2024-05-11T02:00:00Z,6.32,0.0
2024-05-11T03:00:00Z,6.89,14.0
2024-05-11T04:00:00Z,7.06,171.7
2024-05-11T05:00:00Z,7.72,377.62
2024-05-11T06:00:00Z,8.42,574.38
2024-05-11T07:00:00Z,8.83,793.0
2024-05-11T08:00:00Z,8.82,913.88
2024-05-11T09:00:00Z,8.58,967.85
2024-05-11T10:00:00Z,8.3,923.3
2024-05-11T11:00:00Z,8.17,805.88
2024-05-11T12:00:00Z,8.25,634.78
2024-05-11T13:00:00Z,8.53,419.88
2024-05-11T14:00:00Z,8.6,189.95
2024-05-11T15:00:00Z,7.9,15.68
2024-05-11T16:00:00Z,6.98,0.0
2024-05-11T17:00:00Z,6.86,0.0
2024-05-11T18:00:00Z,7.04,0.0
2024-05-11T19:00:00Z,7.03,0.0
2024-05-11T20:00:00Z,7.03,0.0
2024-05-11T21:00:00Z,7.0,0.0
2024-05-11T22:00:00Z,6.99,0.0
2024-05-11T23:00:00Z,7.0,0.0
2024-05-12T00:00:00Z,6.98,0.0
2024-05-12T01:00:00Z,6.95,0.0
2024-05-12T02:00:00Z,6.88,0.0
2024-05-12T03:00:00Z,6.82,15.1
2024-05-12T04:00:00Z,7.31,191.12
2024-05-12T05:00:00Z,8.72,439.45
2024-05-12T06:00:00Z,8.43,658.9
2024-05-12T07:00:00Z,7.86,831.92
2024-05-12T08:00:00Z,7.32,941.97
2024-05-12T09:00:00Z,6.91,975.88
2024-05-12T10:00:00Z,6.78,934.62
2024-05-12T11:00:00Z,6.96,819.85
2024-05-12T12:00:00Z,7.28,656.05
2024-05-12T13:00:00Z,7.74,433.9
2024-05-12T14:00:00Z,8.08,196.25
2024-05-12T15:00:00Z,7.55,16.05
2024-05-12T16:00:00Z,7.19,0.0
2024-05-12T17:00:00Z,7.24,0.0
2024-05-12T18:00:00Z,7.3,0.0
2024-05-12T19:00:00Z,7.35,0.0
2024-05-12T20:00:00Z,7.46,0.0
2024-05-12T21:00:00Z,7.53,0.0
2024-05-12T22:00:00Z,7.56,0.0
2024-05-12T23:00:00Z,7.43,0.0
2024-05-13T00:00:00Z,7.18,0.0
2024-05-13T01:00:00Z,7.07,0.0
2024-05-13T02:00:00Z,6.97,0.0
2024-05-13T03:00:00Z,6.96,15.57
2024-05-13T04:00:00Z,7.22,193.07
2024-05-13T05:00:00Z,8.95,428.45
2024-05-13T06:00:00Z,8.41,645.97
2024-05-13T07:00:00Z,7.34,818.0
2024-05-13T08:00:00Z,6.3,937.62
2024-05-13T09:00:00Z,5.53,966.42
2024-05-13T10:00:00Z,5.19,913.6
2024-05-13T11:00:00Z,5.29,810.2
2024-05-13T12:00:00Z,5.77,601.0
2024-05-13T13:00:00Z,6.52,368.98
2024-05-13T14:00:00Z,7.41,166.6
2024-05-13T15:00:00Z,7.43,13.62
2024-05-13T16:00:00Z,7.18,0.0
2024-05-13T17:00:00Z,6.92,0.0
2024-05-13T18:00:00Z,6.58,0.0
2024-05-13T19:00:00Z,6.61,0.0
2024-05-13T20:00:00Z,6.68,0.0
2024-05-13T21:00:00Z,6.84,0.0
2024-05-13T22:00:00Z,6.93,0.0
2024-05-13T23:00:00Z,6.65,0.0
2024-05-14T00:00:00Z,6.38,0.0
2024-05-14T01:00:00Z,6.44,0.0
2024-05-14T02:00:00Z,6.5,0.0
2024-05-14T03:00:00Z,6.56,14.05
2024-05-14T04:00:00Z,7.52,179.25
2024-05-14T05:00:00Z,8.73,409.33
2024-05-14T06:00:00Z,8.39,625.25
2024-05-14T07:00:00Z,7.29,802.2
2024-05-14T08:00:00Z,6.18,907.92
2024-05-14T09:00:00Z,5.25,933.25
2024-05-14T10:00:00Z,4.73,871.17
2024-05-14T11:00:00Z,4.61,757.1
2024-05-14T12:00:00Z,4.81,576.65
2024-05-14T13:00:00Z,5.2,377.08
2024-05-14T14:00:00Z,5.68,159.38
2024-05-14T15:00:00Z,5.76,12.9
2024-05-14T16:00:00Z,6.35,0.0
2024-05-14T17:00:00Z,7.0,0.0
2024-05-14T18:00:00Z,6.93,0.0
2024-05-14T19:00:00Z,6.51,0.0
2024-05-14T20:00:00Z,6.03,0.0
2024-05-14T21:00:00Z,5.41,0.0
2024-05-14T22:00:00Z,5.36,0.0
2024-05-14T23:00:00Z,5.43,0.0
2024-05-15T00:00:00Z,5.38,0.0
2024-05-15T01:00:00Z,5.2,0.0
2024-05-15T02:00:00Z,4.91,0.0
2024-05-15T03:00:00Z,4.41,12.98
2024-05-15T04:00:00Z,4.94,163.48
2024-05-15T05:00:00Z,4.82,383.4
2024-05-15T06:00:00Z,4.22,598.42
2024-05-15T07:00:00Z,3.83,785.35
2024-05-15T08:00:00Z,3.56,894.2
2024-05-15T09:00:00Z,3.39,921.78
2024-05-15T10:00:00Z,3.62,869.97
2024-05-15T11:00:00Z,3.98,734.4
2024-05-15T12:00:00Z,4.27,578.67
2024-05-15T13:00:00Z,4.67,376.7
2024-05-15T14:00:00Z,5.08,173.88
2024-05-15T15:00:00Z,5.26,14.68
2024-05-15T16:00:00Z,5.3,0.0
2024-05-15T17:00:00Z,5.07,0.0
2024-05-15T18:00:00Z,4.79,0.0
2024-05-15T19:00:00Z,5.64,0.0
2024-05-15T20:00:00Z,6.83,0.0
2024-05-15T21:00:00Z,6.58,0.0
2024-05-15T22:00:00Z,6.02,0.0
2024-05-15T23:00:00Z,5.73,0.0
2024-05-16T00:00:00Z,5.31,0.0
2024-05-16T01:00:00Z,5.02,0.0
2024-05-16T02:00:00Z,4.75,0.0
2024-05-16T03:00:00Z,4.47,14.6
2024-05-16T04:00:00Z,4.5,181.98
2024-05-16T05:00:00Z,4.6,418.38
2024-05-16T06:00:00Z,4.03,630.72
2024-05-16T07:00:00Z,3.37,812.33
2024-05-16T08:00:00Z,3.1,904.5
2024-05-16T09:00:00Z,3.18,869.97
2024-05-16T10:00:00Z,3.43,846.22
2024-05-16T11:00:00Z,3.9,622.42
2024-05-16T12:00:00Z,4.47,585.58
2024-05-16T13:00:00Z,5.08,372.45
2024-05-16T14:00:00Z,5.72,162.8
2024-05-16T15:00:00Z,6.0,13.43
2024-05-16T16:00:00Z,6.26,0.0
2024-05-16T17:00:00Z,6.45,0.0
2024-05-16T18:00:00Z,6.15,0.0
2024-05-16T19:00:00Z,6.03,0.0
2024-05-16T20:00:00Z,6.09,0.0
2024-05-16T21:00:00Z,5.82,0.0
2024-05-16T22:00:00Z,5.73,0.0
2024-05-16T23:00:00Z,5.92,0.0
2024-05-17T00:00:00Z,6.22,0.0
2024-05-17T01:00:00Z,6.32,0.0
2024-05-17T02:00:00Z,6.23,0.0
2024-05-17T03:00:00Z,6.0,12.85
2024-05-17T04:00:00Z,6.76,169.85
2024-05-17T05:00:00Z,7.37,394.12
2024-05-17T06:00:00Z,6.72,616.88
2024-05-17T07:00:00Z,5.87,795.85
2024-05-17T08:00:00Z,5.22,908.67
2024-05-17T09:00:00Z,4.89,901.22
2024-05-17T10:00:00Z,4.91,875.72
2024-05-17T11:00:00Z,5.11,765.75
2024-05-17T12:00:00Z,5.34,611.92
2024-05-17T13:00:00Z,5.62,394.42
2024-05-17T14:00:00Z,5.96,177.88
2024-05-17T15:00:00Z,6.07,14.07
2024-05-17T16:00:00Z,6.59,0.0
2024-05-17T17:00:00Z,6.98,0.0
2024-05-17T18:00:00Z,7.19,0.0
2024-05-17T19:00:00Z,7.47,0.0
2024-05-17T20:00:00Z,7.46,0.0
2024-05-17T21:00:00Z,7.34,0.0
2024-05-17T22:00:00Z,6.71,0.0
2024-05-17T23:00:00Z,6.61,0.0
2024-05-18T00:00:00Z,6.66,0.0
2024-05-18T01:00:00Z,6.62,0.0
2024-05-18T02:00:00Z,6.35,0.0
2024-05-18T03:00:00Z,6.2,13.68
2024-05-18T04:00:00Z,6.07,175.5
2024-05-18T05:00:00Z,6.78,405.1
2024-05-18T06:00:00Z,5.82,618.28
2024-05-18T07:00:00Z,4.78,798.47
2024-05-18T08:00:00Z,3.96,902.85
2024-05-18T09:00:00Z,3.52,898.17
2024-05-18T10:00:00Z,3.47,816.62
2024-05-18T11:00:00Z,3.62,729.25
2024-05-18T12:00:00Z,3.91,541.9
2024-05-18T13:00:00Z,4.26,357.83
2024-05-18T14:00:00Z,4.67,161.05
2024-05-18T15:00:00Z,5.01,13.62
2024-05-18T16:00:00Z,5.81,0.0
2024-05-18T17:00:00Z,6.61,0.0
2024-05-18T18:00:00Z,6.94,0.0
2024-05-18T19:00:00Z,6.79,0.0
2024-05-18T20:00:00Z,6.45,0.0
2024-05-18T21:00:00Z,6.25,0.0
2024-05-18T22:00:00Z,6.66,0.0
2024-05-18T23:00:00Z,6.81,0.0
2024-05-19T00:00:00Z,6.49,0.0
2024-05-19T01:00:00Z,6.46,0.0
2024-05-19T02:00:00Z,6.35,0.0
2024-05-19T03:00:00Z,6.34,13.7
2024-05-19T04:00:00Z,6.72,172.88
2024-05-19T05:00:00Z,8.13,370.73
2024-05-19T06:00:00Z,7.83,600.33
2024-05-19T07:00:00Z,6.84,789.55
2024-05-19T08:00:00Z,5.95,834.9
2024-05-19T09:00:00Z,5.3,793.4
2024-05-19T10:00:00Z,5.0,737.53
2024-05-19T11:00:00Z,4.96,640.83
2024-05-19T12:00:00Z,5.05,484.92
2024-05-19T13:00:00Z,5.26,327.95
2024-05-19T14:00:00Z,5.46,143.25
2024-05-19T15:00:00Z,5.16,12.6
2024-05-19T16:00:00Z,5.05,0.0
2024-05-19T17:00:00Z,5.34,0.0
2024-05-19T18:00:00Z,5.69,0.0
2024-05-19T19:00:00Z,5.17,0.0
2024-05-19T20:00:00Z,4.75,0.0
2024-05-19T21:00:00Z,5.18,0.0
2024-05-19T22:00:00Z,6.39,0.0
2024-05-19T23:00:00Z,6.66,0.0
2024-05-20T00:00:00Z,6.58,0.0
2024-05-20T01:00:00Z,5.59,0.0
2024-05-20T02:00:00Z,4.91,0.0
2024-05-20T03:00:00Z,4.39,11.77
2024-05-20T04:00:00Z,4.78,141.57
2024-05-20T05:00:00Z,5.65,301.77
2024-05-20T06:00:00Z,5.8,502.08
2024-05-20T07:00:00Z,5.78,726.38
2024-05-20T08:00:00Z,5.67,820.1
2024-05-20T09:00:00Z,5.38,842.78
2024-05-20T10:00:00Z,4.94,772.72
2024-05-20T11:00:00Z,4.48,675.95
2024-05-20T12:00:00Z,4.21,531.97
2024-05-20T13:00:00Z,4.14,356.27
2024-05-20T14:00:00Z,4.17,165.68
2024-05-20T15:00:00Z,4.19,14.43
2024-05-20T16:00:00Z,4.75,0.0
2024-05-20T17:00:00Z,5.25,0.0
2024-05-20T18:00:00Z,4.86,0.0
2024-05-20T19:00:00Z,3.83,0.0
2024-05-20T20:00:00Z,3.05,0.0
2024-05-20T21:00:00Z,2.79,0.0
2024-05-20T22:00:00Z,3.37,0.0
2024-05-20T23:00:00Z,4.06,0.0
2024-05-21T00:00:00Z,4.21,0.0
2024-05-21T01:00:00Z,4.4,0.0
2024-05-21T02:00:00Z,4.39,0.0
2024-05-21T03:00:00Z,3.93,11.43
2024-05-21T04:00:00Z,3.76,154.12
2024-05-21T05:00:00Z,4.7,348.2
2024-05-21T06:00:00Z,4.77,534.05
2024-05-21T07:00:00Z,4.14,771.78
2024-05-21T08:00:00Z,3.34,863.8
2024-05-21T09:00:00Z,2.28,868.6
2024-05-21T10:00:00Z,1.06,865.28
2024-05-21T11:00:00Z,0.72,726.25
2024-05-21T12:00:00Z,1.38,567.03
2024-05-21T13:00:00Z,1.78,355.67
2024-05-21T14:00:00Z,1.82,159.5
2024-05-21T15:00:00Z,1.93,13.27
2024-05-21T16:00:00Z,2.11,0.0
2024-05-21T17:00:00Z,1.98,0.0
2024-05-21T18:00:00Z,1.54,0.0
2024-05-21T19:00:00Z,0.88,0.0
2024-05-21T20:00:00Z,0.7,0.0
2024-05-21T21:00:00Z,1.29,0.0
2024-05-21T22:00:00Z,2.13,0.0
2024-05-21T23:00:00Z,2.96,0.0
2024-05-22T00:00:00Z,3.44,0.0
2024-05-22T01:00:00Z,3.66,0.0
2024-05-22T02:00:00Z,3.95,0.0
2024-05-22T03:00:00Z,4.11,13.38
2024-05-22T04:00:00Z,4.71,174.6
2024-05-22T05:00:00Z,4.89,399.23
2024-05-22T06:00:00Z,4.34,629.67
2024-05-22T07:00:00Z,3.35,795.88
2024-05-22T08:00:00Z,2.35,910.05
2024-05-22T09:00:00Z,1.69,912.6
2024-05-22T10:00:00Z,1.54,868.22
2024-05-22T11:00:00Z,1.98,690.17
2024-05-22T12:00:00Z,2.68,525.6
2024-05-22T13:00:00Z,3.43,317.85
2024-05-22T14:00:00Z,3.97,146.9
2024-05-22T15:00:00Z,4.1,13.57
2024-05-22T16:00:00Z,4.18,0.0
2024-05-22T17:00:00Z,4.16,0.0
2024-05-22T18:00:00Z,4.23,0.0
2024-05-22T19:00:00Z,5.16,0.0
2024-05-22T20:00:00Z,5.95,0.0
2024-05-22T21:00:00Z,5.62,0.0
2024-05-22T22:00:00Z,5.47,0.0
2024-05-22T23:00:00Z,5.44,0.0
2024-05-23T00:00:00Z,5.71,0.0
2024-05-23T01:00:00Z,5.84,0.0
2024-05-23T02:00:00Z,6.05,0.0
2024-05-23T03:00:00Z,6.3,12.65
2024-05-23T04:00:00Z,7.09,157.65
2024-05-23T05:00:00Z,7.97,369.95
2024-05-23T06:00:00Z,8.19,580.88
2024-05-23T07:00:00Z,7.61,766.1
2024-05-23T08:00:00Z,6.57,879.55
2024-05-23T09:00:00Z,5.45,889.83
2024-05-23T10:00:00Z,4.52,855.42
2024-05-23T11:00:00Z,3.85,685.62
2024-05-23T12:00:00Z,3.33,575.42
2024-05-23T13:00:00Z,3.0,376.2
2024-05-23T14:00:00Z,2.82,168.62
2024-05-23T15:00:00Z,2.9,14.4
2024-05-23T16:00:00Z,3.16,0.0
2024-05-23T17:00:00Z,3.88,0.0
2024-05-23T18:00:00Z,5.17,0.0
2024-05-23T19:00:00Z,6.4,0.0
2024-05-23T20:00:00Z,6.6,0.0
2024-05-23T21:00:00Z,6.14,0.0
2024-05-23T22:00:00Z,5.9,0.0
2024-05-23T23:00:00Z,5.88,0.0
2024-05-24T00:00:00Z,5.78,0.0
2024-05-24T01:00:00Z,5.76,0.0
2024-05-24T02:00:00Z,5.84,0.0
2024-05-24T03:00:00Z,5.86,13.57
2024-05-24T04:00:00Z,6.91,173.32
2024-05-24T05:00:00Z,7.91,396.05
2024-05-24T06:00:00Z,7.2,603.25
2024-05-24T07:00:00Z,6.11,787.88
2024-05-24T08:00:00Z,5.47,855.2
2024-05-24T09:00:00Z,5.1,841.08
2024-05-24T10:00:00Z,4.97,763.47
2024-05-24T11:00:00Z,5.03,670.92
2024-05-24T12:00:00Z,5.21,516.75
2024-05-24T13:00:00Z,5.58,339.2
2024-05-24T14:00:00Z,6.13,158.68
2024-05-24T15:00:00Z,6.46,14.52
2024-05-24T16:00:00Z,6.84,0.0
2024-05-24T17:00:00Z,6.86,0.0
2024-05-24T18:00:00Z,6.61,0.0
2024-05-24T19:00:00Z,6.38,0.0
2024-05-24T20:00:00Z,6.62,0.0
2024-05-24T21:00:00Z,6.97,0.0
2024-05-24T22:00:00Z,7.76,0.0
2024-05-24T23:00:00Z,7.64,0.0
2024-05-25T00:00:00Z,7.33,0.0
2024-05-25T01:00:00Z,7.0,0.0
2024-05-25T02:00:00Z,6.62,0.0
2024-05-25T03:00:00Z,6.33,13.57
2024-05-25T04:00:00Z,7.4,174.1
2024-05-25T05:00:00Z,7.77,401.02
2024-05-25T06:00:00Z,7.54,611.95
2024-05-25T07:00:00Z,6.92,788.6
2024-05-25T08:00:00Z,6.25,888.6
2024-05-25T09:00:00Z,5.73,899.65
2024-05-25T10:00:00Z,5.42,845.03
2024-05-25T11:00:00Z,5.31,736.95
2024-05-25T12:00:00Z,5.36,575.5
2024-05-25T13:00:00Z,5.67,381.7
2024-05-25T14:00:00Z,6.14,170.68
2024-05-25T15:00:00Z,6.25,14.8
2024-05-25T16:00:00Z,6.64,0.0
2024-05-25T17:00:00Z,7.06,0.0
2024-05-25T18:00:00Z,7.46,0.0
2024-05-25T19:00:00Z,7.7,0.0
2024-05-25T20:00:00Z,7.56,0.0
2024-05-25T21:00:00Z,7.63,0.0
2024-05-25T22:00:00Z,7.76,0.0
2024-05-25T23:00:00Z,7.52,0.0
2024-05-26T00:00:00Z,7.05,0.0
2024-05-26T01:00:00Z,6.67,0.0
2024-05-26T02:00:00Z,6.41,0.0
2024-05-26T03:00:00Z,6.33,13.07
2024-05-26T04:00:00Z,7.38,168.4
2024-05-26T05:00:00Z,7.73,393.17
2024-05-26T06:00:00Z,7.13,606.5
2024-05-26T07:00:00Z,6.4,783.78
2024-05-26T08:00:00Z,5.78,896.85
2024-05-26T09:00:00Z,5.22,865.35
2024-05-26T10:00:00Z,4.87,629.03
2024-05-26T11:00:00Z,4.86,677.3
2024-05-26T12:00:00Z,5.02,559.33
2024-05-26T13:00:00Z,5.3,352.83
2024-05-26T14:00:00Z,5.69,156.25
2024-05-26T15:00:00Z,5.99,13.73
2024-05-26T16:00:00Z,6.4,0.0
2024-05-26T17:00:00Z,6.53,0.0
2024-05-26T18:00:00Z,6.28,0.0
2024-05-26T19:00:00Z,6.19,0.0
2024-05-26T20:00:00Z,6.2,0.0
2024-05-26T21:00:00Z,6.32,0.0
2024-05-26T22:00:00Z,6.74,0.0
2024-05-26T23:00:00Z,7.11,0.0
2024-05-27T00:00:00Z,7.1,0.0
2024-05-27T01:00:00Z,6.92,0.0
2024-05-27T02:00:00Z,6.66,0.0
2024-05-27T03:00:00Z,6.39,12.82
2024-05-27T04:00:00Z,7.26,165.23
2024-05-27T05:00:00Z,7.35,390.6
2024-05-27T06:00:00Z,6.44,604.83
2024-05-27T07:00:00Z,5.55,781.67
2024-05-27T08:00:00Z,5.03,869.03
2024-05-27T09:00:00Z,4.76,833.03
2024-05-27T10:00:00Z,4.81,818.7
2024-05-27T11:00:00Z,5.01,696.05
2024-05-27T12:00:00Z,5.31,569.35
2024-05-27T13:00:00Z,5.78,367.7
2024-05-27T14:00:00Z,6.43,164.07
2024-05-27T15:00:00Z,6.81,13.95
2024-05-27T16:00:00Z,7.04,0.0
2024-05-27T17:00:00Z,7.03,0.0
2024-05-27T18:00:00Z,6.58,0.0
2024-05-27T19:00:00Z,6.62,0.0
2024-05-27T20:00:00Z,6.93,0.0
2024-05-27T21:00:00Z,7.68,0.0
2024-05-27T22:00:00Z,8.6,0.0
2024-05-27T23:00:00Z,8.52,0.0
2024-05-28T00:00:00Z,8.48,0.0
2024-05-28T01:00:00Z,8.3,0.0
2024-05-28T02:00:00Z,8.04,0.0
2024-05-28T03:00:00Z,7.6,12.6
2024-05-28T04:00:00Z,8.5,162.8
2024-05-28T05:00:00Z,9.15,385.5
2024-05-28T06:00:00Z,8.45,602.97
2024-05-28T07:00:00Z,7.43,785.05
2024-05-28T08:00:00Z,6.46,877.8
2024-05-28T09:00:00Z,5.87,849.17
2024-05-28T10:00:00Z,5.69,827.97
2024-05-28T11:00:00Z,5.76,714.5
2024-05-28T12:00:00Z,6.14,546.25
2024-05-28T13:00:00Z,6.33,362.35
2024-05-28T14:00:00Z,6.68,160.43
2024-05-28T15:00:00Z,6.78,14.4
2024-05-28T16:00:00Z,6.8,0.0
2024-05-28T17:00:00Z,6.38,0.0
2024-05-28T18:00:00Z,6.33,0.0
2024-05-28T19:00:00Z,6.59,0.0
2024-05-28T20:00:00Z,7.12,0.0
2024-05-28T21:00:00Z,8.46,0.0
2024-05-28T22:00:00Z,8.63,0.0
2024-05-28T23:00:00Z,8.16,0.0
2024-05-29T00:00:00Z,7.81,0.0
2024-05-29T01:00:00Z,7.34,0.0
2024-05-29T02:00:00Z,6.9,0.0
2024-05-29T03:00:00Z,6.54,11.88
2024-05-29T04:00:00Z,7.5,155.77
2024-05-29T05:00:00Z,8.0,366.35
2024-05-29T06:00:00Z,7.62,574.2
2024-05-29T07:00:00Z,6.97,755.45
2024-05-29T08:00:00Z,6.6,864.47
2024-05-29T09:00:00Z,5.97,857.45
2024-05-29T10:00:00Z,5.5,760.72
2024-05-29T11:00:00Z,5.2,697.35
2024-05-29T12:00:00Z,5.04,543.17
2024-05-29T13:00:00Z,5.15,347.0
2024-05-29T14:00:00Z,5.43,150.0
2024-05-29T15:00:00Z,5.62,13.65
2024-05-29T16:00:00Z,6.05,0.0
2024-05-29T17:00:00Z,6.48,0.0
2024-05-29T18:00:00Z,6.95,0.0
2024-05-29T19:00:00Z,7.13,0.0
2024-05-29T20:00:00Z,7.03,0.0
2024-05-29T21:00:00Z,7.36,0.0
2024-05-29T22:00:00Z,7.58,0.0
2024-05-29T23:00:00Z,7.41,0.0
2024-05-30T00:00:00Z,7.12,0.0
2024-05-30T01:00:00Z,6.87,0.0
2024-05-30T02:00:00Z,6.73,0.0
2024-05-30T03:00:00Z,7.02,10.88
2024-05-30T04:00:00Z,8.1,139.15
2024-05-30T05:00:00Z,8.43,334.92
2024-05-30T06:00:00Z,8.25,549.45
2024-05-30T07:00:00Z,7.68,742.05
2024-05-30T08:00:00Z,6.89,848.67
2024-05-30T09:00:00Z,6.1,874.5
2024-05-30T10:00:00Z,5.52,830.75
2024-05-30T11:00:00Z,5.15,753.58
2024-05-30T12:00:00Z,5.1,590.53
2024-05-30T13:00:00Z,5.36,383.58
2024-05-30T14:00:00Z,5.89,174.88
2024-05-30T15:00:00Z,6.18,15.12
2024-05-30T16:00:00Z,6.63,0.0
2024-05-30T17:00:00Z,7.13,0.0
2024-05-30T18:00:00Z,7.37,0.0
2024-05-30T19:00:00Z,7.49,0.0
2024-05-30T20:00:00Z,7.32,0.0
2024-05-30T21:00:00Z,7.53,0.0
2024-05-30T22:00:00Z,7.88,0.0
2024-05-30T23:00:00Z,8.38,0.0
2024-05-31T00:00:00Z,8.26,0.0
2024-05-31T01:00:00Z,7.89,0.0
2024-05-31T02:00:00Z,7.47,0.0
2024-05-31T03:00:00Z,7.0,11.62
2024-05-31T04:00:00Z,7.7,155.68
2024-05-31T05:00:00Z,8.46,363.02
2024-05-31T06:00:00Z,7.94,573.65
2024-05-31T07:00:00Z,7.16,758.97
2024-05-31T08:00:00Z,6.62,834.25
2024-05-31T09:00:00Z,6.23,838.92
2024-05-31T10:00:00Z,6.09,640.28
2024-05-31T11:00:00Z,6.19,727.22
2024-05-31T12:00:00Z,6.45,565.1
2024-05-31T13:00:00Z,6.8,368.95
2024-05-31T14:00:00Z,7.04,169.3
2024-05-31T15:00:00Z,6.87,14.88
2024-05-31T16:00:00Z,6.89,0.0
2024-05-31T17:00:00Z,6.55,0.0
2024-05-31T18:00:00Z,6.42,0.0
2024-05-31T19:00:00Z,7.32,0.0
2024-05-31T20:00:00Z,7.56,0.0
2024-05-31T21:00:00Z,7.65,0.0
2024-05-31T22:00:00Z,7.7,0.0
2024-05-31T23:00:00Z,7.73,0.0
2024-06-01T00:00:00Z,7.51,0.0
2024-06-01T01:00:00Z,7.23,0.0
2024-06-01T02:00:00Z,6.81,0.0
2024-06-01T03:00:00Z,6.82,11.48
2024-06-01T04:00:00Z,7.32,162.2
2024-06-01T05:00:00Z,7.25,367.25
2024-06-01T06:00:00Z,6.67,573.67
2024-06-01T07:00:00Z,5.87,746.1
2024-06-01T08:00:00Z,5.28,852.35
2024-06-01T09:00:00Z,4.87,877.55
2024-06-01T10:00:00Z,4.67,844.55
2024-06-01T11:00:00Z,4.73,593.85
2024-06-01T12:00:00Z,5.0,562.53
2024-06-01T13:00:00Z,5.41,348.12
2024-06-01T14:00:00Z,5.81,151.9
2024-06-01T15:00:00Z,5.9,14.45
2024-06-01T16:00:00Z,6.49,0.0
2024-06-01T17:00:00Z,6.93,0.0
2024-06-01T18:00:00Z,7.09,0.0
2024-06-01T19:00:00Z,7.22,0.0
2024-06-01T20:00:00Z,7.18,0.0
2024-06-01T21:00:00Z,6.64,0.0
2024-06-01T22:00:00Z,6.85,0.0
2024-06-01T23:00:00Z,7.36,0.0
2024-06-02T00:00:00Z,7.54,0.0
2024-06-02T01:00:00Z,7.12,0.0
2024-06-02T02:00:00Z,6.59,0.0
2024-06-02T03:00:00Z,6.29,10.43
2024-06-02T04:00:00Z,7.68,140.48
2024-06-02T05:00:00Z,7.93,349.52
2024-06-02T06:00:00Z,7.36,563.95
2024-06-02T07:00:00Z,6.53,741.67
2024-06-02T08:00:00Z,5.64,849.42
2024-06-02T09:00:00Z,4.9,867.42
2024-06-02T10:00:00Z,4.55,842.92
2024-06-02T11:00:00Z,4.57,697.83
2024-06-02T12:00:00Z,4.85,554.08
2024-06-02T13:00:00Z,5.2,352.5
2024-06-02T14:00:00Z,5.57,151.62
2024-06-02T15:00:00Z,5.62,14.32
2024-06-02T16:00:00Z,5.8,0.0
2024-06-02T17:00:00Z,6.09,0.0
2024-06-02T18:00:00Z,6.22,0.0
2024-06-02T19:00:00Z,6.04,0.0
2024-06-02T20:00:00Z,5.87,0.0
2024-06-02T21:00:00Z,6.01,0.0
2024-06-02T22:00:00Z,6.3,0.0
2024-06-02T23:00:00Z,6.79,0.0
2024-06-03T00:00:00Z,6.98,0.0
2024-06-03T01:00:00Z,6.85,0.0
2024-06-03T02:00:00Z,6.72,0.0
2024-06-03T03:00:00Z,6.47,10.88
2024-06-03T04:00:00Z,6.88,145.77
2024-06-03T05:00:00Z,7.32,365.45
2024-06-03T06:00:00Z,6.45,576.12
2024-06-03T07:00:00Z,5.6,756.05
2024-06-03T08:00:00Z,5.02,866.1
2024-06-03T09:00:00Z,4.59,889.55
2024-06-03T10:00:00Z,4.3,808.58
2024-06-03T11:00:00Z,4.23,733.28
2024-06-03T12:00:00Z,4.36,573.12
2024-06-03T13:00:00Z,4.66,370.2
2024-06-03T14:00:00Z,5.15,161.38
2024-06-03T15:00:00Z,5.49,15.1
2024-06-03T16:00:00Z,6.07,0.0
2024-06-03T17:00:00Z,6.62,0.0
2024-06-03T18:00:00Z,7.03,0.0
2024-06-03T19:00:00Z,7.4,0.0
2024-06-03T20:00:00Z,7.69,0.0
2024-06-03T21:00:00Z,7.28,0.0
2024-06-03T22:00:00Z,7.23,0.0
2024-06-03T23:00:00Z,7.57,0.0
2024-06-04T00:00:00Z,7.72,0.0
2024-06-04T01:00:00Z,7.69,0.0
2024-06-04T02:00:00Z,7.45,0.0
2024-06-04T03:00:00Z,7.25,11.45
2024-06-04T04:00:00Z,7.68,157.32
2024-06-04T05:00:00Z,8.27,351.58
2024-06-04T06:00:00Z,7.64,536.75
2024-06-04T07:00:00Z,6.71,767.38
2024-06-04T08:00:00Z,6.02,876.33
2024-06-04T09:00:00Z,5.68,885.88
2024-06-04T10:00:00Z,5.75,838.75
2024-06-04T11:00:00Z,5.97,739.08
2024-06-04T12:00:00Z,6.21,585.58
2024-06-04T13:00:00Z,6.53,375.17
2024-06-04T14:00:00Z,6.87,163.07
2024-06-04T15:00:00Z,6.8,15.3
2024-06-04T16:00:00Z,6.61,0.0
2024-06-04T17:00:00Z,6.61,0.0
2024-06-04T18:00:00Z,6.56,0.0
2024-06-04T19:00:00Z,6.74,0.0
2024-06-04T20:00:00Z,7.08,0.0
2024-06-04T21:00:00Z,7.8,0.0
2024-06-04T22:00:00Z,8.82,0.0
2024-06-04T23:00:00Z,8.59,0.0
2024-06-05T00:00:00Z,8.35,0.0
2024-06-05T01:00:00Z,8.06,0.0
2024-06-05T02:00:00Z,7.62,0.0
2024-06-05T03:00:00Z,7.43,11.3
2024-06-05T04:00:00Z,8.7,152.93
2024-06-05T05:00:00Z,9.19,366.52
2024-06-05T06:00:00Z,8.8,576.92
2024-06-05T07:00:00Z,8.0,759.22
2024-06-05T08:00:00Z,7.3,868.78
2024-06-05T09:00:00Z,6.74,865.62
2024-06-05T10:00:00Z,6.52,658.72
2024-06-05T11:00:00Z,6.65,722.88
2024-06-05T12:00:00Z,6.98,551.85
2024-06-05T13:00:00Z,7.34,354.2
2024-06-05T14:00:00Z,7.52,153.88
2024-06-05T15:00:00Z,7.1,14.57
2024-06-05T16:00:00Z,6.89,0.0
2024-06-05T17:00:00Z,6.77,0.0
2024-06-05T18:00:00Z,6.72,0.0
2024-06-05T19:00:00Z,6.77,0.0
2024-06-05T20:00:00Z,7.02,0.0
2024-06-05T21:00:00Z,6.62,0.0
2024-06-05T22:00:00Z,6.44,0.0
2024-06-05T23:00:00Z,6.76,0.0
2024-06-06T00:00:00Z,7.26,0.0
2024-06-06T01:00:00Z,7.29,0.0
2024-06-06T02:00:00Z,7.2,0.0
2024-06-06T03:00:00Z,7.17,10.68
2024-06-06T04:00:00Z,9.15,148.45
2024-06-06T05:00:00Z,9.49,359.75
2024-06-06T06:00:00Z,8.77,576.67
2024-06-06T07:00:00Z,7.8,756.92
2024-06-06T08:00:00Z,7.06,856.0
2024-06-06T09:00:00Z,6.7,853.35
2024-06-06T10:00:00Z,6.65,826.83
2024-06-06T11:00:00Z,6.8,711.28
2024-06-06T12:00:00Z,7.08,553.78
2024-06-06T13:00:00Z,7.45,351.15
2024-06-06T14:00:00Z,7.7,150.68
2024-06-06T15:00:00Z,7.3,14.5
2024-06-06T16:00:00Z,6.91,0.0
2024-06-06T17:00:00Z,6.75,0.0
2024-06-06T18:00:00Z,6.96,0.0
2024-06-06T19:00:00Z,7.12,0.0
2024-06-06T20:00:00Z,6.82,0.0
2024-06-06T21:00:00Z,6.79,0.0
2024-06-06T22:00:00Z,6.95,0.0
2024-06-06T23:00:00Z,7.36,0.0
2024-06-07T00:00:00Z,7.29,0.0
2024-06-07T01:00:00Z,7.24,0.0
2024-06-07T02:00:00Z,7.0,0.0
2024-06-07T03:00:00Z,6.55,10.27
2024-06-07T04:00:00Z,7.54,139.2
2024-06-07T05:00:00Z,7.43,353.02
2024-06-07T06:00:00Z,6.36,564.55
2024-06-07T07:00:00Z,5.32,738.28
2024-06-07T08:00:00Z,4.52,850.4
2024-06-07T09:00:00Z,3.82,869.12
2024-06-07T10:00:00Z,3.61,825.85
2024-06-07T11:00:00Z,3.78,711.8
2024-06-07T12:00:00Z,3.98,557.08
2024-06-07T13:00:00Z,4.42,354.83
2024-06-07T14:00:00Z,5.16,155.43
2024-06-07T15:00:00Z,5.77,15.05
2024-06-07T16:00:00Z,6.26,0.0
2024-06-07T17:00:00Z,6.33,0.0
2024-06-07T18:00:00Z,6.46,0.0
2024-06-07T19:00:00Z,6.64,0.0
2024-06-07T20:00:00Z,6.85,0.0
2024-06-07T21:00:00Z,7.11,0.0
2024-06-07T22:00:00Z,7.76,0.0
2024-06-07T23:00:00Z,8.19,0.0
2024-06-08T00:00:00Z,7.95,0.0
2024-06-08T01:00:00Z,7.49,0.0
2024-06-08T02:00:00Z,7.51,0.0
2024-06-08T03:00:00Z,7.67,10.12
2024-06-08T04:00:00Z,7.87,141.27
2024-06-08T05:00:00Z,7.96,353.58
2024-06-08T06:00:00Z,7.17,563.25
2024-06-08T07:00:00Z,6.14,742.08
2024-06-08T08:00:00Z,5.31,846.42
2024-06-08T09:00:00Z,4.64,838.85
2024-06-08T10:00:00Z,4.29,806.8
2024-06-08T11:00:00Z,4.29,598.6
2024-06-08T12:00:00Z,4.57,513.45
2024-06-08T13:00:00Z,5.01,334.12
2024-06-08T14:00:00Z,5.58,147.07
2024-06-08T15:00:00Z,5.83,14.75
2024-06-08T16:00:00Z,5.89,0.0
2024-06-08T17:00:00Z,6.08,0.0
2024-06-08T18:00:00Z,6.08,0.0
2024-06-08T19:00:00Z,6.57,0.0
2024-06-08T20:00:00Z,7.17,0.0
2024-06-08T21:00:00Z,8.28,0.0
2024-06-08T22:00:00Z,8.99,0.0
2024-06-08T23:00:00Z,9.36,0.0
2024-06-09T00:00:00Z,9.21,0.0
2024-06-09T01:00:00Z,8.65,0.0
2024-06-09T02:00:00Z,7.96,0.0
2024-06-09T03:00:00Z,7.48,8.95
2024-06-09T04:00:00Z,8.17,126.57
2024-06-09T05:00:00Z,8.17,317.55
2024-06-09T06:00:00Z,7.28,508.17
2024-06-09T07:00:00Z,6.22,705.17
2024-06-09T08:00:00Z,5.44,815.85
2024-06-09T09:00:00Z,4.95,868.12
2024-06-09T10:00:00Z,4.65,787.4
2024-06-09T11:00:00Z,4.5,723.53
2024-06-09T12:00:00Z,4.58,580.75
2024-06-09T13:00:00Z,4.93,365.05
2024-06-09T14:00:00Z,5.46,160.98
2024-06-09T15:00:00Z,5.77,15.8
2024-06-09T16:00:00Z,5.89,0.0
2024-06-09T17:00:00Z,6.21,0.0
2024-06-09T18:00:00Z,6.58,0.0
2024-06-09T19:00:00Z,6.95,0.0
2024-06-09T20:00:00Z,7.58,0.0
2024-06-09T21:00:00Z,8.12,0.0
2024-06-09T22:00:00Z,8.41,0.0
2024-06-09T23:00:00Z,8.49,0.0
2024-06-10T00:00:00Z,8.03,0.0
2024-06-10T01:00:00Z,7.44,0.0
2024-06-10T02:00:00Z,6.65,0.0
2024-06-10T03:00:00Z,6.09,10.12
2024-06-10T04:00:00Z,7.26,141.15
2024-06-10T05:00:00Z,7.45,340.38
2024-06-10T06:00:00Z,6.58,559.75
2024-06-10T07:00:00Z,5.56,745.28
2024-06-10T08:00:00Z,4.85,847.62
2024-06-10T09:00:00Z,4.57,824.65
2024-06-10T10:00:00Z,4.62,724.95
2024-06-10T11:00:00Z,4.93,689.3
2024-06-10T12:00:00Z,5.46,524.55
2024-06-10T13:00:00Z,6.09,337.9
2024-06-10T14:00:00Z,6.65,152.7
2024-06-10T15:00:00Z,6.72,15.7
2024-06-10T16:00:00Z,6.78,0.0
2024-06-10T17:00:00Z,6.95,0.0
2024-06-10T18:00:00Z,7.33,0.0
2024-06-10T19:00:00Z,7.16,0.0
2024-06-10T20:00:00Z,7.12,0.0
2024-06-10T21:00:00Z,7.76,0.0
2024-06-10T22:00:00Z,8.48,0.0
2024-06-10T23:00:00Z,8.69,0.0
2024-06-11T00:00:00Z,8.1,0.0
2024-06-11T01:00:00Z,7.45,0.0
2024-06-11T02:00:00Z,7.05,0.0
2024-06-11T03:00:00Z,7.09,9.8
2024-06-11T04:00:00Z,9.02,140.07
2024-06-11T05:00:00Z,9.22,336.4
2024-06-11T06:00:00Z,8.56,542.97
2024-06-11T07:00:00Z,7.6,732.72
2024-06-11T08:00:00Z,6.6,852.65
2024-06-11T09:00:00Z,5.82,829.35
2024-06-11T10:00:00Z,5.35,801.6
2024-06-11T11:00:00Z,5.18,666.92
2024-06-11T12:00:00Z,5.27,546.1
2024-06-11T13:00:00Z,5.69,352.67
2024-06-11T14:00:00Z,6.25,154.8
2024-06-11T15:00:00Z,6.45,15.55
2024-06-11T16:00:00Z,6.33,0.0
2024-06-11T17:00:00Z,6.07,0.0
2024-06-11T18:00:00Z,5.89,0.0
2024-06-11T19:00:00Z,5.83,0.0
2024-06-11T20:00:00Z,6.19,0.0
2024-06-11T21:00:00Z,6.68,0.0
2024-06-11T22:00:00Z,7.31,0.0
2024-06-11T23:00:00Z,7.61,0.0
2024-06-12T00:00:00Z,7.58,0.0
2024-06-12T01:00:00Z,7.94,0.0
2024-06-12T02:00:00Z,7.97,0.0
2024-06-12T03:00:00Z,7.79,9.07
2024-06-12T04:00:00Z,8.2,117.78
2024-06-12T05:00:00Z,8.17,260.55
2024-06-12T06:00:00Z,7.92,420.02
2024-06-12T07:00:00Z,7.48,671.85
2024-06-12T08:00:00Z,6.72,818.38
2024-06-12T09:00:00Z,5.88,860.5
2024-06-12T10:00:00Z,5.15,842.4
2024-06-12T11:00:00Z,4.59,720.95
2024-06-12T12:00:00Z,4.37,566.47
2024-06-12T13:00:00Z,4.47,366.5
2024-06-12T14:00:00Z,4.77,158.18
2024-06-12T15:00:00Z,4.96,16.02
2024-06-12T16:00:00Z,5.72,0.0
2024-06-12T17:00:00Z,6.49,0.0
2024-06-12T18:00:00Z,6.54,0.0
2024-06-12T19:00:00Z,6.91,0.0
2024-06-12T20:00:00Z,7.1,0.0
2024-06-12T21:00:00Z,7.31,0.0
2024-06-12T22:00:00Z,7.35,0.0
2024-06-12T23:00:00Z,7.21,0.0
2024-06-13T00:00:00Z,7.0,0.0
2024-06-13T01:00:00Z,6.78,0.0
2024-06-13T02:00:00Z,6.53,0.0
2024-06-13T03:00:00Z,6.24,9.15
2024-06-13T04:00:00Z,7.27,153.52
2024-06-13T05:00:00Z,7.3,337.8
2024-06-13T06:00:00Z,6.86,550.17
2024-06-13T07:00:00Z,6.31,728.62
2024-06-13T08:00:00Z,5.89,837.25
2024-06-13T09:00:00Z,5.69,879.28
2024-06-13T10:00:00Z,5.69,854.5
2024-06-13T11:00:00Z,5.89,713.67
2024-06-13T12:00:00Z,6.16,578.17
2024-06-13T13:00:00Z,6.51,376.55
2024-06-13T14:00:00Z,6.86,163.23
2024-06-13T15:00:00Z,6.81,16.8
2024-06-13T16:00:00Z,6.83,0.0
2024-06-13T17:00:00Z,6.8,0.0
2024-06-13T18:00:00Z,6.85,0.0
2024-06-13T19:00:00Z,6.77,0.0
2024-06-13T20:00:00Z,6.72,0.0
2024-06-13T21:00:00Z,6.76,0.0
2024-06-13T22:00:00Z,6.9,0.0
2024-06-13T23:00:00Z,7.2,0.0
2024-06-14T00:00:00Z,7.26,0.0
2024-06-14T01:00:00Z,7.28,0.0
2024-06-14T02:00:00Z,7.01,0.0
2024-06-14T03:00:00Z,6.65,9.88
2024-06-14T04:00:00Z,7.02,145.85
2024-06-14T05:00:00Z,8.53,364.15
2024-06-14T06:00:00Z,8.17,581.58
2024-06-14T07:00:00Z,7.17,756.83
2024-06-14T08:00:00Z,6.44,873.62
2024-06-14T09:00:00Z,5.97,891.65
2024-06-14T10:00:00Z,5.73,847.28
2024-06-14T11:00:00Z,5.69,757.58
2024-06-14T12:00:00Z,5.81,587.75
2024-06-14T13:00:00Z,6.11,382.45
2024-06-14T14:00:00Z,6.58,169.27
2024-06-14T15:00:00Z,6.76,17.52
2024-06-14T16:00:00Z,6.74,0.0
2024-06-14T17:00:00Z,6.72,0.0
2024-06-14T18:00:00Z,6.77,0.0
2024-06-14T19:00:00Z,6.84,0.0
2024-06-14T20:00:00Z,6.82,0.0
2024-06-14T21:00:00Z,6.83,0.0
2024-06-14T22:00:00Z,7.03,0.0
2024-06-14T23:00:00Z,7.43,0.0
2024-06-15T00:00:00Z,7.83,0.0
2024-06-15T01:00:00Z,7.87,0.0
2024-06-15T02:00:00Z,7.46,0.0
2024-06-15T03:00:00Z,7.04,9.73
2024-06-15T04:00:00Z,8.16,146.88
2024-06-15T05:00:00Z,8.86,365.75
2024-06-15T06:00:00Z,7.99,578.58
2024-06-15T07:00:00Z,7.06,757.7
2024-06-15T08:00:00Z,6.44,867.85
2024-06-15T09:00:00Z,6.09,887.38
2024-06-15T10:00:00Z,5.94,833.25
2024-06-15T11:00:00Z,5.98,741.1
2024-06-15T12:00:00Z,6.24,572.4
2024-06-15T13:00:00Z,6.71,376.95
2024-06-15T14:00:00Z,7.19,169.68
2024-06-15T15:00:00Z,7.24,17.48
2024-06-15T16:00:00Z,7.25,0.0
2024-06-15T17:00:00Z,7.19,0.0
2024-06-15T18:00:00Z,6.75,0.0
2024-06-15T19:00:00Z,6.63,0.0
2024-06-15T20:00:00Z,6.64,0.0
2024-06-15T21:00:00Z,6.88,0.0
2024-06-15T22:00:00Z,7.09,0.0
2024-06-15T23:00:00Z,7.29,0.0
2024-06-16T00:00:00Z,7.56,0.0
2024-06-16T01:00:00Z,7.59,0.0
2024-06-16T02:00:00Z,7.48,0.0
2024-06-16T03:00:00Z,7.34,10.0
2024-06-16T04:00:00Z,7.59,151.8
2024-06-16T05:00:00Z,9.21,376.6
2024-06-16T06:00:00Z,8.84,598.72
2024-06-16T07:00:00Z,8.22,769.53
2024-06-16T08:00:00Z,7.72,882.75
2024-06-16T09:00:00Z,7.27,933.2
2024-06-16T10:00:00Z,6.94,888.2
2024-06-16T11:00:00Z,6.78,796.22
2024-06-16T12:00:00Z,6.84,622.5
2024-06-16T13:00:00Z,7.01,415.08
2024-06-16T14:00:00Z,7.14,190.2
2024-06-16T15:00:00Z,6.98,20.05
2024-06-16T16:00:00Z,7.3,0.0
2024-06-16T17:00:00Z,7.55,0.0
2024-06-16T18:00:00Z,7.59,0.0
2024-06-16T19:00:00Z,7.84,0.0
2024-06-16T20:00:00Z,7.7,0.0
2024-06-16T21:00:00Z,6.9,0.0
2024-06-16T22:00:00Z,6.97,0.0
2024-06-16T23:00:00Z,7.34,0.0
2024-06-17T00:00:00Z,7.3,0.0
2024-06-17T01:00:00Z,6.87,0.0
2024-06-17T02:00:00Z,6.33,0.0
2024-06-17T03:00:00Z,5.77,10.07
2024-06-17T04:00:00Z,5.65,153.98
2024-06-17T05:00:00Z,6.31,376.05
2024-06-17T06:00:00Z,5.68,594.17
2024-06-17T07:00:00Z,5.11,763.42
2024-06-17T08:00:00Z,4.87,875.78
2024-06-17T09:00:00Z,4.8,895.72
2024-06-17T10:00:00Z,4.89,868.92
2024-06-17T11:00:00Z,5.14,676.92
2024-06-17T12:00:00Z,5.44,596.3
2024-06-17T13:00:00Z,5.76,399.92
2024-06-17T14:00:00Z,6.02,181.6
2024-06-17T15:00:00Z,5.94,19.15
2024-06-17T16:00:00Z,5.88,0.0
2024-06-17T17:00:00Z,5.91,0.0
2024-06-17T18:00:00Z,6.02,0.0
2024-06-17T19:00:00Z,6.36,0.0
2024-06-17T20:00:00Z,6.8,0.0
2024-06-17T21:00:00Z,6.72,0.0
2024-06-17T22:00:00Z,6.96,0.0
2024-06-17T23:00:00Z,7.46,0.0
2024-06-18T00:00:00Z,7.88,0.0
2024-06-18T01:00:00Z,7.77,0.0
2024-06-18T02:00:00Z,7.19,0.0
2024-06-18T03:00:00Z,6.66,8.95
2024-06-18T04:00:00Z,7.32,136.68
2024-06-18T05:00:00Z,7.1,344.23
2024-06-18T06:00:00Z,6.57,557.88
2024-06-18T07:00:00Z,5.32,746.45
2024-06-18T08:00:00Z,4.15,859.47
2024-06-18T09:00:00Z,3.47,868.47
2024-06-18T10:00:00Z,3.27,858.88
2024-06-18T11:00:00Z,3.41,694.35
2024-06-18T12:00:00Z,3.83,579.95
2024-06-18T13:00:00Z,4.53,380.58
2024-06-18T14:00:00Z,5.46,172.12
2024-06-18T15:00:00Z,6.12,18.45
2024-06-18T16:00:00Z,6.72,0.0
2024-06-18T17:00:00Z,6.97,0.0
2024-06-18T18:00:00Z,6.82,0.0
2024-06-18T19:00:00Z,6.75,0.0
2024-06-18T20:00:00Z,6.97,0.0
2024-06-18T21:00:00Z,7.16,0.0
2024-06-18T22:00:00Z,7.38,0.0
2024-06-18T23:00:00Z,7.25,0.0
2024-06-19T00:00:00Z,6.95,0.0
2024-06-19T01:00:00Z,6.68,0.0
2024-06-19T02:00:00Z,6.46,0.0
2024-06-19T03:00:00Z,6.26,9.0
2024-06-19T04:00:00Z,7.58,141.05
2024-06-19T05:00:00Z,7.72,353.85
2024-06-19T06:00:00Z,7.31,565.53
2024-06-19T07:00:00Z,6.41,737.83
2024-06-19T08:00:00Z,5.69,859.62
2024-06-19T09:00:00Z,5.22,877.03
2024-06-19T10:00:00Z,4.99,818.97
2024-06-19T11:00:00Z,5.13,741.03
2024-06-19T12:00:00Z,5.66,580.0
2024-06-19T13:00:00Z,6.55,384.48
2024-06-19T14:00:00Z,7.56,174.23
2024-06-19T15:00:00Z,8.18,18.8
2024-06-19T16:00:00Z,8.11,0.0
2024-06-19T17:00:00Z,7.51,0.0
2024-06-19T18:00:00Z,7.51,0.0
2024-06-19T19:00:00Z,7.57,0.0
2024-06-19T20:00:00Z,7.48,0.0
2024-06-19T21:00:00Z,7.66,0.0
2024-06-19T22:00:00Z,7.87,0.0
2024-06-19T23:00:00Z,9.02,0.0
2024-06-20T00:00:00Z,8.82,0.0
2024-06-20T01:00:00Z,8.34,0.0
2024-06-20T02:00:00Z,7.92,0.0
2024-06-20T03:00:00Z,7.65,8.7
2024-06-20T04:00:00Z,8.05,138.45
2024-06-20T05:00:00Z,9.0,332.6
2024-06-20T06:00:00Z,9.76,550.5
2024-06-20T07:00:00Z,9.84,752.28
2024-06-20T08:00:00Z,9.19,860.7
2024-06-20T09:00:00Z,8.39,862.62
2024-06-20T10:00:00Z,7.85,823.6
2024-06-20T11:00:00Z,7.79,759.22
2024-06-20T12:00:00Z,8.02,599.33
2024-06-20T13:00:00Z,8.49,394.48
2024-06-20T14:00:00Z,8.96,182.12
2024-06-20T15:00:00Z,8.86,19.95
2024-06-20T16:00:00Z,9.09,0.0
2024-06-20T17:00:00Z,8.78,0.0
2024-06-20T18:00:00Z,7.65,0.0
2024-06-20T19:00:00Z,7.76,0.0
2024-06-20T20:00:00Z,8.56,0.0
2024-06-20T21:00:00Z,9.94,0.0
2024-06-20T22:00:00Z,9.78,0.0
2024-06-20T23:00:00Z,9.53,0.0
2024-06-21T00:00:00Z,9.19,0.0
2024-06-21T01:00:00Z,8.74,0.0
2024-06-21T02:00:00Z,8.23,0.0
2024-06-21T03:00:00Z,7.98,9.25
2024-06-21T04:00:00Z,9.69,149.4
2024-06-21T05:00:00Z,10.71,371.23
2024-06-21T06:00:00Z,10.36,589.25
2024-06-21T07:00:00Z,9.52,754.22
2024-06-21T08:00:00Z,8.58,872.75
2024-06-21T09:00:00Z,7.96,932.45
2024-06-21T10:00:00Z,7.8,884.3
2024-06-21T11:00:00Z,8.03,790.65
2024-06-21T12:00:00Z,8.57,627.95
2024-06-21T13:00:00Z,9.29,424.25
2024-06-21T14:00:00Z,9.86,199.75
2024-06-21T15:00:00Z,9.62,22.2
2024-06-21T16:00:00Z,9.32,0.0
2024-06-21T17:00:00Z,8.6,0.0
2024-06-21T18:00:00Z,7.65,0.0
2024-06-21T19:00:00Z,7.5,0.0
2024-06-21T20:00:00Z,7.61,0.0
2024-06-21T21:00:00Z,7.78,0.0
2024-06-21T22:00:00Z,7.89,0.0
2024-06-21T23:00:00Z,7.89,0.0
2024-06-22T00:00:00Z,7.8,0.0
2024-06-22T01:00:00Z,7.65,0.0
2024-06-22T02:00:00Z,8.31,0.0
2024-06-22T03:00:00Z,8.69,9.18
2024-06-22T04:00:00Z,9.51,148.05
2024-06-22T05:00:00Z,8.9,368.62
2024-06-22T06:00:00Z,7.7,584.9
2024-06-22T07:00:00Z,6.31,752.17
2024-06-22T08:00:00Z,5.04,868.92
2024-06-22T09:00:00Z,4.28,914.55
2024-06-22T10:00:00Z,4.07,880.9
2024-06-22T11:00:00Z,4.28,753.6
2024-06-22T12:00:00Z,4.81,618.55
2024-06-22T13:00:00Z,5.58,412.62
2024-06-22T14:00:00Z,6.35,194.98
2024-06-22T15:00:00Z,6.83,21.0
2024-06-22T16:00:00Z,7.1,0.0
2024-06-22T17:00:00Z,6.82,0.0
2024-06-22T18:00:00Z,6.73,0.0
2024-06-22T19:00:00Z,7.01,0.0
2024-06-22T20:00:00Z,7.51,0.0
2024-06-22T21:00:00Z,7.4,0.0
2024-06-22T22:00:00Z,7.15,0.0
2024-06-22T23:00:00Z,7.08,0.0
2024-06-23T00:00:00Z,9.1,0.0
2024-06-23T01:00:00Z,8.98,0.0
2024-06-23T02:00:00Z,8.37,0.0
2024-06-23T03:00:00Z,7.56,8.73
2024-06-23T04:00:00Z,7.59,143.9
2024-06-23T05:00:00Z,7.59,363.75
2024-06-23T06:00:00Z,7.34,572.5
2024-06-23T07:00:00Z,6.79,743.47
2024-06-23T08:00:00Z,6.15,856.6
2024-06-23T09:00:00Z,5.7,879.47
2024-06-23T10:00:00Z,5.53,849.5
2024-06-23T11:00:00Z,5.65,672.42
2024-06-23T12:00:00Z,6.0,565.12
2024-06-23T13:00:00Z,6.6,373.7
2024-06-23T14:00:00Z,7.26,169.48
2024-06-23T15:00:00Z,7.39,19.27
2024-06-23T16:00:00Z,7.4,0.0
2024-06-23T17:00:00Z,6.74,0.0
2024-06-23T18:00:00Z,6.11,0.0
2024-06-23T19:00:00Z,6.1,0.0
2024-06-23T20:00:00Z,6.31,0.0
2024-06-23T21:00:00Z,6.88,0.0
2024-06-23T22:00:00Z,7.6,0.0
2024-06-23T23:00:00Z,8.42,0.0
2024-06-24T00:00:00Z,10.5,0.0
2024-06-24T01:00:00Z,10.42,0.0
2024-06-24T02:00:00Z,9.98,0.0
2024-06-24T03:00:00Z,9.47,8.07
2024-06-24T04:00:00Z,9.8,130.82
2024-06-24T05:00:00Z,9.68,338.73
2024-06-24T06:00:00Z,8.68,548.22
2024-06-24T07:00:00Z,7.14,728.2
2024-06-24T08:00:00Z,5.59,841.45
2024-06-24T09:00:00Z,4.39,880.67
2024-06-24T10:00:00Z,3.83,848.4
2024-06-24T11:00:00Z,4.01,724.83
2024-06-24T12:00:00Z,4.67,577.3
2024-06-24T13:00:00Z,5.77,371.12
2024-06-24T14:00:00Z,7.21,167.48
2024-06-24T15:00:00Z,7.61,19.2
2024-06-24T16:00:00Z,7.42,0.0
2024-06-24T17:00:00Z,6.6,0.0
2024-06-24T18:00:00Z,6.09,0.0
2024-06-24T19:00:00Z,6.22,0.0
2024-06-24T20:00:00Z,6.9,0.0
2024-06-24T21:00:00Z,7.43,0.0
2024-06-24T22:00:00Z,9.06,0.0
2024-06-24T23:00:00Z,10.2,0.0
2024-06-25T00:00:00Z,9.93,0.0
2024-06-25T01:00:00Z,9.47,0.0
2024-06-25T02:00:00Z,9.08,0.0
2024-06-25T03:00:00Z,8.72,8.02
2024-06-25T04:00:00Z,9.4,132.9
2024-06-25T05:00:00Z,9.31,333.12
2024-06-25T06:00:00Z,8.62,540.0
2024-06-25T07:00:00Z,7.78,728.85
2024-06-25T08:00:00Z,7.04,831.42
2024-06-25T09:00:00Z,6.25,862.03
2024-06-25T10:00:00Z,5.52,773.62
2024-06-25T11:00:00Z,5.03,742.3
2024-06-25T12:00:00Z,4.83,600.1
2024-06-25T13:00:00Z,4.95,398.33
2024-06-25T14:00:00Z,5.32,190.98
2024-06-25T15:00:00Z,5.62,20.73
2024-06-25T16:00:00Z,5.86,0.0
2024-06-25T17:00:00Z,5.96,0.0
2024-06-25T18:00:00Z,6.15,0.0
2024-06-25T19:00:00Z,6.48,0.0
2024-06-25T20:00:00Z,6.92,0.0
2024-06-25T21:00:00Z,7.23,0.0
2024-06-25T22:00:00Z,7.4,0.0
2024-06-25T23:00:00Z,7.47,0.0
2024-06-26T00:00:00Z,7.32,0.0
2024-06-26T01:00:00Z,7.25,0.0
2024-06-26T02:00:00Z,6.74,0.0
2024-06-26T03:00:00Z,6.87,8.07
2024-06-26T04:00:00Z,6.63,138.52
2024-06-26T05:00:00Z,5.86,362.52
2024-06-26T06:00:00Z,4.24,573.78
2024-06-26T07:00:00Z,2.61,747.78
2024-06-26T08:00:00Z,1.32,865.2
2024-06-26T09:00:00Z,0.68,898.3
2024-06-26T10:00:00Z,0.97,783.33
2024-06-26T11:00:00Z,1.42,755.67
2024-06-26T12:00:00Z,1.98,595.22
2024-06-26T13:00:00Z,2.76,393.95
2024-06-26T14:00:00Z,3.64,180.9
2024-06-26T15:00:00Z,4.45,20.8
2024-06-26T16:00:00Z,5.52,0.0
2024-06-26T17:00:00Z,6.65,0.0
2024-06-26T18:00:00Z,7.51,0.0
2024-06-26T19:00:00Z,7.98,0.0
2024-06-26T20:00:00Z,7.16,0.0
2024-06-26T21:00:00Z,7.06,0.0
2024-06-26T22:00:00Z,7.23,0.0
2024-06-26T23:00:00Z,7.71,0.0
2024-06-27T00:00:00Z,8.24,0.0
2024-06-27T01:00:00Z,8.26,0.0
2024-06-27T02:00:00Z,8.7,0.0
2024-06-27T03:00:00Z,8.51,7.38
2024-06-27T04:00:00Z,9.44,117.82
2024-06-27T05:00:00Z,9.54,275.42
2024-06-27T06:00:00Z,8.8,468.7
2024-06-27T07:00:00Z,7.66,636.6
2024-06-27T08:00:00Z,6.73,725.0
2024-06-27T09:00:00Z,6.21,739.17
2024-06-27T10:00:00Z,5.88,777.58
2024-06-27T11:00:00Z,5.8,671.25
2024-06-27T12:00:00Z,5.99,507.35
2024-06-27T13:00:00Z,6.36,330.73
2024-06-27T14:00:00Z,6.7,157.15
2024-06-27T15:00:00Z,6.9,18.4
2024-06-27T16:00:00Z,7.76,0.0
2024-06-27T17:00:00Z,8.55,0.0
2024-06-27T18:00:00Z,8.43,0.0
2024-06-27T19:00:00Z,8.78,0.0
2024-06-27T20:00:00Z,9.31,0.0
2024-06-27T21:00:00Z,9.44,0.0
2024-06-27T22:00:00Z,9.49,0.0
2024-06-27T23:00:00Z,9.53,0.0
2024-06-28T00:00:00Z,9.61,0.0
2024-06-28T01:00:00Z,9.39,0.0
2024-06-28T02:00:00Z,9.29,0.0
2024-06-28T03:00:00Z,9.23,7.65
2024-06-28T04:00:00Z,10.1,130.55
2024-06-28T05:00:00Z,10.48,321.38
2024-06-28T06:00:00Z,10.12,508.25
2024-06-28T07:00:00Z,9.49,699.15
2024-06-28T08:00:00Z,8.65,799.22
2024-06-28T09:00:00Z,7.89,861.72
2024-06-28T10:00:00Z,7.58,835.55
2024-06-28T11:00:00Z,7.75,624.0
2024-06-28T12:00:00Z,8.19,576.0
2024-06-28T13:00:00Z,8.73,398.3
2024-06-28T14:00:00Z,9.19,187.3
2024-06-28T15:00:00Z,9.25,21.42
2024-06-28T16:00:00Z,9.1,0.0
2024-06-28T17:00:00Z,8.96,0.0
2024-06-28T18:00:00Z,8.18,0.0
2024-06-28T19:00:00Z,7.32,0.0
2024-06-28T20:00:00Z,7.63,0.0
2024-06-28T21:00:00Z,8.61,0.0
2024-06-28T22:00:00Z,9.19,0.0
2024-06-28T23:00:00Z,9.59,0.0
2024-06-29T00:00:00Z,9.7,0.0
2024-06-29T01:00:00Z,8.87,0.0
2024-06-29T02:00:00Z,8.05,0.0
2024-06-29T03:00:00Z,7.62,7.68
2024-06-29T04:00:00Z,8.19,138.05
2024-06-29T05:00:00Z,7.88,350.25
2024-06-29T06:00:00Z,6.56,559.15
2024-06-29T07:00:00Z,4.84,740.97
2024-06-29T08:00:00Z,3.51,853.15
2024-06-29T09:00:00Z,2.83,853.22
2024-06-29T10:00:00Z,2.85,830.03
2024-06-29T11:00:00Z,3.18,598.1
2024-06-29T12:00:00Z,3.56,545.83
2024-06-29T13:00:00Z,3.94,375.55
2024-06-29T14:00:00Z,4.29,168.15
2024-06-29T15:00:00Z,4.47,19.65
2024-06-29T16:00:00Z,4.94,0.0
2024-06-29T17:00:00Z,5.68,0.0
2024-06-29T18:00:00Z,6.53,0.0
2024-06-29T19:00:00Z,6.79,0.0
2024-06-29T20:00:00Z,6.76,0.0
2024-06-29T21:00:00Z,6.96,0.0
2024-06-29T22:00:00Z,7.07,0.0
2024-06-29T23:00:00Z,7.25,0.0
2024-06-30T00:00:00Z,7.5,0.0
2024-06-30T01:00:00Z,7.79,0.0
2024-06-30T02:00:00Z,7.31,0.0
2024-06-30T03:00:00Z,7.34,7.22
2024-06-30T04:00:00Z,8.88,129.23
2024-06-30T05:00:00Z,9.09,336.75
2024-06-30T06:00:00Z,8.58,554.67
2024-06-30T07:00:00Z,8.11,731.4
2024-06-30T08:00:00Z,7.72,848.38
2024-06-30T09:00:00Z,7.14,876.12
2024-06-30T10:00:00Z,6.44,804.58
2024-06-30T11:00:00Z,5.99,709.55
2024-06-30T12:00:00Z,5.89,577.4
2024-06-30T13:00:00Z,6.24,386.0
2024-06-30T14:00:00Z,6.79,175.2
2024-06-30T15:00:00Z,7.12,20.7
2024-06-30T16:00:00Z,7.02,0.0
2024-06-30T17:00:00Z,7.03,0.0
2024-06-30T18:00:00Z,6.97,0.0
2024-06-30T19:00:00Z,7.07,0.0
2024-06-30T20:00:00Z,7.33,0.0
2024-06-30T21:00:00Z,7.72,0.0
2024-06-30T22:00:00Z,8.15,0.0
2024-06-30T23:00:00Z,8.47,0.0
2024-07-01T00:00:00Z,8.57,0.0
2024-07-01T01:00:00Z,8.28,0.0
2024-07-01T02:00:00Z,7.92,0.0
2024-07-01T03:00:00Z,8.07,7.12
2024-07-01T04:00:00Z,9.59,128.27
2024-07-01T05:00:00Z,9.73,329.08
2024-07-01T06:00:00Z,8.75,546.47
2024-07-01T07:00:00Z,7.31,722.65
2024-07-01T08:00:00Z,6.01,847.78
2024-07-01T09:00:00Z,5.22,869.5
2024-07-01T10:00:00Z,4.82,853.6
2024-07-01T11:00:00Z,4.47,757.0
2024-07-01T12:00:00Z,4.54,595.55
2024-07-01T13:00:00Z,5.04,397.42
2024-07-01T14:00:00Z,5.75,188.38
2024-07-01T15:00:00Z,6.21,22.85
2024-07-01T16:00:00Z,6.82,0.0
2024-07-01T17:00:00Z,7.16,0.0
2024-07-01T18:00:00Z,7.28,0.0
2024-07-01T19:00:00Z,7.62,0.0
2024-07-01T20:00:00Z,7.87,0.0
2024-07-01T21:00:00Z,8.26,0.0
2024-07-01T22:00:00Z,8.58,0.0
2024-07-01T23:00:00Z,8.33,0.0
2024-07-02T00:00:00Z,7.6,0.0
2024-07-02T01:00:00Z,6.88,0.0
2024-07-02T02:00:00Z,6.17,0.0
2024-07-02T03:00:00Z,5.7,7.2
2024-07-02T04:00:00Z,6.49,132.73
2024-07-02T05:00:00Z,6.36,314.8
2024-07-02T06:00:00Z,6.05,539.15
2024-07-02T07:00:00Z,5.59,707.83
2024-07-02T08:00:00Z,4.88,810.3
2024-07-02T09:00:00Z,3.96,859.45
2024-07-02T10:00:00Z,3.55,785.22
2024-07-02T11:00:00Z,3.72,750.47
2024-07-02T12:00:00Z,4.22,564.67
2024-07-02T13:00:00Z,4.95,373.95
2024-07-02T14:00:00Z,5.84,177.15
2024-07-02T15:00:00Z,6.65,22.17
2024-07-02T16:00:00Z,7.34,0.0
2024-07-02T17:00:00Z,7.41,0.0
2024-07-02T18:00:00Z,7.23,0.0
2024-07-02T19:00:00Z,7.45,0.0
2024-07-02T20:00:00Z,7.89,0.0
2024-07-02T21:00:00Z,8.76,0.0
2024-07-02T22:00:00Z,8.87,0.0
2024-07-02T23:00:00Z,8.69,0.0
2024-07-03T00:00:00Z,8.21,0.0
2024-07-03T01:00:00Z,7.36,0.0
2024-07-03T02:00:00Z,6.72,0.0
2024-07-03T03:00:00Z,6.19,7.45
2024-07-03T04:00:00Z,7.08,138.77
2024-07-03T05:00:00Z,6.75,355.25
2024-07-03T06:00:00Z,5.72,574.53
2024-07-03T07:00:00Z,4.57,745.78
2024-07-03T08:00:00Z,3.62,859.72
2024-07-03T09:00:00Z,2.85,902.78
2024-07-03T10:00:00Z,2.48,874.25
2024-07-03T11:00:00Z,2.51,738.8
2024-07-03T12:00:00Z,2.74,611.25
2024-07-03T13:00:00Z,3.1,406.65
2024-07-03T14:00:00Z,3.54,188.65
2024-07-03T15:00:00Z,3.99,22.48
2024-07-03T16:00:00Z,4.53,0.0
2024-07-03T17:00:00Z,5.22,0.0
2024-07-03T18:00:00Z,5.86,0.0
2024-07-03T19:00:00Z,7.01,0.0
2024-07-03T20:00:00Z,8.25,0.0
2024-07-03T21:00:00Z,8.95,0.0
2024-07-03T22:00:00Z,9.46,0.0
2024-07-03T23:00:00Z,10.0,0.0
2024-07-04T00:00:00Z,10.1,0.0
2024-07-04T01:00:00Z,9.61,0.0
2024-07-04T02:00:00Z,8.73,0.0
2024-07-04T03:00:00Z,7.95,7.18
2024-07-04T04:00:00Z,8.71,146.68
2024-07-04T05:00:00Z,8.87,358.92
2024-07-04T06:00:00Z,8.17,568.33
2024-07-04T07:00:00Z,7.31,742.12
2024-07-04T08:00:00Z,6.66,864.92
2024-07-04T09:00:00Z,6.15,898.1
2024-07-04T10:00:00Z,5.87,870.97
2024-07-04T11:00:00Z,5.96,746.33
2024-07-04T12:00:00Z,6.43,607.83
2024-07-04T13:00:00Z,7.23,405.92
2024-07-04T14:00:00Z,8.08,186.55
2024-07-04T15:00:00Z,8.26,22.15
2024-07-04T16:00:00Z,7.76,0.0
2024-07-04T17:00:00Z,7.13,0.0
2024-07-04T18:00:00Z,7.52,0.0
2024-07-04T19:00:00Z,8.11,0.0
2024-07-04T20:00:00Z,8.33,0.0
2024-07-04T21:00:00Z,7.95,0.0
2024-07-04T22:00:00Z,7.76,0.0
2024-07-04T23:00:00Z,7.92,0.0
2024-07-05T00:00:00Z,8.0,0.0
2024-07-05T01:00:00Z,8.25,0.0
2024-07-05T02:00:00Z,7.82,0.0
2024-07-05T03:00:00Z,7.22,6.9
2024-07-05T04:00:00Z,7.73,129.85
2024-07-05T05:00:00Z,8.1,341.12
2024-07-05T06:00:00Z,7.74,556.62
2024-07-05T07:00:00Z,6.89,741.62
2024-07-05T08:00:00Z,6.06,858.17
2024-07-05T09:00:00Z,5.47,875.7
2024-07-05T10:00:00Z,5.22,765.03
2024-07-05T11:00:00Z,5.15,757.4
2024-07-05T12:00:00Z,5.61,595.95
2024-07-05T13:00:00Z,6.9,395.08
2024-07-05T14:00:00Z,8.27,192.07
2024-07-05T15:00:00Z,8.14,22.0
2024-07-05T16:00:00Z,7.29,0.0
2024-07-05T17:00:00Z,7.07,0.0
2024-07-05T18:00:00Z,7.19,0.0
2024-07-05T19:00:00Z,7.3,0.0
2024-07-05T20:00:00Z,7.51,0.0
2024-07-05T21:00:00Z,7.85,0.0
2024-07-05T22:00:00Z,8.25,0.0
2024-07-05T23:00:00Z,8.16,0.0
2024-07-06T00:00:00Z,7.87,0.0
2024-07-06T01:00:00Z,7.83,0.0
2024-07-06T02:00:00Z,7.53,0.0
2024-07-06T03:00:00Z,6.98,6.43
2024-07-06T04:00:00Z,8.03,118.85
2024-07-06T05:00:00Z,7.71,309.98
2024-07-06T06:00:00Z,6.02,513.67
2024-07-06T07:00:00Z,4.4,657.95
2024-07-06T08:00:00Z,3.22,743.42
2024-07-06T09:00:00Z,2.34,790.47
2024-07-06T10:00:00Z,1.77,816.2
2024-07-06T11:00:00Z,1.58,714.95
2024-07-06T12:00:00Z,1.53,507.25
2024-07-06T13:00:00Z,1.43,336.48
2024-07-06T14:00:00Z,1.4,163.93
2024-07-06T15:00:00Z,1.67,22.0
2024-07-06T16:00:00Z,2.27,0.0
2024-07-06T17:00:00Z,3.03,0.0
2024-07-06T18:00:00Z,3.75,0.0
2024-07-06T19:00:00Z,4.01,0.0
2024-07-06T20:00:00Z,3.56,0.0
2024-07-06T21:00:00Z,4.36,0.0
2024-07-06T22:00:00Z,4.96,0.0
2024-07-06T23:00:00Z,5.01,0.0
2024-07-07T00:00:00Z,4.8,0.0
2024-07-07T01:00:00Z,4.7,0.0
2024-07-07T02:00:00Z,4.87,0.0
2024-07-07T03:00:00Z,5.13,5.32
2024-07-07T04:00:00Z,5.77,103.8
2024-07-07T05:00:00Z,4.73,270.52
2024-07-07T06:00:00Z,3.0,459.5
2024-07-07T07:00:00Z,1.41,661.3
2024-07-07T08:00:00Z,0.35,704.7
2024-07-07T09:00:00Z,1.25,784.85
2024-07-07T10:00:00Z,2.3,711.47
2024-07-07T11:00:00Z,3.24,652.72
2024-07-07T12:00:00Z,4.15,528.05
2024-07-07T13:00:00Z,5.28,368.73
2024-07-07T14:00:00Z,6.39,176.27
2024-07-07T15:00:00Z,7.04,22.25
2024-07-07T16:00:00Z,7.01,0.0
2024-07-07T17:00:00Z,6.26,0.0
2024-07-07T18:00:00Z,5.15,0.0
2024-07-07T19:00:00Z,4.12,0.0
2024-07-07T20:00:00Z,3.36,0.0
2024-07-07T21:00:00Z,2.73,0.0
2024-07-07T22:00:00Z,2.14,0.0
2024-07-07T23:00:00Z,1.7,0.0
2024-07-08T00:00:00Z,1.58,0.0
2024-07-08T01:00:00Z,1.78,0.0
2024-07-08T02:00:00Z,2.18,0.0
2024-07-08T03:00:00Z,2.5,5.55
2024-07-08T04:00:00Z,2.49,100.57
2024-07-08T05:00:00Z,1.98,255.57
2024-07-08T06:00:00Z,1.8,452.27
2024-07-08T07:00:00Z,2.32,606.53
2024-07-08T08:00:00Z,2.87,704.4
2024-07-08T09:00:00Z,3.09,770.22
2024-07-08T10:00:00Z,3.09,772.75
2024-07-08T11:00:00Z,2.94,629.25
2024-07-08T12:00:00Z,2.74,526.97
2024-07-08T13:00:00Z,2.47,361.02
2024-07-08T14:00:00Z,2.12,165.35
2024-07-08T15:00:00Z,1.76,21.0
2024-07-08T16:00:00Z,1.48,0.0
2024-07-08T17:00:00Z,1.34,0.0
2024-07-08T18:00:00Z,1.45,0.0
2024-07-08T19:00:00Z,1.92,0.0
2024-07-08T20:00:00Z,2.62,0.0
2024-07-08T21:00:00Z,3.35,0.0
2024-07-08T22:00:00Z,3.94,0.0
2024-07-08T23:00:00Z,4.24,0.0
2024-07-09T00:00:00Z,4.19,0.0
2024-07-09T01:00:00Z,4.48,0.0
2024-07-09T02:00:00Z,4.37,0.0
2024-07-09T03:00:00Z,4.11,5.9
2024-07-09T04:00:00Z,4.77,114.7
2024-07-09T05:00:00Z,4.7,312.58
2024-07-09T06:00:00Z,3.87,532.0
2024-07-09T07:00:00Z,3.01,709.85
2024-07-09T08:00:00Z,2.26,804.1
2024-07-09T09:00:00Z,1.93,830.05
2024-07-09T10:00:00Z,1.99,829.45
2024-07-09T11:00:00Z,2.29,694.85
2024-07-09T12:00:00Z,2.61,530.35
2024-07-09T13:00:00Z,2.88,329.92
2024-07-09T14:00:00Z,3.25,163.93
2024-07-09T15:00:00Z,3.69,21.52
2024-07-09T16:00:00Z,4.25,0.0
2024-07-09T17:00:00Z,4.82,0.0
2024-07-09T18:00:00Z,5.42,0.0
2024-07-09T19:00:00Z,5.91,0.0
2024-07-09T20:00:00Z,6.14,0.0
2024-07-09T21:00:00Z,5.71,0.0
2024-07-09T22:00:00Z,5.97,0.0
2024-07-09T23:00:00Z,6.28,0.0
2024-07-10T00:00:00Z,6.83,0.0
2024-07-10T01:00:00Z,6.65,0.0
2024-07-10T02:00:00Z,6.63,0.0
2024-07-10T03:00:00Z,6.84,6.38
2024-07-10T04:00:00Z,8.19,126.1
2024-07-10T05:00:00Z,9.21,332.8
2024-07-10T06:00:00Z,8.81,545.22
2024-07-10T07:00:00Z,7.97,735.22
2024-07-10T08:00:00Z,7.39,842.62
2024-07-10T09:00:00Z,7.11,880.3
2024-07-10T10:00:00Z,7.13,864.08
2024-07-10T11:00:00Z,7.35,718.05
2024-07-10T12:00:00Z,7.62,556.53
2024-07-10T13:00:00Z,7.85,385.8
2024-07-10T14:00:00Z,8.11,179.35
2024-07-10T15:00:00Z,7.92,22.73
2024-07-10T16:00:00Z,7.69,0.0
2024-07-10T17:00:00Z,7.73,0.0
2024-07-10T18:00:00Z,7.07,0.0
2024-07-10T19:00:00Z,7.07,0.0
2024-07-10T20:00:00Z,7.46,0.0
2024-07-10T21:00:00Z,7.84,0.0
2024-07-10T22:00:00Z,7.78,0.0
2024-07-10T23:00:00Z,7.58,0.0
2024-07-11T00:00:00Z,7.38,0.0
2024-07-11T01:00:00Z,7.19,0.0
2024-07-11T02:00:00Z,7.04,0.0
2024-07-11T03:00:00Z,7.02,6.1
2024-07-11T04:00:00Z,8.65,116.65
2024-07-11T05:00:00Z,8.82,310.33
2024-07-11T06:00:00Z,8.05,517.83
2024-07-11T07:00:00Z,7.02,701.67
2024-07-11T08:00:00Z,6.23,797.12
2024-07-11T09:00:00Z,5.89,842.12
2024-07-11T10:00:00Z,5.97,733.1
2024-07-11T11:00:00Z,6.25,668.88
2024-07-11T12:00:00Z,6.61,525.62
2024-07-11T13:00:00Z,7.1,331.3
2024-07-11T14:00:00Z,7.58,162.18
2024-07-11T15:00:00Z,7.69,21.58
2024-07-11T16:00:00Z,6.92,0.0
2024-07-11T17:00:00Z,6.54,0.0
2024-07-11T18:00:00Z,6.72,0.0
2024-07-11T19:00:00Z,7.06,0.0
2024-07-11T20:00:00Z,7.3,0.0
2024-07-11T21:00:00Z,7.51,0.0
2024-07-11T22:00:00Z,7.64,0.0
2024-07-11T23:00:00Z,7.63,0.0
2024-07-12T00:00:00Z,7.55,0.0
2024-07-12T01:00:00Z,7.2,0.0
2024-07-12T02:00:00Z,7.9,0.0
2024-07-12T03:00:00Z,7.91,5.75
2024-07-12T04:00:00Z,7.88,115.95
2024-07-12T05:00:00Z,7.88,320.55
2024-07-12T06:00:00Z,7.59,542.78
2024-07-12T07:00:00Z,6.39,717.58
2024-07-12T08:00:00Z,5.21,838.58
2024-07-12T09:00:00Z,4.5,915.6
2024-07-12T10:00:00Z,4.2,881.38
2024-07-12T11:00:00Z,4.21,785.97
2024-07-12T12:00:00Z,4.52,618.5
2024-07-12T13:00:00Z,5.19,417.83
2024-07-12T14:00:00Z,6.17,197.18
2024-07-12T15:00:00Z,6.88,24.65
2024-07-12T16:00:00Z,6.99,0.0
2024-07-12T17:00:00Z,7.52,0.0
2024-07-12T18:00:00Z,7.96,0.0
2024-07-12T19:00:00Z,8.29,0.0
2024-07-12T20:00:00Z,8.35,0.0
2024-07-12T21:00:00Z,8.98,0.0
2024-07-12T22:00:00Z,9.88,0.0
2024-07-12T23:00:00Z,9.93,0.0
2024-07-13T00:00:00Z,9.34,0.0
2024-07-13T01:00:00Z,8.94,0.0
2024-07-13T02:00:00Z,8.69,0.0
2024-07-13T03:00:00Z,8.33,6.18
2024-07-13T04:00:00Z,8.36,141.2
2024-07-13T05:00:00Z,7.87,353.05
2024-07-13T06:00:00Z,7.01,568.22
2024-07-13T07:00:00Z,5.84,744.78
2024-07-13T08:00:00Z,4.98,861.55
2024-07-13T09:00:00Z,4.5,921.72
2024-07-13T10:00:00Z,4.34,876.4
2024-07-13T11:00:00Z,4.49,791.85
2024-07-13T12:00:00Z,4.87,633.2
2024-07-13T13:00:00Z,5.5,431.3
2024-07-13T14:00:00Z,6.3,202.68
2024-07-13T15:00:00Z,6.86,24.9
2024-07-13T16:00:00Z,6.88,0.0
2024-07-13T17:00:00Z,7.17,0.0
2024-07-13T18:00:00Z,7.47,0.0
2024-07-13T19:00:00Z,7.81,0.0
2024-07-13T20:00:00Z,8.14,0.0
2024-07-13T21:00:00Z,8.49,0.0
2024-07-13T22:00:00Z,9.32,0.0
2024-07-13T23:00:00Z,10.83,0.0
2024-07-14T00:00:00Z,10.37,0.0
2024-07-14T01:00:00Z,10.06,0.0
2024-07-14T02:00:00Z,9.48,0.0
2024-07-14T03:00:00Z,8.96,5.4
2024-07-14T04:00:00Z,9.08,120.1
2024-07-14T05:00:00Z,8.31,332.17
2024-07-14T06:00:00Z,6.79,554.7
2024-07-14T07:00:00Z,4.93,739.38
2024-07-14T08:00:00Z,3.37,856.05
2024-07-14T09:00:00Z,2.21,883.2
2024-07-14T10:00:00Z,1.67,852.55
2024-07-14T11:00:00Z,1.73,725.9
2024-07-14T12:00:00Z,1.99,610.1
2024-07-14T13:00:00Z,2.42,413.67
2024-07-14T14:00:00Z,2.91,200.98
2024-07-14T15:00:00Z,3.55,24.23
2024-07-14T16:00:00Z,4.29,0.0
2024-07-14T17:00:00Z,5.3,0.0
2024-07-14T18:00:00Z,6.56,0.0
2024-07-14T19:00:00Z,7.85,0.0
2024-07-14T20:00:00Z,8.61,0.0
2024-07-14T21:00:00Z,8.38,0.0
2024-07-14T22:00:00Z,8.46,0.0
2024-07-14T23:00:00Z,8.69,0.0
2024-07-15T00:00:00Z,8.7,0.0
2024-07-15T01:00:00Z,8.55,0.0
2024-07-15T02:00:00Z,8.19,0.0
2024-07-15T03:00:00Z,7.74,5.57
2024-07-15T04:00:00Z,8.39,120.18
2024-07-15T05:00:00Z,8.53,331.1
2024-07-15T06:00:00Z,7.23,541.03
2024-07-15T07:00:00Z,5.41,715.12
2024-07-15T08:00:00Z,3.98,789.0
2024-07-15T09:00:00Z,2.97,695.35
2024-07-15T10:00:00Z,2.31,712.95
2024-07-15T11:00:00Z,1.86,575.3
2024-07-15T12:00:00Z,1.61,501.73
2024-07-15T13:00:00Z,1.79,362.27
2024-07-15T14:00:00Z,2.42,171.68
2024-07-15T15:00:00Z,3.37,22.12
2024-07-15T16:00:00Z,4.37,0.0
2024-07-15T17:00:00Z,5.08,0.0
2024-07-15T18:00:00Z,5.85,0.0
2024-07-15T19:00:00Z,6.61,0.0
2024-07-15T20:00:00Z,7.24,0.0
2024-07-15T21:00:00Z,8.58,0.0
2024-07-15T22:00:00Z,9.41,0.0
2024-07-15T23:00:00Z,9.38,0.0
2024-07-16T00:00:00Z,9.06,0.0
2024-07-16T01:00:00Z,8.87,0.0
2024-07-16T02:00:00Z,8.68,0.0
2024-07-16T03:00:00Z,8.35,4.6
2024-07-16T04:00:00Z,8.13,87.43
2024-07-16T05:00:00Z,7.44,229.38
2024-07-16T06:00:00Z,6.17,398.05
2024-07-16T07:00:00Z,4.68,580.58
2024-07-16T08:00:00Z,3.48,738.85
2024-07-16T09:00:00Z,2.79,747.22
2024-07-16T10:00:00Z,2.31,694.4
2024-07-16T11:00:00Z,2.09,624.7
2024-07-16T12:00:00Z,2.06,503.8
2024-07-16T13:00:00Z,2.16,313.48
2024-07-16T14:00:00Z,2.45,154.3
2024-07-16T15:00:00Z,3.0,19.38
2024-07-16T16:00:00Z,3.58,0.0
2024-07-16T17:00:00Z,4.29,0.0
2024-07-16T18:00:00Z,4.7,0.0
2024-07-16T19:00:00Z,4.89,0.0
2024-07-16T20:00:00Z,5.25,0.0
2024-07-16T21:00:00Z,6.18,0.0
2024-07-16T22:00:00Z,6.82,0.0
2024-07-16T23:00:00Z,7.5,0.0
2024-07-17T00:00:00Z,7.85,0.0
2024-07-17T01:00:00Z,7.55,0.0
2024-07-17T02:00:00Z,7.25,0.0
2024-07-17T03:00:00Z,6.99,4.68
2024-07-17T04:00:00Z,7.38,84.85
2024-07-17T05:00:00Z,7.59,215.0
2024-07-17T06:00:00Z,7.44,348.8
2024-07-17T07:00:00Z,6.89,542.05
2024-07-17T08:00:00Z,6.07,682.7
2024-07-17T09:00:00Z,5.38,730.03
2024-07-17T10:00:00Z,5.18,602.5
2024-07-17T11:00:00Z,5.31,529.62
2024-07-17T12:00:00Z,5.4,405.7
2024-07-17T13:00:00Z,5.4,252.73
2024-07-17T14:00:00Z,5.43,122.22
2024-07-17T15:00:00Z,5.38,16.75
2024-07-17T16:00:00Z,5.19,0.0
2024-07-17T17:00:00Z,5.06,0.0
2024-07-17T18:00:00Z,5.04,0.0
2024-07-17T19:00:00Z,5.12,0.0
2024-07-17T20:00:00Z,5.66,0.0
2024-07-17T21:00:00Z,6.37,0.0
2024-07-17T22:00:00Z,6.43,0.0
2024-07-17T23:00:00Z,6.55,0.0
2024-07-18T00:00:00Z,6.64,0.0
2024-07-18T01:00:00Z,6.91,0.0
2024-07-18T02:00:00Z,7.26,0.0
2024-07-18T03:00:00Z,6.97,2.33
2024-07-18T04:00:00Z,7.67,46.65
2024-07-18T05:00:00Z,7.53,144.98
2024-07-18T06:00:00Z,6.92,253.6
2024-07-18T07:00:00Z,6.16,346.27
2024-07-18T08:00:00Z,5.18,425.83
2024-07-18T09:00:00Z,4.04,499.6
2024-07-18T10:00:00Z,3.3,551.95
2024-07-18T11:00:00Z,2.81,457.15
2024-07-18T12:00:00Z,2.55,385.38
2024-07-18T13:00:00Z,2.56,261.27
2024-07-18T14:00:00Z,2.69,121.7
2024-07-18T15:00:00Z,3.2,14.93
2024-07-18T16:00:00Z,3.83,0.0
2024-07-18T17:00:00Z,4.45,0.0
2024-07-18T18:00:00Z,5.15,0.0
2024-07-18T19:00:00Z,5.53,0.0
2024-07-18T20:00:00Z,5.54,0.0
2024-07-18T21:00:00Z,6.02,0.0
2024-07-18T22:00:00Z,6.61,0.0
2024-07-18T23:00:00Z,7.46,0.0
2024-07-19T00:00:00Z,8.37,0.0
2024-07-19T01:00:00Z,8.04,0.0
2024-07-19T02:00:00Z,7.58,0.0
2024-07-19T03:00:00Z,7.24,3.65
2024-07-19T04:00:00Z,8.16,90.9
2024-07-19T05:00:00Z,7.52,254.05
2024-07-19T06:00:00Z,5.82,459.98
2024-07-19T07:00:00Z,4.05,632.45
2024-07-19T08:00:00Z,3.0,760.35
2024-07-19T09:00:00Z,2.52,801.25
2024-07-19T10:00:00Z,2.55,704.6
2024-07-19T11:00:00Z,2.88,437.8
2024-07-19T12:00:00Z,3.35,430.02
2024-07-19T13:00:00Z,4.0,304.65
2024-07-19T14:00:00Z,4.72,140.77
2024-07-19T15:00:00Z,5.35,19.02
2024-07-19T16:00:00Z,5.88,0.0
2024-07-19T17:00:00Z,6.2,0.0
2024-07-19T18:00:00Z,6.08,0.0
2024-07-19T19:00:00Z,6.18,0.0
2024-07-19T20:00:00Z,6.33,0.0
2024-07-19T21:00:00Z,6.56,0.0
2024-07-19T22:00:00Z,6.76,0.0
2024-07-19T23:00:00Z,6.73,0.0
2024-07-20T00:00:00Z,6.38,0.0
2024-07-20T01:00:00Z,5.86,0.0
2024-07-20T02:00:00Z,5.77,0.0
2024-07-20T03:00:00Z,6.09,2.55
2024-07-20T04:00:00Z,6.88,69.6
2024-07-20T05:00:00Z,6.51,200.75
2024-07-20T06:00:00Z,5.35,365.2
2024-07-20T07:00:00Z,3.87,554.72
2024-07-20T08:00:00Z,2.44,664.9
2024-07-20T09:00:00Z,1.53,766.88
2024-07-20T10:00:00Z,1.29,699.15
2024-07-20T11:00:00Z,1.24,501.33
2024-07-20T12:00:00Z,1.25,419.85
2024-07-20T13:00:00Z,1.38,300.08
2024-07-20T14:00:00Z,1.65,149.07
2024-07-20T15:00:00Z,2.09,20.5
2024-07-20T16:00:00Z,2.47,0.0
2024-07-20T17:00:00Z,2.81,0.0
2024-07-20T18:00:00Z,3.09,0.0
2024-07-20T19:00:00Z,3.39,0.0
2024-07-20T20:00:00Z,3.61,0.0
2024-07-20T21:00:00Z,3.73,0.0
2024-07-20T22:00:00Z,4.5,0.0
2024-07-20T23:00:00Z,4.95,0.0
2024-07-21T00:00:00Z,4.95,0.0
2024-07-21T01:00:00Z,4.96,0.0
2024-07-21T02:00:00Z,4.93,0.0
2024-07-21T03:00:00Z,4.86,4.78
2024-07-21T04:00:00Z,5.57,96.15
2024-07-21T05:00:00Z,5.28,244.6
2024-07-21T06:00:00Z,4.52,432.1
2024-07-21T07:00:00Z,3.88,714.85
2024-07-21T08:00:00Z,3.27,845.1
2024-07-21T09:00:00Z,2.84,876.53
2024-07-21T10:00:00Z,2.62,757.42
2024-07-21T11:00:00Z,2.55,710.15
2024-07-21T12:00:00Z,2.69,580.97
2024-07-21T13:00:00Z,2.93,381.77
2024-07-21T14:00:00Z,3.2,180.43
2024-07-21T15:00:00Z,3.54,23.02
2024-07-21T16:00:00Z,4.1,0.0
2024-07-21T17:00:00Z,4.65,0.0
2024-07-21T18:00:00Z,5.09,0.0
2024-07-21T19:00:00Z,5.45,0.0
2024-07-21T20:00:00Z,5.91,0.0
2024-07-21T21:00:00Z,6.3,0.0
2024-07-21T22:00:00Z,7.38,0.0
2024-07-21T23:00:00Z,7.31,0.0
2024-07-22T00:00:00Z,7.08,0.0
2024-07-22T01:00:00Z,6.98,0.0
2024-07-22T02:00:00Z,6.95,0.0
2024-07-22T03:00:00Z,6.81,4.25
2024-07-22T04:00:00Z,7.12,88.25
2024-07-22T05:00:00Z,6.71,231.38
2024-07-22T06:00:00Z,5.78,413.1
2024-07-22T07:00:00Z,4.99,622.88
2024-07-22T08:00:00Z,4.59,712.9
2024-07-22T09:00:00Z,4.47,799.38
2024-07-22T10:00:00Z,4.46,793.12
2024-07-22T11:00:00Z,4.57,694.2
2024-07-22T12:00:00Z,4.86,502.95
2024-07-22T13:00:00Z,5.28,333.98
2024-07-22T14:00:00Z,5.67,153.93
2024-07-22T15:00:00Z,5.98,17.12
2024-07-22T16:00:00Z,6.15,0.0
2024-07-22T17:00:00Z,6.64,0.0
2024-07-22T18:00:00Z,7.0,0.0
2024-07-22T19:00:00Z,7.54,0.0
2024-07-22T20:00:00Z,7.84,0.0
2024-07-22T21:00:00Z,8.95,0.0
2024-07-22T22:00:00Z,9.31,0.0
2024-07-22T23:00:00Z,9.25,0.0
2024-07-23T00:00:00Z,8.24,0.0
2024-07-23T01:00:00Z,7.48,0.0
2024-07-23T02:00:00Z,7.21,0.0
2024-07-23T03:00:00Z,7.11,3.92
2024-07-23T04:00:00Z,7.5,101.05
2024-07-23T05:00:00Z,7.65,268.35
2024-07-23T06:00:00Z,7.08,466.5
2024-07-23T07:00:00Z,5.98,671.08
2024-07-23T08:00:00Z,4.9,784.05
2024-07-23T09:00:00Z,4.12,853.45
2024-07-23T10:00:00Z,3.82,815.9
2024-07-23T11:00:00Z,3.89,697.42
2024-07-23T12:00:00Z,4.12,549.4
2024-07-23T13:00:00Z,4.5,364.08
2024-07-23T14:00:00Z,5.02,181.0
2024-07-23T15:00:00Z,5.49,26.38
2024-07-23T16:00:00Z,6.14,0.0
2024-07-23T17:00:00Z,6.7,0.0
2024-07-23T18:00:00Z,7.18,0.0
2024-07-23T19:00:00Z,7.02,0.0
2024-07-23T20:00:00Z,6.63,0.0
2024-07-23T21:00:00Z,6.85,0.0
2024-07-23T22:00:00Z,7.26,0.0
2024-07-23T23:00:00Z,7.45,0.0
2024-07-24T00:00:00Z,9.49,0.0
2024-07-24T01:00:00Z,9.06,0.0
2024-07-24T02:00:00Z,8.32,0.0
2024-07-24T03:00:00Z,7.64,5.07
2024-07-24T04:00:00Z,7.65,118.8
2024-07-24T05:00:00Z,7.32,310.8
2024-07-24T06:00:00Z,6.24,508.1
2024-07-24T07:00:00Z,4.98,738.05
2024-07-24T08:00:00Z,3.94,870.5
2024-07-24T09:00:00Z,3.18,921.72
2024-07-24T10:00:00Z,2.73,888.8
2024-07-24T11:00:00Z,2.45,593.85
2024-07-24T12:00:00Z,2.31,601.2
2024-07-24T13:00:00Z,2.41,408.17
2024-07-24T14:00:00Z,2.79,191.73
2024-07-24T15:00:00Z,3.46,24.62
2024-07-24T16:00:00Z,4.16,0.0
2024-07-24T17:00:00Z,4.65,0.0
2024-07-24T18:00:00Z,5.03,0.0
2024-07-24T19:00:00Z,5.37,0.0
2024-07-24T20:00:00Z,5.86,0.0
2024-07-24T21:00:00Z,6.42,0.0
2024-07-24T22:00:00Z,6.82,0.0
2024-07-24T23:00:00Z,7.35,0.0
2024-07-25T00:00:00Z,7.87,0.0
2024-07-25T01:00:00Z,7.73,0.0
2024-07-25T02:00:00Z,7.11,0.0
2024-07-25T03:00:00Z,6.43,3.6
2024-07-25T04:00:00Z,6.2,114.38
2024-07-25T05:00:00Z,5.37,311.75
2024-07-25T06:00:00Z,3.49,529.6
2024-07-25T07:00:00Z,1.77,733.1
2024-07-25T08:00:00Z,1.11,847.9
2024-07-25T09:00:00Z,1.09,889.78
2024-07-25T10:00:00Z,1.16,865.85
2024-07-25T11:00:00Z,1.24,727.25
2024-07-25T12:00:00Z,1.36,588.75
2024-07-25T13:00:00Z,1.33,397.27
2024-07-25T14:00:00Z,1.13,185.43
2024-07-25T15:00:00Z,1.08,23.52
2024-07-25T16:00:00Z,1.6,0.0
2024-07-25T17:00:00Z,2.29,0.0
2024-07-25T18:00:00Z,2.86,0.0
2024-07-25T19:00:00Z,3.3,0.0
2024-07-25T20:00:00Z,3.9,0.0
2024-07-25T21:00:00Z,4.77,0.0
2024-07-25T22:00:00Z,5.77,0.0
2024-07-25T23:00:00Z,6.63,0.0
2024-07-26T00:00:00Z,7.08,0.0
2024-07-26T01:00:00Z,7.12,0.0
2024-07-26T02:00:00Z,6.8,0.0
2024-07-26T03:00:00Z,6.48,4.85
2024-07-26T04:00:00Z,6.47,97.93
2024-07-26T05:00:00Z,5.47,252.55
2024-07-26T06:00:00Z,3.58,439.77
2024-07-26T07:00:00Z,1.68,615.12
2024-07-26T08:00:00Z,0.36,736.53
2024-07-26T09:00:00Z,1.09,715.62
2024-07-26T10:00:00Z,1.44,636.2
2024-07-26T11:00:00Z,1.46,522.33
2024-07-26T12:00:00Z,1.6,448.38
2024-07-26T13:00:00Z,1.98,257.4
2024-07-26T14:00:00Z,2.39,131.23
2024-07-26T15:00:00Z,2.87,19.08
2024-07-26T16:00:00Z,3.51,0.0
2024-07-26T17:00:00Z,3.79,0.0
2024-07-26T18:00:00Z,3.77,0.0
2024-07-26T19:00:00Z,3.62,0.0
2024-07-26T20:00:00Z,4.32,0.0
2024-07-26T21:00:00Z,5.28,0.0
2024-07-26T22:00:00Z,5.99,0.0
2024-07-26T23:00:00Z,6.64,0.0
2024-07-27T00:00:00Z,6.74,0.0
2024-07-27T01:00:00Z,6.77,0.0
2024-07-27T02:00:00Z,6.48,0.0
2024-07-27T03:00:00Z,6.04,4.03
2024-07-27T04:00:00Z,6.47,107.9
2024-07-27T05:00:00Z,6.7,297.1
2024-07-27T06:00:00Z,6.11,522.33
2024-07-27T07:00:00Z,5.35,723.5
2024-07-27T08:00:00Z,4.69,843.17
2024-07-27T09:00:00Z,3.96,869.88
2024-07-27T10:00:00Z,3.4,796.45
2024-07-27T11:00:00Z,3.2,677.95
2024-07-27T12:00:00Z,3.34,513.55
2024-07-27T13:00:00Z,3.49,380.65
2024-07-27T14:00:00Z,3.63,182.8
2024-07-27T15:00:00Z,3.79,23.5
2024-07-27T16:00:00Z,4.12,0.0
2024-07-27T17:00:00Z,4.69,0.0
2024-07-27T18:00:00Z,5.18,0.0
2024-07-27T19:00:00Z,5.68,0.0
2024-07-27T20:00:00Z,6.74,0.0
2024-07-27T21:00:00Z,6.97,0.0
2024-07-27T22:00:00Z,6.98,0.0
2024-07-27T23:00:00Z,6.63,0.0
2024-07-28T00:00:00Z,6.41,0.0
2024-07-28T01:00:00Z,6.12,0.0
2024-07-28T02:00:00Z,5.5,0.0
2024-07-28T03:00:00Z,5.05,3.75
2024-07-28T04:00:00Z,5.5,101.15
2024-07-28T05:00:00Z,5.62,284.52
2024-07-28T06:00:00Z,4.98,492.45
2024-07-28T07:00:00Z,4.32,700.0
2024-07-28T08:00:00Z,3.68,775.1
2024-07-28T09:00:00Z,2.93,736.35
2024-07-28T10:00:00Z,2.25,769.1
2024-07-28T11:00:00Z,1.7,641.35
2024-07-28T12:00:00Z,1.52,522.7
2024-07-28T13:00:00Z,1.29,348.77
2024-07-28T14:00:00Z,0.82,170.57
2024-07-28T15:00:00Z,0.41,21.77
2024-07-28T16:00:00Z,0.48,0.0
2024-07-28T17:00:00Z,1.19,0.0
2024-07-28T18:00:00Z,1.65,0.0
2024-07-28T19:00:00Z,1.59,0.0
2024-07-28T20:00:00Z,1.57,0.0
2024-07-28T21:00:00Z,1.6,0.0
2024-07-28T22:00:00Z,1.71,0.0
2024-07-28T23:00:00Z,2.0,0.0
2024-07-29T00:00:00Z,2.48,0.0
2024-07-29T01:00:00Z,2.76,0.0
2024-07-29T02:00:00Z,2.59,0.0
2024-07-29T03:00:00Z,2.53,5.12
2024-07-29T04:00:00Z,2.13,113.38
2024-07-29T05:00:00Z,2.02,314.85
2024-07-29T06:00:00Z,2.22,533.42
2024-07-29T07:00:00Z,2.48,722.1
2024-07-29T08:00:00Z,2.48,823.85
2024-07-29T09:00:00Z,2.33,757.97
2024-07-29T10:00:00Z,2.41,688.97
2024-07-29T11:00:00Z,2.62,598.05
2024-07-29T12:00:00Z,2.68,473.2
2024-07-29T13:00:00Z,2.65,319.73
2024-07-29T14:00:00Z,2.49,150.05
2024-07-29T15:00:00Z,2.44,19.25
2024-07-29T16:00:00Z,2.64,0.0
2024-07-29T17:00:00Z,2.93,0.0
2024-07-29T18:00:00Z,3.24,0.0
2024-07-29T19:00:00Z,3.52,0.0
2024-07-29T20:00:00Z,3.81,0.0
2024-07-29T21:00:00Z,4.03,0.0
2024-07-29T22:00:00Z,4.08,0.0
2024-07-29T23:00:00Z,3.85,0.0
2024-07-30T00:00:00Z,3.77,0.0
2024-07-30T01:00:00Z,3.85,0.0
2024-07-30T02:00:00Z,4.0,0.0
2024-07-30T03:00:00Z,4.19,2.9
2024-07-30T04:00:00Z,4.77,62.95
2024-07-30T05:00:00Z,4.53,189.48
2024-07-30T06:00:00Z,3.79,342.67
2024-07-30T07:00:00Z,3.3,486.5
2024-07-30T08:00:00Z,2.88,567.65
2024-07-30T09:00:00Z,2.46,658.78
2024-07-30T10:00:00Z,2.28,636.03
2024-07-30T11:00:00Z,2.09,541.47
2024-07-30T12:00:00Z,1.95,409.5
2024-07-30T13:00:00Z,2.2,231.43
2024-07-30T14:00:00Z,2.78,105.88
2024-07-30T15:00:00Z,3.45,13.68
2024-07-30T16:00:00Z,3.82,0.0
2024-07-30T17:00:00Z,4.09,0.0
2024-07-30T18:00:00Z,4.18,0.0
2024-07-30T19:00:00Z,4.24,0.0
2024-07-30T20:00:00Z,4.25,0.0
2024-07-30T21:00:00Z,4.35,0.0
2024-07-30T22:00:00Z,5.24,0.0
2024-07-30T23:00:00Z,6.02,0.0
2024-07-31T00:00:00Z,6.11,0.0
2024-07-31T01:00:00Z,5.87,0.0
2024-07-31T02:00:00Z,5.86,0.0
2024-07-31T03:00:00Z,5.99,4.68
2024-07-31T04:00:00Z,6.47,99.62
2024-07-31T05:00:00Z,6.72,263.08
2024-07-31T06:00:00Z,6.72,464.9
2024-07-31T07:00:00Z,6.67,589.75
2024-07-31T08:00:00Z,6.53,666.75
2024-07-31T09:00:00Z,6.18,668.1
2024-07-31T10:00:00Z,5.6,699.1
2024-07-31T11:00:00Z,4.94,610.4
2024-07-31T12:00:00Z,4.29,458.75
2024-07-31T13:00:00Z,3.85,323.75
2024-07-31T14:00:00Z,3.48,149.12
2024-07-31T15:00:00Z,3.03,18.23
2024-07-31T16:00:00Z,3.27,0.0
2024-07-31T17:00:00Z,4.08,0.0
2024-07-31T18:00:00Z,5.13,0.0
2024-07-31T19:00:00Z,5.85,0.0
2024-07-31T20:00:00Z,5.52,0.0
2024-07-31T21:00:00Z,5.78,0.0
2024-07-31T22:00:00Z,6.45,0.0
2024-07-31T23:00:00Z,7.05,0.0
2024-08-01T00:00:00Z,7.24,0.0
2024-08-01T01:00:00Z,7.14,0.0
2024-08-01T02:00:00Z,6.87,0.0
2024-08-01T03:00:00Z,6.5,5.2
2024-08-01T04:00:00Z,6.92,111.53
2024-08-01T05:00:00Z,7.82,281.12
2024-08-01T06:00:00Z,7.47,480.12
2024-08-01T07:00:00Z,6.69,633.05
2024-08-01T08:00:00Z,5.92,760.0
2024-08-01T09:00:00Z,5.18,707.28
2024-08-01T10:00:00Z,4.69,697.97
2024-08-01T11:00:00Z,4.61,621.1
2024-08-01T12:00:00Z,4.94,538.17
2024-08-01T13:00:00Z,5.59,340.17
2024-08-01T14:00:00Z,6.24,174.52
2024-08-01T15:00:00Z,6.61,22.5
2024-08-01T16:00:00Z,6.66,0.0
2024-08-01T17:00:00Z,6.58,0.0
2024-08-01T18:00:00Z,6.85,0.0
2024-08-01T19:00:00Z,6.93,0.0
2024-08-01T20:00:00Z,6.89,0.0
2024-08-01T21:00:00Z,7.15,0.0
2024-08-01T22:00:00Z,8.05,0.0
2024-08-01T23:00:00Z,9.58,0.0
2024-08-02T00:00:00Z,8.98,0.0
2024-08-02T01:00:00Z,9.05,0.0
2024-08-02T02:00:00Z,9.06,0.0
2024-08-02T03:00:00Z,8.9,5.53
2024-08-02T04:00:00Z,9.21,128.43
2024-08-02T05:00:00Z,8.84,345.17
2024-08-02T06:00:00Z,7.85,575.0
2024-08-02T07:00:00Z,6.78,759.33
2024-08-02T08:00:00Z,5.82,857.95
2024-08-02T09:00:00Z,5.03,849.45
2024-08-02T10:00:00Z,4.26,745.05
2024-08-02T11:00:00Z,3.67,684.9
2024-08-02T12:00:00Z,3.54,547.83
2024-08-02T13:00:00Z,3.87,376.45
2024-08-02T14:00:00Z,4.34,184.98
2024-08-02T15:00:00Z,4.64,22.8
2024-08-02T16:00:00Z,5.15,0.0
2024-08-02T17:00:00Z,5.77,0.0
2024-08-02T18:00:00Z,6.01,0.0
2024-08-02T19:00:00Z,5.83,0.0
2024-08-02T20:00:00Z,6.71,0.0
2024-08-02T21:00:00Z,7.45,0.0
2024-08-02T22:00:00Z,7.58,0.0
2024-08-02T23:00:00Z,7.83,0.0
2024-08-03T00:00:00Z,8.07,0.0
2024-08-03T01:00:00Z,8.73,0.0
2024-08-03T02:00:00Z,8.22,0.0
2024-08-03T03:00:00Z,7.93,5.43
2024-08-03T04:00:00Z,8.09,128.35
2024-08-03T05:00:00Z,8.02,344.88
2024-08-03T06:00:00Z,7.61,568.47
2024-08-03T07:00:00Z,7.01,756.0
2024-08-03T08:00:00Z,6.28,877.97
2024-08-03T09:00:00Z,5.49,894.92
2024-08-03T10:00:00Z,4.72,775.4
2024-08-03T11:00:00Z,4.48,711.55
2024-08-03T12:00:00Z,4.68,571.38
2024-08-03T13:00:00Z,5.24,374.45
2024-08-03T14:00:00Z,6.01,179.45
2024-08-03T15:00:00Z,6.58,22.15
2024-08-03T16:00:00Z,6.82,0.0
2024-08-03T17:00:00Z,6.68,0.0
2024-08-03T18:00:00Z,6.95,0.0
2024-08-03T19:00:00Z,7.17,0.0
2024-08-03T20:00:00Z,7.84,0.0
2024-08-03T21:00:00Z,8.55,0.0
2024-08-03T22:00:00Z,9.12,0.0
2024-08-03T23:00:00Z,9.25,0.0
2024-08-04T00:00:00Z,9.99,0.0
2024-08-04T01:00:00Z,9.5,0.0
2024-08-04T02:00:00Z,8.87,0.0
2024-08-04T03:00:00Z,8.03,4.93
2024-08-04T04:00:00Z,8.03,114.18
2024-08-04T05:00:00Z,7.69,322.23
2024-08-04T06:00:00Z,6.9,543.88
2024-08-04T07:00:00Z,5.82,728.47
2024-08-04T08:00:00Z,4.76,844.65
2024-08-04T09:00:00Z,3.82,879.42
2024-08-04T10:00:00Z,3.18,811.1
2024-08-04T11:00:00Z,2.99,589.65
2024-08-04T12:00:00Z,3.15,560.08
2024-08-04T13:00:00Z,3.5,372.67
2024-08-04T14:00:00Z,4.06,184.0
2024-08-04T15:00:00Z,4.71,22.88
2024-08-04T16:00:00Z,5.54,0.0
2024-08-04T17:00:00Z,6.23,0.0
2024-08-04T18:00:00Z,6.25,0.0
2024-08-04T19:00:00Z,6.27,0.0
2024-08-04T20:00:00Z,7.0,0.0
2024-08-04T21:00:00Z,7.69,0.0
2024-08-04T22:00:00Z,7.77,0.0
2024-08-04T23:00:00Z,7.59,0.0
2024-08-05T00:00:00Z,8.32,0.0
2024-08-05T01:00:00Z,8.66,0.0
2024-08-05T02:00:00Z,8.35,0.0
2024-08-05T03:00:00Z,8.04,5.2
2024-08-05T04:00:00Z,8.29,109.9
2024-08-05T05:00:00Z,7.95,277.48
2024-08-05T06:00:00Z,6.89,454.7
2024-08-05T07:00:00Z,5.25,676.45
2024-08-05T08:00:00Z,3.86,821.2
2024-08-05T09:00:00Z,2.88,763.5
2024-08-05T10:00:00Z,2.34,679.35
2024-08-05T11:00:00Z,1.99,567.12
2024-08-05T12:00:00Z,1.71,493.48
2024-08-05T13:00:00Z,1.62,346.73
2024-08-05T14:00:00Z,1.77,174.93
2024-08-05T15:00:00Z,2.34,21.58
2024-08-05T16:00:00Z,3.18,0.0
2024-08-05T17:00:00Z,3.94,0.0
2024-08-05T18:00:00Z,4.65,0.0
2024-08-05T19:00:00Z,5.17,0.0
2024-08-05T20:00:00Z,6.03,0.0
2024-08-05T21:00:00Z,6.63,0.0
2024-08-05T22:00:00Z,8.27,0.0
2024-08-05T23:00:00Z,7.93,0.0
2024-08-06T00:00:00Z,7.25,0.0
2024-08-06T01:00:00Z,6.57,0.0
2024-08-06T02:00:00Z,5.86,0.0
2024-08-06T03:00:00Z,5.26,3.42
2024-08-06T04:00:00Z,5.1,61.2
2024-08-06T05:00:00Z,4.23,188.6
2024-08-06T06:00:00Z,2.56,308.85
2024-08-06T07:00:00Z,0.99,482.05
2024-08-06T08:00:00Z,0.4,689.3
2024-08-06T09:00:00Z,1.66,727.78
2024-08-06T10:00:00Z,2.82,473.12
2024-08-06T11:00:00Z,3.74,441.55
2024-08-06T12:00:00Z,4.32,455.23
2024-08-06T13:00:00Z,4.7,307.75
2024-08-06T14:00:00Z,4.88,135.38
2024-08-06T15:00:00Z,4.93,15.02
2024-08-06T16:00:00Z,4.94,0.0
2024-08-06T17:00:00Z,4.78,0.0
2024-08-06T18:00:00Z,4.2,0.0
2024-08-06T19:00:00Z,3.35,0.0
2024-08-06T20:00:00Z,2.31,0.0
2024-08-06T21:00:00Z,1.26,0.0
2024-08-06T22:00:00Z,1.94,0.0
2024-08-06T23:00:00Z,2.77,0.0
2024-08-07T00:00:00Z,2.96,0.0
2024-08-07T01:00:00Z,3.01,0.0
2024-08-07T02:00:00Z,3.26,0.0
2024-08-07T03:00:00Z,3.47,5.55
2024-08-07T04:00:00Z,3.75,133.73
2024-08-07T05:00:00Z,4.16,358.1
2024-08-07T06:00:00Z,4.75,594.17
2024-08-07T07:00:00Z,5.19,772.17
2024-08-07T08:00:00Z,5.05,832.05
2024-08-07T09:00:00Z,4.5,838.88
2024-08-07T10:00:00Z,4.05,788.15
2024-08-07T11:00:00Z,3.87,689.03
2024-08-07T12:00:00Z,3.93,563.0
2024-08-07T13:00:00Z,4.32,389.42
2024-08-07T14:00:00Z,4.74,195.68
2024-08-07T15:00:00Z,4.78,23.77
2024-08-07T16:00:00Z,4.89,0.0
2024-08-07T17:00:00Z,5.37,0.0
2024-08-07T18:00:00Z,5.96,0.0
2024-08-07T19:00:00Z,6.5,0.0
2024-08-07T20:00:00Z,7.86,0.0
2024-08-07T21:00:00Z,9.86,0.0
2024-08-07T22:00:00Z,10.37,0.0
2024-08-07T23:00:00Z,9.44,0.0
2024-08-08T00:00:00Z,9.2,0.0
2024-08-08T01:00:00Z,9.37,0.0
2024-08-08T02:00:00Z,9.57,0.0
2024-08-08T03:00:00Z,9.69,5.9
2024-08-08T04:00:00Z,10.51,132.95
2024-08-08T05:00:00Z,10.64,358.2
2024-08-08T06:00:00Z,9.84,581.42
2024-08-08T07:00:00Z,8.65,767.72
2024-08-08T08:00:00Z,7.52,865.4
2024-08-08T09:00:00Z,6.59,836.28
2024-08-08T10:00:00Z,5.92,744.12
2024-08-08T11:00:00Z,5.61,696.6
2024-08-08T12:00:00Z,5.55,578.03
2024-08-08T13:00:00Z,5.85,409.9
2024-08-08T14:00:00Z,6.47,195.65
2024-08-08T15:00:00Z,7.02,23.33
2024-08-08T16:00:00Z,7.16,0.0
2024-08-08T17:00:00Z,7.01,0.0
2024-08-08T18:00:00Z,7.07,0.0
2024-08-08T19:00:00Z,7.83,0.0
2024-08-08T20:00:00Z,8.93,0.0
2024-08-08T21:00:00Z,9.57,0.0
2024-08-08T22:00:00Z,9.87,0.0
2024-08-08T23:00:00Z,10.2,0.0
2024-08-09T00:00:00Z,10.02,0.0
2024-08-09T01:00:00Z,9.51,0.0
2024-08-09T02:00:00Z,9.41,0.0
2024-08-09T03:00:00Z,9.4,5.7
2024-08-09T04:00:00Z,10.05,135.02
2024-08-09T05:00:00Z,9.96,371.02
2024-08-09T06:00:00Z,8.99,599.28
2024-08-09T07:00:00Z,7.57,785.65
2024-08-09T08:00:00Z,6.32,899.28
2024-08-09T09:00:00Z,5.52,874.78
2024-08-09T10:00:00Z,5.06,830.65
2024-08-09T11:00:00Z,4.82,759.58
2024-08-09T12:00:00Z,4.81,595.1
2024-08-09T13:00:00Z,5.13,420.35
2024-08-09T14:00:00Z,5.72,203.0
2024-08-09T15:00:00Z,6.36,24.08
2024-08-09T16:00:00Z,6.47,0.0
2024-08-09T17:00:00Z,6.54,0.0
2024-08-09T18:00:00Z,6.76,0.0
2024-08-09T19:00:00Z,6.81,0.0
2024-08-09T20:00:00Z,7.22,0.0
2024-08-09T21:00:00Z,7.81,0.0
2024-08-09T22:00:00Z,8.17,0.0
2024-08-09T23:00:00Z,8.54,0.0
2024-08-10T00:00:00Z,9.72,0.0
2024-08-10T01:00:00Z,9.29,0.0
2024-08-10T02:00:00Z,9.11,0.0
2024-08-10T03:00:00Z,9.1,5.4
2024-08-10T04:00:00Z,9.34,128.45
2024-08-10T05:00:00Z,9.16,347.52
2024-08-10T06:00:00Z,8.29,574.38
2024-08-10T07:00:00Z,7.23,764.5
2024-08-10T08:00:00Z,6.44,881.1
2024-08-10T09:00:00Z,5.93,911.75
2024-08-10T10:00:00Z,5.69,888.83
2024-08-10T11:00:00Z,5.58,743.45
2024-08-10T12:00:00Z,5.67,596.75
2024-08-10T13:00:00Z,6.01,413.9
2024-08-10T14:00:00Z,6.57,193.35
2024-08-10T15:00:00Z,7.16,22.75
2024-08-10T16:00:00Z,7.4,0.0
2024-08-10T17:00:00Z,6.86,0.0
2024-08-10T18:00:00Z,6.75,0.0
2024-08-10T19:00:00Z,7.15,0.0
2024-08-10T20:00:00Z,7.5,0.0
2024-08-10T21:00:00Z,7.67,0.0
2024-08-10T22:00:00Z,8.16,0.0
2024-08-10T23:00:00Z,9.53,0.0
2024-08-11T00:00:00Z,10.79,0.0
2024-08-11T01:00:00Z,10.17,0.0
2024-08-11T02:00:00Z,9.99,0.0
2024-08-11T03:00:00Z,9.78,5.8
2024-08-11T04:00:00Z,10.59,123.57
2024-08-11T05:00:00Z,10.42,352.35
2024-08-11T06:00:00Z,9.24,583.05
2024-08-11T07:00:00Z,7.71,771.03
2024-08-11T08:00:00Z,6.3,893.83
2024-08-11T09:00:00Z,5.37,927.25
2024-08-11T10:00:00Z,5.05,897.17
2024-08-11T11:00:00Z,5.09,776.83
2024-08-11T12:00:00Z,5.32,628.88
2024-08-11T13:00:00Z,5.79,422.92
2024-08-11T14:00:00Z,6.4,196.82
2024-08-11T15:00:00Z,6.93,22.75
2024-08-11T16:00:00Z,7.09,0.0
2024-08-11T17:00:00Z,7.18,0.0
2024-08-11T18:00:00Z,7.43,0.0
2024-08-11T19:00:00Z,7.87,0.0
2024-08-11T20:00:00Z,8.62,0.0
2024-08-11T21:00:00Z,9.67,0.0
2024-08-11T22:00:00Z,10.88,0.0
2024-08-11T23:00:00Z,11.32,0.0
2024-08-12T00:00:00Z,10.61,0.0
2024-08-12T01:00:00Z,9.8,0.0
2024-08-12T02:00:00Z,9.04,0.0
2024-08-12T03:00:00Z,8.6,5.88
2024-08-12T04:00:00Z,9.32,126.12
2024-08-12T05:00:00Z,9.2,337.55
2024-08-12T06:00:00Z,8.15,553.95
2024-08-12T07:00:00Z,6.82,755.72
2024-08-12T08:00:00Z,5.82,884.38
2024-08-12T09:00:00Z,5.2,901.0
2024-08-12T10:00:00Z,4.7,802.5
2024-08-12T11:00:00Z,4.3,770.4
2024-08-12T12:00:00Z,4.13,607.47
2024-08-12T13:00:00Z,4.21,435.75
2024-08-12T14:00:00Z,4.51,204.82
2024-08-12T15:00:00Z,4.96,23.48
2024-08-12T16:00:00Z,5.55,0.0
2024-08-12T17:00:00Z,6.27,0.0
2024-08-12T18:00:00Z,6.89,0.0
2024-08-12T19:00:00Z,7.48,0.0
2024-08-12T20:00:00Z,7.34,0.0
2024-08-12T21:00:00Z,7.12,0.0
2024-08-12T22:00:00Z,7.01,0.0
2024-08-12T23:00:00Z,6.95,0.0
2024-08-13T00:00:00Z,7.13,0.0
2024-08-13T01:00:00Z,6.83,0.0
2024-08-13T02:00:00Z,6.38,0.0
2024-08-13T03:00:00Z,6.48,6.5
2024-08-13T04:00:00Z,7.56,139.65
2024-08-13T05:00:00Z,7.84,373.6
2024-08-13T06:00:00Z,7.14,601.47
2024-08-13T07:00:00Z,6.06,785.78
2024-08-13T08:00:00Z,5.04,898.85
2024-08-13T09:00:00Z,4.23,907.12
2024-08-13T10:00:00Z,3.75,901.92
2024-08-13T11:00:00Z,3.49,768.5
2024-08-13T12:00:00Z,3.53,625.95
2024-08-13T13:00:00Z,3.89,425.8
2024-08-13T14:00:00Z,4.5,201.1
2024-08-13T15:00:00Z,5.21,22.88
2024-08-13T16:00:00Z,6.06,0.0
2024-08-13T17:00:00Z,6.39,0.0
2024-08-13T18:00:00Z,6.53,0.0
2024-08-13T19:00:00Z,6.61,0.0
2024-08-13T20:00:00Z,6.7,0.0
2024-08-13T21:00:00Z,6.81,0.0
2024-08-13T22:00:00Z,7.05,0.0
2024-08-13T23:00:00Z,7.29,0.0
2024-08-14T00:00:00Z,7.2,0.0
2024-08-14T01:00:00Z,7.39,0.0
2024-08-14T02:00:00Z,7.98,0.0
2024-08-14T03:00:00Z,7.33,6.55
2024-08-14T04:00:00Z,7.29,142.77
2024-08-14T05:00:00Z,6.52,378.88
2024-08-14T06:00:00Z,4.95,610.88
2024-08-14T07:00:00Z,3.38,797.33
2024-08-14T08:00:00Z,2.25,914.45
2024-08-14T09:00:00Z,1.59,946.6
2024-08-14T10:00:00Z,1.48,811.0
2024-08-14T11:00:00Z,1.6,735.53
2024-08-14T12:00:00Z,1.8,579.25
2024-08-14T13:00:00Z,2.14,407.2
2024-08-14T14:00:00Z,2.64,191.07
2024-08-14T15:00:00Z,3.17,21.75
2024-08-14T16:00:00Z,3.73,0.0
2024-08-14T17:00:00Z,4.35,0.0
2024-08-14T18:00:00Z,4.9,0.0
2024-08-14T19:00:00Z,5.51,0.0
2024-08-14T20:00:00Z,5.63,0.0
2024-08-14T21:00:00Z,6.01,0.0
2024-08-14T22:00:00Z,7.29,0.0
2024-08-14T23:00:00Z,6.81,0.0
2024-08-15T00:00:00Z,6.25,0.0
2024-08-15T01:00:00Z,5.63,0.0
2024-08-15T02:00:00Z,4.88,0.0
2024-08-15T03:00:00Z,4.39,5.9
2024-08-15T04:00:00Z,4.51,127.18
2024-08-15T05:00:00Z,3.81,342.98
2024-08-15T06:00:00Z,2.72,567.17
2024-08-15T07:00:00Z,2.08,663.38
2024-08-15T08:00:00Z,1.58,748.92
2024-08-15T09:00:00Z,0.88,770.9
2024-08-15T10:00:00Z,0.45,826.12
2024-08-15T11:00:00Z,0.68,687.28
2024-08-15T12:00:00Z,0.88,498.52
2024-08-15T13:00:00Z,0.88,336.08
2024-08-15T14:00:00Z,1.02,149.9
2024-08-15T15:00:00Z,1.68,14.43
2024-08-15T16:00:00Z,2.73,0.0
2024-08-15T17:00:00Z,3.87,0.0
2024-08-15T18:00:00Z,5.02,0.0
2024-08-15T19:00:00Z,6.09,0.0
2024-08-15T20:00:00Z,7.04,0.0
2024-08-15T21:00:00Z,7.71,0.0
2024-08-15T22:00:00Z,7.93,0.0
2024-08-15T23:00:00Z,7.96,0.0
2024-08-16T00:00:00Z,7.91,0.0
2024-08-16T01:00:00Z,7.8,0.0
2024-08-16T02:00:00Z,7.42,0.0
2024-08-16T03:00:00Z,6.96,4.5
2024-08-16T04:00:00Z,7.28,82.03
2024-08-16T05:00:00Z,7.38,239.2
2024-08-16T06:00:00Z,6.78,414.9
2024-08-16T07:00:00Z,5.8,510.55
2024-08-16T08:00:00Z,4.75,658.0
2024-08-16T09:00:00Z,3.71,791.08
2024-08-16T10:00:00Z,2.64,799.83
2024-08-16T11:00:00Z,1.77,596.83
2024-08-16T12:00:00Z,1.44,558.92
2024-08-16T13:00:00Z,1.44,364.98
2024-08-16T14:00:00Z,1.38,174.93
2024-08-16T15:00:00Z,1.5,19.8
2024-08-16T16:00:00Z,1.58,0.0
2024-08-16T17:00:00Z,1.49,0.0
2024-08-16T18:00:00Z,1.48,0.0
2024-08-16T19:00:00Z,1.7,0.0
2024-08-16T20:00:00Z,2.08,0.0
2024-08-16T21:00:00Z,2.58,0.0
2024-08-16T22:00:00Z,3.26,0.0
2024-08-16T23:00:00Z,3.85,0.0
2024-08-17T00:00:00Z,4.35,0.0
2024-08-17T01:00:00Z,4.73,0.0
2024-08-17T02:00:00Z,4.8,0.0
2024-08-17T03:00:00Z,4.85,6.1
2024-08-17T04:00:00Z,4.95,131.5
2024-08-17T05:00:00Z,4.2,339.83
2024-08-17T06:00:00Z,2.93,553.62
2024-08-17T07:00:00Z,1.49,758.7
2024-08-17T08:00:00Z,0.16,883.88
2024-08-17T09:00:00Z,1.73,900.85
2024-08-17T10:00:00Z,2.68,831.83
2024-08-17T11:00:00Z,2.76,759.28
2024-08-17T12:00:00Z,1.99,610.33
2024-08-17T13:00:00Z,1.27,399.4
2024-08-17T14:00:00Z,1.22,185.43
2024-08-17T15:00:00Z,1.44,19.52
2024-08-17T16:00:00Z,1.73,0.0
2024-08-17T17:00:00Z,1.93,0.0
2024-08-17T18:00:00Z,1.99,0.0
2024-08-17T19:00:00Z,2.1,0.0
2024-08-17T20:00:00Z,3.1,0.0
2024-08-17T21:00:00Z,4.27,0.0
2024-08-17T22:00:00Z,5.37,0.0
2024-08-17T23:00:00Z,5.94,0.0
2024-08-18T00:00:00Z,6.74,0.0
2024-08-18T01:00:00Z,6.82,0.0
2024-08-18T02:00:00Z,6.39,0.0
2024-08-18T03:00:00Z,6.52,5.3
2024-08-18T04:00:00Z,6.94,106.72
2024-08-18T05:00:00Z,6.38,273.7
2024-08-18T06:00:00Z,4.76,470.75
2024-08-18T07:00:00Z,3.17,548.25
2024-08-18T08:00:00Z,2.01,605.0
2024-08-18T09:00:00Z,1.09,585.22
2024-08-18T10:00:00Z,0.66,530.88
2024-08-18T11:00:00Z,0.67,560.53
2024-08-18T12:00:00Z,0.65,483.2
2024-08-18T13:00:00Z,0.64,289.75
2024-08-18T14:00:00Z,1.05,132.38
2024-08-18T15:00:00Z,1.83,13.45
2024-08-18T16:00:00Z,2.94,0.0
2024-08-18T17:00:00Z,3.96,0.0
2024-08-18T18:00:00Z,4.71,0.0
2024-08-18T19:00:00Z,5.9,0.0
2024-08-18T20:00:00Z,7.16,0.0
2024-08-18T21:00:00Z,8.21,0.0
2024-08-18T22:00:00Z,9.31,0.0
2024-08-18T23:00:00Z,9.34,0.0
2024-08-19T00:00:00Z,9.1,0.0
2024-08-19T01:00:00Z,8.7,0.0
2024-08-19T02:00:00Z,8.36,0.0
2024-08-19T03:00:00Z,8.14,4.97
2024-08-19T04:00:00Z,8.11,78.05
2024-08-19T05:00:00Z,7.97,212.3
2024-08-19T06:00:00Z,7.49,359.5
2024-08-19T07:00:00Z,6.82,455.65
2024-08-19T08:00:00Z,6.36,450.85
2024-08-19T09:00:00Z,5.5,413.23
2024-08-19T10:00:00Z,4.47,339.02
2024-08-19T11:00:00Z,3.69,416.98
2024-08-19T12:00:00Z,3.15,403.27
2024-08-19T13:00:00Z,2.75,286.5
2024-08-19T14:00:00Z,2.56,120.93
2024-08-19T15:00:00Z,2.4,11.38
2024-08-19T16:00:00Z,2.34,0.0
2024-08-19T17:00:00Z,2.68,0.0
2024-08-19T18:00:00Z,3.31,0.0
2024-08-19T19:00:00Z,3.8,0.0
2024-08-19T20:00:00Z,4.23,0.0
2024-08-19T21:00:00Z,4.98,0.0
2024-08-19T22:00:00Z,5.55,0.0
2024-08-19T23:00:00Z,6.27,0.0
2024-08-20T00:00:00Z,6.77,0.0
2024-08-20T01:00:00Z,7.05,0.0
2024-08-20T02:00:00Z,6.6,0.0
2024-08-20T03:00:00Z,6.14,4.53
2024-08-20T04:00:00Z,6.05,80.75
2024-08-20T05:00:00Z,5.47,191.8
2024-08-20T06:00:00Z,4.15,328.02
2024-08-20T07:00:00Z,2.99,430.2
2024-08-20T08:00:00Z,2.15,370.08
2024-08-20T09:00:00Z,0.91,159.5
2024-08-20T10:00:00Z,0.96,336.92
2024-08-20T11:00:00Z,2.22,416.83
2024-08-20T12:00:00Z,3.19,384.27
2024-08-20T13:00:00Z,3.9,249.57
2024-08-20T14:00:00Z,4.63,108.9
2024-08-20T15:00:00Z,4.69,11.43
2024-08-20T16:00:00Z,4.59,0.0
2024-08-20T17:00:00Z,4.55,0.0
2024-08-20T18:00:00Z,4.36,0.0
2024-08-20T19:00:00Z,3.99,0.0
2024-08-20T20:00:00Z,3.09,0.0
2024-08-20T21:00:00Z,1.75,0.0
2024-08-20T22:00:00Z,0.66,0.0
2024-08-20T23:00:00Z,2.11,0.0
2024-08-21T00:00:00Z,3.23,0.0
2024-08-21T01:00:00Z,4.05,0.0
2024-08-21T02:00:00Z,4.96,0.0
2024-08-21T03:00:00Z,4.79,3.72
2024-08-21T04:00:00Z,5.11,66.88
2024-08-21T05:00:00Z,5.26,179.5
2024-08-21T06:00:00Z,4.56,305.23
2024-08-21T07:00:00Z,3.41,446.58
2024-08-21T08:00:00Z,2.07,473.73
2024-08-21T09:00:00Z,0.73,605.1
2024-08-21T10:00:00Z,0.86,663.25
2024-08-21T11:00:00Z,0.98,497.8
2024-08-21T12:00:00Z,0.75,395.17
2024-08-21T13:00:00Z,0.33,225.88
2024-08-21T14:00:00Z,0.34,94.38
2024-08-21T15:00:00Z,1.26,9.52
2024-08-21T16:00:00Z,2.39,0.0
2024-08-21T17:00:00Z,3.27,0.0
2024-08-21T18:00:00Z,3.8,0.0
2024-08-21T19:00:00Z,4.25,0.0
2024-08-21T20:00:00Z,4.59,0.0
2024-08-21T21:00:00Z,4.89,0.0
2024-08-21T22:00:00Z,5.57,0.0
2024-08-21T23:00:00Z,6.13,0.0
2024-08-22T00:00:00Z,6.44,0.0
2024-08-22T01:00:00Z,6.47,0.0
2024-08-22T02:00:00Z,6.27,0.0
2024-08-22T03:00:00Z,6.08,2.5
2024-08-22T04:00:00Z,6.16,34.38
2024-08-22T05:00:00Z,5.92,119.05
2024-08-22T06:00:00Z,5.13,199.57
2024-08-22T07:00:00Z,4.22,225.98
2024-08-22T08:00:00Z,3.37,280.5
2024-08-22T09:00:00Z,2.39,393.8
2024-08-22T10:00:00Z,2.11,420.88
2024-08-22T11:00:00Z,2.9,423.77
2024-08-22T12:00:00Z,3.21,352.5
2024-08-22T13:00:00Z,3.14,248.7
2024-08-22T14:00:00Z,2.98,118.3
2024-08-22T15:00:00Z,3.1,15.52
2024-08-22T16:00:00Z,3.34,0.0
2024-08-22T17:00:00Z,3.57,0.0
2024-08-22T18:00:00Z,3.52,0.0
2024-08-22T19:00:00Z,3.6,0.0
2024-08-22T20:00:00Z,3.8,0.0
2024-08-22T21:00:00Z,3.93,0.0
2024-08-22T22:00:00Z,4.14,0.0
2024-08-22T23:00:00Z,4.37,0.0
2024-08-23T00:00:00Z,4.51,0.0
2024-08-23T01:00:00Z,4.72,0.0
2024-08-23T02:00:00Z,4.94,0.0
2024-08-23T03:00:00Z,5.16,5.93
2024-08-23T04:00:00Z,6.65,118.6
2024-08-23T05:00:00Z,6.95,298.3
2024-08-23T06:00:00Z,6.01,515.03
2024-08-23T07:00:00Z,4.94,691.25
2024-08-23T08:00:00Z,4.0,804.85
2024-08-23T09:00:00Z,3.28,759.9
2024-08-23T10:00:00Z,2.87,590.58
2024-08-23T11:00:00Z,2.66,582.78
2024-08-23T12:00:00Z,2.7,490.35
2024-08-23T13:00:00Z,3.02,338.6
2024-08-23T14:00:00Z,3.51,140.57
2024-08-23T15:00:00Z,3.68,15.45
2024-08-23T16:00:00Z,3.64,0.0
2024-08-23T17:00:00Z,4.03,0.0
2024-08-23T18:00:00Z,4.69,0.0
2024-08-23T19:00:00Z,5.22,0.0
2024-08-23T20:00:00Z,5.46,0.0
2024-08-23T21:00:00Z,5.54,0.0
2024-08-23T22:00:00Z,5.97,0.0
2024-08-23T23:00:00Z,6.24,0.0
2024-08-24T00:00:00Z,6.25,0.0
2024-08-24T01:00:00Z,6.1,0.0
2024-08-24T02:00:00Z,6.55,0.0
2024-08-24T03:00:00Z,6.89,5.05
2024-08-24T04:00:00Z,7.61,108.88
2024-08-24T05:00:00Z,8.11,288.83
2024-08-24T06:00:00Z,7.96,427.48
2024-08-24T07:00:00Z,7.47,746.45
2024-08-24T08:00:00Z,6.94,891.28
2024-08-24T09:00:00Z,6.3,900.6
2024-08-24T10:00:00Z,5.74,838.3
2024-08-24T11:00:00Z,5.32,730.12
2024-08-24T12:00:00Z,5.17,533.88
2024-08-24T13:00:00Z,5.26,360.3
2024-08-24T14:00:00Z,5.44,174.02
2024-08-24T15:00:00Z,5.37,17.75
2024-08-24T16:00:00Z,5.24,0.0
2024-08-24T17:00:00Z,5.27,0.0
2024-08-24T18:00:00Z,5.59,0.0
2024-08-24T19:00:00Z,6.22,0.0
2024-08-24T20:00:00Z,6.46,0.0
2024-08-24T21:00:00Z,6.58,0.0
2024-08-24T22:00:00Z,7.12,0.0
2024-08-24T23:00:00Z,7.53,0.0
2024-08-25T00:00:00Z,7.95,0.0
2024-08-25T01:00:00Z,8.22,0.0
2024-08-25T02:00:00Z,8.38,0.0
2024-08-25T03:00:00Z,8.43,5.82
2024-08-25T04:00:00Z,10.25,111.45
2024-08-25T05:00:00Z,10.46,277.1
2024-08-25T06:00:00Z,9.79,485.62
2024-08-25T07:00:00Z,8.84,731.28
2024-08-25T08:00:00Z,8.12,911.05
2024-08-25T09:00:00Z,7.57,925.6
2024-08-25T10:00:00Z,7.33,842.67
2024-08-25T11:00:00Z,7.32,749.55
2024-08-25T12:00:00Z,7.44,542.38
2024-08-25T13:00:00Z,7.61,354.27
2024-08-25T14:00:00Z,7.94,164.3
2024-08-25T15:00:00Z,7.85,16.12
2024-08-25T16:00:00Z,7.39,0.0
2024-08-25T17:00:00Z,6.82,0.0
2024-08-25T18:00:00Z,7.17,0.0
2024-08-25T19:00:00Z,7.45,0.0
2024-08-25T20:00:00Z,7.44,0.0
2024-08-25T21:00:00Z,7.66,0.0
2024-08-25T22:00:00Z,8.07,0.0
2024-08-25T23:00:00Z,8.27,0.0
2024-08-26T00:00:00Z,8.07,0.0
2024-08-26T01:00:00Z,7.87,0.0
2024-08-26T02:00:00Z,7.63,0.0
2024-08-26T03:00:00Z,7.49,6.15
2024-08-26T04:00:00Z,9.05,135.27
2024-08-26T05:00:00Z,9.84,360.02
2024-08-26T06:00:00Z,9.53,595.1
2024-08-26T07:00:00Z,8.9,790.75
2024-08-26T08:00:00Z,8.3,916.2
2024-08-26T09:00:00Z,7.64,979.9
2024-08-26T10:00:00Z,6.99,935.58
2024-08-26T11:00:00Z,6.45,798.75
2024-08-26T12:00:00Z,6.18,626.0
2024-08-26T13:00:00Z,6.23,418.12
2024-08-26T14:00:00Z,6.51,192.93
2024-08-26T15:00:00Z,6.73,18.45
2024-08-26T16:00:00Z,6.62,0.0
2024-08-26T17:00:00Z,6.61,0.0
2024-08-26T18:00:00Z,6.61,0.0
2024-08-26T19:00:00Z,6.66,0.0
2024-08-26T20:00:00Z,6.79,0.0
2024-08-26T21:00:00Z,7.3,0.0
2024-08-26T22:00:00Z,8.61,0.0
2024-08-26T23:00:00Z,9.13,0.0
2024-08-27T00:00:00Z,8.96,0.0
2024-08-27T01:00:00Z,8.67,0.0
2024-08-27T02:00:00Z,8.31,0.0
2024-08-27T03:00:00Z,7.93,8.1
2024-08-27T04:00:00Z,9.26,150.77
2024-08-27T05:00:00Z,9.73,389.95
2024-08-27T06:00:00Z,9.06,623.62
2024-08-27T07:00:00Z,8.13,811.53
2024-08-27T08:00:00Z,7.47,924.22
2024-08-27T09:00:00Z,6.69,957.75
2024-08-27T10:00:00Z,6.3,896.22
2024-08-27T11:00:00Z,6.19,753.38
2024-08-27T12:00:00Z,6.31,592.08
2024-08-27T13:00:00Z,6.8,389.58
2024-08-27T14:00:00Z,7.45,176.68
2024-08-27T15:00:00Z,7.75,16.55
2024-08-27T16:00:00Z,8.06,0.0
2024-08-27T17:00:00Z,8.3,0.0
2024-08-27T18:00:00Z,8.5,0.0
2024-08-27T19:00:00Z,9.07,0.0
2024-08-27T20:00:00Z,10.33,0.0
2024-08-27T21:00:00Z,11.02,0.0
2024-08-27T22:00:00Z,11.42,0.0
2024-08-27T23:00:00Z,11.29,0.0
2024-08-28T00:00:00Z,10.5,0.0
2024-08-28T01:00:00Z,9.82,0.0
2024-08-28T02:00:00Z,9.49,0.0
2024-08-28T03:00:00Z,9.22,7.8
2024-08-28T04:00:00Z,10.2,145.38
2024-08-28T05:00:00Z,11.15,382.92
2024-08-28T06:00:00Z,11.32,615.65
2024-08-28T07:00:00Z,10.67,802.92
2024-08-28T08:00:00Z,9.92,922.17
2024-08-28T09:00:00Z,9.42,983.12
2024-08-28T10:00:00Z,9.19,866.45
2024-08-28T11:00:00Z,9.02,788.17
2024-08-28T12:00:00Z,8.93,610.42
2024-08-28T13:00:00Z,8.95,417.95
2024-08-28T14:00:00Z,9.11,191.12
2024-08-28T15:00:00Z,8.97,17.45
2024-08-28T16:00:00Z,8.97,0.0
2024-08-28T17:00:00Z,9.35,0.0
2024-08-28T18:00:00Z,8.82,0.0
2024-08-28T19:00:00Z,9.66,0.0
2024-08-28T20:00:00Z,10.64,0.0
2024-08-28T21:00:00Z,11.01,0.0
2024-08-28T22:00:00Z,10.97,0.0
2024-08-28T23:00:00Z,10.76,0.0
2024-08-29T00:00:00Z,10.31,0.0
2024-08-29T01:00:00Z,9.79,0.0
2024-08-29T02:00:00Z,9.14,0.0
2024-08-29T03:00:00Z,8.52,7.95
2024-08-29T04:00:00Z,9.02,149.95
2024-08-29T05:00:00Z,9.05,390.83
2024-08-29T06:00:00Z,8.56,629.58
2024-08-29T07:00:00Z,7.98,818.78
2024-08-29T08:00:00Z,7.57,937.8
2024-08-29T09:00:00Z,7.27,988.35
2024-08-29T10:00:00Z,7.16,947.45
2024-08-29T11:00:00Z,7.35,832.1
2024-08-29T12:00:00Z,7.69,623.92
2024-08-29T13:00:00Z,8.15,410.7
2024-08-29T14:00:00Z,8.59,193.15
2024-08-29T15:00:00Z,8.69,18.05
2024-08-29T16:00:00Z,8.32,0.0
2024-08-29T17:00:00Z,8.07,0.0
2024-08-29T18:00:00Z,8.46,0.0
2024-08-29T19:00:00Z,8.6,0.0
2024-08-29T20:00:00Z,8.84,0.0
2024-08-29T21:00:00Z,9.6,0.0
2024-08-29T22:00:00Z,10.05,0.0
2024-08-29T23:00:00Z,9.59,0.0
2024-08-30T00:00:00Z,8.81,0.0
2024-08-30T01:00:00Z,7.88,0.0
2024-08-30T02:00:00Z,7.48,0.0
2024-08-30T03:00:00Z,7.51,9.05
2024-08-30T04:00:00Z,8.5,163.57
2024-08-30T05:00:00Z,9.09,410.62
2024-08-30T06:00:00Z,9.1,645.62
2024-08-30T07:00:00Z,8.78,833.22
2024-08-30T08:00:00Z,8.39,949.53
2024-08-30T09:00:00Z,7.89,1010.22
2024-08-30T10:00:00Z,7.54,974.5
2024-08-30T11:00:00Z,7.39,858.8
2024-08-30T12:00:00Z,7.46,661.3
2024-08-30T13:00:00Z,7.69,451.02
2024-08-30T14:00:00Z,8.07,210.38
2024-08-30T15:00:00Z,8.32,19.58
2024-08-30T16:00:00Z,8.46,0.0
2024-08-30T17:00:00Z,7.89,0.0
2024-08-30T18:00:00Z,7.68,0.0
2024-08-30T19:00:00Z,7.87,0.0
2024-08-30T20:00:00Z,8.25,0.0
2024-08-30T21:00:00Z,8.65,0.0
2024-08-30T22:00:00Z,8.56,0.0
2024-08-30T23:00:00Z,8.5,0.0
2024-08-31T00:00:00Z,8.39,0.0
2024-08-31T01:00:00Z,9.22,0.0
2024-08-31T02:00:00Z,9.68,0.0
2024-08-31T03:00:00Z,9.51,8.2
2024-08-31T04:00:00Z,10.57,144.88
2024-08-31T05:00:00Z,10.19,343.85
2024-08-31T06:00:00Z,9.26,552.88
2024-08-31T07:00:00Z,8.08,833.12
2024-08-31T08:00:00Z,6.92,948.33
2024-08-31T09:00:00Z,6.05,976.95
2024-08-31T10:00:00Z,5.59,939.45
2024-08-31T11:00:00Z,5.59,798.5
2024-08-31T12:00:00Z,5.87,551.08
2024-08-31T13:00:00Z,6.4,376.8
2024-08-31T14:00:00Z,7.12,170.4
2024-08-31T15:00:00Z,7.62,15.2
2024-08-31T16:00:00Z,7.33,0.0
2024-08-31T17:00:00Z,7.15,0.0
2024-08-31T18:00:00Z,7.27,0.0
2024-08-31T19:00:00Z,7.72,0.0
2024-08-31T20:00:00Z,8.2,0.0
2024-08-31T21:00:00Z,10.84,0.0
2024-08-31T22:00:00Z,11.32,0.0
2024-08-31T23:00:00Z,11.42,0.0
2024-09-01T00:00:00Z,11.67,0.0
2024-09-01T01:00:00Z,11.14,0.0
2024-09-01T02:00:00Z,10.49,0.0
2024-09-01T03:00:00Z,10.03,8.0
2024-09-01T04:00:00Z,10.3,148.73
2024-09-01T05:00:00Z,9.97,372.88
2024-09-01T06:00:00Z,8.97,607.95
2024-09-01T07:00:00Z,7.7,795.58
2024-09-01T08:00:00Z,6.5,857.12
2024-09-01T09:00:00Z,5.7,807.3
2024-09-01T10:00:00Z,5.36,770.38
2024-09-01T11:00:00Z,5.28,579.3
2024-09-01T12:00:00Z,5.46,550.1
2024-09-01T13:00:00Z,5.74,364.98
2024-09-01T14:00:00Z,5.98,157.05
2024-09-01T15:00:00Z,6.08,13.43
2024-09-01T16:00:00Z,6.24,0.0
2024-09-01T17:00:00Z,6.34,0.0
2024-09-01T18:00:00Z,7.28,0.0
2024-09-01T19:00:00Z,8.19,0.0
2024-09-01T20:00:00Z,8.92,0.0
2024-09-01T21:00:00Z,9.63,0.0
2024-09-01T22:00:00Z,10.01,0.0
2024-09-01T23:00:00Z,10.8,0.0
2024-09-02T00:00:00Z,11.22,0.0
2024-09-02T01:00:00Z,10.78,0.0
2024-09-02T02:00:00Z,10.46,0.0
2024-09-02T03:00:00Z,10.13,5.68
2024-09-02T04:00:00Z,10.63,94.15
2024-09-02T05:00:00Z,10.57,220.12
2024-09-02T06:00:00Z,9.75,352.8
2024-09-02T07:00:00Z,8.58,475.38
2024-09-02T08:00:00Z,7.43,727.85
2024-09-02T09:00:00Z,6.38,862.17
2024-09-02T10:00:00Z,5.57,806.35
2024-09-02T11:00:00Z,4.93,742.78
2024-09-02T12:00:00Z,4.65,555.2
2024-09-02T13:00:00Z,4.8,387.2
2024-09-02T14:00:00Z,5.24,165.18
2024-09-02T15:00:00Z,5.61,14.02
2024-09-02T16:00:00Z,5.84,0.0
2024-09-02T17:00:00Z,6.58,0.0
2024-09-02T18:00:00Z,7.0,0.0
2024-09-02T19:00:00Z,7.14,0.0
2024-09-02T20:00:00Z,7.33,0.0
2024-09-02T21:00:00Z,7.82,0.0
2024-09-02T22:00:00Z,8.07,0.0
2024-09-02T23:00:00Z,8.14,0.0
2024-09-03T00:00:00Z,7.87,0.0
2024-09-03T01:00:00Z,7.52,0.0
2024-09-03T02:00:00Z,7.19,0.0
2024-09-03T03:00:00Z,7.24,9.5
2024-09-03T04:00:00Z,8.87,160.15
2024-09-03T05:00:00Z,9.37,405.83
2024-09-03T06:00:00Z,8.92,640.53
2024-09-03T07:00:00Z,8.32,828.53
2024-09-03T08:00:00Z,7.86,941.12
2024-09-03T09:00:00Z,7.39,954.92
2024-09-03T10:00:00Z,6.93,865.0
2024-09-03T11:00:00Z,6.6,755.85
2024-09-03T12:00:00Z,6.54,581.0
2024-09-03T13:00:00Z,6.8,402.67
2024-09-03T14:00:00Z,7.25,174.0
2024-09-03T15:00:00Z,7.53,14.52
2024-09-03T16:00:00Z,7.31,0.0
2024-09-03T17:00:00Z,7.02,0.0
2024-09-03T18:00:00Z,7.27,0.0
2024-09-03T19:00:00Z,7.64,0.0
2024-09-03T20:00:00Z,7.95,0.0
2024-09-03T21:00:00Z,8.35,0.0
2024-09-03T22:00:00Z,8.96,0.0
2024-09-03T23:00:00Z,10.66,0.0
2024-09-04T00:00:00Z,11.43,0.0
2024-09-04T01:00:00Z,11.02,0.0
2024-09-04T02:00:00Z,11.1,0.0
2024-09-04T03:00:00Z,10.69,8.62
2024-09-04T04:00:00Z,11.61,156.25
2024-09-04T05:00:00Z,12.11,395.48
2024-09-04T06:00:00Z,11.71,631.03
2024-09-04T07:00:00Z,10.76,819.8
2024-09-04T08:00:00Z,9.84,936.25
2024-09-04T09:00:00Z,9.0,934.47
2024-09-04T10:00:00Z,8.35,852.58
2024-09-04T11:00:00Z,7.95,725.8
2024-09-04T12:00:00Z,7.87,558.55
2024-09-04T13:00:00Z,8.06,375.17
2024-09-04T14:00:00Z,8.35,161.25
2024-09-04T15:00:00Z,8.26,13.57
2024-09-04T16:00:00Z,8.19,0.0
2024-09-04T17:00:00Z,7.42,0.0
2024-09-04T18:00:00Z,7.37,0.0
2024-09-04T19:00:00Z,7.68,0.0
2024-09-04T20:00:00Z,7.91,0.0
2024-09-04T21:00:00Z,8.13,0.0
2024-09-04T22:00:00Z,8.91,0.0
2024-09-04T23:00:00Z,11.63,0.0
2024-09-05T00:00:00Z,11.48,0.0
2024-09-05T01:00:00Z,10.86,0.0
2024-09-05T02:00:00Z,10.29,0.0
2024-09-05T03:00:00Z,9.9,8.85
2024-09-05T04:00:00Z,10.94,160.6
2024-09-05T05:00:00Z,11.3,392.92
2024-09-05T06:00:00Z,10.77,630.83
2024-09-05T07:00:00Z,9.8,812.38
2024-09-05T08:00:00Z,9.03,935.5
2024-09-05T09:00:00Z,8.49,957.47
2024-09-05T10:00:00Z,8.22,893.05
2024-09-05T11:00:00Z,8.28,726.0
2024-09-05T12:00:00Z,8.65,601.0
2024-09-05T13:00:00Z,9.17,393.02
2024-09-05T14:00:00Z,9.51,168.23
2024-09-05T15:00:00Z,9.22,13.75
2024-09-05T16:00:00Z,8.98,0.0
2024-09-05T17:00:00Z,8.73,0.0
2024-09-05T18:00:00Z,7.68,0.0
2024-09-05T19:00:00Z,8.19,0.0
2024-09-05T20:00:00Z,8.85,0.0
2024-09-05T21:00:00Z,9.67,0.0
2024-09-05T22:00:00Z,10.42,0.0
2024-09-05T23:00:00Z,12.18,0.0
2024-09-06T00:00:00Z,11.73,0.0
2024-09-06T01:00:00Z,10.92,0.0
2024-09-06T02:00:00Z,10.48,0.0
2024-09-06T03:00:00Z,10.21,9.88
2024-09-06T04:00:00Z,11.38,165.23
2024-09-06T05:00:00Z,12.03,417.38
2024-09-06T06:00:00Z,11.78,653.6
2024-09-06T07:00:00Z,10.82,842.58
2024-09-06T08:00:00Z,9.82,959.78
2024-09-06T09:00:00Z,9.05,960.67
2024-09-06T10:00:00Z,8.45,885.53
2024-09-06T11:00:00Z,8.11,767.12
2024-09-06T12:00:00Z,8.05,617.95
2024-09-06T13:00:00Z,8.21,400.55
2024-09-06T14:00:00Z,8.42,176.55
2024-09-06T15:00:00Z,8.32,13.57
2024-09-06T16:00:00Z,8.12,0.0
2024-09-06T17:00:00Z,7.97,0.0
2024-09-06T18:00:00Z,7.54,0.0
2024-09-06T19:00:00Z,7.6,0.0
2024-09-06T20:00:00Z,7.5,0.0
2024-09-06T21:00:00Z,7.64,0.0
2024-09-06T22:00:00Z,8.02,0.0
2024-09-06T23:00:00Z,8.18,0.0
2024-09-07T00:00:00Z,8.14,0.0
2024-09-07T01:00:00Z,8.04,0.0
2024-09-07T02:00:00Z,8.02,0.0
2024-09-07T03:00:00Z,7.65,10.6
2024-09-07T04:00:00Z,9.08,173.32
2024-09-07T05:00:00Z,10.25,427.62
2024-09-07T06:00:00Z,9.99,664.95
2024-09-07T07:00:00Z,9.41,852.33
2024-09-07T08:00:00Z,8.84,964.97
2024-09-07T09:00:00Z,8.2,1004.9
2024-09-07T10:00:00Z,7.73,953.33
2024-09-07T11:00:00Z,7.47,848.6
2024-09-07T12:00:00Z,7.55,659.5
2024-09-07T13:00:00Z,7.84,435.05
2024-09-07T14:00:00Z,8.17,188.23
2024-09-07T15:00:00Z,8.39,14.12
2024-09-07T16:00:00Z,8.48,0.0
2024-09-07T17:00:00Z,7.74,0.0
2024-09-07T18:00:00Z,7.88,0.0
2024-09-07T19:00:00Z,8.03,0.0
2024-09-07T20:00:00Z,8.18,0.0
2024-09-07T21:00:00Z,8.66,0.0
2024-09-07T22:00:00Z,10.26,0.0
2024-09-07T23:00:00Z,11.37,0.0
2024-09-08T00:00:00Z,10.81,0.0
2024-09-08T01:00:00Z,10.94,0.0
2024-09-08T02:00:00Z,10.18,0.0
2024-09-08T03:00:00Z,9.65,10.98
2024-09-08T04:00:00Z,10.37,175.5
2024-09-08T05:00:00Z,10.49,428.75
2024-09-08T06:00:00Z,9.71,663.85
2024-09-08T07:00:00Z,8.58,850.85
2024-09-08T08:00:00Z,7.44,960.08
2024-09-08T09:00:00Z,6.51,1004.17
2024-09-08T10:00:00Z,6.08,904.75
2024-09-08T11:00:00Z,6.29,831.2
2024-09-08T12:00:00Z,6.91,631.08
2024-09-08T13:00:00Z,7.7,402.33
2024-09-08T14:00:00Z,8.45,175.48
2024-09-08T15:00:00Z,8.72,13.0
2024-09-08T16:00:00Z,8.4,0.0
2024-09-08T17:00:00Z,7.47,0.0
2024-09-08T18:00:00Z,7.37,0.0
2024-09-08T19:00:00Z,7.51,0.0
2024-09-08T20:00:00Z,7.76,0.0
2024-09-08T21:00:00Z,8.24,0.0
2024-09-08T22:00:00Z,8.22,0.0
2024-09-08T23:00:00Z,8.22,0.0
2024-09-09T00:00:00Z,8.32,0.0
2024-09-09T01:00:00Z,7.78,0.0
2024-09-09T02:00:00Z,7.17,0.0
2024-09-09T03:00:00Z,6.89,10.88
2024-09-09T04:00:00Z,8.1,170.68
2024-09-09T05:00:00Z,8.11,422.73
2024-09-09T06:00:00Z,7.0,659.08
2024-09-09T07:00:00Z,5.72,846.47
2024-09-09T08:00:00Z,4.82,957.78
2024-09-09T09:00:00Z,4.28,998.42
2024-09-09T10:00:00Z,4.25,947.88
2024-09-09T11:00:00Z,4.57,828.03
2024-09-09T12:00:00Z,5.08,637.78
2024-09-09T13:00:00Z,5.81,418.4
2024-09-09T14:00:00Z,6.59,179.57
2024-09-09T15:00:00Z,7.13,13.25
2024-09-09T16:00:00Z,7.02,0.0
2024-09-09T17:00:00Z,6.85,0.0
2024-09-09T18:00:00Z,6.67,0.0
2024-09-09T19:00:00Z,6.77,0.0
2024-09-09T20:00:00Z,7.08,0.0
2024-09-09T21:00:00Z,7.42,0.0
2024-09-09T22:00:00Z,7.66,0.0
2024-09-09T23:00:00Z,7.73,0.0
2024-09-10T00:00:00Z,8.39,0.0
2024-09-10T01:00:00Z,8.79,0.0
2024-09-10T02:00:00Z,8.36,0.0
2024-09-10T03:00:00Z,8.39,11.93
2024-09-10T04:00:00Z,8.91,183.23
2024-09-10T05:00:00Z,9.17,438.2
2024-09-10T06:00:00Z,8.73,673.2
2024-09-10T07:00:00Z,7.69,859.15
2024-09-10T08:00:00Z,6.38,973.88
2024-09-10T09:00:00Z,5.21,1019.62
2024-09-10T10:00:00Z,4.62,976.8
2024-09-10T11:00:00Z,4.56,837.5
2024-09-10T12:00:00Z,5.03,639.03
2024-09-10T13:00:00Z,5.86,432.83
2024-09-10T14:00:00Z,6.81,188.98
2024-09-10T15:00:00Z,7.56,13.68
2024-09-10T16:00:00Z,7.38,0.0
2024-09-10T17:00:00Z,7.28,0.0
2024-09-10T18:00:00Z,7.17,0.0
2024-09-10T19:00:00Z,6.98,0.0
2024-09-10T20:00:00Z,7.59,0.0
2024-09-10T21:00:00Z,7.86,0.0
2024-09-10T22:00:00Z,9.61,0.0
2024-09-10T23:00:00Z,9.92,0.0
2024-09-11T00:00:00Z,10.54,0.0
2024-09-11T01:00:00Z,10.67,0.0
2024-09-11T02:00:00Z,9.85,0.0
2024-09-11T03:00:00Z,9.15,12.4
2024-09-11T04:00:00Z,9.44,187.48
2024-09-11T05:00:00Z,9.31,444.5
2024-09-11T06:00:00Z,8.69,681.45
2024-09-11T07:00:00Z,7.89,866.67
2024-09-11T08:00:00Z,7.3,977.25
2024-09-11T09:00:00Z,6.86,1006.42
2024-09-11T10:00:00Z,6.78,957.1
2024-09-11T11:00:00Z,7.03,822.33
2024-09-11T12:00:00Z,7.41,623.1
2024-09-11T13:00:00Z,7.71,415.65
2024-09-11T14:00:00Z,7.98,180.57
2024-09-11T15:00:00Z,8.19,12.15
2024-09-11T16:00:00Z,7.75,0.0
2024-09-11T17:00:00Z,7.69,0.0
2024-09-11T18:00:00Z,7.81,0.0
2024-09-11T19:00:00Z,7.96,0.0
2024-09-11T20:00:00Z,7.94,0.0
2024-09-11T21:00:00Z,7.92,0.0
2024-09-11T22:00:00Z,7.99,0.0
2024-09-11T23:00:00Z,8.2,0.0
2024-09-12T00:00:00Z,8.68,0.0
2024-09-12T01:00:00Z,8.68,0.0
2024-09-12T02:00:00Z,8.62,0.0
2024-09-12T03:00:00Z,8.66,12.5
2024-09-12T04:00:00Z,10.67,186.48
2024-09-12T05:00:00Z,11.27,441.42
2024-09-12T06:00:00Z,10.84,677.35
2024-09-12T07:00:00Z,10.06,862.85
2024-09-12T08:00:00Z,9.23,973.28
2024-09-12T09:00:00Z,8.37,1009.65
2024-09-12T10:00:00Z,7.66,969.97
2024-09-12T11:00:00Z,7.31,840.33
2024-09-12T12:00:00Z,7.42,660.95
2024-09-12T13:00:00Z,7.85,429.23
2024-09-12T14:00:00Z,8.41,185.27
2024-09-12T15:00:00Z,8.65,12.12
2024-09-12T16:00:00Z,8.45,0.0
2024-09-12T17:00:00Z,7.76,0.0
2024-09-12T18:00:00Z,7.9,0.0
2024-09-12T19:00:00Z,8.18,0.0
2024-09-12T20:00:00Z,8.34,0.0
2024-09-12T21:00:00Z,8.53,0.0
2024-09-12T22:00:00Z,8.8,0.0
2024-09-12T23:00:00Z,10.43,0.0
2024-09-13T00:00:00Z,10.5,0.0
2024-09-13T01:00:00Z,9.7,0.0
2024-09-13T02:00:00Z,9.23,0.0
2024-09-13T03:00:00Z,8.98,12.3
2024-09-13T04:00:00Z,9.45,182.32
2024-09-13T05:00:00Z,9.27,434.98
2024-09-13T06:00:00Z,8.72,670.42
2024-09-13T07:00:00Z,8.08,855.33
2024-09-13T08:00:00Z,7.51,967.58
2024-09-13T09:00:00Z,7.14,1004.45
2024-09-13T10:00:00Z,7.09,876.83
2024-09-13T11:00:00Z,7.38,832.28
2024-09-13T12:00:00Z,7.88,649.03
2024-09-13T13:00:00Z,8.44,420.45
2024-09-13T14:00:00Z,8.91,177.68
2024-09-13T15:00:00Z,9.03,11.75
2024-09-13T16:00:00Z,8.1,0.0
2024-09-13T17:00:00Z,7.52,0.0
2024-09-13T18:00:00Z,7.62,0.0
2024-09-13T19:00:00Z,7.6,0.0
2024-09-13T20:00:00Z,7.47,0.0
2024-09-13T21:00:00Z,7.49,0.0
2024-09-13T22:00:00Z,7.57,0.0
2024-09-13T23:00:00Z,7.49,0.0
2024-09-14T00:00:00Z,7.52,0.0
2024-09-14T01:00:00Z,7.37,0.0
2024-09-14T02:00:00Z,7.24,0.0
2024-09-14T03:00:00Z,7.31,12.55
2024-09-14T04:00:00Z,9.13,181.77
2024-09-14T05:00:00Z,9.34,425.15
2024-09-14T06:00:00Z,8.71,654.35
2024-09-14T07:00:00Z,8.05,855.9
2024-09-14T08:00:00Z,7.55,962.35
2024-09-14T09:00:00Z,7.07,979.55
2024-09-14T10:00:00Z,6.85,871.53
2024-09-14T11:00:00Z,7.02,797.5
2024-09-14T12:00:00Z,7.49,616.08
2024-09-14T13:00:00Z,8.18,406.73
2024-09-14T14:00:00Z,8.9,173.75
2024-09-14T15:00:00Z,9.2,11.52
2024-09-14T16:00:00Z,9.21,0.0
2024-09-14T17:00:00Z,8.65,0.0
2024-09-14T18:00:00Z,8.64,0.0
2024-09-14T19:00:00Z,8.83,0.0
2024-09-14T20:00:00Z,9.14,0.0
2024-09-14T21:00:00Z,9.64,0.0
2024-09-14T22:00:00Z,10.09,0.0
2024-09-14T23:00:00Z,10.41,0.0
2024-09-15T00:00:00Z,11.01,0.0
2024-09-15T01:00:00Z,10.42,0.0
2024-09-15T02:00:00Z,9.83,0.0
2024-09-15T03:00:00Z,9.48,12.98
2024-09-15T04:00:00Z,10.42,189.18
2024-09-15T05:00:00Z,10.34,443.98
2024-09-15T06:00:00Z,9.57,678.05
2024-09-15T07:00:00Z,8.53,862.42
2024-09-15T08:00:00Z,7.48,971.85
2024-09-15T09:00:00Z,6.55,1021.15
2024-09-15T10:00:00Z,6.01,963.62
2024-09-15T11:00:00Z,5.94,857.35
2024-09-15T12:00:00Z,6.25,670.8
2024-09-15T13:00:00Z,6.84,434.0
2024-09-15T14:00:00Z,7.43,182.62
2024-09-15T15:00:00Z,7.7,11.2
2024-09-15T16:00:00Z,7.51,0.0
2024-09-15T17:00:00Z,6.89,0.0
2024-09-15T18:00:00Z,7.04,0.0
2024-09-15T19:00:00Z,7.32,0.0
2024-09-15T20:00:00Z,7.59,0.0
2024-09-15T21:00:00Z,8.22,0.0
2024-09-15T22:00:00Z,8.9,0.0
2024-09-15T23:00:00Z,9.13,0.0
2024-09-16T00:00:00Z,9.07,0.0
2024-09-16T01:00:00Z,9.77,0.0
2024-09-16T02:00:00Z,9.71,0.0
2024-09-16T03:00:00Z,9.53,13.38
2024-09-16T04:00:00Z,10.68,189.6
2024-09-16T05:00:00Z,11.01,446.15
2024-09-16T06:00:00Z,10.92,681.8
2024-09-16T07:00:00Z,10.41,867.45
2024-09-16T08:00:00Z,9.6,979.4
2024-09-16T09:00:00Z,8.84,1013.0
2024-09-16T10:00:00Z,8.41,966.22
2024-09-16T11:00:00Z,8.32,823.22
2024-09-16T12:00:00Z,8.49,653.45
2024-09-16T13:00:00Z,8.87,419.33
2024-09-16T14:00:00Z,9.2,178.27
2024-09-16T15:00:00Z,9.02,10.7
2024-09-16T16:00:00Z,8.36,0.0
2024-09-16T17:00:00Z,7.64,0.0
2024-09-16T18:00:00Z,7.76,0.0
2024-09-16T19:00:00Z,8.0,0.0
2024-09-16T20:00:00Z,8.1,0.0
2024-09-16T21:00:00Z,8.17,0.0
2024-09-16T22:00:00Z,8.31,0.0
2024-09-16T23:00:00Z,8.46,0.0
2024-09-17T00:00:00Z,8.34,0.0
2024-09-17T01:00:00Z,8.02,0.0
2024-09-17T02:00:00Z,7.67,0.0
2024-09-17T03:00:00Z,7.52,13.95
2024-09-17T04:00:00Z,9.85,195.02
2024-09-17T05:00:00Z,11.29,452.0
2024-09-17T06:00:00Z,11.23,687.6
2024-09-17T07:00:00Z,10.69,873.4
2024-09-17T08:00:00Z,10.11,982.95
2024-09-17T09:00:00Z,9.43,978.08
2024-09-17T10:00:00Z,8.87,934.62
2024-09-17T11:00:00Z,8.55,773.85
2024-09-17T12:00:00Z,8.5,605.15
2024-09-17T13:00:00Z,8.62,370.5
2024-09-17T14:00:00Z,8.83,146.57
2024-09-17T15:00:00Z,8.79,8.95
2024-09-17T16:00:00Z,8.87,0.0
2024-09-17T17:00:00Z,8.46,0.0
2024-09-17T18:00:00Z,8.03,0.0
2024-09-17T19:00:00Z,8.37,0.0
2024-09-17T20:00:00Z,8.42,0.0
2024-09-17T21:00:00Z,8.48,0.0
2024-09-17T22:00:00Z,8.98,0.0
2024-09-17T23:00:00Z,10.31,0.0
2024-09-18T00:00:00Z,10.55,0.0
2024-09-18T01:00:00Z,9.78,0.0
2024-09-18T02:00:00Z,9.28,0.0
2024-09-18T03:00:00Z,8.93,12.55
2024-09-18T04:00:00Z,10.08,172.62
2024-09-18T05:00:00Z,10.31,419.8
2024-09-18T06:00:00Z,9.51,656.88
2024-09-18T07:00:00Z,8.34,844.15
2024-09-18T08:00:00Z,7.22,961.1
2024-09-18T09:00:00Z,6.37,1004.6
2024-09-18T10:00:00Z,5.84,875.92
2024-09-18T11:00:00Z,5.66,806.95
2024-09-18T12:00:00Z,5.8,619.3
2024-09-18T13:00:00Z,6.04,398.58
2024-09-18T14:00:00Z,6.35,163.95
2024-09-18T15:00:00Z,6.71,9.68
2024-09-18T16:00:00Z,6.94,0.0
2024-09-18T17:00:00Z,6.74,0.0
2024-09-18T18:00:00Z,6.76,0.0
2024-09-18T19:00:00Z,7.31,0.0
2024-09-18T20:00:00Z,7.81,0.0
2024-09-18T21:00:00Z,7.87,0.0
2024-09-18T22:00:00Z,8.44,0.0
2024-09-18T23:00:00Z,8.93,0.0
2024-09-19T00:00:00Z,8.98,0.0
2024-09-19T01:00:00Z,8.58,0.0
2024-09-19T02:00:00Z,7.93,0.0
2024-09-19T03:00:00Z,7.6,14.35
2024-09-19T04:00:00Z,8.62,193.57
2024-09-19T05:00:00Z,9.2,448.75
2024-09-19T06:00:00Z,8.45,685.17
2024-09-19T07:00:00Z,7.66,870.03
2024-09-19T08:00:00Z,7.0,981.75
2024-09-19T09:00:00Z,6.39,1031.22
2024-09-19T10:00:00Z,5.97,975.92
2024-09-19T11:00:00Z,5.79,860.25
2024-09-19T12:00:00Z,5.68,663.03
2024-09-19T13:00:00Z,5.67,426.27
2024-09-19T14:00:00Z,5.78,177.85
2024-09-19T15:00:00Z,5.94,10.23
2024-09-19T16:00:00Z,6.24,0.0
2024-09-19T17:00:00Z,6.7,0.0
2024-09-19T18:00:00Z,7.16,0.0
2024-09-19T19:00:00Z,7.37,0.0
2024-09-19T20:00:00Z,7.47,0.0
2024-09-19T21:00:00Z,7.53,0.0
2024-09-19T22:00:00Z,7.4,0.0
2024-09-19T23:00:00Z,7.59,0.0
2024-09-20T00:00:00Z,8.09,0.0
2024-09-20T01:00:00Z,8.14,0.0
2024-09-20T02:00:00Z,7.99,0.0
2024-09-20T03:00:00Z,7.83,14.55
2024-09-20T04:00:00Z,9.17,188.52
2024-09-20T05:00:00Z,9.94,417.1
2024-09-20T06:00:00Z,9.08,633.03
2024-09-20T07:00:00Z,8.31,816.05
2024-09-20T08:00:00Z,7.86,949.67
2024-09-20T09:00:00Z,7.41,948.78
2024-09-20T10:00:00Z,7.05,861.47
2024-09-20T11:00:00Z,6.88,760.75
2024-09-20T12:00:00Z,6.82,590.62
2024-09-20T13:00:00Z,6.83,362.05
2024-09-20T14:00:00Z,6.96,151.55
2024-09-20T15:00:00Z,6.83,9.5
2024-09-20T16:00:00Z,6.91,0.0
2024-09-20T17:00:00Z,6.81,0.0
2024-09-20T18:00:00Z,6.9,0.0
2024-09-20T19:00:00Z,6.98,0.0
2024-09-20T20:00:00Z,7.0,0.0
2024-09-20T21:00:00Z,6.76,0.0
2024-09-20T22:00:00Z,6.54,0.0
2024-09-20T23:00:00Z,6.48,0.0
2024-09-21T00:00:00Z,6.65,0.0
2024-09-21T01:00:00Z,6.56,0.0
2024-09-21T02:00:00Z,6.44,0.0
2024-09-21T03:00:00Z,6.04,15.55
2024-09-21T04:00:00Z,7.46,203.27
2024-09-21T05:00:00Z,8.15,461.77
2024-09-21T06:00:00Z,7.86,695.95
2024-09-21T07:00:00Z,7.43,877.55
2024-09-21T08:00:00Z,7.11,983.95
2024-09-21T09:00:00Z,6.88,962.17
2024-09-21T10:00:00Z,6.88,882.2
2024-09-21T11:00:00Z,7.08,706.92
2024-09-21T12:00:00Z,7.32,565.97
2024-09-21T13:00:00Z,7.56,359.62
2024-09-21T14:00:00Z,7.75,147.85
2024-09-21T15:00:00Z,7.64,8.27
2024-09-21T16:00:00Z,7.47,0.0
2024-09-21T17:00:00Z,7.25,0.0
2024-09-21T18:00:00Z,7.11,0.0
2024-09-21T19:00:00Z,7.07,0.0
2024-09-21T20:00:00Z,6.98,0.0
2024-09-21T21:00:00Z,6.81,0.0
2024-09-21T22:00:00Z,7.29,0.0
2024-09-21T23:00:00Z,8.01,0.0
2024-09-22T00:00:00Z,7.91,0.0
2024-09-22T01:00:00Z,7.52,0.0
2024-09-22T02:00:00Z,7.17,0.0
2024-09-22T03:00:00Z,7.42,14.4
2024-09-22T04:00:00Z,9.18,186.73
2024-09-22T05:00:00Z,9.79,436.4
2024-09-22T06:00:00Z,9.44,673.83
2024-09-22T07:00:00Z,8.93,856.53
2024-09-22T08:00:00Z,8.46,968.4
2024-09-22T09:00:00Z,8.03,998.85
2024-09-22T10:00:00Z,7.75,949.55
2024-09-22T11:00:00Z,7.67,814.45
2024-09-22T12:00:00Z,7.73,624.47
2024-09-22T13:00:00Z,7.96,391.83
2024-09-22T14:00:00Z,8.28,155.52
2024-09-22T15:00:00Z,8.29,8.3
2024-09-22T16:00:00Z,8.19,0.0
2024-09-22T17:00:00Z,7.78,0.0
2024-09-22T18:00:00Z,7.48,0.0
2024-09-22T19:00:00Z,7.86,0.0
2024-09-22T20:00:00Z,8.01,0.0
2024-09-22T21:00:00Z,8.25,0.0
2024-09-22T22:00:00Z,8.44,0.0
2024-09-22T23:00:00Z,8.77,0.0
2024-09-23T00:00:00Z,8.95,0.0
2024-09-23T01:00:00Z,8.39,0.0
2024-09-23T02:00:00Z,7.9,0.0
2024-09-23T03:00:00Z,7.77,14.25
2024-09-23T04:00:00Z,9.18,186.25
2024-09-23T05:00:00Z,10.16,432.12
2024-09-23T06:00:00Z,10.26,656.53
2024-09-23T07:00:00Z,9.87,837.97
2024-09-23T08:00:00Z,9.42,939.9
2024-09-23T09:00:00Z,9.02,958.58
2024-09-23T10:00:00Z,8.74,879.33
2024-09-23T11:00:00Z,8.74,776.3
2024-09-23T12:00:00Z,8.95,624.0
2024-09-23T13:00:00Z,9.3,400.08
2024-09-23T14:00:00Z,9.62,159.15
2024-09-23T15:00:00Z,9.41,8.35
2024-09-23T16:00:00Z,9.08,0.0
2024-09-23T17:00:00Z,8.4,0.0
2024-09-23T18:00:00Z,8.66,0.0
2024-09-23T19:00:00Z,8.88,0.0
2024-09-23T20:00:00Z,9.15,0.0
2024-09-23T21:00:00Z,9.68,0.0
2024-09-23T22:00:00Z,10.03,0.0
2024-09-23T23:00:00Z,10.0,0.0
2024-09-24T00:00:00Z,9.77,0.0
2024-09-24T01:00:00Z,9.27,0.0
2024-09-24T02:00:00Z,8.73,0.0
2024-09-24T03:00:00Z,9.01,15.0
2024-09-24T04:00:00Z,10.16,190.0
2024-09-24T05:00:00Z,10.85,445.6
2024-09-24T06:00:00Z,10.78,678.3
2024-09-24T07:00:00Z,10.3,861.58
2024-09-24T08:00:00Z,9.73,972.33
2024-09-24T09:00:00Z,9.17,1019.92
2024-09-24T10:00:00Z,8.72,957.08
2024-09-24T11:00:00Z,8.43,838.2
2024-09-24T12:00:00Z,8.36,646.0
2024-09-24T13:00:00Z,8.51,416.05
2024-09-24T14:00:00Z,8.73,169.35
2024-09-24T15:00:00Z,8.61,8.4
2024-09-24T16:00:00Z,8.28,0.0
2024-09-24T17:00:00Z,7.69,0.0
2024-09-24T18:00:00Z,7.92,0.0
2024-09-24T19:00:00Z,8.14,0.0
2024-09-24T20:00:00Z,8.31,0.0
2024-09-24T21:00:00Z,8.67,0.0
2024-09-24T22:00:00Z,8.95,0.0
2024-09-24T23:00:00Z,9.02,0.0
2024-09-25T00:00:00Z,9.08,0.0
2024-09-25T01:00:00Z,8.95,0.0
2024-09-25T02:00:00Z,9.61,0.0
2024-09-25T03:00:00Z,9.66,16.15
2024-09-25T04:00:00Z,10.66,201.5
2024-09-25T05:00:00Z,10.85,458.17
2024-09-25T06:00:00Z,10.06,693.0
2024-09-25T07:00:00Z,8.88,874.45
2024-09-25T08:00:00Z,7.79,984.7
2024-09-25T09:00:00Z,6.95,1018.92
2024-09-25T10:00:00Z,6.48,966.7
2024-09-25T11:00:00Z,6.44,839.28
2024-09-25T12:00:00Z,6.74,641.5
2024-09-25T13:00:00Z,7.27,404.1
2024-09-25T14:00:00Z,7.95,159.25
2024-09-25T15:00:00Z,8.24,7.72
2024-09-25T16:00:00Z,8.01,0.0
2024-09-25T17:00:00Z,7.08,0.0
2024-09-25T18:00:00Z,6.91,0.0
2024-09-25T19:00:00Z,7.21,0.0
2024-09-25T20:00:00Z,7.61,0.0
2024-09-25T21:00:00Z,8.06,0.0
2024-09-25T22:00:00Z,8.83,0.0
2024-09-25T23:00:00Z,9.84,0.0
2024-09-26T00:00:00Z,9.75,0.0
2024-09-26T01:00:00Z,9.63,0.0
2024-09-26T02:00:00Z,9.38,0.0
2024-09-26T03:00:00Z,9.24,15.88
2024-09-26T04:00:00Z,10.47,204.82
2024-09-26T05:00:00Z,10.42,463.15
2024-09-26T06:00:00Z,9.57,697.05
2024-09-26T07:00:00Z,8.38,879.38
2024-09-26T08:00:00Z,7.28,985.95
2024-09-26T09:00:00Z,6.4,1010.75
2024-09-26T10:00:00Z,5.88,955.75
2024-09-26T11:00:00Z,5.82,724.97
2024-09-26T12:00:00Z,6.14,635.15
2024-09-26T13:00:00Z,6.6,398.1
2024-09-26T14:00:00Z,7.07,153.43
2024-09-26T15:00:00Z,7.41,7.28
2024-09-26T16:00:00Z,7.36,0.0
2024-09-26T17:00:00Z,6.48,0.0
2024-09-26T18:00:00Z,6.08,0.0
2024-09-26T19:00:00Z,6.07,0.0
2024-09-26T20:00:00Z,6.12,0.0
2024-09-26T21:00:00Z,6.13,0.0
2024-09-26T22:00:00Z,6.58,0.0
2024-09-26T23:00:00Z,7.63,0.0
2024-09-27T00:00:00Z,8.04,0.0
2024-09-27T01:00:00Z,7.74,0.0
2024-09-27T02:00:00Z,7.62,0.0
2024-09-27T03:00:00Z,7.55,15.88
2024-09-27T04:00:00Z,8.89,195.18
2024-09-27T05:00:00Z,9.08,450.83
2024-09-27T06:00:00Z,8.34,686.05
2024-09-27T07:00:00Z,7.43,866.62
2024-09-27T08:00:00Z,6.64,975.15
2024-09-27T09:00:00Z,5.97,958.62
2024-09-27T10:00:00Z,5.47,896.45
2024-09-27T11:00:00Z,5.18,666.2
2024-09-27T12:00:00Z,5.12,606.08
2024-09-27T13:00:00Z,5.22,372.95
2024-09-27T14:00:00Z,5.38,137.43
2024-09-27T15:00:00Z,5.53,6.47
2024-09-27T16:00:00Z,5.61,0.0
2024-09-27T17:00:00Z,5.85,0.0
2024-09-27T18:00:00Z,6.2,0.0
2024-09-27T19:00:00Z,6.12,0.0
2024-09-27T20:00:00Z,6.34,0.0
2024-09-27T21:00:00Z,6.5,0.0
2024-09-27T22:00:00Z,6.78,0.0
2024-09-27T23:00:00Z,7.17,0.0
2024-09-28T00:00:00Z,7.56,0.0
2024-09-28T01:00:00Z,7.79,0.0
2024-09-28T02:00:00Z,7.79,0.0
2024-09-28T03:00:00Z,7.6,14.75
2024-09-28T04:00:00Z,8.75,180.12
2024-09-28T05:00:00Z,8.38,424.05
2024-09-28T06:00:00Z,6.91,657.4
2024-09-28T07:00:00Z,5.6,838.22
2024-09-28T08:00:00Z,4.81,950.4
2024-09-28T09:00:00Z,4.54,989.88
2024-09-28T10:00:00Z,4.44,942.67
2024-09-28T11:00:00Z,4.32,794.38
2024-09-28T12:00:00Z,4.29,622.55
2024-09-28T13:00:00Z,4.41,382.5
2024-09-28T14:00:00Z,4.66,141.9
2024-09-28T15:00:00Z,4.77,6.4
2024-09-28T16:00:00Z,4.93,0.0
2024-09-28T17:00:00Z,5.35,0.0
2024-09-28T18:00:00Z,6.06,0.0
2024-09-28T19:00:00Z,6.6,0.0
2024-09-28T20:00:00Z,6.98,0.0
2024-09-28T21:00:00Z,7.01,0.0
2024-09-28T22:00:00Z,7.07,0.0
2024-09-28T23:00:00Z,7.64,0.0
2024-09-29T00:00:00Z,7.33,0.0
2024-09-29T01:00:00Z,6.91,0.0
2024-09-29T02:00:00Z,6.23,0.0
2024-09-29T03:00:00Z,5.81,14.68
2024-09-29T04:00:00Z,6.64,165.23
2024-09-29T05:00:00Z,7.18,373.85
2024-09-29T06:00:00Z,6.55,574.15
2024-09-29T07:00:00Z,5.94,806.0
2024-09-29T08:00:00Z,5.53,938.83
2024-09-29T09:00:00Z,5.22,968.15
2024-09-29T10:00:00Z,5.09,812.47
2024-09-29T11:00:00Z,5.2,746.38
2024-09-29T12:00:00Z,5.42,571.15
2024-09-29T13:00:00Z,5.84,357.85
2024-09-29T14:00:00Z,6.29,137.15
2024-09-29T15:00:00Z,6.56,6.32
2024-09-29T16:00:00Z,6.44,0.0
2024-09-29T17:00:00Z,6.13,0.0
2024-09-29T18:00:00Z,5.94,0.0
2024-09-29T19:00:00Z,5.75,0.0
2024-09-29T20:00:00Z,5.64,0.0
2024-09-29T21:00:00Z,5.7,0.0
2024-09-29T22:00:00Z,5.74,0.0
2024-09-29T23:00:00Z,5.68,0.0
2024-09-30T00:00:00Z,5.87,0.0
2024-09-30T01:00:00Z,6.32,0.0
2024-09-30T02:00:00Z,6.21,0.0
2024-09-30T03:00:00Z,6.01,14.12
2024-09-30T04:00:00Z,7.04,171.27
2024-09-30T05:00:00Z,7.24,394.95
2024-09-30T06:00:00Z,6.58,614.95
2024-09-30T07:00:00Z,6.2,780.12
2024-09-30T08:00:00Z,6.09,799.42
2024-09-30T09:00:00Z,5.88,887.1
2024-09-30T10:00:00Z,5.65,767.88
2024-09-30T11:00:00Z,5.5,740.58
2024-09-30T12:00:00Z,5.45,545.1
2024-09-30T13:00:00Z,5.56,314.73
2024-09-30T14:00:00Z,5.78,111.55
2024-09-30T15:00:00Z,5.95,4.8
2024-09-30T16:00:00Z,6.02,0.0
2024-09-30T17:00:00Z,6.27,0.0
2024-09-30T18:00:00Z,6.44,0.0
2024-09-30T19:00:00Z,6.16,0.0
2024-09-30T20:00:00Z,5.81,0.0
2024-09-30T21:00:00Z,5.57,0.0
2024-09-30T22:00:00Z,5.29,0.0
2024-09-30T23:00:00Z,4.98,0.0
2024-10-01T00:00:00Z,4.69,0.0
2024-10-01T01:00:00Z,4.42,0.0
2024-10-01T02:00:00Z,4.28,0.0
2024-10-01T03:00:00Z,3.99,15.3
2024-10-01T04:00:00Z,5.13,162.57
2024-10-01T05:00:00Z,5.69,360.65
2024-10-01T06:00:00Z,5.48,569.65
2024-10-01T07:00:00Z,5.6,716.17
2024-10-01T08:00:00Z,5.94,751.08
2024-10-01T09:00:00Z,6.2,693.75
2024-10-01T10:00:00Z,6.5,787.33
2024-10-01T11:00:00Z,6.79,699.78
2024-10-01T12:00:00Z,7.03,564.58
2024-10-01T13:00:00Z,6.99,335.95
2024-10-01T14:00:00Z,6.48,125.6
2024-10-01T15:00:00Z,5.6,5.43
2024-10-01T16:00:00Z,4.79,0.0
2024-10-01T17:00:00Z,4.41,0.0
2024-10-01T18:00:00Z,4.29,0.0
2024-10-01T19:00:00Z,4.2,0.0
2024-10-01T20:00:00Z,4.26,0.0
2024-10-01T21:00:00Z,4.12,0.0
2024-10-01T22:00:00Z,4.15,0.0
2024-10-01T23:00:00Z,4.9,0.0
2024-10-02T00:00:00Z,6.12,0.0
2024-10-02T01:00:00Z,7.73,0.0
2024-10-02T02:00:00Z,8.52,0.0
2024-10-02T03:00:00Z,8.58,16.83
2024-10-02T04:00:00Z,9.65,194.3
2024-10-02T05:00:00Z,10.46,434.23
2024-10-02T06:00:00Z,10.84,670.1
2024-10-02T07:00:00Z,11.23,862.55
2024-10-02T08:00:00Z,11.69,968.35
2024-10-02T09:00:00Z,11.87,980.78
2024-10-02T10:00:00Z,11.78,927.4
2024-10-02T11:00:00Z,11.57,674.53
2024-10-02T12:00:00Z,11.34,595.0
2024-10-02T13:00:00Z,11.28,369.38
2024-10-02T14:00:00Z,11.35,133.9
2024-10-02T15:00:00Z,11.02,5.68
2024-10-02T16:00:00Z,10.46,0.0
2024-10-02T17:00:00Z,10.42,0.0
2024-10-02T18:00:00Z,10.11,0.0
2024-10-02T19:00:00Z,9.32,0.0
2024-10-02T20:00:00Z,9.25,0.0
2024-10-02T21:00:00Z,9.07,0.0
2024-10-02T22:00:00Z,9.05,0.0
2024-10-02T23:00:00Z,9.84,0.0
2024-10-03T00:00:00Z,10.87,0.0
2024-10-03T01:00:00Z,10.49,0.0
2024-10-03T02:00:00Z,10.09,0.0
2024-10-03T03:00:00Z,9.91,17.1
2024-10-03T04:00:00Z,10.99,196.32
2024-10-03T05:00:00Z,12.11,453.35
2024-10-03T06:00:00Z,12.04,692.33
2024-10-03T07:00:00Z,11.43,877.15
2024-10-03T08:00:00Z,10.86,982.58
2024-10-03T09:00:00Z,10.41,995.22
2024-10-03T10:00:00Z,10.06,927.85
2024-10-03T11:00:00Z,9.93,763.22
2024-10-03T12:00:00Z,9.94,589.78
2024-10-03T13:00:00Z,10.04,355.95
2024-10-03T14:00:00Z,10.26,134.4
2024-10-03T15:00:00Z,10.18,5.45
2024-10-03T16:00:00Z,10.09,0.0
2024-10-03T17:00:00Z,9.01,0.0
2024-10-03T18:00:00Z,7.91,0.0
2024-10-03T19:00:00Z,7.83,0.0
2024-10-03T20:00:00Z,7.98,0.0
2024-10-03T21:00:00Z,8.09,0.0
2024-10-03T22:00:00Z,8.29,0.0
2024-10-03T23:00:00Z,8.49,0.0
2024-10-04T00:00:00Z,8.47,0.0
2024-10-04T01:00:00Z,8.28,0.0
2024-10-04T02:00:00Z,7.86,0.0
2024-10-04T03:00:00Z,7.32,17.3
2024-10-04T04:00:00Z,8.66,193.98
2024-10-04T05:00:00Z,9.99,447.3
2024-10-04T06:00:00Z,9.6,682.97
2024-10-04T07:00:00Z,8.74,863.9
2024-10-04T08:00:00Z,8.01,972.85
2024-10-04T09:00:00Z,7.5,994.2
2024-10-04T10:00:00Z,7.35,791.5
2024-10-04T11:00:00Z,7.49,777.38
2024-10-04T12:00:00Z,7.75,573.3
2024-10-04T13:00:00Z,7.99,351.48
2024-10-04T14:00:00Z,8.17,134.6
2024-10-04T15:00:00Z,8.0,5.25
2024-10-04T16:00:00Z,7.74,0.0
2024-10-04T17:00:00Z,6.89,0.0
2024-10-04T18:00:00Z,6.83,0.0
2024-10-04T19:00:00Z,7.14,0.0
2024-10-04T20:00:00Z,7.54,0.0
2024-10-04T21:00:00Z,7.79,0.0
2024-10-04T22:00:00Z,7.95,0.0
2024-10-04T23:00:00Z,8.31,0.0
2024-10-05T00:00:00Z,9.02,0.0
2024-10-05T01:00:00Z,9.79,0.0
2024-10-05T02:00:00Z,9.88,0.0
2024-10-05T03:00:00Z,9.54,17.5
2024-10-05T04:00:00Z,10.03,195.5
2024-10-05T05:00:00Z,9.7,447.62
2024-10-05T06:00:00Z,8.92,679.9
2024-10-05T07:00:00Z,7.97,859.62
2024-10-05T08:00:00Z,7.15,961.85
2024-10-05T09:00:00Z,6.58,1000.28
2024-10-05T10:00:00Z,6.51,808.25
2024-10-05T11:00:00Z,6.88,797.9
2024-10-05T12:00:00Z,7.45,593.03
2024-10-05T13:00:00Z,8.1,363.88
2024-10-05T14:00:00Z,8.73,136.32
2024-10-05T15:00:00Z,8.88,5.25
2024-10-05T16:00:00Z,7.99,0.0
2024-10-05T17:00:00Z,6.94,0.0
2024-10-05T18:00:00Z,7.07,0.0
2024-10-05T19:00:00Z,7.46,0.0
2024-10-05T20:00:00Z,7.84,0.0
2024-10-05T21:00:00Z,9.46,0.0
2024-10-05T22:00:00Z,10.68,0.0
2024-10-05T23:00:00Z,10.77,0.0
2024-10-06T00:00:00Z,10.87,0.0
2024-10-06T01:00:00Z,11.0,0.0
2024-10-06T02:00:00Z,11.03,0.0
2024-10-06T03:00:00Z,10.64,18.33
2024-10-06T04:00:00Z,11.4,200.85
2024-10-06T05:00:00Z,11.26,434.6
2024-10-06T06:00:00Z,10.62,646.8
2024-10-06T07:00:00Z,9.45,824.58
2024-10-06T08:00:00Z,8.39,788.47
2024-10-06T09:00:00Z,7.89,713.55
2024-10-06T10:00:00Z,7.89,748.2
2024-10-06T11:00:00Z,8.07,542.9
2024-10-06T12:00:00Z,8.21,474.9
2024-10-06T13:00:00Z,8.29,309.12
2024-10-06T14:00:00Z,8.38,111.5
2024-10-06T15:00:00Z,8.27,4.25
2024-10-06T16:00:00Z,7.83,0.0
2024-10-06T17:00:00Z,7.56,0.0
2024-10-06T18:00:00Z,6.78,0.0
2024-10-06T19:00:00Z,6.54,0.0
2024-10-06T20:00:00Z,6.64,0.0
2024-10-06T21:00:00Z,6.87,0.0
2024-10-06T22:00:00Z,7.66,0.0
2024-10-06T23:00:00Z,9.51,0.0
2024-10-07T00:00:00Z,9.46,0.0
2024-10-07T01:00:00Z,8.98,0.0
2024-10-07T02:00:00Z,8.38,0.0
2024-10-07T03:00:00Z,7.93,18.55
2024-10-07T04:00:00Z,9.15,204.3
2024-10-07T05:00:00Z,10.1,454.17
2024-10-07T06:00:00Z,10.11,687.5
2024-10-07T07:00:00Z,9.7,867.83
2024-10-07T08:00:00Z,9.28,955.38
2024-10-07T09:00:00Z,8.93,890.53
2024-10-07T10:00:00Z,8.64,857.55
2024-10-07T11:00:00Z,8.46,774.92
2024-10-07T12:00:00Z,8.46,596.83
2024-10-07T13:00:00Z,8.52,378.92
2024-10-07T14:00:00Z,8.68,138.95
2024-10-07T15:00:00Z,8.62,5.0
2024-10-07T16:00:00Z,8.51,0.0
2024-10-07T17:00:00Z,7.87,0.0
2024-10-07T18:00:00Z,7.96,0.0
2024-10-07T19:00:00Z,8.08,0.0
2024-10-07T20:00:00Z,8.13,0.0
2024-10-07T21:00:00Z,7.92,0.0
2024-10-07T22:00:00Z,7.84,0.0
2024-10-07T23:00:00Z,7.93,0.0
2024-10-08T00:00:00Z,7.71,0.0
2024-10-08T01:00:00Z,7.38,0.0
2024-10-08T02:00:00Z,7.23,0.0
2024-10-08T03:00:00Z,7.35,20.23
2024-10-08T04:00:00Z,9.43,213.5
2024-10-08T05:00:00Z,10.54,470.5
2024-10-08T06:00:00Z,10.36,704.42
2024-10-08T07:00:00Z,10.09,879.9
2024-10-08T08:00:00Z,9.88,958.95
2024-10-08T09:00:00Z,9.56,962.58
2024-10-08T10:00:00Z,9.19,913.55
2024-10-08T11:00:00Z,8.89,758.0
2024-10-08T12:00:00Z,8.72,593.5
2024-10-08T13:00:00Z,8.67,368.33
2024-10-08T14:00:00Z,8.63,136.62
2024-10-08T15:00:00Z,8.31,4.78
2024-10-08T16:00:00Z,7.85,0.0
2024-10-08T17:00:00Z,6.89,0.0
2024-10-08T18:00:00Z,6.66,0.0
2024-10-08T19:00:00Z,6.68,0.0
2024-10-08T20:00:00Z,6.71,0.0
2024-10-08T21:00:00Z,6.67,0.0
2024-10-08T22:00:00Z,6.7,0.0
2024-10-08T23:00:00Z,7.05,0.0
2024-10-09T00:00:00Z,7.44,0.0
2024-10-09T01:00:00Z,7.35,0.0
2024-10-09T02:00:00Z,7.23,0.0
2024-10-09T03:00:00Z,7.04,18.92
2024-10-09T04:00:00Z,9.12,201.7
2024-10-09T05:00:00Z,10.2,454.58
2024-10-09T06:00:00Z,9.89,685.97
2024-10-09T07:00:00Z,9.39,859.85
2024-10-09T08:00:00Z,8.92,964.33
2024-10-09T09:00:00Z,8.54,969.47
2024-10-09T10:00:00Z,8.27,871.97
2024-10-09T11:00:00Z,8.1,782.25
2024-10-09T12:00:00Z,8.04,593.35
2024-10-09T13:00:00Z,8.15,369.1
2024-10-09T14:00:00Z,8.38,130.82
2024-10-09T15:00:00Z,8.1,4.43
2024-10-09T16:00:00Z,7.85,0.0
2024-10-09T17:00:00Z,7.2,0.0
2024-10-09T18:00:00Z,7.0,0.0
2024-10-09T19:00:00Z,6.96,0.0
2024-10-09T20:00:00Z,6.86,0.0
2024-10-09T21:00:00Z,6.98,0.0
2024-10-09T22:00:00Z,7.41,0.0
2024-10-09T23:00:00Z,7.77,0.0
2024-10-10T00:00:00Z,8.21,0.0
2024-10-10T01:00:00Z,8.52,0.0
2024-10-10T02:00:00Z,8.31,0.0
2024-10-10T03:00:00Z,8.31,19.15
2024-10-10T04:00:00Z,10.46,207.15
2024-10-10T05:00:00Z,11.25,460.33
2024-10-10T06:00:00Z,10.49,693.62
2024-10-10T07:00:00Z,9.18,871.5
2024-10-10T08:00:00Z,7.94,975.8
2024-10-10T09:00:00Z,7.04,996.58
2024-10-10T10:00:00Z,6.7,890.47
2024-10-10T11:00:00Z,6.84,735.03
2024-10-10T12:00:00Z,7.24,585.7
2024-10-10T13:00:00Z,7.69,364.88
2024-10-10T14:00:00Z,8.13,136.62
2024-10-10T15:00:00Z,8.24,4.47
2024-10-10T16:00:00Z,8.23,0.0
2024-10-10T17:00:00Z,7.78,0.0
2024-10-10T18:00:00Z,7.08,0.0
2024-10-10T19:00:00Z,7.27,0.0
2024-10-10T20:00:00Z,7.63,0.0
2024-10-10T21:00:00Z,8.01,0.0
2024-10-10T22:00:00Z,8.98,0.0
2024-10-10T23:00:00Z,10.01,0.0
2024-10-11T00:00:00Z,9.8,0.0
2024-10-11T01:00:00Z,9.35,0.0
2024-10-11T02:00:00Z,8.72,0.0
2024-10-11T03:00:00Z,8.45,20.95
2024-10-11T04:00:00Z,10.12,216.02
2024-10-11T05:00:00Z,10.99,474.2
2024-10-11T06:00:00Z,10.37,705.58
2024-10-11T07:00:00Z,9.13,883.28
2024-10-11T08:00:00Z,8.01,985.4
2024-10-11T09:00:00Z,7.29,1019.05
2024-10-11T10:00:00Z,7.11,960.55
2024-10-11T11:00:00Z,7.29,834.45
2024-10-11T12:00:00Z,7.72,640.78
2024-10-11T13:00:00Z,8.23,398.95
2024-10-11T14:00:00Z,8.69,148.9
2024-10-11T15:00:00Z,8.4,4.62
2024-10-11T16:00:00Z,8.14,0.0
2024-10-11T17:00:00Z,8.06,0.0
2024-10-11T18:00:00Z,7.98,0.0
2024-10-11T19:00:00Z,7.9,0.0
2024-10-11T20:00:00Z,8.03,0.0
2024-10-11T21:00:00Z,8.37,0.0
2024-10-11T22:00:00Z,9.04,0.0
2024-10-11T23:00:00Z,9.11,0.0
2024-10-12T00:00:00Z,8.95,0.0
2024-10-12T01:00:00Z,8.73,0.0
2024-10-12T02:00:00Z,8.4,0.0
2024-10-12T03:00:00Z,8.3,22.15
2024-10-12T04:00:00Z,9.89,222.3
2024-10-12T05:00:00Z,10.5,481.25
2024-10-12T06:00:00Z,10.05,712.03
2024-10-12T07:00:00Z,9.12,889.95
2024-10-12T08:00:00Z,8.2,990.4
2024-10-12T09:00:00Z,7.5,1011.0
2024-10-12T10:00:00Z,7.32,941.45
2024-10-12T11:00:00Z,7.67,803.75
2024-10-12T12:00:00Z,8.32,630.05
2024-10-12T13:00:00Z,9.09,389.52
2024-10-12T14:00:00Z,9.7,143.57
2024-10-12T15:00:00Z,9.61,4.38
2024-10-12T16:00:00Z,9.78,0.0
2024-10-12T17:00:00Z,9.73,0.0
2024-10-12T18:00:00Z,9.28,0.0
2024-10-12T19:00:00Z,9.4,0.0
2024-10-12T20:00:00Z,9.8,0.0
2024-10-12T21:00:00Z,10.63,0.0
2024-10-12T22:00:00Z,11.85,0.0
2024-10-12T23:00:00Z,10.92,0.0
2024-10-13T00:00:00Z,10.3,0.0
2024-10-13T01:00:00Z,9.96,0.0
2024-10-13T02:00:00Z,9.85,0.0
2024-10-13T03:00:00Z,9.7,22.2
2024-10-13T04:00:00Z,10.38,223.25
2024-10-13T05:00:00Z,10.36,479.77
2024-10-13T06:00:00Z,9.64,710.42
2024-10-13T07:00:00Z,8.37,885.9
2024-10-13T08:00:00Z,7.16,986.1
2024-10-13T09:00:00Z,6.39,991.9
2024-10-13T10:00:00Z,6.15,907.1
2024-10-13T11:00:00Z,6.41,755.42
2024-10-13T12:00:00Z,6.94,604.5
2024-10-13T13:00:00Z,7.55,371.5
2024-10-13T14:00:00Z,8.15,133.88
2024-10-13T15:00:00Z,8.3,4.05
2024-10-13T16:00:00Z,8.08,0.0
2024-10-13T17:00:00Z,7.13,0.0
2024-10-13T18:00:00Z,6.95,0.0
2024-10-13T19:00:00Z,7.14,0.0
2024-10-13T20:00:00Z,7.31,0.0
2024-10-13T21:00:00Z,7.37,0.0
2024-10-13T22:00:00Z,7.59,0.0
2024-10-13T23:00:00Z,7.64,0.0
2024-10-14T00:00:00Z,7.65,0.0
2024-10-14T01:00:00Z,8.02,0.0
2024-10-14T02:00:00Z,7.56,0.0
2024-10-14T03:00:00Z,7.33,21.95
2024-10-14T04:00:00Z,8.99,218.75
2024-10-14T05:00:00Z,9.36,474.98
2024-10-14T06:00:00Z,8.39,704.42
2024-10-14T07:00:00Z,7.31,876.67
2024-10-14T08:00:00Z,6.45,979.7
2024-10-14T09:00:00Z,5.91,994.17
2024-10-14T10:00:00Z,5.75,936.88
2024-10-14T11:00:00Z,5.85,737.42
2024-10-14T12:00:00Z,6.04,608.83
2024-10-14T13:00:00Z,6.3,374.12
2024-10-14T14:00:00Z,6.6,130.38
2024-10-14T15:00:00Z,6.79,3.88
2024-10-14T16:00:00Z,6.7,0.0
2024-10-14T17:00:00Z,6.43,0.0
2024-10-14T18:00:00Z,6.12,0.0
2024-10-14T19:00:00Z,5.81,0.0
2024-10-14T20:00:00Z,5.59,0.0
2024-10-14T21:00:00Z,5.5,0.0
2024-10-14T22:00:00Z,5.65,0.0
2024-10-14T23:00:00Z,6.11,0.0
2024-10-15T00:00:00Z,6.82,0.0
2024-10-15T01:00:00Z,8.81,0.0
2024-10-15T02:00:00Z,8.71,0.0
2024-10-15T03:00:00Z,8.57,20.75
2024-10-15T04:00:00Z,8.72,208.5
2024-10-15T05:00:00Z,8.8,452.02
2024-10-15T06:00:00Z,8.58,689.67
2024-10-15T07:00:00Z,7.79,867.42
2024-10-15T08:00:00Z,6.65,968.45
2024-10-15T09:00:00Z,5.62,982.55
2024-10-15T10:00:00Z,5.01,894.17
2024-10-15T11:00:00Z,4.84,779.72
2024-10-15T12:00:00Z,4.9,587.03
2024-10-15T13:00:00Z,5.17,352.9
2024-10-15T14:00:00Z,5.6,125.1
2024-10-15T15:00:00Z,5.97,3.65
2024-10-15T16:00:00Z,6.23,0.0
2024-10-15T17:00:00Z,6.11,0.0
2024-10-15T18:00:00Z,5.75,0.0
2024-10-15T19:00:00Z,5.47,0.0
2024-10-15T20:00:00Z,5.42,0.0
2024-10-15T21:00:00Z,5.67,0.0
2024-10-15T22:00:00Z,5.82,0.0
2024-10-15T23:00:00Z,5.72,0.0
2024-10-16T00:00:00Z,5.63,0.0
2024-10-16T01:00:00Z,6.05,0.0
2024-10-16T02:00:00Z,5.7,0.0
2024-10-16T03:00:00Z,5.22,20.6
2024-10-16T04:00:00Z,6.21,206.1
2024-10-16T05:00:00Z,6.71,455.27
2024-10-16T06:00:00Z,6.25,682.35
2024-10-16T07:00:00Z,5.6,847.6
2024-10-16T08:00:00Z,5.29,902.08
2024-10-16T09:00:00Z,5.15,885.08
2024-10-16T10:00:00Z,4.93,775.12
2024-10-16T11:00:00Z,4.46,609.25
2024-10-16T12:00:00Z,3.79,462.33
2024-10-16T13:00:00Z,3.14,264.02
2024-10-16T14:00:00Z,2.57,87.85
2024-10-16T15:00:00Z,2.26,2.65
2024-10-16T16:00:00Z,2.05,0.0
2024-10-16T17:00:00Z,1.84,0.0
2024-10-16T18:00:00Z,1.69,0.0
2024-10-16T19:00:00Z,1.46,0.0
2024-10-16T20:00:00Z,1.09,0.0
2024-10-16T21:00:00Z,0.63,0.0
2024-10-16T22:00:00Z,0.5,0.0
2024-10-16T23:00:00Z,0.78,0.0
2024-10-17T00:00:00Z,1.31,0.0
2024-10-17T01:00:00Z,1.95,0.0
2024-10-17T02:00:00Z,2.24,0.0
2024-10-17T03:00:00Z,2.31,20.12
2024-10-17T04:00:00Z,2.59,196.55
2024-10-17T05:00:00Z,3.14,407.3
2024-10-17T06:00:00Z,3.51,641.78
2024-10-17T07:00:00Z,3.82,815.55
2024-10-17T08:00:00Z,3.82,900.17
2024-10-17T09:00:00Z,3.43,783.75
2024-10-17T10:00:00Z,3.07,495.3
2024-10-17T11:00:00Z,3.12,544.17
2024-10-17T12:00:00Z,3.5,355.85
2024-10-17T13:00:00Z,3.84,251.82
2024-10-17T14:00:00Z,3.96,94.62
2024-10-17T15:00:00Z,4.07,3.2
2024-10-17T16:00:00Z,4.2,0.0
2024-10-17T17:00:00Z,4.03,0.0
2024-10-17T18:00:00Z,3.76,0.0
2024-10-17T19:00:00Z,3.72,0.0
2024-10-17T20:00:00Z,3.8,0.0
2024-10-17T21:00:00Z,3.25,0.0
2024-10-17T22:00:00Z,2.02,0.0
2024-10-17T23:00:00Z,0.9,0.0
2024-10-18T00:00:00Z,0.94,0.0
2024-10-18T01:00:00Z,1.22,0.0
2024-10-18T02:00:00Z,1.45,0.0
2024-10-18T03:00:00Z,1.95,20.73
2024-10-18T04:00:00Z,2.53,215.1
2024-10-18T05:00:00Z,2.51,457.67
2024-10-18T06:00:00Z,2.49,690.1
2024-10-18T07:00:00Z,2.56,868.42
2024-10-18T08:00:00Z,2.62,952.3
2024-10-18T09:00:00Z,2.67,951.22
2024-10-18T10:00:00Z,2.57,856.2
2024-10-18T11:00:00Z,2.36,716.67
2024-10-18T12:00:00Z,2.29,541.33
2024-10-18T13:00:00Z,2.48,304.08
2024-10-18T14:00:00Z,2.82,96.45
2024-10-18T15:00:00Z,3.19,2.38
2024-10-18T16:00:00Z,3.65,0.0
2024-10-18T17:00:00Z,3.91,0.0
2024-10-18T18:00:00Z,3.69,0.0
2024-10-18T19:00:00Z,3.22,0.0
2024-10-18T20:00:00Z,3.05,0.0
2024-10-18T21:00:00Z,3.14,0.0
2024-10-18T22:00:00Z,3.37,0.0
2024-10-18T23:00:00Z,3.66,0.0
2024-10-19T00:00:00Z,4.02,0.0
2024-10-19T01:00:00Z,4.39,0.0
2024-10-19T02:00:00Z,4.84,0.0
2024-10-19T03:00:00Z,5.16,21.77
2024-10-19T04:00:00Z,5.94,210.2
2024-10-19T05:00:00Z,6.77,447.17
2024-10-19T06:00:00Z,6.89,669.03
2024-10-19T07:00:00Z,6.6,773.78
2024-10-19T08:00:00Z,6.16,847.15
2024-10-19T09:00:00Z,5.73,884.3
2024-10-19T10:00:00Z,5.4,846.05
2024-10-19T11:00:00Z,5.35,697.8
2024-10-19T12:00:00Z,5.45,528.9
2024-10-19T13:00:00Z,5.78,322.65
2024-10-19T14:00:00Z,6.07,108.38
2024-10-19T15:00:00Z,5.99,3.0
2024-10-19T16:00:00Z,5.67,0.0
2024-10-19T17:00:00Z,5.42,0.0
2024-10-19T18:00:00Z,5.59,0.0
2024-10-19T19:00:00Z,6.09,0.0
2024-10-19T20:00:00Z,6.37,0.0
2024-10-19T21:00:00Z,5.97,0.0
2024-10-19T22:00:00Z,5.51,0.0
2024-10-19T23:00:00Z,5.27,0.0
2024-10-20T00:00:00Z,5.54,0.0
2024-10-20T01:00:00Z,6.15,0.0
2024-10-20T02:00:00Z,6.44,0.0
2024-10-20T03:00:00Z,6.4,20.48
2024-10-20T04:00:00Z,7.5,202.73
2024-10-20T05:00:00Z,8.49,446.45
2024-10-20T06:00:00Z,8.1,671.7
2024-10-20T07:00:00Z,7.8,852.03
2024-10-20T08:00:00Z,7.75,925.28
2024-10-20T09:00:00Z,7.76,918.05
2024-10-20T10:00:00Z,7.77,779.47
2024-10-20T11:00:00Z,7.71,698.72
2024-10-20T12:00:00Z,7.59,533.12
2024-10-20T13:00:00Z,7.56,329.95
2024-10-20T14:00:00Z,7.65,112.55
2024-10-20T15:00:00Z,7.48,3.03
2024-10-20T16:00:00Z,7.38,0.0
2024-10-20T17:00:00Z,6.85,0.0
2024-10-20T18:00:00Z,6.46,0.0
2024-10-20T19:00:00Z,6.37,0.0
2024-10-20T20:00:00Z,6.53,0.0
2024-10-20T21:00:00Z,6.81,0.0
2024-10-20T22:00:00Z,7.12,0.0
2024-10-20T23:00:00Z,6.86,0.0
2024-10-21T00:00:00Z,6.71,0.0
2024-10-21T01:00:00Z,7.05,0.0
2024-10-21T02:00:00Z,7.2,0.0
2024-10-21T03:00:00Z,7.13,15.3
2024-10-21T04:00:00Z,8.78,130.75
2024-10-21T05:00:00Z,9.5,271.9
2024-10-21T06:00:00Z,8.92,419.95
2024-10-21T07:00:00Z,8.36,593.42
2024-10-21T08:00:00Z,7.97,632.38
2024-10-21T09:00:00Z,7.69,632.28
2024-10-21T10:00:00Z,7.47,761.85
2024-10-21T11:00:00Z,7.38,619.92
2024-10-21T12:00:00Z,7.36,519.9
2024-10-21T13:00:00Z,7.38,328.98
2024-10-21T14:00:00Z,7.46,127.07
2024-10-21T15:00:00Z,7.32,0.0
2024-10-21T16:00:00Z,7.33,0.0
2024-10-21T17:00:00Z,7.15,0.0
2024-10-21T18:00:00Z,6.72,0.0
2024-10-21T19:00:00Z,6.51,0.0
2024-10-21T20:00:00Z,6.51,0.0
2024-10-21T21:00:00Z,6.59,0.0
2024-10-21T22:00:00Z,6.83,0.0
2024-10-21T23:00:00Z,7.16,0.0
2024-10-22T00:00:00Z,7.34,0.0
2024-10-22T01:00:00Z,7.27,0.0
2024-10-22T02:00:00Z,7.17,0.0
2024-10-22T03:00:00Z,6.95,20.35
2024-10-22T04:00:00Z,8.61,199.7
2024-10-22T05:00:00Z,9.9,432.75
2024-10-22T06:00:00Z,10.01,656.0
2024-10-22T07:00:00Z,9.95,829.55
2024-10-22T08:00:00Z,9.74,893.33
2024-10-22T09:00:00Z,9.41,899.67
2024-10-22T10:00:00Z,9.06,721.8
2024-10-22T11:00:00Z,8.92,621.97
2024-10-22T12:00:00Z,9.04,444.2
2024-10-22T13:00:00Z,9.32,278.48
2024-10-22T14:00:00Z,9.56,103.75
2024-10-22T15:00:00Z,9.33,0.0
2024-10-22T16:00:00Z,9.2,0.0
2024-10-22T17:00:00Z,8.74,0.0
2024-10-22T18:00:00Z,8.2,0.0
2024-10-22T19:00:00Z,8.03,0.0
2024-10-22T20:00:00Z,7.97,0.0
2024-10-22T21:00:00Z,8.05,0.0
2024-10-22T22:00:00Z,8.41,0.0
2024-10-22T23:00:00Z,8.92,0.0
2024-10-23T00:00:00Z,9.15,0.0
2024-10-23T01:00:00Z,10.02,0.0
2024-10-23T02:00:00Z,9.94,0.0
2024-10-23T03:00:00Z,9.95,19.02
2024-10-23T04:00:00Z,10.9,194.55
2024-10-23T05:00:00Z,11.53,418.52
2024-10-23T06:00:00Z,11.09,659.05
2024-10-23T07:00:00Z,9.94,835.33
2024-10-23T08:00:00Z,8.68,915.92
2024-10-23T09:00:00Z,7.73,922.58
2024-10-23T10:00:00Z,7.25,861.4
2024-10-23T11:00:00Z,7.18,737.85
2024-10-23T12:00:00Z,7.41,580.12
2024-10-23T13:00:00Z,7.67,347.67
2024-10-23T14:00:00Z,7.8,127.25
2024-10-23T15:00:00Z,7.5,0.0
2024-10-23T16:00:00Z,7.17,0.0
2024-10-23T17:00:00Z,7.27,0.0
2024-10-23T18:00:00Z,7.46,0.0
2024-10-23T19:00:00Z,7.91,0.0
2024-10-23T20:00:00Z,7.38,0.0
2024-10-23T21:00:00Z,6.68,0.0
2024-10-23T22:00:00Z,6.37,0.0
2024-10-23T23:00:00Z,6.26,0.0
2024-10-24T00:00:00Z,6.31,0.0
2024-10-24T01:00:00Z,6.34,0.0
2024-10-24T02:00:00Z,6.36,0.0
2024-10-24T03:00:00Z,6.24,22.65
2024-10-24T04:00:00Z,7.91,220.18
2024-10-24T05:00:00Z,8.85,474.17
2024-10-24T06:00:00Z,8.34,696.1
2024-10-24T07:00:00Z,7.7,879.4
2024-10-24T08:00:00Z,7.15,968.9
2024-10-24T09:00:00Z,6.79,944.35
2024-10-24T10:00:00Z,6.58,778.33
2024-10-24T11:00:00Z,6.51,669.28
2024-10-24T12:00:00Z,6.61,545.05
2024-10-24T13:00:00Z,6.85,347.12
2024-10-24T14:00:00Z,7.18,127.7
2024-10-24T15:00:00Z,7.27,0.0
2024-10-24T16:00:00Z,7.1,0.0
2024-10-24T17:00:00Z,6.79,0.0
2024-10-24T18:00:00Z,6.92,0.0
2024-10-24T19:00:00Z,6.97,0.0
2024-10-24T20:00:00Z,6.9,0.0
2024-10-24T21:00:00Z,6.81,0.0
2024-10-24T22:00:00Z,6.85,0.0
2024-10-24T23:00:00Z,7.05,0.0
2024-10-25T00:00:00Z,7.26,0.0
2024-10-25T01:00:00Z,7.21,0.0
2024-10-25T02:00:00Z,7.29,0.0
2024-10-25T03:00:00Z,7.29,23.62
2024-10-25T04:00:00Z,9.42,224.93
2024-10-25T05:00:00Z,10.31,478.2
2024-10-25T06:00:00Z,9.78,700.67
2024-10-25T07:00:00Z,9.16,871.12
2024-10-25T08:00:00Z,8.72,971.78
2024-10-25T09:00:00Z,8.39,981.35
2024-10-25T10:00:00Z,8.19,827.83
2024-10-25T11:00:00Z,8.17,764.5
2024-10-25T12:00:00Z,8.22,580.88
2024-10-25T13:00:00Z,8.29,351.15
2024-10-25T14:00:00Z,8.41,127.57
2024-10-25T15:00:00Z,8.22,0.0
2024-10-25T16:00:00Z,8.25,0.0
2024-10-25T17:00:00Z,7.54,0.0
2024-10-25T18:00:00Z,7.35,0.0
2024-10-25T19:00:00Z,7.54,0.0
2024-10-25T20:00:00Z,7.64,0.0
2024-10-25T21:00:00Z,7.49,0.0
2024-10-25T22:00:00Z,7.11,0.0
2024-10-25T23:00:00Z,6.8,0.0
2024-10-26T00:00:00Z,6.8,0.0
2024-10-26T01:00:00Z,6.83,0.0
2024-10-26T02:00:00Z,6.71,0.0
2024-10-26T03:00:00Z,6.57,21.35
2024-10-26T04:00:00Z,8.0,195.27
2024-10-26T05:00:00Z,9.04,426.15
2024-10-26T06:00:00Z,8.76,640.5
2024-10-26T07:00:00Z,8.44,810.22
2024-10-26T08:00:00Z,8.27,941.25
2024-10-26T09:00:00Z,8.17,979.03
2024-10-26T10:00:00Z,8.04,797.0
2024-10-26T11:00:00Z,7.9,749.2
2024-10-26T12:00:00Z,7.79,579.62
2024-10-26T13:00:00Z,7.75,351.7
2024-10-26T14:00:00Z,7.74,124.9
2024-10-26T15:00:00Z,7.45,0.0
2024-10-26T16:00:00Z,7.39,0.0
2024-10-26T17:00:00Z,7.55,0.0
2024-10-26T18:00:00Z,7.71,0.0
2024-10-26T19:00:00Z,8.02,0.0
2024-10-26T20:00:00Z,8.01,0.0
2024-10-26T21:00:00Z,7.79,0.0
2024-10-26T22:00:00Z,7.57,0.0
2024-10-26T23:00:00Z,7.24,0.0
2024-10-27T00:00:00Z,7.25,0.0
2024-10-27T01:00:00Z,7.32,0.0
2024-10-27T02:00:00Z,7.23,0.0
2024-10-27T03:00:00Z,7.07,21.7
2024-10-27T04:00:00Z,9.33,206.98
2024-10-27T05:00:00Z,10.55,431.92
2024-10-27T06:00:00Z,10.23,635.92
2024-10-27T07:00:00Z,9.67,807.45
2024-10-27T08:00:00Z,9.11,839.42
2024-10-27T09:00:00Z,8.59,830.8
2024-10-27T10:00:00Z,8.18,696.45
2024-10-27T11:00:00Z,7.91,632.62
2024-10-27T12:00:00Z,7.85,464.33
2024-10-27T13:00:00Z,7.94,268.1
2024-10-27T14:00:00Z,7.96,97.25
2024-10-27T15:00:00Z,7.54,0.0
2024-10-27T16:00:00Z,7.02,0.0
2024-10-27T17:00:00Z,6.86,0.0
2024-10-27T18:00:00Z,6.51,0.0
2024-10-27T19:00:00Z,6.17,0.0
2024-10-27T20:00:00Z,6.09,0.0
2024-10-27T21:00:00Z,6.05,0.0
2024-10-27T22:00:00Z,5.94,0.0
2024-10-27T23:00:00Z,5.87,0.0
2024-10-28T00:00:00Z,5.99,0.0
2024-10-28T01:00:00Z,6.37,0.0
2024-10-28T02:00:00Z,6.76,0.0
2024-10-28T03:00:00Z,6.78,22.4
2024-10-28T04:00:00Z,8.59,207.82
2024-10-28T05:00:00Z,9.53,432.3
2024-10-28T06:00:00Z,9.02,660.08
2024-10-28T07:00:00Z,8.35,786.88
2024-10-28T08:00:00Z,7.68,844.28
2024-10-28T09:00:00Z,7.16,831.8
2024-10-28T10:00:00Z,6.8,777.88
2024-10-28T11:00:00Z,6.55,659.72
2024-10-28T12:00:00Z,6.35,543.03
2024-10-28T13:00:00Z,6.19,340.8
2024-10-28T14:00:00Z,6.13,128.35
2024-10-28T15:00:00Z,6.08,0.0
2024-10-28T16:00:00Z,6.2,0.0
2024-10-28T17:00:00Z,6.37,0.0
2024-10-28T18:00:00Z,6.35,0.0
2024-10-28T19:00:00Z,6.02,0.0
2024-10-28T20:00:00Z,5.71,0.0
2024-10-28T21:00:00Z,5.3,0.0
2024-10-28T22:00:00Z,4.67,0.0
2024-10-28T23:00:00Z,4.19,0.0
2024-10-29T00:00:00Z,4.13,0.0
2024-10-29T01:00:00Z,4.55,0.0
2024-10-29T02:00:00Z,5.46,0.0
2024-10-29T03:00:00Z,6.58,23.15
2024-10-29T04:00:00Z,9.54,216.85
2024-10-29T05:00:00Z,10.76,452.17
2024-10-29T06:00:00Z,10.45,668.08
2024-10-29T07:00:00Z,9.84,858.9
2024-10-29T08:00:00Z,9.24,953.53
2024-10-29T09:00:00Z,8.66,948.05
2024-10-29T10:00:00Z,8.28,901.05
2024-10-29T11:00:00Z,8.07,684.5
2024-10-29T12:00:00Z,8.07,574.7
2024-10-29T13:00:00Z,8.17,365.88
2024-10-29T14:00:00Z,8.2,131.98
2024-10-29T15:00:00Z,8.02,0.0
2024-10-29T16:00:00Z,7.82,0.0
2024-10-29T17:00:00Z,7.65,0.0
2024-10-29T18:00:00Z,7.71,0.0
2024-10-29T19:00:00Z,7.66,0.0
2024-10-29T20:00:00Z,7.65,0.0
2024-10-29T21:00:00Z,7.37,0.0
2024-10-29T22:00:00Z,6.92,0.0
2024-10-29T23:00:00Z,6.64,0.0
2024-10-30T00:00:00Z,6.35,0.0
2024-10-30T01:00:00Z,6.24,0.0
2024-10-30T02:00:00Z,6.31,0.0
2024-10-30T03:00:00Z,6.56,26.08
2024-10-30T04:00:00Z,7.09,235.48
2024-10-30T05:00:00Z,8.85,488.62
2024-10-30T06:00:00Z,8.91,716.97
2024-10-30T07:00:00Z,8.57,883.42
2024-10-30T08:00:00Z,8.2,991.12
2024-10-30T09:00:00Z,7.8,1011.25
2024-10-30T10:00:00Z,7.49,946.4
2024-10-30T11:00:00Z,7.34,806.0
2024-10-30T12:00:00Z,7.41,614.28
2024-10-30T13:00:00Z,7.57,383.98
2024-10-30T14:00:00Z,7.68,143.48
2024-10-30T15:00:00Z,7.53,0.0
2024-10-30T16:00:00Z,7.73,0.0
2024-10-30T17:00:00Z,8.14,0.0
2024-10-30T18:00:00Z,8.49,0.0
2024-10-30T19:00:00Z,8.54,0.0
2024-10-30T20:00:00Z,8.16,0.0
2024-10-30T21:00:00Z,7.9,0.0
2024-10-30T22:00:00Z,7.58,0.0
2024-10-30T23:00:00Z,7.44,0.0
2024-10-31T00:00:00Z,7.51,0.0
2024-10-31T01:00:00Z,8.18,0.0
2024-10-31T02:00:00Z,8.51,0.0
2024-10-31T03:00:00Z,7.71,25.12
2024-10-31T04:00:00Z,8.9,233.6
2024-10-31T05:00:00Z,10.07,488.48
2024-10-31T06:00:00Z,9.63,711.55
2024-10-31T07:00:00Z,8.79,876.53
2024-10-31T08:00:00Z,7.99,973.03
2024-10-31T09:00:00Z,7.22,966.25
2024-10-31T10:00:00Z,6.66,851.15
2024-10-31T11:00:00Z,6.4,771.6
2024-10-31T12:00:00Z,6.28,598.3
2024-10-31T13:00:00Z,6.32,367.5
2024-10-31T14:00:00Z,6.42,138.35
2024-10-31T15:00:00Z,6.32,0.0
2024-10-31T16:00:00Z,6.42,0.0
2024-10-31T17:00:00Z,6.5,0.0
2024-10-31T18:00:00Z,6.63,0.0
2024-10-31T19:00:00Z,6.72,0.0
2024-10-31T20:00:00Z,6.87,0.0
2024-10-31T21:00:00Z,6.89,0.0
2024-10-31T22:00:00Z,6.7,0.0
2024-10-31T23:00:00Z,6.47,0.0
2024-11-01T00:00:00Z,7.1,0.0
2024-11-01T01:00:00Z,7.39,0.0
2024-11-01T02:00:00Z,7.17,0.0
2024-11-01T03:00:00Z,6.97,21.8
2024-11-01T04:00:00Z,8.97,193.32
2024-11-01T05:00:00Z,10.55,417.73
2024-11-01T06:00:00Z,10.32,601.12
2024-11-01T07:00:00Z,9.65,767.4
2024-11-01T08:00:00Z,9.04,869.3
2024-11-01T09:00:00Z,8.66,874.7
2024-11-01T10:00:00Z,8.41,747.92
2024-11-01T11:00:00Z,8.26,704.78
2024-11-01T12:00:00Z,8.25,534.72
2024-11-01T13:00:00Z,8.43,332.02
2024-11-01T14:00:00Z,8.7,122.82
2024-11-01T15:00:00Z,8.6,0.0
2024-11-01T16:00:00Z,8.53,0.0
2024-11-01T17:00:00Z,8.77,0.0
2024-11-01T18:00:00Z,7.69,0.0
2024-11-01T19:00:00Z,6.78,0.0
2024-11-01T20:00:00Z,6.42,0.0
2024-11-01T21:00:00Z,6.13,0.0
2024-11-01T22:00:00Z,5.9,0.0
2024-11-01T23:00:00Z,5.9,0.0
2024-11-02T00:00:00Z,7.01,0.0
2024-11-02T01:00:00Z,7.68,0.0
2024-11-02T02:00:00Z,7.44,0.0
2024-11-02T03:00:00Z,7.26,22.38
2024-11-02T04:00:00Z,9.21,219.55
2024-11-02T05:00:00Z,10.22,447.65
2024-11-02T06:00:00Z,10.1,686.88
2024-11-02T07:00:00Z,9.66,861.72
2024-11-02T08:00:00Z,9.2,906.95
2024-11-02T09:00:00Z,8.73,936.85
2024-11-02T10:00:00Z,8.33,711.33
2024-11-02T11:00:00Z,8.17,731.2
2024-11-02T12:00:00Z,8.22,553.67
2024-11-02T13:00:00Z,8.41,346.15
2024-11-02T14:00:00Z,8.54,128.7
2024-11-02T15:00:00Z,8.12,0.0
2024-11-02T16:00:00Z,7.66,0.0
2024-11-02T17:00:00Z,7.65,0.0
2024-11-02T18:00:00Z,7.42,0.0
2024-11-02T19:00:00Z,7.25,0.0
2024-11-02T20:00:00Z,7.44,0.0
2024-11-02T21:00:00Z,7.78,0.0
2024-11-02T22:00:00Z,7.52,0.0
2024-11-02T23:00:00Z,8.14,0.0
2024-11-03T00:00:00Z,7.73,0.0
2024-11-03T01:00:00Z,7.75,0.0
2024-11-03T02:00:00Z,7.64,0.0
2024-11-03T03:00:00Z,7.5,22.4
2024-11-03T04:00:00Z,9.09,213.43
2024-11-03T05:00:00Z,9.51,446.1
2024-11-03T06:00:00Z,8.73,659.33
2024-11-03T07:00:00Z,7.73,822.72
2024-11-03T08:00:00Z,7.08,858.4
2024-11-03T09:00:00Z,6.91,866.9
2024-11-03T10:00:00Z,7.04,793.35
2024-11-03T11:00:00Z,7.42,617.55
2024-11-03T12:00:00Z,8.11,516.8
2024-11-03T13:00:00Z,8.85,310.77
2024-11-03T14:00:00Z,9.17,117.28
2024-11-03T15:00:00Z,8.44,0.0
2024-11-03T16:00:00Z,7.45,0.0
2024-11-03T17:00:00Z,6.82,0.0
2024-11-03T18:00:00Z,6.24,0.0
2024-11-03T19:00:00Z,5.18,0.0
2024-11-03T20:00:00Z,4.48,0.0
2024-11-03T21:00:00Z,4.29,0.0
2024-11-03T22:00:00Z,4.21,0.0
2024-11-03T23:00:00Z,4.24,0.0
2024-11-04T00:00:00Z,4.42,0.0
2024-11-04T01:00:00Z,4.82,0.0
2024-11-04T02:00:00Z,5.19,0.0
2024-11-04T03:00:00Z,5.13,21.77
2024-11-04T04:00:00Z,7.3,209.3
2024-11-04T05:00:00Z,8.88,439.42
2024-11-04T06:00:00Z,8.78,667.28
2024-11-04T07:00:00Z,8.3,832.3
2024-11-04T08:00:00Z,7.68,863.25
2024-11-04T09:00:00Z,7.04,787.42
2024-11-04T10:00:00Z,6.66,696.95
2024-11-04T11:00:00Z,6.48,596.08
2024-11-04T12:00:00Z,6.57,460.75
2024-11-04T13:00:00Z,6.89,277.75
2024-11-04T14:00:00Z,7.33,103.62
2024-11-04T15:00:00Z,7.51,0.0
2024-11-04T16:00:00Z,7.13,0.0
2024-11-04T17:00:00Z,6.7,0.0
2024-11-04T18:00:00Z,6.48,0.0
2024-11-04T19:00:00Z,6.48,0.0
2024-11-04T20:00:00Z,6.3,0.0
2024-11-04T21:00:00Z,6.01,0.0
2024-11-04T22:00:00Z,5.82,0.0
2024-11-04T23:00:00Z,5.98,0.0
2024-11-05T00:00:00Z,6.01,0.0
2024-11-05T01:00:00Z,5.97,0.0
2024-11-05T02:00:00Z,5.86,0.0
2024-11-05T03:00:00Z,5.72,18.15
2024-11-05T04:00:00Z,7.28,144.6
2024-11-05T05:00:00Z,8.38,304.1
2024-11-05T06:00:00Z,8.43,450.55
2024-11-05T07:00:00Z,8.22,602.22
2024-11-05T08:00:00Z,7.93,725.55
2024-11-05T09:00:00Z,7.49,719.65
2024-11-05T10:00:00Z,7.07,573.2
2024-11-05T11:00:00Z,6.87,520.67
2024-11-05T12:00:00Z,6.81,399.02
2024-11-05T13:00:00Z,6.85,257.05
2024-11-05T14:00:00Z,6.86,96.38
2024-11-05T15:00:00Z,6.43,0.0
2024-11-05T16:00:00Z,5.64,0.0
2024-11-05T17:00:00Z,5.21,0.0
2024-11-05T18:00:00Z,5.01,0.0
2024-11-05T19:00:00Z,4.98,0.0
2024-11-05T20:00:00Z,4.98,0.0
2024-11-05T21:00:00Z,5.01,0.0
2024-11-05T22:00:00Z,4.99,0.0
2024-11-05T23:00:00Z,4.94,0.0
2024-11-06T00:00:00Z,4.91,0.0
2024-11-06T01:00:00Z,5.03,0.0
2024-11-06T02:00:00Z,5.28,0.0
2024-11-06T03:00:00Z,5.5,16.33
2024-11-06T04:00:00Z,7.23,129.85
2024-11-06T05:00:00Z,9.32,267.02
2024-11-06T06:00:00Z,9.71,403.75
2024-11-06T07:00:00Z,9.69,613.33
2024-11-06T08:00:00Z,9.52,766.0
2024-11-06T09:00:00Z,9.3,870.85
2024-11-06T10:00:00Z,9.16,776.83
2024-11-06T11:00:00Z,9.15,676.53
2024-11-06T12:00:00Z,9.21,521.1
2024-11-06T13:00:00Z,9.3,304.02
2024-11-06T14:00:00Z,9.29,109.3
2024-11-06T15:00:00Z,8.69,0.0
2024-11-06T16:00:00Z,7.87,0.0
2024-11-06T17:00:00Z,6.98,0.0
2024-11-06T18:00:00Z,6.78,0.0
2024-11-06T19:00:00Z,6.74,0.0
2024-11-06T20:00:00Z,6.66,0.0
2024-11-06T21:00:00Z,6.53,0.0
2024-11-06T22:00:00Z,6.36,0.0
2024-11-06T23:00:00Z,6.12,0.0
2024-11-07T00:00:00Z,5.94,0.0
2024-11-07T01:00:00Z,6.05,0.0
2024-11-07T02:00:00Z,6.24,0.0
2024-11-07T03:00:00Z,6.28,17.9
2024-11-07T04:00:00Z,8.49,154.82
2024-11-07T05:00:00Z,10.09,323.48
2024-11-07T06:00:00Z,10.02,500.77
2024-11-07T07:00:00Z,9.89,672.88
2024-11-07T08:00:00Z,9.77,796.3
2024-11-07T09:00:00Z,9.7,893.42
2024-11-07T10:00:00Z,9.73,774.47
2024-11-07T11:00:00Z,9.77,699.12
2024-11-07T12:00:00Z,9.89,494.2
2024-11-07T13:00:00Z,9.98,300.67
2024-11-07T14:00:00Z,9.86,113.93
2024-11-07T15:00:00Z,9.15,0.0
2024-11-07T16:00:00Z,8.62,0.0
2024-11-07T17:00:00Z,8.5,0.0
2024-11-07T18:00:00Z,8.28,0.0
2024-11-07T19:00:00Z,8.38,0.0
2024-11-07T20:00:00Z,8.33,0.0
2024-11-07T21:00:00Z,7.86,0.0
2024-11-07T22:00:00Z,7.51,0.0
2024-11-07T23:00:00Z,7.3,0.0
2024-11-08T00:00:00Z,6.95,0.0
2024-11-08T01:00:00Z,7.03,0.0
2024-11-08T02:00:00Z,7.49,0.0
2024-11-08T03:00:00Z,7.59,23.83
2024-11-08T04:00:00Z,9.75,223.98
2024-11-08T05:00:00Z,11.55,471.05
2024-11-08T06:00:00Z,11.3,694.92
2024-11-08T07:00:00Z,10.7,863.7
2024-11-08T08:00:00Z,10.15,949.4
2024-11-08T09:00:00Z,9.66,935.47
2024-11-08T10:00:00Z,9.2,861.4
2024-11-08T11:00:00Z,8.92,671.4
2024-11-08T12:00:00Z,8.8,537.58
2024-11-08T13:00:00Z,8.75,332.88
2024-11-08T14:00:00Z,8.74,124.85
2024-11-08T15:00:00Z,8.47,0.0
2024-11-08T16:00:00Z,8.33,0.0
2024-11-08T17:00:00Z,8.33,0.0
2024-11-08T18:00:00Z,8.17,0.0
2024-11-08T19:00:00Z,7.79,0.0
2024-11-08T20:00:00Z,7.56,0.0
2024-11-08T21:00:00Z,7.18,0.0
2024-11-08T22:00:00Z,6.46,0.0
2024-11-08T23:00:00Z,6.18,0.0
2024-11-09T00:00:00Z,6.01,0.0
2024-11-09T01:00:00Z,5.87,0.0
2024-11-09T02:00:00Z,5.96,0.0
2024-11-09T03:00:00Z,6.2,23.62
2024-11-09T04:00:00Z,8.12,223.73
2024-11-09T05:00:00Z,10.0,472.95
2024-11-09T06:00:00Z,9.96,696.83
2024-11-09T07:00:00Z,9.51,865.92
2024-11-09T08:00:00Z,8.99,948.42
2024-11-09T09:00:00Z,8.67,908.92
2024-11-09T10:00:00Z,8.54,813.05
2024-11-09T11:00:00Z,8.54,614.97
2024-11-09T12:00:00Z,8.72,444.88
2024-11-09T13:00:00Z,8.95,289.75
2024-11-09T14:00:00Z,9.09,111.95
2024-11-09T15:00:00Z,8.71,0.0
2024-11-09T16:00:00Z,8.39,0.0
2024-11-09T17:00:00Z,8.34,0.0
2024-11-09T18:00:00Z,8.28,0.0
2024-11-09T19:00:00Z,8.15,0.0
2024-11-09T20:00:00Z,7.77,0.0
2024-11-09T21:00:00Z,7.07,0.0
2024-11-09T22:00:00Z,6.74,0.0
2024-11-09T23:00:00Z,6.53,0.0
2024-11-10T00:00:00Z,6.35,0.0
2024-11-10T01:00:00Z,6.43,0.0
2024-11-10T02:00:00Z,6.57,0.0
2024-11-10T03:00:00Z,6.55,21.65
2024-11-10T04:00:00Z,8.3,207.88
2024-11-10T05:00:00Z,9.43,447.6
2024-11-10T06:00:00Z,9.27,656.47
2024-11-10T07:00:00Z,8.98,804.45
2024-11-10T08:00:00Z,8.63,848.25
2024-11-10T09:00:00Z,8.27,805.28
2024-11-10T10:00:00Z,8.0,646.95
2024-11-10T11:00:00Z,7.86,579.42
2024-11-10T12:00:00Z,7.89,437.6
2024-11-10T13:00:00Z,8.02,252.4
2024-11-10T14:00:00Z,8.19,93.62
2024-11-10T15:00:00Z,7.96,0.0
2024-11-10T16:00:00Z,7.55,0.0
2024-11-10T17:00:00Z,6.91,0.0
2024-11-10T18:00:00Z,6.26,0.0
2024-11-10T19:00:00Z,6.11,0.0
2024-11-10T20:00:00Z,5.95,0.0
2024-11-10T21:00:00Z,5.66,0.0
2024-11-10T22:00:00Z,5.23,0.0
2024-11-10T23:00:00Z,4.86,0.0
2024-11-11T00:00:00Z,5.1,0.0
2024-11-11T01:00:00Z,5.46,0.0
2024-11-11T02:00:00Z,6.01,0.0
2024-11-11T03:00:00Z,6.65,10.9
2024-11-11T04:00:00Z,8.02,101.53
2024-11-11T05:00:00Z,9.7,213.07
2024-11-11T06:00:00Z,10.61,352.05
2024-11-11T07:00:00Z,10.55,535.75
2024-11-11T08:00:00Z,9.53,729.4
2024-11-11T09:00:00Z,8.77,764.25
2024-11-11T10:00:00Z,8.34,600.25
2024-11-11T11:00:00Z,8.16,542.62
2024-11-11T12:00:00Z,7.97,437.52
2024-11-11T13:00:00Z,7.75,255.12
2024-11-11T14:00:00Z,7.32,95.85
2024-11-11T15:00:00Z,6.86,0.0
2024-11-11T16:00:00Z,6.6,0.0
2024-11-11T17:00:00Z,6.37,0.0
2024-11-11T18:00:00Z,6.54,0.0
2024-11-11T19:00:00Z,6.73,0.0
2024-11-11T20:00:00Z,6.73,0.0
2024-11-11T21:00:00Z,6.62,0.0
2024-11-11T22:00:00Z,6.55,0.0
2024-11-11T23:00:00Z,6.89,0.0
2024-11-12T00:00:00Z,6.79,0.0
2024-11-12T01:00:00Z,6.81,0.0
2024-11-12T02:00:00Z,6.79,0.0
2024-11-12T03:00:00Z,6.74,17.25
2024-11-12T04:00:00Z,7.63,177.77
2024-11-12T05:00:00Z,9.09,382.0
2024-11-12T06:00:00Z,8.9,594.47
2024-11-12T07:00:00Z,8.69,761.38
2024-11-12T08:00:00Z,8.57,871.2
2024-11-12T09:00:00Z,8.43,899.78
2024-11-12T10:00:00Z,8.33,805.53
2024-11-12T11:00:00Z,8.27,724.8
2024-11-12T12:00:00Z,8.15,559.55
2024-11-12T13:00:00Z,7.97,336.3
2024-11-12T14:00:00Z,7.65,124.18
2024-11-12T15:00:00Z,7.18,0.0
2024-11-12T16:00:00Z,6.95,0.0
2024-11-12T17:00:00Z,6.54,0.0
2024-11-12T18:00:00Z,6.43,0.0
2024-11-12T19:00:00Z,6.4,0.0
2024-11-12T20:00:00Z,6.44,0.0
2024-11-12T21:00:00Z,6.41,0.0
2024-11-12T22:00:00Z,6.33,0.0
2024-11-12T23:00:00Z,6.2,0.0
2024-11-13T00:00:00Z,6.01,0.0
2024-11-13T01:00:00Z,5.77,0.0
2024-11-13T02:00:00Z,5.54,0.0
2024-11-13T03:00:00Z,5.28,20.17
2024-11-13T04:00:00Z,6.19,203.38
2024-11-13T05:00:00Z,7.05,440.65
2024-11-13T06:00:00Z,6.44,652.15
2024-11-13T07:00:00Z,5.93,805.62
2024-11-13T08:00:00Z,5.66,840.2
2024-11-13T09:00:00Z,5.42,796.15
2024-11-13T10:00:00Z,5.2,701.53
2024-11-13T11:00:00Z,5.17,560.78
2024-11-13T12:00:00Z,5.52,433.05
2024-11-13T13:00:00Z,6.32,251.45
2024-11-13T14:00:00Z,7.11,87.3
2024-11-13T15:00:00Z,7.34,0.0
2024-11-13T16:00:00Z,6.8,0.0
2024-11-13T17:00:00Z,6.35,0.0
2024-11-13T18:00:00Z,5.31,0.0
2024-11-13T19:00:00Z,4.74,0.0
2024-11-13T20:00:00Z,5.17,0.0
2024-11-13T21:00:00Z,5.76,0.0
2024-11-13T22:00:00Z,5.86,0.0
2024-11-13T23:00:00Z,5.62,0.0
2024-11-14T00:00:00Z,5.31,0.0
2024-11-14T01:00:00Z,4.9,0.0
2024-11-14T02:00:00Z,4.53,0.0
2024-11-14T03:00:00Z,4.29,16.17
2024-11-14T04:00:00Z,4.46,183.9
2024-11-14T05:00:00Z,6.16,400.55
2024-11-14T06:00:00Z,6.49,628.47
2024-11-14T07:00:00Z,5.98,783.53
2024-11-14T08:00:00Z,5.54,870.8
2024-11-14T09:00:00Z,5.45,783.67
2024-11-14T10:00:00Z,5.73,699.12
2024-11-14T11:00:00Z,6.05,473.35
2024-11-14T12:00:00Z,6.21,440.02
2024-11-14T13:00:00Z,6.39,266.67
2024-11-14T14:00:00Z,6.58,97.65
2024-11-14T15:00:00Z,6.46,0.0
2024-11-14T16:00:00Z,6.33,0.0
2024-11-14T17:00:00Z,6.37,0.0
2024-11-14T18:00:00Z,6.21,0.0
2024-11-14T19:00:00Z,6.06,0.0
2024-11-14T20:00:00Z,6.04,0.0
2024-11-14T21:00:00Z,5.99,0.0
2024-11-14T22:00:00Z,5.98,0.0
2024-11-14T23:00:00Z,5.79,0.0
2024-11-15T00:00:00Z,5.81,0.0
2024-11-15T01:00:00Z,6.1,0.0
2024-11-15T02:00:00Z,6.58,0.0
2024-11-15T03:00:00Z,6.44,17.6
2024-11-15T04:00:00Z,8.06,173.35
2024-11-15T05:00:00Z,9.66,359.27
2024-11-15T06:00:00Z,10.33,550.1
2024-11-15T07:00:00Z,10.3,657.08
2024-11-15T08:00:00Z,10.04,813.05
2024-11-15T09:00:00Z,9.73,762.03
2024-11-15T10:00:00Z,9.38,688.65
2024-11-15T11:00:00Z,9.07,519.53
2024-11-15T12:00:00Z,8.83,423.48
2024-11-15T13:00:00Z,8.62,274.33
2024-11-15T14:00:00Z,8.44,103.25
2024-11-15T15:00:00Z,8.06,0.0
2024-11-15T16:00:00Z,8.02,0.0
2024-11-15T17:00:00Z,7.84,0.0
2024-11-15T18:00:00Z,7.38,0.0
2024-11-15T19:00:00Z,7.56,0.0
2024-11-15T20:00:00Z,7.72,0.0
2024-11-15T21:00:00Z,7.9,0.0
2024-11-15T22:00:00Z,7.76,0.0
2024-11-15T23:00:00Z,7.47,0.0
2024-11-16T00:00:00Z,7.22,0.0
2024-11-16T01:00:00Z,7.04,0.0
2024-11-16T02:00:00Z,6.9,0.0
2024-11-16T03:00:00Z,6.8,17.7
2024-11-16T04:00:00Z,8.03,178.73
2024-11-16T05:00:00Z,9.1,389.67
2024-11-16T06:00:00Z,9.2,602.03
2024-11-16T07:00:00Z,9.17,790.9
2024-11-16T08:00:00Z,8.84,872.75
2024-11-16T09:00:00Z,8.44,865.92
2024-11-16T10:00:00Z,8.04,750.6
2024-11-16T11:00:00Z,7.71,650.95
2024-11-16T12:00:00Z,7.54,459.8
2024-11-16T13:00:00Z,7.59,269.95
2024-11-16T14:00:00Z,7.79,101.38
2024-11-16T15:00:00Z,7.86,0.0
2024-11-16T16:00:00Z,8.2,0.0
2024-11-16T17:00:00Z,8.71,0.0
2024-11-16T18:00:00Z,9.25,0.0
2024-11-16T19:00:00Z,9.57,0.0
2024-11-16T20:00:00Z,9.54,0.0
2024-11-16T21:00:00Z,9.08,0.0
2024-11-16T22:00:00Z,8.46,0.0
2024-11-16T23:00:00Z,7.77,0.0
2024-11-17T00:00:00Z,7.41,0.0
2024-11-17T01:00:00Z,7.21,0.0
2024-11-17T02:00:00Z,7.12,0.0
2024-11-17T03:00:00Z,7.09,17.48
2024-11-17T04:00:00Z,7.38,176.23
2024-11-17T05:00:00Z,8.61,369.23
2024-11-17T06:00:00Z,8.88,587.6
2024-11-17T07:00:00Z,8.76,770.25
2024-11-17T08:00:00Z,8.5,884.5
2024-11-17T09:00:00Z,7.96,911.4
2024-11-17T10:00:00Z,7.44,808.72
2024-11-17T11:00:00Z,7.14,708.4
2024-11-17T12:00:00Z,7.04,532.72
2024-11-17T13:00:00Z,7.04,307.52
2024-11-17T14:00:00Z,6.99,112.28
2024-11-17T15:00:00Z,6.71,0.0
2024-11-17T16:00:00Z,6.98,0.0
2024-11-17T17:00:00Z,7.33,0.0
2024-11-17T18:00:00Z,7.66,0.0
2024-11-17T19:00:00Z,7.76,0.0
2024-11-17T20:00:00Z,7.34,0.0
2024-11-17T21:00:00Z,7.08,0.0
2024-11-17T22:00:00Z,6.76,0.0
2024-11-17T23:00:00Z,6.34,0.0
2024-11-18T00:00:00Z,6.03,0.0
2024-11-18T01:00:00Z,5.94,0.0
2024-11-18T02:00:00Z,6.02,0.0
2024-11-18T03:00:00Z,5.9,19.05
2024-11-18T04:00:00Z,6.41,198.73
2024-11-18T05:00:00Z,8.58,429.27
2024-11-18T06:00:00Z,8.52,651.55
2024-11-18T07:00:00Z,7.89,821.53
2024-11-18T08:00:00Z,7.12,908.88
2024-11-18T09:00:00Z,6.6,900.72
2024-11-18T10:00:00Z,6.4,692.08
2024-11-18T11:00:00Z,6.42,651.47
2024-11-18T12:00:00Z,6.61,465.52
2024-11-18T13:00:00Z,6.95,279.77
2024-11-18T14:00:00Z,7.42,103.28
2024-11-18T15:00:00Z,7.63,0.0
2024-11-18T16:00:00Z,7.74,0.0
2024-11-18T17:00:00Z,7.31,0.0
2024-11-18T18:00:00Z,7.66,0.0
2024-11-18T19:00:00Z,7.79,0.0
2024-11-18T20:00:00Z,7.65,0.0
2024-11-18T21:00:00Z,7.4,0.0
2024-11-18T22:00:00Z,7.22,0.0
2024-11-18T23:00:00Z,7.16,0.0
2024-11-19T00:00:00Z,6.83,0.0
2024-11-19T01:00:00Z,6.5,0.0
2024-11-19T02:00:00Z,6.3,0.0
2024-11-19T03:00:00Z,6.36,9.77
2024-11-19T04:00:00Z,7.4,102.35
2024-11-19T05:00:00Z,8.46,230.48
2024-11-19T06:00:00Z,8.52,369.6
2024-11-19T07:00:00Z,8.37,540.95
2024-11-19T08:00:00Z,8.23,641.0
2024-11-19T09:00:00Z,8.02,772.55
2024-11-19T10:00:00Z,7.87,641.75
2024-11-19T11:00:00Z,7.81,490.48
2024-11-19T12:00:00Z,7.83,390.48
2024-11-19T13:00:00Z,7.91,241.52
2024-11-19T14:00:00Z,8.04,91.72
2024-11-19T15:00:00Z,7.85,0.0
2024-11-19T16:00:00Z,7.65,0.0
2024-11-19T17:00:00Z,7.26,0.0
2024-11-19T18:00:00Z,6.85,0.0
2024-11-19T19:00:00Z,6.87,0.0
2024-11-19T20:00:00Z,6.9,0.0
2024-11-19T21:00:00Z,6.68,0.0
2024-11-19T22:00:00Z,6.53,0.0
2024-11-19T23:00:00Z,6.55,0.0
2024-11-20T00:00:00Z,6.55,0.0
2024-11-20T01:00:00Z,6.16,0.0
2024-11-20T02:00:00Z,5.83,0.0
2024-11-20T03:00:00Z,5.7,13.12
2024-11-20T04:00:00Z,6.95,113.12
2024-11-20T05:00:00Z,8.31,231.7
2024-11-20T06:00:00Z,8.05,374.2
2024-11-20T07:00:00Z,7.53,603.72
2024-11-20T08:00:00Z,7.11,706.22
2024-11-20T09:00:00Z,6.74,720.72
2024-11-20T10:00:00Z,6.39,706.15
2024-11-20T11:00:00Z,6.04,571.3
2024-11-20T12:00:00Z,5.84,426.38
2024-11-20T13:00:00Z,5.79,244.12
2024-11-20T14:00:00Z,5.87,93.93
2024-11-20T15:00:00Z,5.69,0.0
2024-11-20T16:00:00Z,5.74,0.0
2024-11-20T17:00:00Z,5.91,0.0
2024-11-20T18:00:00Z,5.91,0.0
2024-11-20T19:00:00Z,5.5,0.0
2024-11-20T20:00:00Z,5.32,0.0
2024-11-20T21:00:00Z,5.15,0.0
2024-11-20T22:00:00Z,4.93,0.0
2024-11-20T23:00:00Z,4.73,0.0
2024-11-21T00:00:00Z,5.19,0.0
2024-11-21T01:00:00Z,5.23,0.0
2024-11-21T02:00:00Z,5.01,0.0
2024-11-21T03:00:00Z,5.69,9.77
2024-11-21T04:00:00Z,6.12,96.97
2024-11-21T05:00:00Z,8.1,204.0
2024-11-21T06:00:00Z,8.49,322.33
2024-11-21T07:00:00Z,8.24,536.75
2024-11-21T08:00:00Z,7.81,738.38
2024-11-21T09:00:00Z,7.36,759.67
2024-11-21T10:00:00Z,7.01,680.33
2024-11-21T11:00:00Z,6.78,595.83
2024-11-21T12:00:00Z,6.63,452.73
2024-11-21T13:00:00Z,6.58,275.45
2024-11-21T14:00:00Z,6.56,106.75
2024-11-21T15:00:00Z,6.42,0.0
2024-11-21T16:00:00Z,6.51,0.0
2024-11-21T17:00:00Z,6.33,0.0
2024-11-21T18:00:00Z,6.4,0.0
2024-11-21T19:00:00Z,6.51,0.0
2024-11-21T20:00:00Z,6.39,0.0
2024-11-21T21:00:00Z,6.78,0.0
2024-11-21T22:00:00Z,8.3,0.0
2024-11-21T23:00:00Z,7.5,0.0
2024-11-22T00:00:00Z,6.18,0.0
2024-11-22T01:00:00Z,5.65,0.0
2024-11-22T02:00:00Z,5.44,0.0
2024-11-22T03:00:00Z,5.27,16.35
2024-11-22T04:00:00Z,6.46,176.98
2024-11-22T05:00:00Z,7.82,371.15
2024-11-22T06:00:00Z,7.92,573.03
2024-11-22T07:00:00Z,7.95,752.8
2024-11-22T08:00:00Z,7.93,807.4
2024-11-22T09:00:00Z,7.82,800.92
2024-11-22T10:00:00Z,7.78,708.5
2024-11-22T11:00:00Z,7.78,641.4
2024-11-22T12:00:00Z,7.62,462.35
2024-11-22T13:00:00Z,7.31,282.73
2024-11-22T14:00:00Z,6.99,106.1
2024-11-22T15:00:00Z,6.61,0.0
2024-11-22T16:00:00Z,6.64,0.0
2024-11-22T17:00:00Z,6.8,0.0
2024-11-22T18:00:00Z,6.7,0.0
2024-11-22T19:00:00Z,6.46,0.0
2024-11-22T20:00:00Z,6.24,0.0
2024-11-22T21:00:00Z,6.88,0.0
2024-11-22T22:00:00Z,7.17,0.0
2024-11-22T23:00:00Z,6.9,0.0
2024-11-23T00:00:00Z,6.76,0.0
2024-11-23T01:00:00Z,6.27,0.0
2024-11-23T02:00:00Z,5.56,0.0
2024-11-23T03:00:00Z,5.49,12.95
2024-11-23T04:00:00Z,6.77,145.7
2024-11-23T05:00:00Z,8.03,315.88
2024-11-23T06:00:00Z,7.88,510.15
2024-11-23T07:00:00Z,7.66,603.28
2024-11-23T08:00:00Z,7.56,677.45
2024-11-23T09:00:00Z,7.44,620.58
2024-11-23T10:00:00Z,7.27,607.15
2024-11-23T11:00:00Z,7.03,455.65
2024-11-23T12:00:00Z,6.84,194.07
2024-11-23T13:00:00Z,6.75,106.1
2024-11-23T14:00:00Z,6.62,38.33
2024-11-23T15:00:00Z,6.29,0.0
2024-11-23T16:00:00Z,6.22,0.0
2024-11-23T17:00:00Z,6.11,0.0
2024-11-23T18:00:00Z,5.73,0.0
2024-11-23T19:00:00Z,5.58,0.0
2024-11-23T20:00:00Z,6.19,0.0
2024-11-23T21:00:00Z,6.44,0.0
2024-11-23T22:00:00Z,6.45,0.0
2024-11-23T23:00:00Z,6.38,0.0
2024-11-24T00:00:00Z,5.81,0.0
2024-11-24T01:00:00Z,5.74,0.0
2024-11-24T02:00:00Z,5.08,0.0
2024-11-24T03:00:00Z,4.9,14.0
2024-11-24T04:00:00Z,4.92,130.95
2024-11-24T05:00:00Z,6.11,271.23
2024-11-24T06:00:00Z,6.63,464.7
2024-11-24T07:00:00Z,6.93,673.85
2024-11-24T08:00:00Z,7.02,837.28
2024-11-24T09:00:00Z,6.91,902.92
2024-11-24T10:00:00Z,6.74,838.42
2024-11-24T11:00:00Z,6.5,701.6
2024-11-24T12:00:00Z,6.24,537.65
2024-11-24T13:00:00Z,6.03,326.0
2024-11-24T14:00:00Z,5.86,120.85
2024-11-24T15:00:00Z,5.58,0.0
2024-11-24T16:00:00Z,5.51,0.0
2024-11-24T17:00:00Z,5.55,0.0
2024-11-24T18:00:00Z,5.54,0.0
2024-11-24T19:00:00Z,5.6,0.0
2024-11-24T20:00:00Z,5.59,0.0
2024-11-24T21:00:00Z,5.45,0.0
2024-11-24T22:00:00Z,5.3,0.0
2024-11-24T23:00:00Z,5.64,0.0
2024-11-25T00:00:00Z,5.98,0.0
2024-11-25T01:00:00Z,5.93,0.0
2024-11-25T02:00:00Z,5.34,0.0
2024-11-25T03:00:00Z,4.64,10.18
2024-11-25T04:00:00Z,5.17,106.32
2024-11-25T05:00:00Z,6.06,239.07
2024-11-25T06:00:00Z,6.19,396.05
2024-11-25T07:00:00Z,6.06,569.65
2024-11-25T08:00:00Z,5.72,681.72
2024-11-25T09:00:00Z,5.21,625.83
2024-11-25T10:00:00Z,4.87,486.15
2024-11-25T11:00:00Z,4.73,318.2
2024-11-25T12:00:00Z,4.66,175.43
2024-11-25T13:00:00Z,4.64,101.38
2024-11-25T14:00:00Z,4.63,36.42
2024-11-25T15:00:00Z,4.56,1.3
2024-11-25T16:00:00Z,4.85,0.0
2024-11-25T17:00:00Z,5.32,0.0
2024-11-25T18:00:00Z,5.24,0.0
2024-11-25T19:00:00Z,5.29,0.0
2024-11-25T20:00:00Z,5.17,0.0
2024-11-25T21:00:00Z,4.83,0.0
2024-11-25T22:00:00Z,4.58,0.0
2024-11-25T23:00:00Z,5.05,0.0
2024-11-26T00:00:00Z,5.09,0.0
2024-11-26T01:00:00Z,5.14,0.0
2024-11-26T02:00:00Z,5.25,0.0
2024-11-26T03:00:00Z,5.28,11.48
2024-11-26T04:00:00Z,5.5,107.5
2024-11-26T05:00:00Z,5.92,230.82
2024-11-26T06:00:00Z,5.59,379.88
2024-11-26T07:00:00Z,5.14,584.12
2024-11-26T08:00:00Z,4.81,741.0
2024-11-26T09:00:00Z,4.68,792.08
2024-11-26T10:00:00Z,4.64,662.97
2024-11-26T11:00:00Z,4.35,587.3
2024-11-26T12:00:00Z,3.93,377.77
2024-11-26T13:00:00Z,3.52,214.0
2024-11-26T14:00:00Z,3.15,74.65
2024-11-26T15:00:00Z,2.73,2.22
2024-11-26T16:00:00Z,2.43,0.0
2024-11-26T17:00:00Z,2.23,0.0
2024-11-26T18:00:00Z,1.97,0.0
2024-11-26T19:00:00Z,1.43,0.0
2024-11-26T20:00:00Z,0.88,0.0
2024-11-26T21:00:00Z,0.79,0.0
2024-11-26T22:00:00Z,1.43,0.0
2024-11-26T23:00:00Z,1.87,0.0
2024-11-27T00:00:00Z,1.98,0.0
2024-11-27T01:00:00Z,1.82,0.0
2024-11-27T02:00:00Z,1.8,0.0
2024-11-27T03:00:00Z,2.38,10.9
2024-11-27T04:00:00Z,3.05,108.03
2024-11-27T05:00:00Z,3.86,230.55
2024-11-27T06:00:00Z,4.51,373.42
2024-11-27T07:00:00Z,4.95,527.22
2024-11-27T08:00:00Z,5.16,588.5
2024-11-27T09:00:00Z,5.11,518.88
2024-11-27T10:00:00Z,5.19,581.6
2024-11-27T11:00:00Z,5.28,457.52
2024-11-27T12:00:00Z,5.36,359.55
2024-11-27T13:00:00Z,5.12,210.2
2024-11-27T14:00:00Z,4.44,78.25
2024-11-27T15:00:00Z,3.7,2.9
2024-11-27T16:00:00Z,3.32,0.0
2024-11-27T17:00:00Z,2.94,0.0
2024-11-27T18:00:00Z,2.3,0.0
2024-11-27T19:00:00Z,1.66,0.0
2024-11-27T20:00:00Z,1.36,0.0
2024-11-27T21:00:00Z,1.68,0.0
2024-11-27T22:00:00Z,2.3,0.0
2024-11-27T23:00:00Z,2.68,0.0
2024-11-28T00:00:00Z,2.62,0.0
2024-11-28T01:00:00Z,1.64,0.0
2024-11-28T02:00:00Z,1.33,0.0
2024-11-28T03:00:00Z,1.22,8.98
2024-11-28T04:00:00Z,0.62,101.75
2024-11-28T05:00:00Z,0.26,220.85
2024-11-28T06:00:00Z,0.95,358.67
2024-11-28T07:00:00Z,2.17,418.02
2024-11-28T08:00:00Z,3.47,416.8
2024-11-28T09:00:00Z,4.55,400.92
2024-11-28T10:00:00Z,5.05,544.42
2024-11-28T11:00:00Z,4.97,487.9
2024-11-28T12:00:00Z,4.63,422.42
2024-11-28T13:00:00Z,4.08,253.45
2024-11-28T14:00:00Z,3.37,90.7
2024-11-28T15:00:00Z,2.61,3.15
2024-11-28T16:00:00Z,1.99,0.0
2024-11-28T17:00:00Z,1.62,0.0
2024-11-28T18:00:00Z,1.5,0.0
2024-11-28T19:00:00Z,1.49,0.0
2024-11-28T20:00:00Z,1.29,0.0
2024-11-28T21:00:00Z,1.16,0.0
2024-11-28T22:00:00Z,1.69,0.0
2024-11-28T23:00:00Z,2.53,0.0
2024-11-29T00:00:00Z,3.18,0.0
2024-11-29T01:00:00Z,3.52,0.0
2024-11-29T02:00:00Z,3.8,0.0
2024-11-29T03:00:00Z,4.11,11.12
2024-11-29T04:00:00Z,4.55,116.75
2024-11-29T05:00:00Z,5.47,253.05
2024-11-29T06:00:00Z,5.75,400.0
2024-11-29T07:00:00Z,5.4,522.17
2024-11-29T08:00:00Z,4.77,462.05
2024-11-29T09:00:00Z,4.19,254.48
2024-11-29T10:00:00Z,3.57,158.95
2024-11-29T11:00:00Z,3.34,442.95
2024-11-29T12:00:00Z,3.44,363.42
2024-11-29T13:00:00Z,3.19,226.95
2024-11-29T14:00:00Z,2.68,87.35
2024-11-29T15:00:00Z,2.37,3.33
2024-11-29T16:00:00Z,2.12,0.0
2024-11-29T17:00:00Z,1.88,0.0
2024-11-29T18:00:00Z,1.67,0.0
2024-11-29T19:00:00Z,1.57,0.0
2024-11-29T20:00:00Z,1.68,0.0
2024-11-29T21:00:00Z,2.03,0.0
2024-11-29T22:00:00Z,2.63,0.0
2024-11-29T23:00:00Z,3.23,0.0
2024-11-30T00:00:00Z,3.22,0.0
2024-11-30T01:00:00Z,2.85,0.0
2024-11-30T02:00:00Z,2.48,0.0
2024-11-30T03:00:00Z,2.23,12.98
2024-11-30T04:00:00Z,1.96,162.07
2024-11-30T05:00:00Z,0.93,365.15
2024-11-30T06:00:00Z,0.79,571.6
2024-11-30T07:00:00Z,2.04,774.33
2024-11-30T08:00:00Z,2.79,867.03
2024-11-30T09:00:00Z,3.29,830.1
2024-11-30T10:00:00Z,3.57,810.83
2024-11-30T11:00:00Z,3.61,690.55
2024-11-30T12:00:00Z,3.39,532.03
2024-11-30T13:00:00Z,2.92,330.33
2024-11-30T14:00:00Z,2.19,126.45
2024-11-30T15:00:00Z,1.02,4.05
2024-11-30T16:00:00Z,0.34,0.0
2024-11-30T17:00:00Z,1.45,0.0
2024-11-30T18:00:00Z,2.14,0.0
2024-11-30T19:00:00Z,2.48,0.0
2024-11-30T20:00:00Z,2.55,0.0
2024-11-30T21:00:00Z,2.42,0.0
2024-11-30T22:00:00Z,2.07,0.0
2024-11-30T23:00:00Z,1.43,0.0
2024-12-01T00:00:00Z,1.03,0.0
2024-12-01T01:00:00Z,2.11,0.0
2024-12-01T02:00:00Z,3.1,0.0
2024-12-01T03:00:00Z,3.51,13.93
2024-12-01T04:00:00Z,3.64,180.7
2024-12-01T05:00:00Z,4.21,395.42
2024-12-01T06:00:00Z,4.35,619.33
2024-12-01T07:00:00Z,4.62,779.9
2024-12-01T08:00:00Z,4.94,862.08
2024-12-01T09:00:00Z,5.39,824.65
2024-12-01T10:00:00Z,5.75,778.75
2024-12-01T11:00:00Z,5.95,622.58
2024-12-01T12:00:00Z,6.07,512.0
2024-12-01T13:00:00Z,6.11,342.02
2024-12-01T14:00:00Z,5.94,130.23
2024-12-01T15:00:00Z,5.2,4.18
2024-12-01T16:00:00Z,5.02,0.0
2024-12-01T17:00:00Z,5.27,0.0
2024-12-01T18:00:00Z,5.78,0.0
2024-12-01T19:00:00Z,6.15,0.0
2024-12-01T20:00:00Z,6.38,0.0
2024-12-01T21:00:00Z,6.35,0.0
2024-12-01T22:00:00Z,5.88,0.0
2024-12-01T23:00:00Z,5.53,0.0
2024-12-02T00:00:00Z,5.31,0.0
2024-12-02T01:00:00Z,5.15,0.0
2024-12-02T02:00:00Z,4.93,0.0
2024-12-02T03:00:00Z,4.69,14.45
2024-12-02T04:00:00Z,4.78,191.95
2024-12-02T05:00:00Z,6.7,434.33
2024-12-02T06:00:00Z,6.94,654.5
2024-12-02T07:00:00Z,6.89,825.12
2024-12-02T08:00:00Z,6.83,928.45
2024-12-02T09:00:00Z,6.79,940.95
2024-12-02T10:00:00Z,6.69,850.12
2024-12-02T11:00:00Z,6.49,739.38
2024-12-02T12:00:00Z,6.27,557.17
2024-12-02T13:00:00Z,6.06,354.35
2024-12-02T14:00:00Z,5.79,131.35
2024-12-02T15:00:00Z,5.06,4.43
2024-12-02T16:00:00Z,4.99,0.0
2024-12-02T17:00:00Z,5.55,0.0
2024-12-02T18:00:00Z,6.22,0.0
2024-12-02T19:00:00Z,6.72,0.0
2024-12-02T20:00:00Z,6.98,0.0
2024-12-02T21:00:00Z,7.05,0.0
2024-12-02T22:00:00Z,6.95,0.0
2024-12-02T23:00:00Z,6.83,0.0
2024-12-03T00:00:00Z,6.85,0.0
2024-12-03T01:00:00Z,6.88,0.0
2024-12-03T02:00:00Z,6.85,0.0
2024-12-03T03:00:00Z,6.09,14.85
2024-12-03T04:00:00Z,5.63,197.05
2024-12-03T05:00:00Z,7.52,441.2
2024-12-03T06:00:00Z,8.12,665.62
2024-12-03T07:00:00Z,7.88,837.7
2024-12-03T08:00:00Z,7.49,947.95
2024-12-03T09:00:00Z,7.07,965.78
2024-12-03T10:00:00Z,6.61,916.9
2024-12-03T11:00:00Z,6.17,789.7
2024-12-03T12:00:00Z,5.82,604.05
2024-12-03T13:00:00Z,5.53,378.98
2024-12-03T14:00:00Z,5.09,142.5
2024-12-03T15:00:00Z,4.26,4.88
2024-12-03T16:00:00Z,4.35,0.0
2024-12-03T17:00:00Z,4.9,0.0
2024-12-03T18:00:00Z,5.52,0.0
2024-12-03T19:00:00Z,6.03,0.0
2024-12-03T20:00:00Z,6.44,0.0
2024-12-03T21:00:00Z,6.85,0.0
2024-12-03T22:00:00Z,7.25,0.0
2024-12-03T23:00:00Z,7.58,0.0
2024-12-04T00:00:00Z,7.74,0.0
2024-12-04T01:00:00Z,7.71,0.0
2024-12-04T02:00:00Z,6.96,0.0
2024-12-04T03:00:00Z,6.23,14.05
2024-12-04T04:00:00Z,5.8,192.0
2024-12-04T05:00:00Z,7.78,436.45
2024-12-04T06:00:00Z,8.72,660.03
2024-12-04T07:00:00Z,8.64,835.7
2024-12-04T08:00:00Z,8.23,945.55
2024-12-04T09:00:00Z,7.59,972.22
2024-12-04T10:00:00Z,6.81,925.42
2024-12-04T11:00:00Z,6.15,804.0
2024-12-04T12:00:00Z,5.63,620.67
2024-12-04T13:00:00Z,5.22,387.0
2024-12-04T14:00:00Z,4.76,145.75
2024-12-04T15:00:00Z,4.07,5.07
2024-12-04T16:00:00Z,4.36,0.0
2024-12-04T17:00:00Z,5.21,0.0
2024-12-04T18:00:00Z,6.22,0.0
2024-12-04T19:00:00Z,7.13,0.0
2024-12-04T20:00:00Z,7.8,0.0
2024-12-04T21:00:00Z,8.27,0.0
2024-12-04T22:00:00Z,8.19,0.0
2024-12-04T23:00:00Z,8.06,0.0
2024-12-05T00:00:00Z,7.96,0.0
2024-12-05T01:00:00Z,7.14,0.0
2024-12-05T02:00:00Z,6.64,0.0
2024-12-05T03:00:00Z,6.07,13.5
2024-12-05T04:00:00Z,5.47,190.62
2024-12-05T05:00:00Z,7.85,434.33
2024-12-05T06:00:00Z,8.84,658.4
2024-12-05T07:00:00Z,8.9,832.45
2024-12-05T08:00:00Z,8.78,942.33
2024-12-05T09:00:00Z,8.37,947.83
2024-12-05T10:00:00Z,7.71,886.67
2024-12-05T11:00:00Z,7.03,751.58
2024-12-05T12:00:00Z,6.48,597.83
2024-12-05T13:00:00Z,6.1,373.48
2024-12-05T14:00:00Z,5.76,139.52
2024-12-05T15:00:00Z,5.38,5.05
2024-12-05T16:00:00Z,5.93,0.0
2024-12-05T17:00:00Z,6.74,0.0
2024-12-05T18:00:00Z,7.36,0.0
2024-12-05T19:00:00Z,7.59,0.0
2024-12-05T20:00:00Z,7.75,0.0
2024-12-05T21:00:00Z,7.73,0.0
2024-12-05T22:00:00Z,7.57,0.0
2024-12-05T23:00:00Z,6.86,0.0
2024-12-06T00:00:00Z,6.5,0.0
2024-12-06T01:00:00Z,6.29,0.0
2024-12-06T02:00:00Z,6.17,0.0
2024-12-06T03:00:00Z,5.91,12.4
2024-12-06T04:00:00Z,5.68,182.05
2024-12-06T05:00:00Z,7.85,421.85
2024-12-06T06:00:00Z,8.43,644.35
2024-12-06T07:00:00Z,8.19,822.05
2024-12-06T08:00:00Z,7.95,935.85
2024-12-06T09:00:00Z,7.6,954.65
2024-12-06T10:00:00Z,7.1,910.12
2024-12-06T11:00:00Z,6.64,778.62
2024-12-06T12:00:00Z,6.17,601.17
2024-12-06T13:00:00Z,5.88,375.85
2024-12-06T14:00:00Z,5.6,141.15
2024-12-06T15:00:00Z,5.11,5.4
2024-12-06T16:00:00Z,5.41,0.0
2024-12-06T17:00:00Z,6.06,0.0
2024-12-06T18:00:00Z,6.82,0.0
2024-12-06T19:00:00Z,7.39,0.0
2024-12-06T20:00:00Z,7.81,0.0
2024-12-06T21:00:00Z,7.99,0.0
2024-12-06T22:00:00Z,7.98,0.0
2024-12-06T23:00:00Z,7.98,0.0
2024-12-07T00:00:00Z,8.04,0.0
2024-12-07T01:00:00Z,8.01,0.0
2024-12-07T02:00:00Z,7.37,0.0
2024-12-07T03:00:00Z,7.0,12.32
2024-12-07T04:00:00Z,6.05,185.32
2024-12-07T05:00:00Z,7.66,429.75
2024-12-07T06:00:00Z,8.54,655.55
2024-12-07T07:00:00Z,8.59,831.22
2024-12-07T08:00:00Z,8.45,939.15
2024-12-07T09:00:00Z,7.91,956.33
2024-12-07T10:00:00Z,7.15,888.3
2024-12-07T11:00:00Z,6.5,789.38
2024-12-07T12:00:00Z,6.09,597.53
2024-12-07T13:00:00Z,5.92,372.4
2024-12-07T14:00:00Z,5.82,142.65
2024-12-07T15:00:00Z,5.51,5.47
2024-12-07T16:00:00Z,5.95,0.0
2024-12-07T17:00:00Z,6.52,0.0
2024-12-07T18:00:00Z,7.08,0.0
2024-12-07T19:00:00Z,7.41,0.0
2024-12-07T20:00:00Z,7.47,0.0
2024-12-07T21:00:00Z,7.15,0.0
2024-12-07T22:00:00Z,6.59,0.0
2024-12-07T23:00:00Z,6.39,0.0
2024-12-08T00:00:00Z,6.35,0.0
2024-12-08T01:00:00Z,6.28,0.0
2024-12-08T02:00:00Z,6.2,0.0
2024-12-08T03:00:00Z,6.06,11.62
2024-12-08T04:00:00Z,5.7,180.23
2024-12-08T05:00:00Z,8.16,420.6
2024-12-08T06:00:00Z,9.01,644.4
2024-12-08T07:00:00Z,9.12,819.62
2024-12-08T08:00:00Z,8.93,928.3
2024-12-08T09:00:00Z,8.4,956.1
2024-12-08T10:00:00Z,7.72,892.1
2024-12-08T11:00:00Z,7.27,789.22
2024-12-08T12:00:00Z,7.05,603.28
2024-12-08T13:00:00Z,7.06,380.08
2024-12-08T14:00:00Z,7.02,145.35
2024-12-08T15:00:00Z,6.59,5.75
2024-12-08T16:00:00Z,6.66,0.0
2024-12-08T17:00:00Z,6.91,0.0
2024-12-08T18:00:00Z,7.09,0.0
2024-12-08T19:00:00Z,6.83,0.0
2024-12-08T20:00:00Z,7.27,0.0
2024-12-08T21:00:00Z,7.32,0.0
2024-12-08T22:00:00Z,7.58,0.0
2024-12-08T23:00:00Z,7.6,0.0
2024-12-09T00:00:00Z,7.41,0.0
2024-12-09T01:00:00Z,7.07,0.0
2024-12-09T02:00:00Z,6.6,0.0
2024-12-09T03:00:00Z,6.33,11.02
2024-12-09T04:00:00Z,6.29,171.9
2024-12-09T05:00:00Z,8.59,408.02
2024-12-09T06:00:00Z,9.29,626.62
2024-12-09T07:00:00Z,9.07,797.42
2024-12-09T08:00:00Z,8.51,894.5
2024-12-09T09:00:00Z,7.84,857.75
2024-12-09T10:00:00Z,7.21,772.15
2024-12-09T11:00:00Z,6.86,735.67
2024-12-09T12:00:00Z,6.79,557.08
2024-12-09T13:00:00Z,6.96,352.52
2024-12-09T14:00:00Z,7.23,134.12
2024-12-09T15:00:00Z,7.3,5.6
2024-12-09T16:00:00Z,7.79,0.0
2024-12-09T17:00:00Z,7.88,0.0
2024-12-09T18:00:00Z,7.39,0.0
2024-12-09T19:00:00Z,7.29,0.0
2024-12-09T20:00:00Z,7.41,0.0
2024-12-09T21:00:00Z,7.4,0.0
2024-12-09T22:00:00Z,7.15,0.0
2024-12-09T23:00:00Z,6.74,0.0
2024-12-10T00:00:00Z,6.3,0.0
2024-12-10T01:00:00Z,5.86,0.0
2024-12-10T02:00:00Z,5.47,0.0
2024-12-10T03:00:00Z,5.11,10.62
2024-12-10T04:00:00Z,5.53,176.45
2024-12-10T05:00:00Z,8.16,410.9
2024-12-10T06:00:00Z,8.4,637.08
2024-12-10T07:00:00Z,8.15,807.4
2024-12-10T08:00:00Z,7.81,915.53
2024-12-10T09:00:00Z,7.45,922.92
2024-12-10T10:00:00Z,7.06,852.9
2024-12-10T11:00:00Z,6.64,728.65
2024-12-10T12:00:00Z,6.33,587.28
2024-12-10T13:00:00Z,6.24,364.4
2024-12-10T14:00:00Z,6.28,135.15
2024-12-10T15:00:00Z,6.12,5.65
2024-12-10T16:00:00Z,6.41,0.0
2024-12-10T17:00:00Z,6.91,0.0
2024-12-10T18:00:00Z,7.13,0.0
2024-12-10T19:00:00Z,7.29,0.0
2024-12-10T20:00:00Z,7.15,0.0
2024-12-10T21:00:00Z,7.05,0.0
2024-12-10T22:00:00Z,6.83,0.0
2024-12-10T23:00:00Z,6.72,0.0
2024-12-11T00:00:00Z,6.53,0.0
2024-12-11T01:00:00Z,6.28,0.0
2024-12-11T02:00:00Z,6.12,0.0
2024-12-11T03:00:00Z,6.05,10.1
2024-12-11T04:00:00Z,6.8,170.43
2024-12-11T05:00:00Z,8.75,406.4
2024-12-11T06:00:00Z,9.07,627.47
2024-12-11T07:00:00Z,9.06,802.0
2024-12-11T08:00:00Z,8.94,912.42
2024-12-11T09:00:00Z,8.59,927.35
2024-12-11T10:00:00Z,8.1,864.85
2024-12-11T11:00:00Z,7.66,743.85
2024-12-11T12:00:00Z,7.43,572.4
2024-12-11T13:00:00Z,7.39,357.23
2024-12-11T14:00:00Z,7.41,137.82
2024-12-11T15:00:00Z,7.19,6.28
2024-12-11T16:00:00Z,7.49,0.0
2024-12-11T17:00:00Z,7.83,0.0
2024-12-11T18:00:00Z,7.94,0.0
2024-12-11T19:00:00Z,7.67,0.0
2024-12-11T20:00:00Z,7.05,0.0
2024-12-11T21:00:00Z,6.9,0.0
2024-12-11T22:00:00Z,6.74,0.0
2024-12-11T23:00:00Z,6.52,0.0
2024-12-12T00:00:00Z,6.34,0.0
2024-12-12T01:00:00Z,6.2,0.0
2024-12-12T02:00:00Z,6.1,0.0
2024-12-12T03:00:00Z,5.96,10.02
2024-12-12T04:00:00Z,6.53,169.62
2024-12-12T05:00:00Z,9.42,404.73
2024-12-12T06:00:00Z,9.81,622.45
2024-12-12T07:00:00Z,9.61,800.45
2024-12-12T08:00:00Z,9.33,910.05
2024-12-12T09:00:00Z,8.81,902.62
2024-12-12T10:00:00Z,8.02,727.2
2024-12-12T11:00:00Z,7.25,742.8
2024-12-12T12:00:00Z,6.65,562.72
2024-12-12T13:00:00Z,6.23,349.12
2024-12-12T14:00:00Z,5.93,135.65
2024-12-12T15:00:00Z,5.7,6.35
2024-12-12T16:00:00Z,6.16,0.0
2024-12-12T17:00:00Z,6.92,0.0
2024-12-12T18:00:00Z,7.54,0.0
2024-12-12T19:00:00Z,7.89,0.0
2024-12-12T20:00:00Z,7.77,0.0
2024-12-12T21:00:00Z,7.12,0.0
2024-12-12T22:00:00Z,6.96,0.0
2024-12-12T23:00:00Z,6.74,0.0
2024-12-13T00:00:00Z,6.41,0.0
2024-12-13T01:00:00Z,6.02,0.0
2024-12-13T02:00:00Z,5.68,0.0
2024-12-13T03:00:00Z,5.44,9.27
2024-12-13T04:00:00Z,5.95,162.98
2024-12-13T05:00:00Z,8.2,396.62
2024-12-13T06:00:00Z,8.31,614.4
2024-12-13T07:00:00Z,8.01,789.65
2024-12-13T08:00:00Z,7.59,901.47
2024-12-13T09:00:00Z,6.9,918.62
2024-12-13T10:00:00Z,6.0,822.62
2024-12-13T11:00:00Z,5.13,754.47
2024-12-13T12:00:00Z,4.47,576.85
2024-12-13T13:00:00Z,4.08,362.9
2024-12-13T14:00:00Z,3.8,139.07
2024-12-13T15:00:00Z,3.43,6.53
2024-12-13T16:00:00Z,3.49,0.0
2024-12-13T17:00:00Z,4.07,0.0
2024-12-13T18:00:00Z,4.87,0.0
2024-12-13T19:00:00Z,5.57,0.0
2024-12-13T20:00:00Z,5.95,0.0
2024-12-13T21:00:00Z,5.98,0.0
2024-12-13T22:00:00Z,5.81,0.0
2024-12-13T23:00:00Z,5.65,0.0
2024-12-14T00:00:00Z,6.02,0.0
2024-12-14T01:00:00Z,5.79,0.0
2024-12-14T02:00:00Z,5.39,0.0
2024-12-14T03:00:00Z,5.3,8.75
2024-12-14T04:00:00Z,5.71,159.57
2024-12-14T05:00:00Z,8.51,393.17
2024-12-14T06:00:00Z,8.89,613.45
2024-12-14T07:00:00Z,8.5,788.88
2024-12-14T08:00:00Z,7.98,900.47
2024-12-14T09:00:00Z,7.36,929.72
2024-12-14T10:00:00Z,6.69,861.4
2024-12-14T11:00:00Z,6.07,733.05
2024-12-14T12:00:00Z,5.57,572.3
2024-12-14T13:00:00Z,5.26,365.62
2024-12-14T14:00:00Z,5.07,141.32
2024-12-14T15:00:00Z,4.72,6.75
2024-12-14T16:00:00Z,4.92,0.0
2024-12-14T17:00:00Z,5.46,0.0
2024-12-14T18:00:00Z,6.12,0.0
2024-12-14T19:00:00Z,6.67,0.0
2024-12-14T20:00:00Z,6.99,0.0
2024-12-14T21:00:00Z,6.68,0.0
2024-12-14T22:00:00Z,6.29,0.0
2024-12-14T23:00:00Z,6.01,0.0
2024-12-15T00:00:00Z,5.74,0.0
2024-12-15T01:00:00Z,5.54,0.0
2024-12-15T02:00:00Z,5.5,0.0
2024-12-15T03:00:00Z,6.19,8.82
2024-12-15T04:00:00Z,7.34,166.3
2024-12-15T05:00:00Z,9.95,402.92
2024-12-15T06:00:00Z,10.51,621.47
2024-12-15T07:00:00Z,10.27,796.08
2024-12-15T08:00:00Z,9.82,910.83
2024-12-15T09:00:00Z,9.2,934.08
2024-12-15T10:00:00Z,8.51,880.17
2024-12-15T11:00:00Z,7.88,709.35
2024-12-15T12:00:00Z,7.47,558.4
2024-12-15T13:00:00Z,7.31,361.2
2024-12-15T14:00:00Z,7.18,148.38
2024-12-15T15:00:00Z,6.78,7.32
2024-12-15T16:00:00Z,7.03,0.0
2024-12-15T17:00:00Z,7.61,0.0
2024-12-15T18:00:00Z,8.15,0.0
2024-12-15T19:00:00Z,8.18,0.0
2024-12-15T20:00:00Z,8.05,0.0
2024-12-15T21:00:00Z,8.01,0.0
2024-12-15T22:00:00Z,7.85,0.0
2024-12-15T23:00:00Z,7.69,0.0
2024-12-16T00:00:00Z,7.6,0.0
2024-12-16T01:00:00Z,7.51,0.0
2024-12-16T02:00:00Z,7.34,0.0
2024-12-16T03:00:00Z,7.19,8.6
2024-12-16T04:00:00Z,6.89,166.38
2024-12-16T05:00:00Z,10.19,404.4
2024-12-16T06:00:00Z,11.47,626.53
2024-12-16T07:00:00Z,11.38,801.3
2024-12-16T08:00:00Z,11.07,907.1
2024-12-16T09:00:00Z,10.47,886.88
2024-12-16T10:00:00Z,9.62,835.85
2024-12-16T11:00:00Z,8.77,704.28
2024-12-16T12:00:00Z,8.05,562.75
2024-12-16T13:00:00Z,7.58,367.15
2024-12-16T14:00:00Z,7.27,148.32
2024-12-16T15:00:00Z,6.84,7.72
2024-12-16T16:00:00Z,7.23,0.0
2024-12-16T17:00:00Z,7.85,0.0
2024-12-16T18:00:00Z,7.83,0.0
2024-12-16T19:00:00Z,7.52,0.0
2024-12-16T20:00:00Z,7.52,0.0
2024-12-16T21:00:00Z,7.42,0.0
2024-12-16T22:00:00Z,7.2,0.0
2024-12-16T23:00:00Z,6.94,0.0
2024-12-17T00:00:00Z,6.74,0.0
2024-12-17T01:00:00Z,6.61,0.0
2024-12-17T02:00:00Z,6.61,0.0
2024-12-17T03:00:00Z,6.67,8.25
2024-12-17T04:00:00Z,7.26,164.65
2024-12-17T05:00:00Z,9.94,402.8
2024-12-17T06:00:00Z,10.68,625.6
2024-12-17T07:00:00Z,10.55,797.88
2024-12-17T08:00:00Z,10.21,905.33
2024-12-17T09:00:00Z,9.46,890.38
2024-12-17T10:00:00Z,8.56,863.08
2024-12-17T11:00:00Z,7.81,731.55
2024-12-17T12:00:00Z,7.2,602.1
2024-12-17T13:00:00Z,6.8,382.45
2024-12-17T14:00:00Z,6.51,157.1
2024-12-17T15:00:00Z,6.14,8.02
2024-12-17T16:00:00Z,6.2,0.0
2024-12-17T17:00:00Z,6.54,0.0
2024-12-17T18:00:00Z,6.87,0.0
2024-12-17T19:00:00Z,7.13,0.0
2024-12-17T20:00:00Z,7.21,0.0
2024-12-17T21:00:00Z,7.09,0.0
2024-12-17T22:00:00Z,6.86,0.0
2024-12-17T23:00:00Z,6.58,0.0
2024-12-18T00:00:00Z,6.31,0.0
2024-12-18T01:00:00Z,6.12,0.0
2024-12-18T02:00:00Z,6.02,0.0
2024-12-18T03:00:00Z,5.98,7.4
2024-12-18T04:00:00Z,6.27,152.48
2024-12-18T05:00:00Z,9.08,385.23
2024-12-18T06:00:00Z,9.37,607.22
2024-12-18T07:00:00Z,8.94,781.3
2024-12-18T08:00:00Z,8.46,889.92
2024-12-18T09:00:00Z,7.87,917.92
2024-12-18T10:00:00Z,7.14,839.47
2024-12-18T11:00:00Z,6.42,739.92
2024-12-18T12:00:00Z,5.84,581.12
2024-12-18T13:00:00Z,5.44,372.08
2024-12-18T14:00:00Z,5.22,146.27
2024-12-18T15:00:00Z,4.96,7.8
2024-12-18T16:00:00Z,4.97,0.0
2024-12-18T17:00:00Z,5.37,0.0
2024-12-18T18:00:00Z,5.92,0.0
2024-12-18T19:00:00Z,6.49,0.0
2024-12-18T20:00:00Z,6.96,0.0
2024-12-18T21:00:00Z,7.19,0.0
2024-12-18T22:00:00Z,7.33,0.0
2024-12-18T23:00:00Z,7.44,0.0
2024-12-19T00:00:00Z,7.34,0.0
2024-12-19T01:00:00Z,6.63,0.0
2024-12-19T02:00:00Z,6.57,0.0
2024-12-19T03:00:00Z,6.63,7.22
2024-12-19T04:00:00Z,7.34,151.65
2024-12-19T05:00:00Z,9.4,385.67
2024-12-19T06:00:00Z,9.07,607.53
2024-12-19T07:00:00Z,8.37,781.85
2024-12-19T08:00:00Z,7.76,903.25
2024-12-19T09:00:00Z,7.19,930.97
2024-12-19T10:00:00Z,6.73,844.15
2024-12-19T11:00:00Z,6.55,728.7
2024-12-19T12:00:00Z,6.53,563.88
2024-12-19T13:00:00Z,6.66,348.02
2024-12-19T14:00:00Z,6.76,138.43
2024-12-19T15:00:00Z,6.6,7.62
2024-12-19T16:00:00Z,6.63,0.0
2024-12-19T17:00:00Z,6.61,0.0
2024-12-19T18:00:00Z,6.41,0.0
2024-12-19T19:00:00Z,6.23,0.0
2024-12-19T20:00:00Z,6.18,0.0
2024-12-19T21:00:00Z,6.15,0.0
2024-12-19T22:00:00Z,6.04,0.0
2024-12-19T23:00:00Z,5.79,0.0
2024-12-20T00:00:00Z,5.47,0.0
2024-12-20T01:00:00Z,5.22,0.0
2024-12-20T02:00:00Z,5.17,0.0
2024-12-20T03:00:00Z,5.17,6.5
2024-12-20T04:00:00Z,6.06,137.52
2024-12-20T05:00:00Z,7.69,346.3
2024-12-20T06:00:00Z,7.48,555.7
2024-12-20T07:00:00Z,7.07,763.9
2024-12-20T08:00:00Z,6.69,873.83
2024-12-20T09:00:00Z,6.28,888.3
2024-12-20T10:00:00Z,5.88,821.58
2024-12-20T11:00:00Z,5.56,717.25
2024-12-20T12:00:00Z,5.32,551.8
2024-12-20T13:00:00Z,5.16,349.73
2024-12-20T14:00:00Z,5.06,138.43
2024-12-20T15:00:00Z,4.86,8.23
2024-12-20T16:00:00Z,4.91,0.0
2024-12-20T17:00:00Z,5.24,0.0
2024-12-20T18:00:00Z,5.62,0.0
2024-12-20T19:00:00Z,5.87,0.0
2024-12-20T20:00:00Z,5.8,0.0
2024-12-20T21:00:00Z,5.68,0.0
2024-12-20T22:00:00Z,5.69,0.0
2024-12-20T23:00:00Z,5.6,0.0
2024-12-21T00:00:00Z,5.25,0.0
2024-12-21T01:00:00Z,5.04,0.0
2024-12-21T02:00:00Z,4.88,0.0
2024-12-21T03:00:00Z,4.64,5.78
2024-12-21T04:00:00Z,5.14,102.65
2024-12-21T05:00:00Z,7.61,262.38
2024-12-21T06:00:00Z,8.05,428.77
2024-12-21T07:00:00Z,7.86,568.9
2024-12-21T08:00:00Z,7.55,670.95
2024-12-21T09:00:00Z,7.3,682.95
2024-12-21T10:00:00Z,7.11,624.28
2024-12-21T11:00:00Z,7.02,486.08
2024-12-21T12:00:00Z,7.1,407.83
2024-12-21T13:00:00Z,7.36,244.4
2024-12-21T14:00:00Z,7.63,110.12
2024-12-21T15:00:00Z,7.46,8.27
2024-12-21T16:00:00Z,7.09,0.0
2024-12-21T17:00:00Z,6.56,0.0
2024-12-21T18:00:00Z,6.31,0.0
2024-12-21T19:00:00Z,6.19,0.0
2024-12-21T20:00:00Z,6.14,0.0
2024-12-21T21:00:00Z,6.06,0.0
2024-12-21T22:00:00Z,5.86,0.0
2024-12-21T23:00:00Z,5.71,0.0
2024-12-22T00:00:00Z,5.42,0.0
2024-12-22T01:00:00Z,5.25,0.0
2024-12-22T02:00:00Z,5.33,0.0
2024-12-22T03:00:00Z,5.49,5.45
2024-12-22T04:00:00Z,6.29,127.4
2024-12-22T05:00:00Z,8.72,334.73
2024-12-22T06:00:00Z,8.62,549.8
2024-12-22T07:00:00Z,8.21,720.42
2024-12-22T08:00:00Z,7.91,835.7
2024-12-22T09:00:00Z,7.61,844.2
2024-12-22T10:00:00Z,7.35,724.38
2024-12-22T11:00:00Z,7.28,515.58
2024-12-22T12:00:00Z,7.24,442.2
2024-12-22T13:00:00Z,7.24,298.52
2024-12-22T14:00:00Z,7.19,123.45
2024-12-22T15:00:00Z,6.9,7.82
2024-12-22T16:00:00Z,6.66,0.0
2024-12-22T17:00:00Z,6.29,0.0
2024-12-22T18:00:00Z,6.25,0.0
2024-12-22T19:00:00Z,6.25,0.0
2024-12-22T20:00:00Z,6.25,0.0
2024-12-22T21:00:00Z,6.23,0.0
2024-12-22T22:00:00Z,6.12,0.0
2024-12-22T23:00:00Z,5.89,0.0
2024-12-23T00:00:00Z,5.56,0.0
2024-12-23T01:00:00Z,5.24,0.0
2024-12-23T02:00:00Z,5.02,0.0
2024-12-23T03:00:00Z,4.88,5.6
2024-12-23T04:00:00Z,5.49,133.05
2024-12-23T05:00:00Z,8.71,358.95
2024-12-23T06:00:00Z,9.1,588.85
2024-12-23T07:00:00Z,8.82,757.6
2024-12-23T08:00:00Z,8.48,885.92
2024-12-23T09:00:00Z,8.04,913.38
2024-12-23T10:00:00Z,7.53,840.65
2024-12-23T11:00:00Z,7.1,754.6
2024-12-23T12:00:00Z,6.76,592.75
2024-12-23T13:00:00Z,6.6,377.08
2024-12-23T14:00:00Z,6.57,151.48
2024-12-23T15:00:00Z,6.37,9.55
2024-12-23T16:00:00Z,6.52,0.0
2024-12-23T17:00:00Z,6.71,0.0
2024-12-23T18:00:00Z,6.62,0.0
2024-12-23T19:00:00Z,6.24,0.0
2024-12-23T20:00:00Z,6.11,0.0
2024-12-23T21:00:00Z,6.0,0.0
2024-12-23T22:00:00Z,5.76,0.0
2024-12-23T23:00:00Z,5.46,0.0
2024-12-24T00:00:00Z,5.14,0.0
2024-12-24T01:00:00Z,4.87,0.0
2024-12-24T02:00:00Z,4.8,0.0
2024-12-24T03:00:00Z,4.96,5.15
2024-12-24T04:00:00Z,6.39,122.35
2024-12-24T05:00:00Z,8.92,318.08
2024-12-24T06:00:00Z,9.12,526.17
2024-12-24T07:00:00Z,8.85,657.42
2024-12-24T08:00:00Z,8.4,784.6
2024-12-24T09:00:00Z,7.84,836.0
2024-12-24T10:00:00Z,7.38,756.83
2024-12-24T11:00:00Z,7.11,688.55
2024-12-24T12:00:00Z,6.92,524.65
2024-12-24T13:00:00Z,6.87,338.85
2024-12-24T14:00:00Z,6.9,144.98
2024-12-24T15:00:00Z,6.78,9.77
2024-12-24T16:00:00Z,6.88,0.0
2024-12-24T17:00:00Z,6.91,0.0
2024-12-24T18:00:00Z,6.59,0.0
2024-12-24T19:00:00Z,6.49,0.0
2024-12-24T20:00:00Z,6.45,0.0
2024-12-24T21:00:00Z,6.19,0.0
2024-12-24T22:00:00Z,5.92,0.0
2024-12-24T23:00:00Z,5.72,0.0
2024-12-25T00:00:00Z,5.52,0.0
2024-12-25T01:00:00Z,5.48,0.0
2024-12-25T02:00:00Z,5.79,0.0
2024-12-25T03:00:00Z,6.29,5.0
2024-12-25T04:00:00Z,8.22,127.9
2024-12-25T05:00:00Z,10.18,334.08
2024-12-25T06:00:00Z,10.09,571.8
2024-12-25T07:00:00Z,9.81,746.8
2024-12-25T08:00:00Z,9.55,857.6
2024-12-25T09:00:00Z,9.21,883.17
2024-12-25T10:00:00Z,8.76,663.78
2024-12-25T11:00:00Z,8.4,738.88
2024-12-25T12:00:00Z,8.2,580.65
2024-12-25T13:00:00Z,8.19,375.27
2024-12-25T14:00:00Z,8.2,155.18
2024-12-25T15:00:00Z,7.92,10.43
2024-12-25T16:00:00Z,7.85,0.0
2024-12-25T17:00:00Z,7.61,0.0
2024-12-25T18:00:00Z,6.98,0.0
2024-12-25T19:00:00Z,6.78,0.0
2024-12-25T20:00:00Z,6.62,0.0
2024-12-25T21:00:00Z,6.35,0.0
2024-12-25T22:00:00Z,6.23,0.0
2024-12-25T23:00:00Z,6.24,0.0
2024-12-26T00:00:00Z,6.27,0.0
2024-12-26T01:00:00Z,6.21,0.0
2024-12-26T02:00:00Z,6.1,0.0
2024-12-26T03:00:00Z,5.96,5.07
2024-12-26T04:00:00Z,6.87,135.2
2024-12-26T05:00:00Z,10.28,350.95
2024-12-26T06:00:00Z,10.63,574.05
2024-12-26T07:00:00Z,10.32,767.35
2024-12-26T08:00:00Z,9.96,885.08
2024-12-26T09:00:00Z,9.51,900.15
2024-12-26T10:00:00Z,9.04,860.53
2024-12-26T11:00:00Z,8.64,633.9
2024-12-26T12:00:00Z,8.41,582.05
2024-12-26T13:00:00Z,8.37,378.77
2024-12-26T14:00:00Z,8.29,159.4
2024-12-26T15:00:00Z,7.86,10.98
2024-12-26T16:00:00Z,7.75,0.0
2024-12-26T17:00:00Z,7.69,0.0
2024-12-26T18:00:00Z,7.54,0.0
2024-12-26T19:00:00Z,7.0,0.0
2024-12-26T20:00:00Z,6.77,0.0
2024-12-26T21:00:00Z,6.7,0.0
2024-12-26T22:00:00Z,6.56,0.0
2024-12-26T23:00:00Z,6.4,0.0
2024-12-27T00:00:00Z,6.26,0.0
2024-12-27T01:00:00Z,6.27,0.0
2024-12-27T02:00:00Z,6.35,0.0
2024-12-27T03:00:00Z,6.37,5.07
2024-12-27T04:00:00Z,6.79,140.98
2024-12-27T05:00:00Z,9.83,363.12
2024-12-27T06:00:00Z,10.97,585.3
2024-12-27T07:00:00Z,10.68,786.55
2024-12-27T08:00:00Z,10.16,904.65
2024-12-27T09:00:00Z,9.59,895.2
2024-12-27T10:00:00Z,8.97,872.35
2024-12-27T11:00:00Z,8.51,698.38
2024-12-27T12:00:00Z,8.25,609.83
2024-12-27T13:00:00Z,8.18,395.8
2024-12-27T14:00:00Z,8.11,170.65
2024-12-27T15:00:00Z,7.73,12.2
2024-12-27T16:00:00Z,7.92,0.0
2024-12-27T17:00:00Z,8.24,0.0
2024-12-27T18:00:00Z,8.46,0.0
2024-12-27T19:00:00Z,8.57,0.0
2024-12-27T20:00:00Z,8.35,0.0
2024-12-27T21:00:00Z,8.33,0.0
2024-12-27T22:00:00Z,8.42,0.0
2024-12-27T23:00:00Z,8.42,0.0
2024-12-28T00:00:00Z,8.37,0.0
2024-12-28T01:00:00Z,8.38,0.0
2024-12-28T02:00:00Z,8.43,0.0
2024-12-28T03:00:00Z,7.65,5.15
2024-12-28T04:00:00Z,6.4,149.55
2024-12-28T05:00:00Z,8.91,395.42
2024-12-28T06:00:00Z,10.34,630.5
2024-12-28T07:00:00Z,9.82,817.4
2024-12-28T08:00:00Z,9.31,935.35
2024-12-28T09:00:00Z,8.71,964.92
2024-12-28T10:00:00Z,8.09,937.35
2024-12-28T11:00:00Z,7.59,831.33
2024-12-28T12:00:00Z,7.27,658.47
2024-12-28T13:00:00Z,7.07,433.83
2024-12-28T14:00:00Z,6.79,191.3
2024-12-28T15:00:00Z,6.37,13.75
2024-12-28T16:00:00Z,6.65,0.0
2024-12-28T17:00:00Z,7.08,0.0
2024-12-28T18:00:00Z,7.31,0.0
2024-12-28T19:00:00Z,6.97,0.0
2024-12-28T20:00:00Z,6.74,0.0
2024-12-28T21:00:00Z,6.59,0.0
2024-12-28T22:00:00Z,6.39,0.0
2024-12-28T23:00:00Z,6.3,0.0
2024-12-29T00:00:00Z,6.3,0.0
2024-12-29T01:00:00Z,6.33,0.0
2024-12-29T02:00:00Z,6.29,0.0
2024-12-29T03:00:00Z,6.21,4.78
2024-12-29T04:00:00Z,5.73,143.88
2024-12-29T05:00:00Z,7.32,383.98
2024-12-29T06:00:00Z,8.44,616.65
2024-12-29T07:00:00Z,7.79,803.9
2024-12-29T08:00:00Z,7.01,926.6
2024-12-29T09:00:00Z,6.3,969.75
2024-12-29T10:00:00Z,5.75,920.0
2024-12-29T11:00:00Z,5.42,812.12
2024-12-29T12:00:00Z,5.23,646.05
2024-12-29T13:00:00Z,5.19,427.23
2024-12-29T14:00:00Z,5.08,190.3
2024-12-29T15:00:00Z,4.63,14.0
2024-12-29T16:00:00Z,4.69,0.0
2024-12-29T17:00:00Z,5.09,0.0
2024-12-29T18:00:00Z,5.53,0.0
2024-12-29T19:00:00Z,5.96,0.0
2024-12-29T20:00:00Z,6.25,0.0
2024-12-29T21:00:00Z,6.14,0.0
2024-12-29T22:00:00Z,5.95,0.0
2024-12-29T23:00:00Z,5.83,0.0
2024-12-30T00:00:00Z,5.73,0.0
2024-12-30T01:00:00Z,5.67,0.0
2024-12-30T02:00:00Z,5.68,0.0
2024-12-30T03:00:00Z,5.66,4.4
2024-12-30T04:00:00Z,5.53,136.52
2024-12-30T05:00:00Z,7.78,371.38
2024-12-30T06:00:00Z,8.56,598.2
2024-12-30T07:00:00Z,8.23,768.45
2024-12-30T08:00:00Z,7.62,916.17
2024-12-30T09:00:00Z,6.91,960.97
2024-12-30T10:00:00Z,6.21,913.78
2024-12-30T11:00:00Z,5.71,809.75
2024-12-30T12:00:00Z,5.43,639.62
2024-12-30T13:00:00Z,5.35,422.38
2024-12-30T14:00:00Z,5.27,185.5
2024-12-30T15:00:00Z,4.97,14.1
2024-12-30T16:00:00Z,5.25,0.0
2024-12-30T17:00:00Z,5.86,0.0
2024-12-30T18:00:00Z,6.23,0.0
2024-12-30T19:00:00Z,6.33,0.0
2024-12-30T20:00:00Z,6.38,0.0
2024-12-30T21:00:00Z,6.23,0.0
2024-12-30T22:00:00Z,5.81,0.0
2024-12-30T23:00:00Z,5.37,0.0
2024-12-31T00:00:00Z,5.05,0.0
2024-12-31T01:00:00Z,4.82,0.0
2024-12-31T02:00:00Z,4.62,0.0
2024-12-31T03:00:00Z,4.63,4.2
2024-12-31T04:00:00Z,4.76,129.18
2024-12-31T05:00:00Z,7.5,345.42
2024-12-31T06:00:00Z,8.84,556.1
2024-12-31T07:00:00Z,8.68,740.35
2024-12-31T08:00:00Z,8.26,815.4
2024-12-31T09:00:00Z,7.73,933.67
2024-12-31T10:00:00Z,7.08,883.88
2024-12-31T11:00:00Z,6.48,743.28
2024-12-31T12:00:00Z,6.1,616.22
2024-12-31T13:00:00Z,5.93,415.85
2024-12-31T14:00:00Z,5.8,180.55
2024-12-31T15:00:00Z,5.36,13.93
2024-12-31T16:00:00Z,5.44,0.0
2024-12-31T17:00:00Z,5.98,0.0
2024-12-31T18:00:00Z,6.42,0.0
2024-12-31T19:00:00Z,6.75,0.0
2024-12-31T20:00:00Z,6.79,0.0
2024-12-31T21:00:00Z,6.64,0.0
2024-12-31T22:00:00Z,6.52,0.0
2024-12-31T23:00:00Z,6.4,0.0
